1         ***** THE USAF AUTOMATED MISSILE DATCOM * REV 3/99 *****
               AERODYNAMIC METHODS FOR MISSILE CONFIGURATIONS     

    CONERR - INPUT ERROR CHECKING

    ERROR CODES - N* DENOTES THE NUMBER OF OCCURENCES OF EACH ERROR
    A - UNKNOWN VARIABLE NAME
    B - MISSING EQUAL SIGN FOLLOWING VARIABLE NAME
    C - NON-ARRAY VARIABLE HAS AN ARRAY ELEMENTDESIGNATION - (N)
    D - NON-ARRAY VARIABLE HAS MULTIPLE VALUES ASSIGNED
    E - ASSIGNED VALUES EXCEED ARRAY DIMENSION
    F - SYNTAX ERROR

    ************************* INPUT DATA CARDS *************************

   1 DIM M                                                                           
      2 ** BLANK CARD - IGNORED
   3  $FLTCON  NALPHA=11.,NMACH=6.,                                                  
   4           MACH=0.3000,0.6000,0.9000,1.1000,1.4000,2.0000,                       
   5           ALPHA=-10.0,-8.0,-6.0,-4.0,-2.0,0.0,2.0,4.0,6.0,8.0,10.0,$            
      6 ** BLANK CARD - IGNORED
   7  $REFQ    XCG=0.1980,                                                           
   8           SREF=0.0010179,                                                       
   9           LREF=0.6000,                                                          
  10           RHR=0.,$                                                              
     11 ** BLANK CARD - IGNORED
  12  $AXIBOD  X0=0.00,                                                              
  13           TNOSE=OGIVE,                                                          
               ** SUBSTITUTING NUMERIC FOR NAME OGIVE
  14           LNOSE=0.1050,                                                         
  15           DNOSE=0.0360,                                                         
  16           BNOSE=0.0,                                                            
  17           TRUNC=.FALSE.,                                                        
  18           LCENTR=0.4950,                                                        
  19           DCENTR=0.0360,                                                        
  20           TAFT=CONE,                                                            
               ** SUBSTITUTING NUMERIC FOR NAME CONE
  21           LAFT=0.0000,                                                          
  22           DAFT=0.0360,                                                          
  23           DEXIT=0.0000,$                                                        
     24 ** BLANK CARD - IGNORED
  25  $FINSET1 XLE=0.4000,0.4000,NPANEL=8.,                                          
  26           SSPAN=0.0180,0.0275,                                                  
  27           CHORD=0.2000,0.2000,                                                  
  28           LER=2*0.0,                                                            
  29           PHIF=0.0,45.0,90.0,135.0,180.0,225.0,270.0,315.0,                     
  30           GAM=0.3333,0.3333,0.3333,0.3333,0.3333,0.3333,0.3333,0.3333,          
  31           SECTYP=HEX,                                                           
               ** SUBSTITUTING NUMERIC FOR NAME HEX
  32           ZUPPER=0.025000,0.025000,                                             
  33           LMAXU=0.4,0.4,                                                        
  34           LFLATU=0.2,0.2,$                                                      
     35 ** BLANK CARD - IGNORED
  36  $DEFLCT  DELTA1=0.3333,0.3333,0.3333,0.3333,0.3333,0.3333,0.3333,0.3333,       
  37           XHINGE=0.5500,$                                                       
     38 ** BLANK CARD - IGNORED
  39 PART                                                                            
  40 NEXT CASE                                                                       
1         ***** THE USAF AUTOMATED MISSILE DATCOM * REV 3/99 *****     CASE   1
               AERODYNAMIC METHODS FOR MISSILE CONFIGURATIONS          PAGE   1
    CASE INPUTS
    FOLLOWING ARE THE CARDS INPUT FOR THIS CASE

 DIM M                                                                           
  $FLTCON  NALPHA=11.,NMACH=6.,                                                  
           MACH=0.3000,0.6000,0.9000,1.1000,1.4000,2.0000,                       
           ALPHA=-10.0,-8.0,-6.0,-4.0,-2.0,0.0,2.0,4.0,6.0,8.0,10.0,$            
  $REFQ    XCG=0.1980,                                                           
           SREF=0.0010179,                                                       
           LREF=0.6000,                                                          
           RHR=0.,$                                                              
  $AXIBOD  X0=0.00,                                                              
           TNOSE=1.,                                                             
           LNOSE=0.1050,                                                         
           DNOSE=0.0360,                                                         
           BNOSE=0.0,                                                            
           TRUNC=.FALSE.,                                                        
           LCENTR=0.4950,                                                        
           DCENTR=0.0360,                                                        
           TAFT=0.,                                                              
           LAFT=0.0000,                                                          
           DAFT=0.0360,                                                          
           DEXIT=0.0000,$                                                        
  $FINSET1 XLE=0.4000,0.4000,NPANEL=8.,                                          
           SSPAN=0.0180,0.0275,                                                  
           CHORD=0.2000,0.2000,                                                  
           LER=2*0.0,                                                            
           PHIF=0.0,45.0,90.0,135.0,180.0,225.0,270.0,315.0,                     
           GAM=0.3333,0.3333,0.3333,0.3333,0.3333,0.3333,0.3333,0.3333,          
           SECTYP=0.,                                                            
           ZUPPER=0.025000,0.025000,                                             
           LMAXU=0.4,0.4,                                                        
           LFLATU=0.2,0.2,$                                                      
  $DEFLCT  DELTA1=0.3333,0.3333,0.3333,0.3333,0.3333,0.3333,0.3333,0.3333,       
           XHINGE=0.5500,$                                                       
 PART                                                                            
 NEXT CASE                                                                       
    * WARNING * THE REYNOLDS NUMBER IS NOT DEFINED, FOR INPUT SPEED  1
                SEA LEVEL ALTITUDE ASSUMED
    * WARNING * THE REYNOLDS NUMBER IS NOT DEFINED, FOR INPUT SPEED  2
                SEA LEVEL ALTITUDE ASSUMED
    * WARNING * THE REYNOLDS NUMBER IS NOT DEFINED, FOR INPUT SPEED  3
                SEA LEVEL ALTITUDE ASSUMED
    * WARNING * THE REYNOLDS NUMBER IS NOT DEFINED, FOR INPUT SPEED  4
                SEA LEVEL ALTITUDE ASSUMED
    * WARNING * THE REYNOLDS NUMBER IS NOT DEFINED, FOR INPUT SPEED  5
                SEA LEVEL ALTITUDE ASSUMED
    * WARNING * THE REYNOLDS NUMBER IS NOT DEFINED, FOR INPUT SPEED  6
                SEA LEVEL ALTITUDE ASSUMED
    THE BOUNDARY LAYER IS ASSUMED TO BE TURBULENT
    THE INPUT UNITS ARE IN METERS, THE SCALE FACTOR IS   1.0000
1         ***** THE USAF AUTOMATED MISSILE DATCOM * REV 3/99 *****     CASE   1
               AERODYNAMIC METHODS FOR MISSILE CONFIGURATIONS          PAGE   2
                        AXISYMMETRIC BODY DEFINITION

                             NOSE   CENTERBODY     AFT BODY        TOTAL
    SHAPE                   OGIVE     CYLINDER     --------
    LENGTH                  0.105        0.495        0.000        0.600   M
    FINENESS RATIO          2.917       13.750        0.000       16.667
    PLANFORM AREA           0.003        0.018        0.000        0.020   M**2
    AREA CENTROID           0.065        0.353        0.000        0.317   M
    WETTED AREA             0.008        0.056        0.000        0.064   M**2
    VOLUME                  0.000        0.001        0.000        0.001   M**3
    VOL. CENTROID           0.072        0.352        0.000        0.324   M

                              MOLD LINE CONTOUR

     LONGITUDINAL STATIONS    0.0000     0.0105     0.0210     0.0315     0.0420 
        0.0525     0.0630     0.0735     0.0840     0.0945     0.1050     0.1545 
        0.2040     0.2535     0.3030     0.3525     0.4020     0.4515     0.5010 
        0.5505     0.6000*

                BODY RADII    0.0000     0.0035     0.0066     0.0093     0.0116 
        0.0136     0.0152     0.0164     0.0173     0.0178     0.0180     0.0180 
        0.0180     0.0180     0.0180     0.0180     0.0180     0.0180     0.0180 
        0.0180     0.0180*
    NOTE - * INDICATES SLOPE DISCONTINUOUS POINTS
1         ***** THE USAF AUTOMATED MISSILE DATCOM * REV 3/99 *****     CASE   1
               AERODYNAMIC METHODS FOR MISSILE CONFIGURATIONS          PAGE   3
                         FIN SET NUMBER 1 AIRFOIL SECTION

                                  NACA S-3-40.0-05.0-20.0

         X/C     X-UPPER   Y-UPPER   X-LOWER   Y-LOWER  MEAN LINE  THICKNESS

       0.00000   0.00000   0.00000   0.00000   0.00000   0.00000   0.00000
       0.00100   0.00100   0.00006   0.00100  -0.00006   0.00000   0.00013
       0.00200   0.00200   0.00013   0.00200  -0.00013   0.00000   0.00025
       0.00300   0.00300   0.00019   0.00300  -0.00019   0.00000   0.00038
       0.00400   0.00400   0.00025   0.00400  -0.00025   0.00000   0.00050
       0.00500   0.00500   0.00031   0.00500  -0.00031   0.00000   0.00063
       0.00600   0.00600   0.00038   0.00600  -0.00038   0.00000   0.00075
       0.00800   0.00800   0.00050   0.00800  -0.00050   0.00000   0.00100
       0.01000   0.01000   0.00063   0.01000  -0.00063   0.00000   0.00125
       0.02000   0.02000   0.00125   0.02000  -0.00125   0.00000   0.00250
       0.03000   0.03000   0.00187   0.03000  -0.00187   0.00000   0.00375
       0.04000   0.04000   0.00250   0.04000  -0.00250   0.00000   0.00500
       0.05000   0.05000   0.00312   0.05000  -0.00312   0.00000   0.00625
       0.06000   0.06000   0.00375   0.06000  -0.00375   0.00000   0.00750
       0.08000   0.08000   0.00500   0.08000  -0.00500   0.00000   0.01000
       0.10000   0.10000   0.00625   0.10000  -0.00625   0.00000   0.01250
       0.12000   0.12000   0.00750   0.12000  -0.00750   0.00000   0.01500
       0.14000   0.14000   0.00875   0.14000  -0.00875   0.00000   0.01750
       0.16000   0.16000   0.01000   0.16000  -0.01000   0.00000   0.02000
       0.18000   0.18000   0.01125   0.18000  -0.01125   0.00000   0.02250
       0.20000   0.20000   0.01250   0.20000  -0.01250   0.00000   0.02500
       0.22000   0.22000   0.01375   0.22000  -0.01375   0.00000   0.02750
       0.24000   0.24000   0.01500   0.24000  -0.01500   0.00000   0.03000
       0.26000   0.26000   0.01625   0.26000  -0.01625   0.00000   0.03250
       0.28000   0.28000   0.01750   0.28000  -0.01750   0.00000   0.03500
       0.30000   0.30000   0.01875   0.30000  -0.01875   0.00000   0.03750
       0.32000   0.32000   0.02000   0.32000  -0.02000   0.00000   0.04000
       0.34000   0.34000   0.02125   0.34000  -0.02125   0.00000   0.04250
       0.36000   0.36000   0.02250   0.36000  -0.02250   0.00000   0.04500
       0.38000   0.38000   0.02375   0.38000  -0.02375   0.00000   0.04750
       0.40000   0.40000   0.02500   0.40000  -0.02500   0.00000   0.05000
       0.42000   0.42000   0.02500   0.42000  -0.02500   0.00000   0.05000
       0.45000   0.45000   0.02500   0.45000  -0.02500   0.00000   0.05000
       0.50000   0.50000   0.02500   0.50000  -0.02500   0.00000   0.05000
       0.55000   0.55000   0.02500   0.55000  -0.02500   0.00000   0.05000
       0.60000   0.60000   0.02500   0.60000  -0.02500   0.00000   0.05000
       0.65000   0.65000   0.02187   0.65000  -0.02187   0.00000   0.04375
       0.70000   0.70000   0.01875   0.70000  -0.01875   0.00000   0.03750
       0.75000   0.75000   0.01562   0.75000  -0.01562   0.00000   0.03125
       0.80000   0.80000   0.01250   0.80000  -0.01250   0.00000   0.02500
       0.82000   0.82000   0.01125   0.82000  -0.01125   0.00000   0.02250
       0.84000   0.84000   0.01000   0.84000  -0.01000   0.00000   0.02000
       0.86000   0.86000   0.00875   0.86000  -0.00875   0.00000   0.01750
       0.88000   0.88000   0.00750   0.88000  -0.00750   0.00000   0.01500
       0.90000   0.90000   0.00625   0.90000  -0.00625   0.00000   0.01250
       0.92000   0.92000   0.00500   0.92000  -0.00500   0.00000   0.01000
       0.94000   0.94000   0.00375   0.94000  -0.00375   0.00000   0.00750
       0.96000   0.96000   0.00250   0.96000  -0.00250   0.00000   0.00500
       0.98000   0.98000   0.00125   0.98000  -0.00125   0.00000   0.00250
       1.00000   1.00000   0.00000   1.00000   0.00000   0.00000   0.00000
1         ***** THE USAF AUTOMATED MISSILE DATCOM * REV 3/99 *****     CASE   1
               AERODYNAMIC METHODS FOR MISSILE CONFIGURATIONS          PAGE   4
                      GEOMETRIC RESULTS FOR FIN SETS

                             FIN SET NUMBER  1
                          (DATA FOR ONE PANEL ONLY)

    SEGMENT   PLAN        ASPECT    TAPER     L.E.     T.E.    M.A.C.    T/C
    NUMBER    AREA        RATIO     RATIO    SWEEP    SWEEP    CHORD    RATIO

      1      0.0019        0.047    1.000    0.000    0.000    0.200    0.050
    TOTAL    0.0019        0.047    1.000    0.000    0.000    0.200    0.050
 
 
 
1         ***** THE USAF AUTOMATED MISSILE DATCOM * REV 3/99 *****     CASE   1
               AERODYNAMIC METHODS FOR MISSILE CONFIGURATIONS          PAGE   5
                           FIN SET 1 SECTION AERODYNAMICS

                        IDEAL ANGLE OF ATTACK =    0.0000 DEG.
                    ZERO LIFT ANGLE OF ATTACK =    0.0000 DEG.
                       IDEAL LIFT COEFFICIENT =    0.0000
        ZERO LIFT PITCHING MOMENT COEFFICIENT =    0.0000
                   MACH ZERO LIFT-CURVE-SLOPE =    0.0963 /DEG.
                          LEADING EDGE RADIUS =    0.0000 FRACTION CHORD
                    MAXIMUM AIRFOIL THICKNESS =    0.0500 FRACTION CHORD
                                      DELTA-Y =    0.3656 PERCENT CHORD


    MACH = 0.300   CL-ALPHA = 0.1031 /DEG.   XAC = 0.2709   CL MAX = 0.7494

    MACH = 0.600   CL-ALPHA = 0.1269 /DEG.   XAC = 0.2700   CL MAX = 0.7647

                   *** CREST CRITICAL MACH NUMBER EXCEEDED ***

                           CREST CRITICAL MACH =    0.8070
                                      LOCATION =    0.4145 FRACTION CHORD
                              LIFT-CURVE-SLOPE =    0.1410 /DEG.
1         ***** THE USAF AUTOMATED MISSILE DATCOM * REV 3/99 *****     CASE   1
               AERODYNAMIC METHODS FOR MISSILE CONFIGURATIONS          PAGE   6
                             BODY ALONE PARTIAL OUTPUT

       ******* FLIGHT CONDITIONS AND REFERENCE QUANTITIES *******
     MACH NO  =       0.30                REYNOLDS NO = 6.955E+06 /M
     ALTITUDE =        0.0 M         DYNAMIC PRESSURE =   6383.49 N/M**2
     SIDESLIP =       0.00 DEG                   ROLL =      0.00 DEG     
     REF AREA =      0.001 M**2         MOMENT CENTER =     0.198 M
     REF LENGTH =     0.60 M           LAT REF LENGTH =      0.60 M

      ALPHA    CA-FRIC  CA-PRES/WAVE CA-BASE    CA-PROT     CA-SEP     CA-ALP
     -10.00     0.2106     0.0121     0.1368                           0.0014
      -8.00     0.2130     0.0122     0.1372                           0.0015
      -6.00     0.2148     0.0123     0.1374                           0.0010
      -4.00     0.2161     0.0124     0.1374                           0.0005
      -2.00     0.2169     0.0124     0.1373                           0.0001
       0.00     0.2172     0.0124     0.1370                           0.0000
       2.00     0.2169     0.0124     0.1373                           0.0001
       4.00     0.2161     0.0124     0.1374                           0.0005
       6.00     0.2148     0.0123     0.1374                           0.0010
       8.00     0.2130     0.0122     0.1372                           0.0015
      10.00     0.2106     0.0121     0.1368                           0.0014

                     CROSS FLOW DRAG PROPORTIONALITY FACTOR = 0.74620

      ALPHA    CN-POTEN  CN-VISC   CN-SEP    CM-POTEN  CM-VISC   CM-SEP    CDC
     -10.00    -0.457    -0.347              -0.033     0.069             0.772
      -8.00    -0.369    -0.221              -0.027     0.044             0.766
      -6.00    -0.278    -0.124              -0.020     0.024             0.759
      -4.00    -0.187    -0.055              -0.014     0.011             0.753
      -2.00    -0.094    -0.014              -0.007     0.003             0.746
       0.00     0.000     0.000               0.000     0.000             0.740
       2.00     0.094     0.014               0.007    -0.003             0.746
       4.00     0.187     0.055               0.014    -0.011             0.753
       6.00     0.278     0.124               0.020    -0.024             0.759
       8.00     0.369     0.221               0.027    -0.044             0.766
      10.00     0.457     0.347               0.033    -0.069             0.772
1         ***** THE USAF AUTOMATED MISSILE DATCOM * REV 3/99 *****     CASE   1
               AERODYNAMIC METHODS FOR MISSILE CONFIGURATIONS          PAGE   7
                        FIN SET 1 CA PARTIAL OUTPUT

       ******* FLIGHT CONDITIONS AND REFERENCE QUANTITIES *******
     MACH NO  =       0.30                REYNOLDS NO = 6.955E+06 /M
     ALTITUDE =        0.0 M         DYNAMIC PRESSURE =   6383.49 N/M**2
     SIDESLIP =       0.00 DEG                   ROLL =      0.00 DEG     
     REF AREA =      0.001 M**2         MOMENT CENTER =     0.198 M
     REF LENGTH =     0.60 M           LAT REF LENGTH =      0.60 M

    SINGLE FIN PANEL ZERO-LIFT AXIAL FORCE COMPONENTS

    SKIN FRICTION        0.0154
    SUBSONIC PRESSURE    0.0012
    TRANSONIC WAVE       0.0000
    SUPERSONIC WAVE      0.0000
    LEADING EDGE         0.0000
    TRAILING EDGE        0.0000
    TOTAL CAO            0.0166

    FIN AXIAL FORCE DUE TO ANGLE OF ATTACK

    ALPHA      CA DUE TO LIFT (SINGLE PANEL)   CA-TOTAL (8 FINS)

     -10.00              0.0000                      0.1309
      -8.00              0.0000                      0.1316
      -6.00              0.0000                      0.1322
      -4.00              0.0000                      0.1326
      -2.00              0.0000                      0.1328
       0.00              0.0000                      0.1329
       2.00              0.0000                      0.1328
       4.00              0.0000                      0.1326
       6.00              0.0000                      0.1322
       8.00              0.0000                      0.1316
      10.00              0.0000                      0.1309
1         ***** THE USAF AUTOMATED MISSILE DATCOM * REV 3/99 *****     CASE   1
               AERODYNAMIC METHODS FOR MISSILE CONFIGURATIONS          PAGE   8
                       FIN SET 1 CN, CM PARTIAL OUTPUT

       ******* FLIGHT CONDITIONS AND REFERENCE QUANTITIES *******
     MACH NO  =       0.30                REYNOLDS NO = 6.955E+06 /M
     ALTITUDE =        0.0 M         DYNAMIC PRESSURE =   6383.49 N/M**2
     SIDESLIP =       0.00 DEG                   ROLL =      0.00 DEG     
     REF AREA =      0.001 M**2         MOMENT CENTER =     0.198 M
     REF LENGTH =     0.60 M           LAT REF LENGTH =      0.60 M

    NORMAL FORCE SLOPE AT ALPHA ZERO, CNA =    0.00486/DEG (1 PANEL)
         CENTER OF PRESSURE FOR LINEAR CN =   -0.42667 (CALIBERS FROM C.G.)
     CENTER OF PRESSURE FOR NON-LINEAR CN =   -0.50333 (CALIBERS FROM C.G.)

      ALPHA      CN        CN        CN        CM        CM        CM
               LINEAR  NON-LINEAR  TOTAL     LINEAR  NON-LINEAR  TOTAL

     -10.00   -0.1919   -0.5325   -0.7244    0.0819    0.2680    0.3499
      -8.00   -0.1542   -0.3416   -0.4958    0.0658    0.1719    0.2377
      -6.00   -0.1161   -0.1925   -0.3085    0.0495    0.0969    0.1464
      -4.00   -0.0776   -0.0857   -0.1632    0.0331    0.0431    0.0762
      -2.00   -0.0388   -0.0214   -0.0603    0.0166    0.0108    0.0274
       0.00    0.0000    0.0000    0.0000    0.0000    0.0000    0.0000
       2.00    0.0388    0.0214    0.0603   -0.0166   -0.0108   -0.0274
       4.00    0.0776    0.0857    0.1632   -0.0331   -0.0431   -0.0762
       6.00    0.1161    0.1925    0.3085   -0.0495   -0.0969   -0.1464
       8.00    0.1542    0.3416    0.4958   -0.0658   -0.1719   -0.2377
      10.00    0.1919    0.5325    0.7244   -0.0819   -0.2680   -0.3499
1         ***** THE USAF AUTOMATED MISSILE DATCOM * REV 3/99 *****     CASE   1
               AERODYNAMIC METHODS FOR MISSILE CONFIGURATIONS          PAGE   9
                 AERODYNAMIC FORCE AND MOMENT SYNTHESIS

       ******* FLIGHT CONDITIONS AND REFERENCE QUANTITIES *******
     MACH NO  =       0.30                REYNOLDS NO = 6.955E+06 /M
     ALTITUDE =        0.0 M         DYNAMIC PRESSURE =   6383.49 N/M**2
     SIDESLIP =       0.00 DEG                   ROLL =      0.00 DEG     
     REF AREA =      0.001 M**2         MOMENT CENTER =     0.198 M
     REF LENGTH =     0.60 M           LAT REF LENGTH =      0.60 M

          ---------------FIN SET 1 IN PRESENCE OF THE BODY----------------

      ALPHA       CN         CM         CA         CY         CLN        CLL

     -10.00    -1.3631     0.5816     0.1333    -0.0017     0.0007    -0.0024
      -8.00    -0.9766     0.4167     0.1332    -0.0009     0.0004    -0.0021
      -6.00    -0.6283     0.2681     0.1332    -0.0003     0.0001    -0.0018
      -4.00    -0.3308     0.1411     0.1331    -0.0001     0.0000    -0.0014
      -2.00    -0.1164     0.0497     0.1330     0.0000     0.0000    -0.0010
       0.00     0.0000     0.0000     0.1330     0.0000     0.0000    -0.0006
       2.00     0.1164    -0.0497     0.1330     0.0000     0.0000    -0.0010
       4.00     0.3308    -0.1411     0.1331     0.0001     0.0000    -0.0014
       6.00     0.6283    -0.2681     0.1332     0.0003    -0.0001    -0.0018
       8.00     0.9766    -0.4167     0.1332     0.0009    -0.0004    -0.0021
      10.00     1.3631    -0.5816     0.1333     0.0017    -0.0007    -0.0024
1         ***** THE USAF AUTOMATED MISSILE DATCOM * REV 3/99 *****     CASE   1
               AERODYNAMIC METHODS FOR MISSILE CONFIGURATIONS          PAGE  10
                 AERODYNAMIC FORCE AND MOMENT SYNTHESIS

       ******* FLIGHT CONDITIONS AND REFERENCE QUANTITIES *******
     MACH NO  =       0.30                REYNOLDS NO = 6.955E+06 /M
     ALTITUDE =        0.0 M         DYNAMIC PRESSURE =   6383.49 N/M**2
     SIDESLIP =       0.00 DEG                   ROLL =      0.00 DEG     
     REF AREA =      0.001 M**2         MOMENT CENTER =     0.198 M
     REF LENGTH =     0.60 M           LAT REF LENGTH =      0.60 M

          ---------------FIN SET 1 PANEL CHARACTERISTICS------------------

      ALPHA      PANEL    AEQ (PANEL AXIS SYS.)    PANEL CN

     -10.00        1              0.1926           0.0012
     -10.00        2            -11.1533          -0.2174
     -10.00        3            -15.4385          -0.3831
     -10.00        4             -9.5745          -0.1673
     -10.00        5              0.2988           0.0019
     -10.00        6             10.3288           0.1905
     -10.00        7             16.0189           0.4087
     -10.00        8             11.6001           0.2327
 
      -8.00        1              0.2109           0.0014
      -8.00        2             -8.9907          -0.1504
      -8.00        3            -12.5791          -0.2678
      -8.00        4             -8.2364          -0.1297
      -8.00        5              0.3326           0.0021
      -8.00        6              8.9390           0.1489
      -8.00        7             13.1566           0.2895
      -8.00        8              9.4606           0.1640
 
      -6.00        1              0.2296           0.0015
      -6.00        2             -6.7563          -0.0934
      -6.00        3             -9.5570          -0.1668
      -6.00        4             -6.5711          -0.0892
      -6.00        5              0.3413           0.0022
      -6.00        6              7.2302           0.1044
      -6.00        7             10.1325           0.1843
      -6.00        8              7.2508           0.1049
 
      -4.00        1              0.2487           0.0016
      -4.00        2             -4.4504          -0.0480
      -4.00        3             -6.3594          -0.0846
      -4.00        4             -4.3958          -0.0471
      -4.00        5              0.3264           0.0021
      -4.00        6              5.0255           0.0581
      -4.00        7              6.9345           0.0975
      -4.00        8              4.9709           0.0571
 
      -2.00        1              0.2680           0.0017
      -2.00        2             -2.0965          -0.0160
      -2.00        3             -3.0627          -0.0273
      -2.00        4             -2.0690          -0.0157
      -2.00        5              0.3071           0.0020
      -2.00        6              2.6717           0.0224
      -2.00        7              3.6378           0.0353
      -2.00        8              2.6441           0.0220
 
       0.00        1              0.2876           0.0018
       0.00        2              0.2876           0.0018
       0.00        3              0.2876           0.0018
       0.00        4              0.2876           0.0018
       0.00        5              0.2876           0.0018
       0.00        6              0.2876           0.0018
       0.00        7              0.2876           0.0018
       0.00        8              0.2876           0.0018
 
       2.00        1              0.3071           0.0020
       2.00        2              2.6717           0.0224
       2.00        3              3.6378           0.0353
       2.00        4              2.6441           0.0220
       2.00        5              0.2680           0.0017
       2.00        6             -2.0965          -0.0160
       2.00        7             -3.0627          -0.0273
       2.00        8             -2.0690          -0.0157
 
       4.00        1              0.3264           0.0021
       4.00        2              5.0255           0.0581
       4.00        3              6.9345           0.0975
       4.00        4              4.9709           0.0571
       4.00        5              0.2487           0.0016
       4.00        6             -4.4504          -0.0480
       4.00        7             -6.3594          -0.0846
       4.00        8             -4.3958          -0.0471
 
       6.00        1              0.3413           0.0022
       6.00        2              7.2302           0.1044
       6.00        3             10.1325           0.1843
       6.00        4              7.2508           0.1049
       6.00        5              0.2296           0.0015
       6.00        6             -6.7563          -0.0934
       6.00        7             -9.5570          -0.1668
       6.00        8             -6.5711          -0.0892
 
       8.00        1              0.3326           0.0021
       8.00        2              8.9390           0.1489
       8.00        3             13.1566           0.2895
       8.00        4              9.4606           0.1640
       8.00        5              0.2109           0.0014
       8.00        6             -8.9907          -0.1504
       8.00        7            -12.5791          -0.2678
       8.00        8             -8.2364          -0.1297
 
      10.00        1              0.2988           0.0019
      10.00        2             10.3288           0.1905
      10.00        3             16.0189           0.4087
      10.00        4             11.6001           0.2327
      10.00        5              0.1926           0.0012
      10.00        6            -11.1533          -0.2174
      10.00        7            -15.4385          -0.3831
      10.00        8             -9.5745          -0.1673
 
1         ***** THE USAF AUTOMATED MISSILE DATCOM * REV 3/99 *****     CASE   1
               AERODYNAMIC METHODS FOR MISSILE CONFIGURATIONS          PAGE  11
                 AERODYNAMIC FORCE AND MOMENT SYNTHESIS

       ******* FLIGHT CONDITIONS AND REFERENCE QUANTITIES *******
     MACH NO  =       0.30                REYNOLDS NO = 6.955E+06 /M
     ALTITUDE =        0.0 M         DYNAMIC PRESSURE =   6383.49 N/M**2
     SIDESLIP =       0.00 DEG                   ROLL =      0.00 DEG     
     REF AREA =      0.001 M**2         MOMENT CENTER =     0.198 M
     REF LENGTH =     0.60 M           LAT REF LENGTH =      0.60 M

             CARRYOVER INTERFERENCE FACTORS - FIN SET 1

      ALPHA   K-W(B)   K-B(W)  KK-W(B)  KK-B(W)  XCP-W(B) XCP-B(W) Y-CP/(B/2)

     -10.00   1.6234   1.1241   0.9535   0.6600   0.4267   0.4200   0.4419
      -8.00   1.6395   1.1241   0.9535   0.6600   0.4267   0.4200   0.4896
      -6.00   1.6540   1.1241   0.9535   0.6600   0.4267   0.4200   0.5462
      -4.00   1.6666   1.1241   0.9535   0.6600   0.4267   0.4200   0.5920
      -2.00   1.6764   1.1241   0.9535   0.6600   0.4267   0.4200   0.6256
       0.00   1.6818   1.1241   0.9535   0.6600   0.4267   0.4200   0.6450
       2.00   1.6764   1.1241   0.9535   0.6600   0.4267   0.4200   0.6317
       4.00   1.6666   1.1241   0.9535   0.6600   0.4267   0.4200   0.6016
       6.00   1.6540   1.1241   0.9535   0.6600   0.4267   0.4200   0.5612
       8.00   1.6395   1.1241   0.9535   0.6600   0.4267   0.4200   0.5224
      10.00   1.6234   1.1241   0.9535   0.6600   0.4267   0.4200   0.4863

    NOTE - XCP-W(B) USED FOR STABILITY ONLY DIFFERENT VALUES USED FOR HINGE MOMENTS
1         ***** THE USAF AUTOMATED MISSILE DATCOM * REV 3/99 *****     CASE   1
               AERODYNAMIC METHODS FOR MISSILE CONFIGURATIONS          PAGE  12
        FIN SET 1 PANEL BENDING MOMENTS (ABOUT EXPOSED ROOT CHORD)

       ******* FLIGHT CONDITIONS AND REFERENCE QUANTITIES *******
     MACH NO  =       0.30                REYNOLDS NO = 6.955E+06 /M
     ALTITUDE =        0.0 M         DYNAMIC PRESSURE =   6383.49 N/M**2
     SIDESLIP =       0.00 DEG                   ROLL =      0.00 DEG     
     REF AREA =      0.001 M**2         MOMENT CENTER =     0.198 M
     REF LENGTH =     0.60 M           LAT REF LENGTH =      0.60 M

   ALPHA   PANL 1   PANL 2   PANL 3   PANL 4   PANL 5   PANL 6   PANL 7   PANL 8
 
   -10.0  8.65E-06 -1.52E-03 -2.68E-03 -1.17E-03  1.34E-05  1.33E-03  2.86E-03  1.63E-03
    -8.0  1.05E-05 -1.17E-03 -2.08E-03 -1.01E-03  1.66E-05  1.15E-03  2.24E-03  1.27E-03
    -6.0  1.28E-05 -8.08E-04 -1.44E-03 -7.72E-04  1.90E-05  9.03E-04  1.59E-03  9.07E-04
    -4.0  1.50E-05 -4.50E-04 -7.93E-04 -4.42E-04  1.97E-05  5.44E-04  9.14E-04  5.35E-04
    -2.0  1.71E-05 -1.59E-04 -2.70E-04 -1.56E-04  1.96E-05  2.22E-04  3.50E-04  2.18E-04
     0.0  1.89E-05  1.89E-05  1.89E-05  1.89E-05  1.89E-05  1.89E-05  1.89E-05  1.89E-05
     2.0  1.98E-05  2.24E-04  3.53E-04  2.21E-04  1.72E-05 -1.60E-04 -2.73E-04 -1.58E-04
     4.0  2.00E-05  5.53E-04  9.28E-04  5.44E-04  1.52E-05 -4.58E-04 -8.06E-04 -4.49E-04
     6.0  1.95E-05  9.28E-04  1.64E-03  9.32E-04  1.31E-05 -8.30E-04 -1.48E-03 -7.93E-04
     8.0  1.77E-05  1.23E-03  2.39E-03  1.36E-03  1.12E-05 -1.24E-03 -2.21E-03 -1.07E-03
    10.0  1.48E-05  1.47E-03  3.15E-03  1.79E-03  9.51E-06 -1.67E-03 -2.95E-03 -1.29E-03
1         ***** THE USAF AUTOMATED MISSILE DATCOM * REV 3/99 *****     CASE   1
               AERODYNAMIC METHODS FOR MISSILE CONFIGURATIONS          PAGE  13
            FIN SET 1 PANEL HINGE MOMENTS (ABOUT HINGE LINE)

       ******* FLIGHT CONDITIONS AND REFERENCE QUANTITIES *******
     MACH NO  =       0.30                REYNOLDS NO = 6.955E+06 /M
     ALTITUDE =        0.0 M         DYNAMIC PRESSURE =   6383.49 N/M**2
     SIDESLIP =       0.00 DEG                   ROLL =      0.00 DEG     
     REF AREA =      0.001 M**2         MOMENT CENTER =     0.198 M
     REF LENGTH =     0.60 M           LAT REF LENGTH =      0.60 M

   ALPHA   PANL 1   PANL 2   PANL 3   PANL 4   PANL 5   PANL 6   PANL 7   PANL 8
 
   -10.0  2.25E-04 -3.70E-02 -6.16E-02 -2.89E-02  3.50E-04  3.27E-02  6.52E-02  3.94E-02
    -8.0  2.46E-04 -2.61E-02 -4.48E-02 -2.27E-02  3.90E-04  2.59E-02  4.81E-02  2.84E-02
    -6.0  2.68E-04 -1.65E-02 -2.88E-02 -1.58E-02  4.00E-04  1.84E-02  3.17E-02  1.85E-02
    -4.0  2.91E-04 -8.62E-03 -1.50E-02 -8.46E-03  3.82E-04  1.04E-02  1.72E-02  1.02E-02
    -2.0  3.14E-04 -2.90E-03 -4.93E-03 -2.85E-03  3.60E-04  4.05E-03  6.36E-03  3.99E-03
     0.0  3.37E-04  3.37E-04  3.37E-04  3.37E-04  3.37E-04  3.37E-04  3.37E-04  3.37E-04
     2.0  3.60E-04  4.05E-03  6.36E-03  3.99E-03  3.14E-04 -2.90E-03 -4.93E-03 -2.85E-03
     4.0  3.82E-04  1.04E-02  1.72E-02  1.02E-02  2.91E-04 -8.62E-03 -1.50E-02 -8.46E-03
     6.0  4.00E-04  1.84E-02  3.17E-02  1.85E-02  2.68E-04 -1.65E-02 -2.88E-02 -1.58E-02
     8.0  3.90E-04  2.59E-02  4.81E-02  2.84E-02  2.46E-04 -2.61E-02 -4.48E-02 -2.27E-02
    10.0  3.50E-04  3.27E-02  6.52E-02  3.94E-02  2.25E-04 -3.70E-02 -6.16E-02 -2.89E-02
1         ***** THE USAF AUTOMATED MISSILE DATCOM * REV 3/99 *****     CASE   1
               AERODYNAMIC METHODS FOR MISSILE CONFIGURATIONS          PAGE  14
                   STATIC AERODYNAMICS FOR BODY-FIN SET 1

       ******* FLIGHT CONDITIONS AND REFERENCE QUANTITIES *******
     MACH NO  =       0.30                REYNOLDS NO = 6.955E+06 /M
     ALTITUDE =        0.0 M         DYNAMIC PRESSURE =   6383.49 N/M**2
     SIDESLIP =       0.00 DEG                   ROLL =      0.00 DEG     
     REF AREA =      0.001 M**2         MOMENT CENTER =     0.198 M
     REF LENGTH =     0.60 M           LAT REF LENGTH =      0.60 M

                   ----- LONGITUDINAL -----     -- LATERAL DIRECTIONAL --
         ALPHA       CN        CM        CA        CY       CLN       CLL

        -10.00    -3.111     1.013     0.494    -0.003     0.001    -0.002
         -8.00    -2.236     0.715     0.497    -0.002     0.001    -0.002
         -6.00    -1.457     0.452     0.499    -0.001     0.000    -0.002
         -4.00    -0.795     0.232     0.500     0.000     0.000    -0.001
         -2.00    -0.302     0.078     0.500     0.000     0.000    -0.001
          0.00     0.000     0.000     0.500     0.000     0.000    -0.001
          2.00     0.302    -0.078     0.500     0.000     0.000    -0.001
          4.00     0.795    -0.232     0.500     0.000     0.000    -0.001
          6.00     1.457    -0.452     0.499     0.001     0.000    -0.002
          8.00     2.236    -0.715     0.497     0.002    -0.001    -0.002
         10.00     3.111    -1.013     0.494     0.003    -0.001    -0.002

         ALPHA       CL        CD      CL/CD     X-C.P.

        -10.00    -2.978     1.027    -2.900    -0.326
         -8.00    -2.145     0.803    -2.670    -0.320
         -6.00    -1.397     0.648    -2.155    -0.310
         -4.00    -0.758     0.554    -1.369    -0.292
         -2.00    -0.284     0.510    -0.557    -0.260
          0.00     0.000     0.500     0.000    -0.424
          2.00     0.284     0.510     0.557    -0.260
          4.00     0.758     0.554     1.369    -0.292
          6.00     1.397     0.648     2.155    -0.310
          8.00     2.145     0.803     2.670    -0.320
         10.00     2.978     1.027     2.900    -0.326

    X-C.P. MEAS. FROM MOMENT CENTER IN REF. LENGTHS, NEG. AFT OF MOMENT CENTER
1         ***** THE USAF AUTOMATED MISSILE DATCOM * REV 3/99 *****     CASE   1
               AERODYNAMIC METHODS FOR MISSILE CONFIGURATIONS          PAGE  15
                   STATIC AERODYNAMICS FOR BODY-FIN SET 1

       ******* FLIGHT CONDITIONS AND REFERENCE QUANTITIES *******
     MACH NO  =       0.30                REYNOLDS NO = 6.955E+06 /M
     ALTITUDE =        0.0 M         DYNAMIC PRESSURE =   6383.49 N/M**2
     SIDESLIP =       0.00 DEG                   ROLL =      0.00 DEG     
     REF AREA =      0.001 M**2         MOMENT CENTER =     0.198 M
     REF LENGTH =     0.60 M           LAT REF LENGTH =      0.60 M

                   ---------- DERIVATIVES (PER DEGREE) ----------
         ALPHA       CNA         CMA         CYB         CLNB        CLLB
        -10.00      0.4617     -0.1582     -0.3032      0.0983      0.0004
         -8.00      0.4132     -0.1405     -0.2705      0.0857      0.0002
         -6.00      0.3600     -0.1207     -0.2346      0.0718      0.0000
         -4.00      0.2885     -0.0933     -0.1972      0.0573      0.0000
         -2.00      0.1983     -0.0580     -0.1564      0.0414     -0.0001
          0.00      0.1508     -0.0392     -0.1312      0.0312     -0.0001
          2.00      0.1983     -0.0580     -0.1564      0.0414     -0.0001
          4.00      0.2885     -0.0933     -0.1975      0.0575     -0.0001
          6.00      0.3600     -0.1207     -0.2347      0.0718     -0.0001
          8.00      0.4132     -0.1405     -0.2692      0.0851     -0.0002
         10.00      0.4617     -0.1582     -0.3010      0.0974     -0.0004

    PANEL DEFLECTION ANGLES (DEGREES)
    SET    FIN 1   FIN 2   FIN 3   FIN 4   FIN 5   FIN 6   FIN 7   FIN 8
      1    0.33    0.33    0.33    0.33    0.33    0.33    0.33    0.33
1         ***** THE USAF AUTOMATED MISSILE DATCOM * REV 3/99 *****     CASE   1
               AERODYNAMIC METHODS FOR MISSILE CONFIGURATIONS          PAGE  16
                             BODY ALONE PARTIAL OUTPUT

       ******* FLIGHT CONDITIONS AND REFERENCE QUANTITIES *******
     MACH NO  =       0.60                REYNOLDS NO = 1.391E+07 /M
     ALTITUDE =        0.0 M         DYNAMIC PRESSURE =  25533.94 N/M**2
     SIDESLIP =       0.00 DEG                   ROLL =      0.00 DEG     
     REF AREA =      0.001 M**2         MOMENT CENTER =     0.198 M
     REF LENGTH =     0.60 M           LAT REF LENGTH =      0.60 M

      ALPHA    CA-FRIC  CA-PRES/WAVE CA-BASE    CA-PROT     CA-SEP     CA-ALP
     -10.00     0.1842     0.0126     0.1356                           0.0010
      -8.00     0.1862     0.0127     0.1360                           0.0012
      -6.00     0.1878     0.0128     0.1363                           0.0009
      -4.00     0.1890     0.0129     0.1364                           0.0005
      -2.00     0.1897     0.0130     0.1363                           0.0001
       0.00     0.1899     0.0130     0.1360                           0.0000
       2.00     0.1897     0.0130     0.1363                           0.0001
       4.00     0.1890     0.0129     0.1364                           0.0005
       6.00     0.1878     0.0128     0.1363                           0.0009
       8.00     0.1862     0.0127     0.1360                           0.0012
      10.00     0.1842     0.0126     0.1356                           0.0010

                     CROSS FLOW DRAG PROPORTIONALITY FACTOR = 0.74620

      ALPHA    CN-POTEN  CN-VISC   CN-SEP    CM-POTEN  CM-VISC   CM-SEP    CDC
     -10.00    -0.457    -0.362              -0.033     0.072             0.804
      -8.00    -0.369    -0.229              -0.027     0.045             0.791
      -6.00    -0.278    -0.127              -0.020     0.025             0.778
      -4.00    -0.187    -0.056              -0.014     0.011             0.766
      -2.00    -0.094    -0.014              -0.007     0.003             0.753
       0.00     0.000     0.000               0.000     0.000             0.740
       2.00     0.094     0.014               0.007    -0.003             0.753
       4.00     0.187     0.056               0.014    -0.011             0.766
       6.00     0.278     0.127               0.020    -0.025             0.778
       8.00     0.369     0.229               0.027    -0.045             0.791
      10.00     0.457     0.362               0.033    -0.072             0.804
1         ***** THE USAF AUTOMATED MISSILE DATCOM * REV 3/99 *****     CASE   1
               AERODYNAMIC METHODS FOR MISSILE CONFIGURATIONS          PAGE  17
                        FIN SET 1 CA PARTIAL OUTPUT

       ******* FLIGHT CONDITIONS AND REFERENCE QUANTITIES *******
     MACH NO  =       0.60                REYNOLDS NO = 1.391E+07 /M
     ALTITUDE =        0.0 M         DYNAMIC PRESSURE =  25533.94 N/M**2
     SIDESLIP =       0.00 DEG                   ROLL =      0.00 DEG     
     REF AREA =      0.001 M**2         MOMENT CENTER =     0.198 M
     REF LENGTH =     0.60 M           LAT REF LENGTH =      0.60 M

    SINGLE FIN PANEL ZERO-LIFT AXIAL FORCE COMPONENTS

    SKIN FRICTION        0.0133
    SUBSONIC PRESSURE    0.0011
    TRANSONIC WAVE       0.0000
    SUPERSONIC WAVE      0.0000
    LEADING EDGE         0.0000
    TRAILING EDGE        0.0000
    TOTAL CAO            0.0144

    FIN AXIAL FORCE DUE TO ANGLE OF ATTACK

    ALPHA      CA DUE TO LIFT (SINGLE PANEL)   CA-TOTAL (8 FINS)

     -10.00              0.0000                      0.1135
      -8.00              0.0000                      0.1141
      -6.00              0.0000                      0.1146
      -4.00              0.0000                      0.1149
      -2.00              0.0000                      0.1152
       0.00              0.0000                      0.1152
       2.00              0.0000                      0.1152
       4.00              0.0000                      0.1149
       6.00              0.0000                      0.1146
       8.00              0.0000                      0.1141
      10.00              0.0000                      0.1135
1         ***** THE USAF AUTOMATED MISSILE DATCOM * REV 3/99 *****     CASE   1
               AERODYNAMIC METHODS FOR MISSILE CONFIGURATIONS          PAGE  18
                       FIN SET 1 CN, CM PARTIAL OUTPUT

       ******* FLIGHT CONDITIONS AND REFERENCE QUANTITIES *******
     MACH NO  =       0.60                REYNOLDS NO = 1.391E+07 /M
     ALTITUDE =        0.0 M         DYNAMIC PRESSURE =  25533.94 N/M**2
     SIDESLIP =       0.00 DEG                   ROLL =      0.00 DEG     
     REF AREA =      0.001 M**2         MOMENT CENTER =     0.198 M
     REF LENGTH =     0.60 M           LAT REF LENGTH =      0.60 M

    NORMAL FORCE SLOPE AT ALPHA ZERO, CNA =    0.00486/DEG (1 PANEL)
         CENTER OF PRESSURE FOR LINEAR CN =   -0.42667 (CALIBERS FROM C.G.)
     CENTER OF PRESSURE FOR NON-LINEAR CN =   -0.50333 (CALIBERS FROM C.G.)

      ALPHA      CN        CN        CN        CM        CM        CM
               LINEAR  NON-LINEAR  TOTAL     LINEAR  NON-LINEAR  TOTAL

     -10.00   -0.1919   -0.5667   -0.7586    0.0819    0.2852    0.3671
      -8.00   -0.1542   -0.3635   -0.5178    0.0658    0.1830    0.2488
      -6.00   -0.1161   -0.2048   -0.3209    0.0495    0.1031    0.1526
      -4.00   -0.0776   -0.0912   -0.1688    0.0331    0.0459    0.0790
      -2.00   -0.0389   -0.0228   -0.0617    0.0166    0.0115    0.0281
       0.00    0.0000    0.0000    0.0000    0.0000    0.0000    0.0000
       2.00    0.0389    0.0228    0.0617   -0.0166   -0.0115   -0.0281
       4.00    0.0776    0.0912    0.1688   -0.0331   -0.0459   -0.0790
       6.00    0.1161    0.2048    0.3209   -0.0495   -0.1031   -0.1526
       8.00    0.1542    0.3635    0.5178   -0.0658   -0.1830   -0.2488
      10.00    0.1919    0.5667    0.7586   -0.0819   -0.2852   -0.3671
1         ***** THE USAF AUTOMATED MISSILE DATCOM * REV 3/99 *****     CASE   1
               AERODYNAMIC METHODS FOR MISSILE CONFIGURATIONS          PAGE  19
                 AERODYNAMIC FORCE AND MOMENT SYNTHESIS

       ******* FLIGHT CONDITIONS AND REFERENCE QUANTITIES *******
     MACH NO  =       0.60                REYNOLDS NO = 1.391E+07 /M
     ALTITUDE =        0.0 M         DYNAMIC PRESSURE =  25533.94 N/M**2
     SIDESLIP =       0.00 DEG                   ROLL =      0.00 DEG     
     REF AREA =      0.001 M**2         MOMENT CENTER =     0.198 M
     REF LENGTH =     0.60 M           LAT REF LENGTH =      0.60 M

          ---------------FIN SET 1 IN PRESENCE OF THE BODY----------------

      ALPHA       CN         CM         CA         CY         CLN        CLL

     -10.00    -1.4283     0.6094     0.1156    -0.0018     0.0008    -0.0025
      -8.00    -1.0227     0.4363     0.1156    -0.0010     0.0004    -0.0022
      -6.00    -0.6564     0.2801     0.1155    -0.0004     0.0002    -0.0019
      -4.00    -0.3438     0.1467     0.1155    -0.0001     0.0000    -0.0015
      -2.00    -0.1198     0.0511     0.1154     0.0000     0.0000    -0.0010
       0.00     0.0000     0.0000     0.1153     0.0000     0.0000    -0.0006
       2.00     0.1198    -0.0511     0.1154     0.0000     0.0000    -0.0010
       4.00     0.3438    -0.1467     0.1155     0.0001     0.0000    -0.0015
       6.00     0.6564    -0.2801     0.1155     0.0004    -0.0002    -0.0019
       8.00     1.0227    -0.4363     0.1156     0.0010    -0.0004    -0.0022
      10.00     1.4283    -0.6094     0.1156     0.0018    -0.0008    -0.0025
1         ***** THE USAF AUTOMATED MISSILE DATCOM * REV 3/99 *****     CASE   1
               AERODYNAMIC METHODS FOR MISSILE CONFIGURATIONS          PAGE  20
                 AERODYNAMIC FORCE AND MOMENT SYNTHESIS

       ******* FLIGHT CONDITIONS AND REFERENCE QUANTITIES *******
     MACH NO  =       0.60                REYNOLDS NO = 1.391E+07 /M
     ALTITUDE =        0.0 M         DYNAMIC PRESSURE =  25533.94 N/M**2
     SIDESLIP =       0.00 DEG                   ROLL =      0.00 DEG     
     REF AREA =      0.001 M**2         MOMENT CENTER =     0.198 M
     REF LENGTH =     0.60 M           LAT REF LENGTH =      0.60 M

          ---------------FIN SET 1 PANEL CHARACTERISTICS------------------

      ALPHA      PANEL    AEQ (PANEL AXIS SYS.)    PANEL CN

     -10.00        1              0.1926           0.0013
     -10.00        2            -11.1505          -0.2279
     -10.00        3            -15.4283          -0.4027
     -10.00        4             -9.5115          -0.1732
     -10.00        5              0.2953           0.0019
     -10.00        6             10.2678           0.1975
     -10.00        7             16.0089           0.4298
     -10.00        8             11.5974           0.2440
 
      -8.00        1              0.2109           0.0014
      -8.00        2             -8.9898          -0.1573
      -8.00        3            -12.5755          -0.2810
      -8.00        4             -8.2138          -0.1349
      -8.00        5              0.3315           0.0022
      -8.00        6              8.9171           0.1551
      -8.00        7             13.1531           0.3041
      -8.00        8              9.4597           0.1716
 
      -6.00        1              0.2296           0.0015
      -6.00        2             -6.7562          -0.0973
      -6.00        3             -9.5566          -0.1746
      -6.00        4             -6.5683          -0.0929
      -6.00        5              0.3412           0.0022
      -6.00        6              7.2276           0.1088
      -6.00        7             10.1321           0.1931
      -6.00        8              7.2507           0.1094
 
      -4.00        1              0.2487           0.0016
      -4.00        2             -4.4504          -0.0498
      -4.00        3             -6.3594          -0.0881
      -4.00        4             -4.3958          -0.0488
      -4.00        5              0.3264           0.0021
      -4.00        6              5.0255           0.0602
      -4.00        7              6.9345           0.1016
      -4.00        8              4.9709           0.0592
 
      -2.00        1              0.2680           0.0017
      -2.00        2             -2.0965          -0.0164
      -2.00        3             -3.0627          -0.0281
      -2.00        4             -2.0690          -0.0161
      -2.00        5              0.3071           0.0020
      -2.00        6              2.6717           0.0230
      -2.00        7              3.6378           0.0364
      -2.00        8              2.6441           0.0226
 
       0.00        1              0.2876           0.0019
       0.00        2              0.2876           0.0019
       0.00        3              0.2876           0.0019
       0.00        4              0.2876           0.0019
       0.00        5              0.2876           0.0019
       0.00        6              0.2876           0.0019
       0.00        7              0.2876           0.0019
       0.00        8              0.2876           0.0019
 
       2.00        1              0.3071           0.0020
       2.00        2              2.6717           0.0230
       2.00        3              3.6378           0.0364
       2.00        4              2.6441           0.0226
       2.00        5              0.2680           0.0017
       2.00        6             -2.0965          -0.0164
       2.00        7             -3.0627          -0.0281
       2.00        8             -2.0690          -0.0161
 
       4.00        1              0.3264           0.0021
       4.00        2              5.0255           0.0602
       4.00        3              6.9345           0.1016
       4.00        4              4.9709           0.0592
       4.00        5              0.2487           0.0016
       4.00        6             -4.4504          -0.0498
       4.00        7             -6.3594          -0.0881
       4.00        8             -4.3958          -0.0488
 
       6.00        1              0.3412           0.0022
       6.00        2              7.2276           0.1088
       6.00        3             10.1321           0.1931
       6.00        4              7.2507           0.1094
       6.00        5              0.2296           0.0015
       6.00        6             -6.7562          -0.0973
       6.00        7             -9.5566          -0.1746
       6.00        8             -6.5683          -0.0929
 
       8.00        1              0.3316           0.0022
       8.00        2              8.9171           0.1551
       8.00        3             13.1531           0.3041
       8.00        4              9.4597           0.1716
       8.00        5              0.2109           0.0014
       8.00        6             -8.9898          -0.1573
       8.00        7            -12.5755          -0.2810
       8.00        8             -8.2138          -0.1349
 
      10.00        1              0.2953           0.0019
      10.00        2             10.2678           0.1975
      10.00        3             16.0089           0.4298
      10.00        4             11.5974           0.2440
      10.00        5              0.1926           0.0013
      10.00        6            -11.1505          -0.2279
      10.00        7            -15.4283          -0.4027
      10.00        8             -9.5115          -0.1732
 
1         ***** THE USAF AUTOMATED MISSILE DATCOM * REV 3/99 *****     CASE   1
               AERODYNAMIC METHODS FOR MISSILE CONFIGURATIONS          PAGE  21
                 AERODYNAMIC FORCE AND MOMENT SYNTHESIS

       ******* FLIGHT CONDITIONS AND REFERENCE QUANTITIES *******
     MACH NO  =       0.60                REYNOLDS NO = 1.391E+07 /M
     ALTITUDE =        0.0 M         DYNAMIC PRESSURE =  25533.94 N/M**2
     SIDESLIP =       0.00 DEG                   ROLL =      0.00 DEG     
     REF AREA =      0.001 M**2         MOMENT CENTER =     0.198 M
     REF LENGTH =     0.60 M           LAT REF LENGTH =      0.60 M

             CARRYOVER INTERFERENCE FACTORS - FIN SET 1

      ALPHA   K-W(B)   K-B(W)  KK-W(B)  KK-B(W)  XCP-W(B) XCP-B(W) Y-CP/(B/2)

     -10.00   1.6234   1.1241   0.9535   0.6600   0.4267   0.4200   0.4473
      -8.00   1.6395   1.1241   0.9535   0.6600   0.4267   0.4200   0.4775
      -6.00   1.6540   1.1241   0.9535   0.6600   0.4267   0.4200   0.5157
      -4.00   1.6666   1.1241   0.9535   0.6600   0.4267   0.4200   0.5465
      -2.00   1.6764   1.1241   0.9535   0.6600   0.4267   0.4200   0.5689
       0.00   1.6818   1.1241   0.9535   0.6600   0.4267   0.4200   0.5817
       2.00   1.6764   1.1241   0.9535   0.6600   0.4267   0.4200   0.5730
       4.00   1.6666   1.1241   0.9535   0.6600   0.4267   0.4200   0.5529
       6.00   1.6540   1.1241   0.9535   0.6600   0.4267   0.4200   0.5258
       8.00   1.6395   1.1241   0.9535   0.6600   0.4267   0.4200   0.5000
      10.00   1.6234   1.1241   0.9535   0.6600   0.4267   0.4200   0.4765

    NOTE - XCP-W(B) USED FOR STABILITY ONLY DIFFERENT VALUES USED FOR HINGE MOMENTS
1         ***** THE USAF AUTOMATED MISSILE DATCOM * REV 3/99 *****     CASE   1
               AERODYNAMIC METHODS FOR MISSILE CONFIGURATIONS          PAGE  22
        FIN SET 1 PANEL BENDING MOMENTS (ABOUT EXPOSED ROOT CHORD)

       ******* FLIGHT CONDITIONS AND REFERENCE QUANTITIES *******
     MACH NO  =       0.60                REYNOLDS NO = 1.391E+07 /M
     ALTITUDE =        0.0 M         DYNAMIC PRESSURE =  25533.94 N/M**2
     SIDESLIP =       0.00 DEG                   ROLL =      0.00 DEG     
     REF AREA =      0.001 M**2         MOMENT CENTER =     0.198 M
     REF LENGTH =     0.60 M           LAT REF LENGTH =      0.60 M

   ALPHA   PANL 1   PANL 2   PANL 3   PANL 4   PANL 5   PANL 6   PANL 7   PANL 8
 
   -10.0  8.89E-06 -1.61E-03 -2.85E-03 -1.23E-03  1.37E-05  1.40E-03  3.04E-03  1.73E-03
    -8.0  1.04E-05 -1.19E-03 -2.12E-03 -1.02E-03  1.64E-05  1.17E-03  2.30E-03  1.30E-03
    -6.0  1.22E-05 -7.94E-04 -1.43E-03 -7.58E-04  1.82E-05  8.89E-04  1.58E-03  8.93E-04
    -4.0  1.40E-05 -4.31E-04 -7.62E-04 -4.22E-04  1.85E-05  5.21E-04  8.79E-04  5.12E-04
    -2.0  1.58E-05 -1.48E-04 -2.53E-04 -1.45E-04  1.81E-05  2.07E-04  3.28E-04  2.04E-04
     0.0  1.73E-05  1.73E-05  1.73E-05  1.73E-05  1.73E-05  1.73E-05  1.73E-05  1.73E-05
     2.0  1.82E-05  2.09E-04  3.30E-04  2.05E-04  1.59E-05 -1.49E-04 -2.55E-04 -1.46E-04
     4.0  1.87E-05  5.27E-04  8.89E-04  5.18E-04  1.42E-05 -4.36E-04 -7.71E-04 -4.27E-04
     6.0  1.86E-05  9.06E-04  1.61E-03  9.11E-04  1.25E-05 -8.10E-04 -1.45E-03 -7.73E-04
     8.0  1.72E-05  1.23E-03  2.41E-03  1.36E-03  1.09E-05 -1.24E-03 -2.22E-03 -1.07E-03
    10.0  1.46E-05  1.49E-03  3.24E-03  1.84E-03  9.47E-06 -1.72E-03 -3.04E-03 -1.31E-03
1         ***** THE USAF AUTOMATED MISSILE DATCOM * REV 3/99 *****     CASE   1
               AERODYNAMIC METHODS FOR MISSILE CONFIGURATIONS          PAGE  23
            FIN SET 1 PANEL HINGE MOMENTS (ABOUT HINGE LINE)

       ******* FLIGHT CONDITIONS AND REFERENCE QUANTITIES *******
     MACH NO  =       0.60                REYNOLDS NO = 1.391E+07 /M
     ALTITUDE =        0.0 M         DYNAMIC PRESSURE =  25533.94 N/M**2
     SIDESLIP =       0.00 DEG                   ROLL =      0.00 DEG     
     REF AREA =      0.001 M**2         MOMENT CENTER =     0.198 M
     REF LENGTH =     0.60 M           LAT REF LENGTH =      0.60 M

   ALPHA   PANL 1   PANL 2   PANL 3   PANL 4   PANL 5   PANL 6   PANL 7   PANL 8
 
   -10.0  2.27E-04 -3.85E-02 -6.43E-02 -2.98E-02  3.49E-04  3.37E-02  6.80E-02  4.10E-02
    -8.0  2.49E-04 -2.72E-02 -4.67E-02 -2.35E-02  3.92E-04  2.68E-02  5.01E-02  2.95E-02
    -6.0  2.71E-04 -1.71E-02 -3.00E-02 -1.64E-02  4.04E-04  1.91E-02  3.30E-02  1.92E-02
    -4.0  2.94E-04 -8.88E-03 -1.55E-02 -8.71E-03  3.86E-04  1.07E-02  1.78E-02  1.05E-02
    -2.0  3.17E-04 -2.96E-03 -5.04E-03 -2.91E-03  3.63E-04  4.14E-03  6.53E-03  4.07E-03
     0.0  3.40E-04  3.40E-04  3.40E-04  3.40E-04  3.40E-04  3.40E-04  3.40E-04  3.40E-04
     2.0  3.63E-04  4.14E-03  6.53E-03  4.07E-03  3.17E-04 -2.96E-03 -5.04E-03 -2.91E-03
     4.0  3.86E-04  1.07E-02  1.78E-02  1.05E-02  2.94E-04 -8.88E-03 -1.55E-02 -8.71E-03
     6.0  4.04E-04  1.91E-02  3.30E-02  1.92E-02  2.71E-04 -1.71E-02 -3.00E-02 -1.64E-02
     8.0  3.92E-04  2.68E-02  5.01E-02  2.95E-02  2.49E-04 -2.72E-02 -4.67E-02 -2.35E-02
    10.0  3.49E-04  3.37E-02  6.80E-02  4.10E-02  2.27E-04 -3.85E-02 -6.43E-02 -2.98E-02
1         ***** THE USAF AUTOMATED MISSILE DATCOM * REV 3/99 *****     CASE   1
               AERODYNAMIC METHODS FOR MISSILE CONFIGURATIONS          PAGE  24
                   STATIC AERODYNAMICS FOR BODY-FIN SET 1

       ******* FLIGHT CONDITIONS AND REFERENCE QUANTITIES *******
     MACH NO  =       0.60                REYNOLDS NO = 1.391E+07 /M
     ALTITUDE =        0.0 M         DYNAMIC PRESSURE =  25533.94 N/M**2
     SIDESLIP =       0.00 DEG                   ROLL =      0.00 DEG     
     REF AREA =      0.001 M**2         MOMENT CENTER =     0.198 M
     REF LENGTH =     0.60 M           LAT REF LENGTH =      0.60 M

                   ----- LONGITUDINAL -----     -- LATERAL DIRECTIONAL --
         ALPHA       CN        CM        CA        CY       CLN       CLL

        -10.00    -3.236     1.063     0.449    -0.003     0.001    -0.003
         -8.00    -2.321     0.749     0.452    -0.002     0.001    -0.002
         -6.00    -1.508     0.472     0.453    -0.001     0.000    -0.002
         -4.00    -0.818     0.242     0.454     0.000     0.000    -0.001
         -2.00    -0.307     0.081     0.454     0.000     0.000    -0.001
          0.00     0.000     0.000     0.454     0.000     0.000    -0.001
          2.00     0.307    -0.081     0.454     0.000     0.000    -0.001
          4.00     0.818    -0.242     0.454     0.000     0.000    -0.001
          6.00     1.508    -0.472     0.453     0.001     0.000    -0.002
          8.00     2.321    -0.749     0.452     0.002    -0.001    -0.002
         10.00     3.236    -1.063     0.449     0.003    -0.001    -0.003

         ALPHA       CL        CD      CL/CD     X-C.P.

        -10.00    -3.109     1.004    -3.096    -0.329
         -8.00    -2.236     0.770    -2.902    -0.323
         -6.00    -1.452     0.608    -2.387    -0.313
         -4.00    -0.784     0.510    -1.537    -0.295
         -2.00    -0.291     0.465    -0.627    -0.263
          0.00     0.000     0.454     0.000    -0.424
          2.00     0.291     0.465     0.627    -0.263
          4.00     0.784     0.510     1.537    -0.295
          6.00     1.452     0.608     2.387    -0.313
          8.00     2.236     0.770     2.902    -0.323
         10.00     3.109     1.004     3.096    -0.329

    X-C.P. MEAS. FROM MOMENT CENTER IN REF. LENGTHS, NEG. AFT OF MOMENT CENTER
1         ***** THE USAF AUTOMATED MISSILE DATCOM * REV 3/99 *****     CASE   1
               AERODYNAMIC METHODS FOR MISSILE CONFIGURATIONS          PAGE  25
                   STATIC AERODYNAMICS FOR BODY-FIN SET 1

       ******* FLIGHT CONDITIONS AND REFERENCE QUANTITIES *******
     MACH NO  =       0.60                REYNOLDS NO = 1.391E+07 /M
     ALTITUDE =        0.0 M         DYNAMIC PRESSURE =  25533.94 N/M**2
     SIDESLIP =       0.00 DEG                   ROLL =      0.00 DEG     
     REF AREA =      0.001 M**2         MOMENT CENTER =     0.198 M
     REF LENGTH =     0.60 M           LAT REF LENGTH =      0.60 M

                   ---------- DERIVATIVES (PER DEGREE) ----------
         ALPHA       CNA         CMA         CYB         CLNB        CLLB
        -10.00      0.4828     -0.1662     -0.3162      0.1035      0.0005
         -8.00      0.4317     -0.1477     -0.2810      0.0899      0.0002
         -6.00      0.3755     -0.1269     -0.2426      0.0750      0.0000
         -4.00      0.2996     -0.0979     -0.2028      0.0596     -0.0001
         -2.00      0.2040     -0.0604     -0.1596      0.0427     -0.0001
          0.00      0.1536     -0.0404     -0.1328      0.0319     -0.0001
          2.00      0.2040     -0.0604     -0.1595      0.0427     -0.0001
          4.00      0.2996     -0.0979     -0.2032      0.0598     -0.0001
          6.00      0.3755     -0.1269     -0.2426      0.0751     -0.0001
          8.00      0.4317     -0.1477     -0.2796      0.0893     -0.0003
         10.00      0.4828     -0.1662     -0.3139      0.1025     -0.0005

    PANEL DEFLECTION ANGLES (DEGREES)
    SET    FIN 1   FIN 2   FIN 3   FIN 4   FIN 5   FIN 6   FIN 7   FIN 8
      1    0.33    0.33    0.33    0.33    0.33    0.33    0.33    0.33
1         ***** THE USAF AUTOMATED MISSILE DATCOM * REV 3/99 *****     CASE   1
               AERODYNAMIC METHODS FOR MISSILE CONFIGURATIONS          PAGE  26
                             BODY ALONE PARTIAL OUTPUT

       ******* FLIGHT CONDITIONS AND REFERENCE QUANTITIES *******
     MACH NO  =       0.90                REYNOLDS NO = 2.087E+07 /M
     ALTITUDE =        0.0 M         DYNAMIC PRESSURE =  57451.37 N/M**2
     SIDESLIP =       0.00 DEG                   ROLL =      0.00 DEG     
     REF AREA =      0.001 M**2         MOMENT CENTER =     0.198 M
     REF LENGTH =     0.60 M           LAT REF LENGTH =      0.60 M

      ALPHA    CA-FRIC  CA-PRES/WAVE CA-BASE    CA-PROT     CA-SEP     CA-ALP
     -10.00     0.1677     0.0217     0.1315                           0.0008
      -8.00     0.1695     0.0219     0.1319                           0.0011
      -6.00     0.1710     0.0221     0.1322                           0.0008
      -4.00     0.1720     0.0222     0.1323                           0.0004
      -2.00     0.1727     0.0223     0.1322                           0.0001
       0.00     0.1729     0.0223     0.1320                           0.0000
       2.00     0.1727     0.0223     0.1322                           0.0001
       4.00     0.1720     0.0222     0.1323                           0.0004
       6.00     0.1710     0.0221     0.1322                           0.0008
       8.00     0.1695     0.0219     0.1319                           0.0011
      10.00     0.1677     0.0217     0.1315                           0.0008

                     CROSS FLOW DRAG PROPORTIONALITY FACTOR = 0.74880

      ALPHA    CN-POTEN  CN-VISC   CN-SEP    CM-POTEN  CM-VISC   CM-SEP    CDC
     -10.00    -0.475    -0.377              -0.025     0.075             0.836
      -8.00    -0.384    -0.237              -0.020     0.047             0.817
      -6.00    -0.290    -0.130              -0.015     0.026             0.798
      -4.00    -0.194    -0.057              -0.010     0.011             0.778
      -2.00    -0.097    -0.014              -0.005     0.003             0.759
       0.00     0.000     0.000               0.000     0.000             0.740
       2.00     0.097     0.014               0.005    -0.003             0.759
       4.00     0.194     0.057               0.010    -0.011             0.778
       6.00     0.290     0.130               0.015    -0.026             0.798
       8.00     0.384     0.237               0.020    -0.047             0.817
      10.00     0.475     0.377               0.025    -0.075             0.836
1         ***** THE USAF AUTOMATED MISSILE DATCOM * REV 3/99 *****     CASE   1
               AERODYNAMIC METHODS FOR MISSILE CONFIGURATIONS          PAGE  27
                        FIN SET 1 CA PARTIAL OUTPUT

       ******* FLIGHT CONDITIONS AND REFERENCE QUANTITIES *******
     MACH NO  =       0.90                REYNOLDS NO = 2.087E+07 /M
     ALTITUDE =        0.0 M         DYNAMIC PRESSURE =  57451.37 N/M**2
     SIDESLIP =       0.00 DEG                   ROLL =      0.00 DEG     
     REF AREA =      0.001 M**2         MOMENT CENTER =     0.198 M
     REF LENGTH =     0.60 M           LAT REF LENGTH =      0.60 M

    SINGLE FIN PANEL ZERO-LIFT AXIAL FORCE COMPONENTS

    SKIN FRICTION        0.0121
    SUBSONIC PRESSURE    0.0010
    TRANSONIC WAVE       0.0144
    SUPERSONIC WAVE      0.0000
    LEADING EDGE         0.0000
    TRAILING EDGE        0.0000
    TOTAL CAO            0.0275

    FIN AXIAL FORCE DUE TO ANGLE OF ATTACK

    ALPHA      CA DUE TO LIFT (SINGLE PANEL)   CA-TOTAL (8 FINS)

     -10.00              0.0000                      0.2166
      -8.00              0.0000                      0.2178
      -6.00              0.0000                      0.2188
      -4.00              0.0000                      0.2194
      -2.00              0.0000                      0.2198
       0.00              0.0000                      0.2200
       2.00              0.0000                      0.2198
       4.00              0.0000                      0.2194
       6.00              0.0000                      0.2188
       8.00              0.0000                      0.2178
      10.00              0.0000                      0.2166
1         ***** THE USAF AUTOMATED MISSILE DATCOM * REV 3/99 *****     CASE   1
               AERODYNAMIC METHODS FOR MISSILE CONFIGURATIONS          PAGE  28
                       FIN SET 1 CN, CM PARTIAL OUTPUT

       ******* FLIGHT CONDITIONS AND REFERENCE QUANTITIES *******
     MACH NO  =       0.90                REYNOLDS NO = 2.087E+07 /M
     ALTITUDE =        0.0 M         DYNAMIC PRESSURE =  57451.37 N/M**2
     SIDESLIP =       0.00 DEG                   ROLL =      0.00 DEG     
     REF AREA =      0.001 M**2         MOMENT CENTER =     0.198 M
     REF LENGTH =     0.60 M           LAT REF LENGTH =      0.60 M

    NORMAL FORCE SLOPE AT ALPHA ZERO, CNA =    0.00485/DEG (1 PANEL)
         CENTER OF PRESSURE FOR LINEAR CN =   -0.42667 (CALIBERS FROM C.G.)
     CENTER OF PRESSURE FOR NON-LINEAR CN =   -0.50333 (CALIBERS FROM C.G.)

      ALPHA      CN        CN        CN        CM        CM        CM
               LINEAR  NON-LINEAR  TOTAL     LINEAR  NON-LINEAR  TOTAL

     -10.00   -0.1914   -0.3902   -0.5816    0.0817    0.1964    0.2781
      -8.00   -0.1538   -0.2505   -0.4043    0.0656    0.1261    0.1917
      -6.00   -0.1158   -0.1412   -0.2570    0.0494    0.0711    0.1205
      -4.00   -0.0774   -0.0628   -0.1402    0.0330    0.0316    0.0646
      -2.00   -0.0387   -0.0157   -0.0545    0.0165    0.0079    0.0244
       0.00    0.0000    0.0000    0.0000    0.0000    0.0000    0.0000
       2.00    0.0387    0.0157    0.0545   -0.0165   -0.0079   -0.0244
       4.00    0.0774    0.0628    0.1402   -0.0330   -0.0316   -0.0646
       6.00    0.1158    0.1412    0.2570   -0.0494   -0.0711   -0.1205
       8.00    0.1538    0.2505    0.4043   -0.0656   -0.1261   -0.1917
      10.00    0.1914    0.3902    0.5816   -0.0817   -0.1964   -0.2781
1         ***** THE USAF AUTOMATED MISSILE DATCOM * REV 3/99 *****     CASE   1
               AERODYNAMIC METHODS FOR MISSILE CONFIGURATIONS          PAGE  29
                 AERODYNAMIC FORCE AND MOMENT SYNTHESIS

       ******* FLIGHT CONDITIONS AND REFERENCE QUANTITIES *******
     MACH NO  =       0.90                REYNOLDS NO = 2.087E+07 /M
     ALTITUDE =        0.0 M         DYNAMIC PRESSURE =  57451.37 N/M**2
     SIDESLIP =       0.00 DEG                   ROLL =      0.00 DEG     
     REF AREA =      0.001 M**2         MOMENT CENTER =     0.198 M
     REF LENGTH =     0.60 M           LAT REF LENGTH =      0.60 M

          ---------------FIN SET 1 IN PRESENCE OF THE BODY----------------

      ALPHA       CN         CM         CA         CY         CLN        CLL

     -10.00    -1.0691     0.4561     0.2203    -0.0013     0.0006    -0.0019
      -8.00    -0.7777     0.3318     0.2202    -0.0007     0.0003    -0.0017
      -6.00    -0.5103     0.2177     0.2202    -0.0003     0.0001    -0.0014
      -4.00    -0.2766     0.1180     0.2201    -0.0001     0.0000    -0.0011
      -2.00    -0.1026     0.0438     0.2201     0.0000     0.0000    -0.0008
       0.00     0.0000     0.0000     0.2201     0.0000     0.0000    -0.0005
       2.00     0.1026    -0.0438     0.2201     0.0000     0.0000    -0.0008
       4.00     0.2766    -0.1180     0.2201     0.0001     0.0000    -0.0011
       6.00     0.5103    -0.2177     0.2202     0.0003    -0.0001    -0.0014
       8.00     0.7777    -0.3318     0.2202     0.0007    -0.0003    -0.0017
      10.00     1.0691    -0.4561     0.2203     0.0013    -0.0006    -0.0019
1         ***** THE USAF AUTOMATED MISSILE DATCOM * REV 3/99 *****     CASE   1
               AERODYNAMIC METHODS FOR MISSILE CONFIGURATIONS          PAGE  30
                 AERODYNAMIC FORCE AND MOMENT SYNTHESIS

       ******* FLIGHT CONDITIONS AND REFERENCE QUANTITIES *******
     MACH NO  =       0.90                REYNOLDS NO = 2.087E+07 /M
     ALTITUDE =        0.0 M         DYNAMIC PRESSURE =  57451.37 N/M**2
     SIDESLIP =       0.00 DEG                   ROLL =      0.00 DEG     
     REF AREA =      0.001 M**2         MOMENT CENTER =     0.198 M
     REF LENGTH =     0.60 M           LAT REF LENGTH =      0.60 M

          ---------------FIN SET 1 PANEL CHARACTERISTICS------------------

      ALPHA      PANEL    AEQ (PANEL AXIS SYS.)    PANEL CN

     -10.00        1              0.1925           0.0012
     -10.00        2            -11.1537          -0.1732
     -10.00        3            -15.4261          -0.2987
     -10.00        4             -9.4544          -0.1319
     -10.00        5              0.2919           0.0018
     -10.00        6             10.2129           0.1497
     -10.00        7             16.0069           0.3180
     -10.00        8             11.6005           0.1849
 
      -8.00        1              0.2109           0.0013
      -8.00        2             -8.9923          -0.1216
      -8.00        3            -12.5767          -0.2116
      -8.00        4             -8.1946          -0.1047
      -8.00        5              0.3305           0.0020
      -8.00        6              8.8987           0.1195
      -8.00        7             13.1543           0.2282
      -8.00        8              9.4622           0.1321
 
      -6.00        1              0.2296           0.0014
      -6.00        2             -6.7579          -0.0771
      -6.00        3             -9.5586          -0.1343
      -6.00        4             -6.5673          -0.0737
      -6.00        5              0.3411           0.0020
      -6.00        6              7.2267           0.0857
      -6.00        7             10.1341           0.1478
      -6.00        8              7.2523           0.0862
 
      -4.00        1              0.2487           0.0015
      -4.00        2             -4.4510          -0.0409
      -4.00        3             -6.3603          -0.0701
      -4.00        4             -4.3965          -0.0402
      -4.00        5              0.3264           0.0020
      -4.00        6              5.0261           0.0490
      -4.00        7              6.9354           0.0803
      -4.00        8              4.9716           0.0482
 
      -2.00        1              0.2680           0.0016
      -2.00        2             -2.0967          -0.0144
      -2.00        3             -3.0628          -0.0239
      -2.00        4             -2.0691          -0.0142
      -2.00        5              0.3071           0.0018
      -2.00        6              2.6718           0.0198
      -2.00        7              3.6380           0.0305
      -2.00        8              2.6442           0.0196
 
       0.00        1              0.2876           0.0017
       0.00        2              0.2876           0.0017
       0.00        3              0.2876           0.0017
       0.00        4              0.2876           0.0017
       0.00        5              0.2876           0.0017
       0.00        6              0.2876           0.0017
       0.00        7              0.2876           0.0017
       0.00        8              0.2876           0.0017
 
       2.00        1              0.3071           0.0018
       2.00        2              2.6718           0.0198
       2.00        3              3.6380           0.0305
       2.00        4              2.6442           0.0196
       2.00        5              0.2680           0.0016
       2.00        6             -2.0967          -0.0144
       2.00        7             -3.0628          -0.0239
       2.00        8             -2.0691          -0.0142
 
       4.00        1              0.3264           0.0020
       4.00        2              5.0261           0.0490
       4.00        3              6.9354           0.0803
       4.00        4              4.9716           0.0482
       4.00        5              0.2487           0.0015
       4.00        6             -4.4510          -0.0409
       4.00        7             -6.3603          -0.0701
       4.00        8             -4.3965          -0.0402
 
       6.00        1              0.3411           0.0020
       6.00        2              7.2267           0.0857
       6.00        3             10.1341           0.1478
       6.00        4              7.2523           0.0862
       6.00        5              0.2296           0.0014
       6.00        6             -6.7579          -0.0771
       6.00        7             -9.5586          -0.1343
       6.00        8             -6.5673          -0.0737
 
       8.00        1              0.3305           0.0020
       8.00        2              8.8987           0.1195
       8.00        3             13.1543           0.2282
       8.00        4              9.4622           0.1321
       8.00        5              0.2109           0.0013
       8.00        6             -8.9923          -0.1216
       8.00        7            -12.5767          -0.2116
       8.00        8             -8.1946          -0.1047
 
      10.00        1              0.2919           0.0018
      10.00        2             10.2129           0.1497
      10.00        3             16.0069           0.3180
      10.00        4             11.6005           0.1849
      10.00        5              0.1926           0.0012
      10.00        6            -11.1537          -0.1732
      10.00        7            -15.4261          -0.2987
      10.00        8             -9.4544          -0.1319
 
1         ***** THE USAF AUTOMATED MISSILE DATCOM * REV 3/99 *****     CASE   1
               AERODYNAMIC METHODS FOR MISSILE CONFIGURATIONS          PAGE  31
                 AERODYNAMIC FORCE AND MOMENT SYNTHESIS

       ******* FLIGHT CONDITIONS AND REFERENCE QUANTITIES *******
     MACH NO  =       0.90                REYNOLDS NO = 2.087E+07 /M
     ALTITUDE =        0.0 M         DYNAMIC PRESSURE =  57451.37 N/M**2
     SIDESLIP =       0.00 DEG                   ROLL =      0.00 DEG     
     REF AREA =      0.001 M**2         MOMENT CENTER =     0.198 M
     REF LENGTH =     0.60 M           LAT REF LENGTH =      0.60 M

             CARRYOVER INTERFERENCE FACTORS - FIN SET 1

      ALPHA   K-W(B)   K-B(W)  KK-W(B)  KK-B(W)  XCP-W(B) XCP-B(W) Y-CP/(B/2)

     -10.00   1.6243   1.1241   0.9535   0.6600   0.4267   0.4200   0.4520
      -8.00   1.6402   1.1241   0.9535   0.6600   0.4267   0.4200   0.4618
      -6.00   1.6545   1.1241   0.9535   0.6600   0.4267   0.4200   0.4703
      -4.00   1.6668   1.1241   0.9535   0.6600   0.4267   0.4200   0.4773
      -2.00   1.6765   1.1241   0.9535   0.6600   0.4267   0.4200   0.4827
       0.00   1.6818   1.1241   0.9535   0.6600   0.4267   0.4200   0.4860
       2.00   1.6765   1.1241   0.9535   0.6600   0.4267   0.4200   0.4836
       4.00   1.6668   1.1241   0.9535   0.6600   0.4267   0.4200   0.4788
       6.00   1.6545   1.1241   0.9535   0.6600   0.4267   0.4200   0.4726
       8.00   1.6402   1.1241   0.9535   0.6600   0.4267   0.4200   0.4669
      10.00   1.6243   1.1241   0.9535   0.6600   0.4267   0.4200   0.4618

    NOTE - XCP-W(B) USED FOR STABILITY ONLY DIFFERENT VALUES USED FOR HINGE MOMENTS
1         ***** THE USAF AUTOMATED MISSILE DATCOM * REV 3/99 *****     CASE   1
               AERODYNAMIC METHODS FOR MISSILE CONFIGURATIONS          PAGE  32
        FIN SET 1 PANEL BENDING MOMENTS (ABOUT EXPOSED ROOT CHORD)

       ******* FLIGHT CONDITIONS AND REFERENCE QUANTITIES *******
     MACH NO  =       0.90                REYNOLDS NO = 2.087E+07 /M
     ALTITUDE =        0.0 M         DYNAMIC PRESSURE =  57451.37 N/M**2
     SIDESLIP =       0.00 DEG                   ROLL =      0.00 DEG     
     REF AREA =      0.001 M**2         MOMENT CENTER =     0.198 M
     REF LENGTH =     0.60 M           LAT REF LENGTH =      0.60 M

   ALPHA   PANL 1   PANL 2   PANL 3   PANL 4   PANL 5   PANL 6   PANL 7   PANL 8
 
   -10.0  8.25E-06 -1.24E-03 -2.14E-03 -9.44E-04  1.25E-05  1.07E-03  2.28E-03  1.32E-03
    -8.0  9.24E-06 -8.89E-04 -1.55E-03 -7.65E-04  1.45E-05  8.74E-04  1.67E-03  9.66E-04
    -6.0  1.02E-05 -5.74E-04 -1.00E-03 -5.49E-04  1.53E-05  6.38E-04  1.10E-03  6.42E-04
    -4.0  1.13E-05 -3.09E-04 -5.30E-04 -3.04E-04  1.48E-05  3.70E-04  6.07E-04  3.64E-04
    -2.0  1.23E-05 -1.10E-04 -1.83E-04 -1.09E-04  1.41E-05  1.52E-04  2.33E-04  1.49E-04
     0.0  1.33E-05  1.33E-05  1.33E-05  1.33E-05  1.33E-05  1.33E-05  1.33E-05  1.33E-05
     2.0  1.41E-05  1.52E-04  2.34E-04  1.50E-04  1.23E-05 -1.11E-04 -1.83E-04 -1.09E-04
     4.0  1.49E-05  3.72E-04  6.09E-04  3.66E-04  1.13E-05 -3.10E-04 -5.32E-04 -3.05E-04
     6.0  1.53E-05  6.41E-04  1.11E-03  6.45E-04  1.03E-05 -5.77E-04 -1.01E-03 -5.52E-04
     8.0  1.47E-05  8.84E-04  1.69E-03  9.77E-04  9.34E-06 -8.99E-04 -1.56E-03 -7.74E-04
    10.0  1.28E-05  1.09E-03  2.33E-03  1.35E-03  8.43E-06 -1.27E-03 -2.18E-03 -9.65E-04
1         ***** THE USAF AUTOMATED MISSILE DATCOM * REV 3/99 *****     CASE   1
               AERODYNAMIC METHODS FOR MISSILE CONFIGURATIONS          PAGE  33
            FIN SET 1 PANEL HINGE MOMENTS (ABOUT HINGE LINE)

       ******* FLIGHT CONDITIONS AND REFERENCE QUANTITIES *******
     MACH NO  =       0.90                REYNOLDS NO = 2.087E+07 /M
     ALTITUDE =        0.0 M         DYNAMIC PRESSURE =  57451.37 N/M**2
     SIDESLIP =       0.00 DEG                   ROLL =      0.00 DEG     
     REF AREA =      0.001 M**2         MOMENT CENTER =     0.198 M
     REF LENGTH =     0.60 M           LAT REF LENGTH =      0.60 M

   ALPHA   PANL 1   PANL 2   PANL 3   PANL 4   PANL 5   PANL 6   PANL 7   PANL 8
 
   -10.0  2.05E-04 -2.95E-02 -4.93E-02 -2.27E-02  3.12E-04  2.57E-02  5.22E-02  3.14E-02
    -8.0  2.25E-04 -2.10E-02 -3.57E-02 -1.82E-02  3.53E-04  2.07E-02  3.84E-02  2.28E-02
    -6.0  2.45E-04 -1.35E-02 -2.31E-02 -1.29E-02  3.65E-04  1.49E-02  2.54E-02  1.50E-02
    -4.0  2.65E-04 -7.22E-03 -1.23E-02 -7.09E-03  3.49E-04  8.62E-03  1.40E-02  8.49E-03
    -2.0  2.86E-04 -2.56E-03 -4.24E-03 -2.52E-03  3.28E-04  3.51E-03  5.40E-03  3.47E-03
     0.0  3.07E-04  3.07E-04  3.07E-04  3.07E-04  3.07E-04  3.07E-04  3.07E-04  3.07E-04
     2.0  3.28E-04  3.51E-03  5.40E-03  3.47E-03  2.86E-04 -2.56E-03 -4.24E-03 -2.52E-03
     4.0  3.49E-04  8.62E-03  1.40E-02  8.49E-03  2.65E-04 -7.22E-03 -1.23E-02 -7.09E-03
     6.0  3.65E-04  1.49E-02  2.54E-02  1.50E-02  2.45E-04 -1.35E-02 -2.31E-02 -1.29E-02
     8.0  3.53E-04  2.07E-02  3.84E-02  2.28E-02  2.25E-04 -2.10E-02 -3.57E-02 -1.82E-02
    10.0  3.12E-04  2.57E-02  5.22E-02  3.14E-02  2.05E-04 -2.95E-02 -4.93E-02 -2.27E-02
1         ***** THE USAF AUTOMATED MISSILE DATCOM * REV 3/99 *****     CASE   1
               AERODYNAMIC METHODS FOR MISSILE CONFIGURATIONS          PAGE  34
                   STATIC AERODYNAMICS FOR BODY-FIN SET 1

       ******* FLIGHT CONDITIONS AND REFERENCE QUANTITIES *******
     MACH NO  =       0.90                REYNOLDS NO = 2.087E+07 /M
     ALTITUDE =        0.0 M         DYNAMIC PRESSURE =  57451.37 N/M**2
     SIDESLIP =       0.00 DEG                   ROLL =      0.00 DEG     
     REF AREA =      0.001 M**2         MOMENT CENTER =     0.198 M
     REF LENGTH =     0.60 M           LAT REF LENGTH =      0.60 M

                   ----- LONGITUDINAL -----     -- LATERAL DIRECTIONAL --
         ALPHA       CN        CM        CA        CY       CLN       CLL

        -10.00    -2.662     0.817     0.542    -0.002     0.001    -0.002
         -8.00    -1.931     0.582     0.545    -0.001     0.001    -0.002
         -6.00    -1.277     0.374     0.546     0.000     0.000    -0.001
         -4.00    -0.714     0.197     0.547     0.000     0.000    -0.001
         -2.00    -0.283     0.070     0.547     0.000     0.000    -0.001
          0.00     0.000     0.000     0.547     0.000     0.000    -0.001
          2.00     0.283    -0.070     0.547     0.000     0.000    -0.001
          4.00     0.714    -0.197     0.547     0.000     0.000    -0.001
          6.00     1.277    -0.374     0.546     0.000     0.000    -0.001
          8.00     1.931    -0.582     0.545     0.001    -0.001    -0.002
         10.00     2.662    -0.817     0.542     0.002    -0.001    -0.002

         ALPHA       CL        CD      CL/CD     X-C.P.

        -10.00    -2.527     0.996    -2.538    -0.307
         -8.00    -1.837     0.808    -2.273    -0.302
         -6.00    -1.213     0.677    -1.792    -0.293
         -4.00    -0.674     0.596    -1.132    -0.276
         -2.00    -0.263     0.557    -0.473    -0.249
          0.00     0.000     0.547     0.000    -0.424
          2.00     0.263     0.557     0.473    -0.249
          4.00     0.674     0.596     1.132    -0.276
          6.00     1.213     0.677     1.792    -0.293
          8.00     1.837     0.808     2.273    -0.302
         10.00     2.527     0.996     2.538    -0.307

    X-C.P. MEAS. FROM MOMENT CENTER IN REF. LENGTHS, NEG. AFT OF MOMENT CENTER
1         ***** THE USAF AUTOMATED MISSILE DATCOM * REV 3/99 *****     CASE   1
               AERODYNAMIC METHODS FOR MISSILE CONFIGURATIONS          PAGE  35
                   STATIC AERODYNAMICS FOR BODY-FIN SET 1

       ******* FLIGHT CONDITIONS AND REFERENCE QUANTITIES *******
     MACH NO  =       0.90                REYNOLDS NO = 2.087E+07 /M
     ALTITUDE =        0.0 M         DYNAMIC PRESSURE =  57451.37 N/M**2
     SIDESLIP =       0.00 DEG                   ROLL =      0.00 DEG     
     REF AREA =      0.001 M**2         MOMENT CENTER =     0.198 M
     REF LENGTH =     0.60 M           LAT REF LENGTH =      0.60 M

                   ---------- DERIVATIVES (PER DEGREE) ----------
         ALPHA       CNA         CMA         CYB         CLNB        CLLB
        -10.00      0.3844     -0.1235     -0.2593      0.0790      0.0003
         -8.00      0.3460     -0.1107     -0.2344      0.0700      0.0002
         -6.00      0.3042     -0.0963     -0.2067      0.0597      0.0000
         -4.00      0.2484     -0.0759     -0.1774      0.0488      0.0000
         -2.00      0.1782     -0.0493     -0.1456      0.0368      0.0000
          0.00      0.1413     -0.0351     -0.1264      0.0292     -0.0001
          2.00      0.1782     -0.0493     -0.1456      0.0368      0.0000
          4.00      0.2484     -0.0759     -0.1777      0.0489      0.0000
          6.00      0.3042     -0.0963     -0.2067      0.0597     -0.0001
          8.00      0.3460     -0.1107     -0.2334      0.0695     -0.0002
         10.00      0.3844     -0.1235     -0.2577      0.0783     -0.0003

    PANEL DEFLECTION ANGLES (DEGREES)
    SET    FIN 1   FIN 2   FIN 3   FIN 4   FIN 5   FIN 6   FIN 7   FIN 8
      1    0.33    0.33    0.33    0.33    0.33    0.33    0.33    0.33
1         ***** THE USAF AUTOMATED MISSILE DATCOM * REV 3/99 *****     CASE   1
               AERODYNAMIC METHODS FOR MISSILE CONFIGURATIONS          PAGE  36
                             BODY ALONE PARTIAL OUTPUT

       ******* FLIGHT CONDITIONS AND REFERENCE QUANTITIES *******
     MACH NO  =       1.10                REYNOLDS NO = 2.550E+07 /M
     ALTITUDE =        0.0 M         DYNAMIC PRESSURE =  85822.41 N/M**2
     SIDESLIP =       0.00 DEG                   ROLL =      0.00 DEG     
     REF AREA =      0.001 M**2         MOMENT CENTER =     0.198 M
     REF LENGTH =     0.60 M           LAT REF LENGTH =      0.60 M

      ALPHA    CA-FRIC  CA-PRES/WAVE CA-BASE    CA-PROT     CA-SEP     CA-ALP
     -10.00     0.1586     0.0942     0.2013                           0.0013
      -8.00     0.1603     0.0952     0.2021                           0.0016
      -6.00     0.1617     0.0961     0.2027                           0.0012
      -4.00     0.1627     0.0966     0.2031                           0.0006
      -2.00     0.1633     0.0970     0.2032                           0.0002
       0.00     0.1635     0.0971     0.2030                           0.0000
       2.00     0.1633     0.0970     0.2032                           0.0002
       4.00     0.1627     0.0966     0.2031                           0.0006
       6.00     0.1617     0.0961     0.2027                           0.0012
       8.00     0.1603     0.0952     0.2021                           0.0016
      10.00     0.1586     0.0942     0.2013                           0.0013

                     CROSS FLOW DRAG PROPORTIONALITY FACTOR = 0.97103

      ALPHA    CN-POTEN  CN-VISC   CN-SEP    CM-POTEN  CM-VISC   CM-SEP    CDC
     -10.00    -0.529    -0.502              -0.016     0.099             0.857
      -8.00    -0.427    -0.314              -0.013     0.062             0.834
      -6.00    -0.322    -0.172              -0.010     0.034             0.810
      -4.00    -0.216    -0.074              -0.007     0.015             0.787
      -2.00    -0.108    -0.018              -0.003     0.004             0.764
       0.00     0.000     0.000               0.000     0.000             0.740
       2.00     0.108     0.018               0.003    -0.004             0.764
       4.00     0.216     0.074               0.007    -0.015             0.787
       6.00     0.322     0.172               0.010    -0.034             0.810
       8.00     0.427     0.314               0.013    -0.062             0.834
      10.00     0.529     0.502               0.016    -0.099             0.857
1         ***** THE USAF AUTOMATED MISSILE DATCOM * REV 3/99 *****     CASE   1
               AERODYNAMIC METHODS FOR MISSILE CONFIGURATIONS          PAGE  37
                        FIN SET 1 CA PARTIAL OUTPUT

       ******* FLIGHT CONDITIONS AND REFERENCE QUANTITIES *******
     MACH NO  =       1.10                REYNOLDS NO = 2.550E+07 /M
     ALTITUDE =        0.0 M         DYNAMIC PRESSURE =  85822.41 N/M**2
     SIDESLIP =       0.00 DEG                   ROLL =      0.00 DEG     
     REF AREA =      0.001 M**2         MOMENT CENTER =     0.198 M
     REF LENGTH =     0.60 M           LAT REF LENGTH =      0.60 M

    SINGLE FIN PANEL ZERO-LIFT AXIAL FORCE COMPONENTS

    SKIN FRICTION        0.0114
    SUBSONIC PRESSURE    0.0005
    TRANSONIC WAVE       0.0000
    SUPERSONIC WAVE      0.0260
    LEADING EDGE         0.0000
    TRAILING EDGE        0.0000
    TOTAL CAO            0.0379

    FIN AXIAL FORCE DUE TO ANGLE OF ATTACK

    ALPHA      CA DUE TO LIFT (SINGLE PANEL)   CA-TOTAL (8 FINS)

     -10.00              0.0000                      0.2983
      -8.00              0.0000                      0.3000
      -6.00              0.0000                      0.3013
      -4.00              0.0000                      0.3022
      -2.00              0.0000                      0.3027
       0.00              0.0000                      0.3029
       2.00              0.0000                      0.3027
       4.00              0.0000                      0.3022
       6.00              0.0000                      0.3013
       8.00              0.0000                      0.3000
      10.00              0.0000                      0.2983
1         ***** THE USAF AUTOMATED MISSILE DATCOM * REV 3/99 *****     CASE   1
               AERODYNAMIC METHODS FOR MISSILE CONFIGURATIONS          PAGE  38
                       FIN SET 1 CN, CM PARTIAL OUTPUT

       ******* FLIGHT CONDITIONS AND REFERENCE QUANTITIES *******
     MACH NO  =       1.10                REYNOLDS NO = 2.550E+07 /M
     ALTITUDE =        0.0 M         DYNAMIC PRESSURE =  85822.41 N/M**2
     SIDESLIP =       0.00 DEG                   ROLL =      0.00 DEG     
     REF AREA =      0.001 M**2         MOMENT CENTER =     0.198 M
     REF LENGTH =     0.60 M           LAT REF LENGTH =      0.60 M

    NORMAL FORCE SLOPE AT ALPHA ZERO, CNA =    0.00492/DEG (1 PANEL)
         CENTER OF PRESSURE FOR LINEAR CN =   -0.51000 (CALIBERS FROM C.G.)
     CENTER OF PRESSURE FOR NON-LINEAR CN =   -0.50333 (CALIBERS FROM C.G.)

      ALPHA      CN        CN        CN        CM        CM        CM
               LINEAR  NON-LINEAR  TOTAL     LINEAR  NON-LINEAR  TOTAL

     -10.00   -0.1942   -0.2777   -0.4719    0.0991    0.1398    0.2388
      -8.00   -0.1561   -0.1784   -0.3345    0.0796    0.0898    0.1694
      -6.00   -0.1175   -0.1006   -0.2181    0.0599    0.0506    0.1106
      -4.00   -0.0785   -0.0448   -0.1233    0.0401    0.0225    0.0626
      -2.00   -0.0393   -0.0112   -0.0505    0.0201    0.0056    0.0257
       0.00    0.0000    0.0000    0.0000    0.0000    0.0000    0.0000
       2.00    0.0393    0.0112    0.0505   -0.0201   -0.0056   -0.0257
       4.00    0.0785    0.0448    0.1233   -0.0401   -0.0225   -0.0626
       6.00    0.1175    0.1006    0.2181   -0.0599   -0.0506   -0.1106
       8.00    0.1561    0.1784    0.3345   -0.0796   -0.0898   -0.1694
      10.00    0.1942    0.2777    0.4719   -0.0991   -0.1398   -0.2388
1         ***** THE USAF AUTOMATED MISSILE DATCOM * REV 3/99 *****     CASE   1
               AERODYNAMIC METHODS FOR MISSILE CONFIGURATIONS          PAGE  39
                 AERODYNAMIC FORCE AND MOMENT SYNTHESIS

       ******* FLIGHT CONDITIONS AND REFERENCE QUANTITIES *******
     MACH NO  =       1.10                REYNOLDS NO = 2.550E+07 /M
     ALTITUDE =        0.0 M         DYNAMIC PRESSURE =  85822.41 N/M**2
     SIDESLIP =       0.00 DEG                   ROLL =      0.00 DEG     
     REF AREA =      0.001 M**2         MOMENT CENTER =     0.198 M
     REF LENGTH =     0.60 M           LAT REF LENGTH =      0.60 M

          ---------------FIN SET 1 IN PRESENCE OF THE BODY----------------

      ALPHA       CN         CM         CA         CY         CLN        CLL

     -10.00    -0.8381     0.4274     0.3032    -0.0009     0.0005    -0.0015
      -8.00    -0.6218     0.3171     0.3031    -0.0005     0.0003    -0.0013
      -6.00    -0.4186     0.2135     0.3031    -0.0002     0.0001    -0.0011
      -4.00    -0.2354     0.1200     0.3031     0.0000     0.0000    -0.0009
      -2.00    -0.0926     0.0473     0.3030     0.0000     0.0000    -0.0007
       0.00     0.0000     0.0000     0.3030     0.0000     0.0000    -0.0005
       2.00     0.0926    -0.0473     0.3030     0.0000     0.0000    -0.0007
       4.00     0.2354    -0.1200     0.3031     0.0000     0.0000    -0.0009
       6.00     0.4186    -0.2135     0.3031     0.0002    -0.0001    -0.0011
       8.00     0.6218    -0.3171     0.3031     0.0005    -0.0003    -0.0013
      10.00     0.8381    -0.4274     0.3032     0.0009    -0.0005    -0.0015
1         ***** THE USAF AUTOMATED MISSILE DATCOM * REV 3/99 *****     CASE   1
               AERODYNAMIC METHODS FOR MISSILE CONFIGURATIONS          PAGE  40
                 AERODYNAMIC FORCE AND MOMENT SYNTHESIS

       ******* FLIGHT CONDITIONS AND REFERENCE QUANTITIES *******
     MACH NO  =       1.10                REYNOLDS NO = 2.550E+07 /M
     ALTITUDE =        0.0 M         DYNAMIC PRESSURE =  85822.41 N/M**2
     SIDESLIP =       0.00 DEG                   ROLL =      0.00 DEG     
     REF AREA =      0.001 M**2         MOMENT CENTER =     0.198 M
     REF LENGTH =     0.60 M           LAT REF LENGTH =      0.60 M

          ---------------FIN SET 1 PANEL CHARACTERISTICS------------------

      ALPHA      PANEL    AEQ (PANEL AXIS SYS.)    PANEL CN

     -10.00        1              0.1947           0.0011
     -10.00        2            -11.0962          -0.1380
     -10.00        3            -15.3435          -0.2316
     -10.00        4             -9.3422          -0.1055
     -10.00        5              0.2974           0.0017
     -10.00        6             10.1055           0.1192
     -10.00        7             15.9278           0.2461
     -10.00        8             11.5470           0.1469
 
      -8.00        1              0.2129           0.0012
      -8.00        2             -8.9580          -0.0989
      -8.00        3            -12.5281          -0.1672
      -8.00        4             -8.1378          -0.0855
      -8.00        5              0.3336           0.0019
      -8.00        6              8.8456           0.0970
      -8.00        7             13.1091           0.1798
      -8.00        8              9.4316           0.1071
 
      -6.00        1              0.2314           0.0013
      -6.00        2             -6.7400          -0.0645
      -6.00        3             -9.5342          -0.1089
      -6.00        4             -6.5462          -0.0618
      -6.00        5              0.3429           0.0020
      -6.00        6              7.2088           0.0712
      -6.00        7             10.1130           0.1193
      -6.00        8              7.2380           0.0717
 
      -4.00        1              0.2504           0.0014
      -4.00        2             -4.4434          -0.0356
      -4.00        3             -6.3503          -0.0591
      -4.00        4             -4.3889          -0.0350
      -4.00        5              0.3280           0.0019
      -4.00        6              5.0218           0.0422
      -4.00        7              6.9287           0.0672
      -4.00        8              4.9673           0.0416
 
      -2.00        1              0.2697           0.0015
      -2.00        2             -2.0939          -0.0133
      -2.00        3             -3.0597          -0.0215
      -2.00        4             -2.0664          -0.0131
      -2.00        5              0.3087           0.0018
      -2.00        6              2.6724           0.0180
      -2.00        7              3.6381           0.0271
      -2.00        8              2.6448           0.0178
 
       0.00        1              0.2892           0.0017
       0.00        2              0.2892           0.0017
       0.00        3              0.2892           0.0017
       0.00        4              0.2892           0.0017
       0.00        5              0.2892           0.0017
       0.00        6              0.2892           0.0017
       0.00        7              0.2892           0.0017
       0.00        8              0.2892           0.0017
 
       2.00        1              0.3087           0.0018
       2.00        2              2.6724           0.0180
       2.00        3              3.6381           0.0271
       2.00        4              2.6448           0.0178
       2.00        5              0.2697           0.0015
       2.00        6             -2.0939          -0.0133
       2.00        7             -3.0597          -0.0215
       2.00        8             -2.0664          -0.0131
 
       4.00        1              0.3280           0.0019
       4.00        2              5.0218           0.0422
       4.00        3              6.9287           0.0672
       4.00        4              4.9673           0.0416
       4.00        5              0.2504           0.0014
       4.00        6             -4.4434          -0.0356
       4.00        7             -6.3503          -0.0591
       4.00        8             -4.3889          -0.0350
 
       6.00        1              0.3429           0.0020
       6.00        2              7.2088           0.0712
       6.00        3             10.1130           0.1193
       6.00        4              7.2380           0.0717
       6.00        5              0.2314           0.0013
       6.00        6             -6.7400          -0.0645
       6.00        7             -9.5342          -0.1089
       6.00        8             -6.5462          -0.0618
 
       8.00        1              0.3336           0.0019
       8.00        2              8.8456           0.0970
       8.00        3             13.1091           0.1798
       8.00        4              9.4316           0.1071
       8.00        5              0.2129           0.0012
       8.00        6             -8.9580          -0.0989
       8.00        7            -12.5281          -0.1672
       8.00        8             -8.1378          -0.0855
 
      10.00        1              0.2974           0.0017
      10.00        2             10.1055           0.1192
      10.00        3             15.9278           0.2461
      10.00        4             11.5470           0.1469
      10.00        5              0.1947           0.0011
      10.00        6            -11.0962          -0.1380
      10.00        7            -15.3435          -0.2316
      10.00        8             -9.3422          -0.1055
 
1         ***** THE USAF AUTOMATED MISSILE DATCOM * REV 3/99 *****     CASE   1
               AERODYNAMIC METHODS FOR MISSILE CONFIGURATIONS          PAGE  41
                 AERODYNAMIC FORCE AND MOMENT SYNTHESIS

       ******* FLIGHT CONDITIONS AND REFERENCE QUANTITIES *******
     MACH NO  =       1.10                REYNOLDS NO = 2.550E+07 /M
     ALTITUDE =        0.0 M         DYNAMIC PRESSURE =  85822.41 N/M**2
     SIDESLIP =       0.00 DEG                   ROLL =      0.00 DEG     
     REF AREA =      0.001 M**2         MOMENT CENTER =     0.198 M
     REF LENGTH =     0.60 M           LAT REF LENGTH =      0.60 M

             CARRYOVER INTERFERENCE FACTORS - FIN SET 1

      ALPHA   K-W(B)   K-B(W)  KK-W(B)  KK-B(W)  XCP-W(B) XCP-B(W) Y-CP/(B/2)

     -10.00   1.6165   1.1241   0.9535   0.6600   0.5100   0.4200   0.4452
      -8.00   1.6344   1.1241   0.9535   0.6600   0.5100   0.4200   0.4512
      -6.00   1.6507   1.1241   0.9535   0.6600   0.5100   0.4200   0.4564
      -4.00   1.6647   1.1241   0.9535   0.6600   0.5100   0.4200   0.4609
      -2.00   1.6757   1.1241   0.9535   0.6600   0.5100   0.4200   0.4644
       0.00   1.6818   1.1241   0.9535   0.6600   0.5100   0.4200   0.4668
       2.00   1.6757   1.1241   0.9535   0.6600   0.5100   0.4200   0.4651
       4.00   1.6647   1.1241   0.9535   0.6600   0.5100   0.4200   0.4619
       6.00   1.6507   1.1241   0.9535   0.6600   0.5100   0.4200   0.4579
       8.00   1.6344   1.1241   0.9535   0.6600   0.5100   0.4200   0.4544
      10.00   1.6165   1.1241   0.9535   0.6600   0.5100   0.4200   0.4514

    NOTE - XCP-W(B) USED FOR STABILITY ONLY DIFFERENT VALUES USED FOR HINGE MOMENTS
1         ***** THE USAF AUTOMATED MISSILE DATCOM * REV 3/99 *****     CASE   1
               AERODYNAMIC METHODS FOR MISSILE CONFIGURATIONS          PAGE  42
        FIN SET 1 PANEL BENDING MOMENTS (ABOUT EXPOSED ROOT CHORD)

       ******* FLIGHT CONDITIONS AND REFERENCE QUANTITIES *******
     MACH NO  =       1.10                REYNOLDS NO = 2.550E+07 /M
     ALTITUDE =        0.0 M         DYNAMIC PRESSURE =  85822.41 N/M**2
     SIDESLIP =       0.00 DEG                   ROLL =      0.00 DEG     
     REF AREA =      0.001 M**2         MOMENT CENTER =     0.198 M
     REF LENGTH =     0.60 M           LAT REF LENGTH =      0.60 M

   ALPHA   PANL 1   PANL 2   PANL 3   PANL 4   PANL 5   PANL 6   PANL 7   PANL 8
 
   -10.0  7.87E-06 -9.73E-04 -1.63E-03 -7.44E-04  1.20E-05  8.40E-04  1.73E-03  1.04E-03
    -8.0  8.72E-06 -7.07E-04 -1.19E-03 -6.10E-04  1.37E-05  6.93E-04  1.28E-03  7.65E-04
    -6.0  9.59E-06 -4.66E-04 -7.87E-04 -4.46E-04  1.42E-05  5.15E-04  8.62E-04  5.18E-04
    -4.0  1.05E-05 -2.60E-04 -4.31E-04 -2.55E-04  1.37E-05  3.08E-04  4.90E-04  3.03E-04
    -2.0  1.14E-05 -9.81E-05 -1.58E-04 -9.65E-05  1.30E-05  1.33E-04  1.99E-04  1.31E-04
     0.0  1.23E-05  1.23E-05  1.23E-05  1.23E-05  1.23E-05  1.23E-05  1.23E-05  1.23E-05
     2.0  1.31E-05  1.33E-04  1.99E-04  1.31E-04  1.14E-05 -9.82E-05 -1.58E-04 -9.67E-05
     4.0  1.38E-05  3.09E-04  4.91E-04  3.04E-04  1.05E-05 -2.60E-04 -4.32E-04 -2.56E-04
     6.0  1.43E-05  5.16E-04  8.65E-04  5.20E-04  9.62E-06 -4.67E-04 -7.90E-04 -4.48E-04
     8.0  1.38E-05  6.98E-04  1.29E-03  7.71E-04  8.78E-06 -7.12E-04 -1.20E-03 -6.15E-04
    10.0  1.22E-05  8.52E-04  1.76E-03  1.05E-03  7.98E-06 -9.86E-04 -1.66E-03 -7.54E-04
1         ***** THE USAF AUTOMATED MISSILE DATCOM * REV 3/99 *****     CASE   1
               AERODYNAMIC METHODS FOR MISSILE CONFIGURATIONS          PAGE  43
            FIN SET 1 PANEL HINGE MOMENTS (ABOUT HINGE LINE)

       ******* FLIGHT CONDITIONS AND REFERENCE QUANTITIES *******
     MACH NO  =       1.10                REYNOLDS NO = 2.550E+07 /M
     ALTITUDE =        0.0 M         DYNAMIC PRESSURE =  85822.41 N/M**2
     SIDESLIP =       0.00 DEG                   ROLL =      0.00 DEG     
     REF AREA =      0.001 M**2         MOMENT CENTER =     0.198 M
     REF LENGTH =     0.60 M           LAT REF LENGTH =      0.60 M

   ALPHA   PANL 1   PANL 2   PANL 3   PANL 4   PANL 5   PANL 6   PANL 7   PANL 8
 
   -10.0  1.91E-04 -2.30E-02 -3.78E-02 -1.77E-02  2.92E-04  1.99E-02  4.00E-02  2.44E-02
    -8.0  2.09E-04 -1.66E-02 -2.77E-02 -1.44E-02  3.28E-04  1.63E-02  2.96E-02  1.79E-02
    -6.0  2.27E-04 -1.09E-02 -1.82E-02 -1.04E-02  3.37E-04  1.20E-02  1.99E-02  1.21E-02
    -4.0  2.46E-04 -6.05E-03 -9.99E-03 -5.95E-03  3.22E-04  7.16E-03  1.13E-02  7.06E-03
    -2.0  2.65E-04 -2.28E-03 -3.67E-03 -2.24E-03  3.03E-04  3.08E-03  4.61E-03  3.04E-03
     0.0  2.84E-04  2.84E-04  2.84E-04  2.84E-04  2.84E-04  2.84E-04  2.84E-04  2.84E-04
     2.0  3.03E-04  3.08E-03  4.61E-03  3.04E-03  2.65E-04 -2.28E-03 -3.67E-03 -2.24E-03
     4.0  3.22E-04  7.16E-03  1.13E-02  7.06E-03  2.46E-04 -6.05E-03 -9.99E-03 -5.95E-03
     6.0  3.37E-04  1.20E-02  1.99E-02  1.21E-02  2.27E-04 -1.09E-02 -1.82E-02 -1.04E-02
     8.0  3.28E-04  1.63E-02  2.96E-02  1.79E-02  2.09E-04 -1.66E-02 -2.77E-02 -1.44E-02
    10.0  2.92E-04  1.99E-02  4.00E-02  2.44E-02  1.91E-04 -2.30E-02 -3.78E-02 -1.77E-02
1         ***** THE USAF AUTOMATED MISSILE DATCOM * REV 3/99 *****     CASE   1
               AERODYNAMIC METHODS FOR MISSILE CONFIGURATIONS          PAGE  44
                   STATIC AERODYNAMICS FOR BODY-FIN SET 1

       ******* FLIGHT CONDITIONS AND REFERENCE QUANTITIES *******
     MACH NO  =       1.10                REYNOLDS NO = 2.550E+07 /M
     ALTITUDE =        0.0 M         DYNAMIC PRESSURE =  85822.41 N/M**2
     SIDESLIP =       0.00 DEG                   ROLL =      0.00 DEG     
     REF AREA =      0.001 M**2         MOMENT CENTER =     0.198 M
     REF LENGTH =     0.60 M           LAT REF LENGTH =      0.60 M

                   ----- LONGITUDINAL -----     -- LATERAL DIRECTIONAL --
         ALPHA       CN        CM        CA        CY       CLN       CLL

        -10.00    -2.451     0.755     0.759    -0.002     0.001    -0.001
         -8.00    -1.790     0.546     0.762    -0.001     0.000    -0.001
         -6.00    -1.198     0.357     0.765     0.000     0.000    -0.001
         -4.00    -0.684     0.195     0.766     0.000     0.000    -0.001
         -2.00    -0.281     0.074     0.767     0.000     0.000    -0.001
          0.00     0.000     0.000     0.767     0.000     0.000     0.000
          2.00     0.281    -0.074     0.767     0.000     0.000    -0.001
          4.00     0.684    -0.195     0.766     0.000     0.000    -0.001
          6.00     1.198    -0.357     0.765     0.000     0.000    -0.001
          8.00     1.790    -0.546     0.762     0.001     0.000    -0.001
         10.00     2.451    -0.755     0.759     0.002    -0.001    -0.001

         ALPHA       CL        CD      CL/CD     X-C.P.

        -10.00    -2.282     1.173    -1.946    -0.308
         -8.00    -1.666     1.004    -1.659    -0.305
         -6.00    -1.111     0.886    -1.254    -0.298
         -4.00    -0.629     0.812    -0.775    -0.285
         -2.00    -0.254     0.776    -0.327    -0.262
          0.00     0.000     0.767     0.000    -0.474
          2.00     0.254     0.776     0.327    -0.262
          4.00     0.629     0.812     0.775    -0.285
          6.00     1.111     0.886     1.254    -0.298
          8.00     1.666     1.004     1.659    -0.305
         10.00     2.282     1.173     1.946    -0.308

    X-C.P. MEAS. FROM MOMENT CENTER IN REF. LENGTHS, NEG. AFT OF MOMENT CENTER
1         ***** THE USAF AUTOMATED MISSILE DATCOM * REV 3/99 *****     CASE   1
               AERODYNAMIC METHODS FOR MISSILE CONFIGURATIONS          PAGE  45
                   STATIC AERODYNAMICS FOR BODY-FIN SET 1

       ******* FLIGHT CONDITIONS AND REFERENCE QUANTITIES *******
     MACH NO  =       1.10                REYNOLDS NO = 2.550E+07 /M
     ALTITUDE =        0.0 M         DYNAMIC PRESSURE =  85822.41 N/M**2
     SIDESLIP =       0.00 DEG                   ROLL =      0.00 DEG     
     REF AREA =      0.001 M**2         MOMENT CENTER =     0.198 M
     REF LENGTH =     0.60 M           LAT REF LENGTH =      0.60 M

                   ---------- DERIVATIVES (PER DEGREE) ----------
         ALPHA       CNA         CMA         CYB         CLNB        CLLB
        -10.00      0.3483     -0.1101     -0.2395      0.0732      0.0002
         -8.00      0.3133     -0.0995     -0.2186      0.0660      0.0001
         -6.00      0.2762     -0.0877     -0.1952      0.0575      0.0000
         -4.00      0.2290     -0.0709     -0.1706      0.0484      0.0000
         -2.00      0.1710     -0.0487     -0.1441      0.0382      0.0000
          0.00      0.1405     -0.0368     -0.1289      0.0319     -0.0001
          2.00      0.1710     -0.0487     -0.1441      0.0382      0.0000
          4.00      0.2290     -0.0709     -0.1707      0.0484      0.0000
          6.00      0.2762     -0.0877     -0.1953      0.0575      0.0000
          8.00      0.3133     -0.0995     -0.2179      0.0656     -0.0001
         10.00      0.3483     -0.1101     -0.2384      0.0727     -0.0002

    PANEL DEFLECTION ANGLES (DEGREES)
    SET    FIN 1   FIN 2   FIN 3   FIN 4   FIN 5   FIN 6   FIN 7   FIN 8
      1    0.33    0.33    0.33    0.33    0.33    0.33    0.33    0.33
1         ***** THE USAF AUTOMATED MISSILE DATCOM * REV 3/99 *****     CASE   1
               AERODYNAMIC METHODS FOR MISSILE CONFIGURATIONS          PAGE  46
                             BODY ALONE PARTIAL OUTPUT

       ******* FLIGHT CONDITIONS AND REFERENCE QUANTITIES *******
     MACH NO  =       1.40                REYNOLDS NO = 3.246E+07 /M
     ALTITUDE =        0.0 M         DYNAMIC PRESSURE = 139018.12 N/M**2
     SIDESLIP =       0.00 DEG                   ROLL =      0.00 DEG     
     REF AREA =      0.001 M**2         MOMENT CENTER =     0.198 M
     REF LENGTH =     0.60 M           LAT REF LENGTH =      0.60 M

      ALPHA    CA-FRIC  CA-PRES/WAVE CA-BASE    CA-PROT     CA-SEP     CA-ALP
     -10.00     0.1465     0.1125     0.1806                           0.0000
      -8.00     0.1481     0.1128     0.1816                           0.0000
      -6.00     0.1494     0.1130     0.1824                           0.0000
      -4.00     0.1503     0.1132     0.1829                           0.0000
      -2.00     0.1508     0.1133     0.1833                           0.0000
       0.00     0.1510     0.1133     0.1834                           0.0000
       2.00     0.1508     0.1133     0.1833                           0.0000
       4.00     0.1503     0.1132     0.1829                           0.0000
       6.00     0.1494     0.1130     0.1824                           0.0000
       8.00     0.1481     0.1128     0.1816                           0.0000
      10.00     0.1465     0.1125     0.1806                           0.0000

                     CROSS FLOW DRAG PROPORTIONALITY FACTOR = 1.00000

      ALPHA    CN-POTEN  CN-VISC   CN-SEP    CM-POTEN  CM-VISC   CM-SEP    CDC
     -10.00    -0.394    -0.557              -0.099     0.110             0.923
      -8.00    -0.318    -0.333              -0.080     0.066             0.859
      -6.00    -0.240    -0.181              -0.061     0.036             0.830
      -4.00    -0.161    -0.078              -0.041     0.015             0.800
      -2.00    -0.081    -0.019              -0.020     0.004             0.770
       0.00     0.000     0.000               0.000     0.000             0.740
       2.00     0.081     0.019               0.020    -0.004             0.770
       4.00     0.161     0.078               0.041    -0.015             0.800
       6.00     0.240     0.181               0.061    -0.036             0.830
       8.00     0.318     0.333               0.080    -0.066             0.859
      10.00     0.394     0.557               0.099    -0.110             0.923
1         ***** THE USAF AUTOMATED MISSILE DATCOM * REV 3/99 *****     CASE   1
               AERODYNAMIC METHODS FOR MISSILE CONFIGURATIONS          PAGE  47
                        FIN SET 1 CA PARTIAL OUTPUT

       ******* FLIGHT CONDITIONS AND REFERENCE QUANTITIES *******
     MACH NO  =       1.40                REYNOLDS NO = 3.246E+07 /M
     ALTITUDE =        0.0 M         DYNAMIC PRESSURE = 139018.12 N/M**2
     SIDESLIP =       0.00 DEG                   ROLL =      0.00 DEG     
     REF AREA =      0.001 M**2         MOMENT CENTER =     0.198 M
     REF LENGTH =     0.60 M           LAT REF LENGTH =      0.60 M

    SINGLE FIN PANEL ZERO-LIFT AXIAL FORCE COMPONENTS

    SKIN FRICTION        0.0105
    SUBSONIC PRESSURE    0.0000
    TRANSONIC WAVE       0.0000
    SUPERSONIC WAVE      0.0133
    LEADING EDGE         0.0000
    TRAILING EDGE        0.0000
    TOTAL CAO            0.0238

    FIN AXIAL FORCE DUE TO ANGLE OF ATTACK

    ALPHA      CA DUE TO LIFT (SINGLE PANEL)   CA-TOTAL (8 FINS)

     -10.00              0.0000                      0.1879
      -8.00              0.0000                      0.1889
      -6.00              0.0000                      0.1897
      -4.00              0.0000                      0.1903
      -2.00              0.0000                      0.1907
       0.00              0.0000                      0.1908
       2.00              0.0000                      0.1907
       4.00              0.0000                      0.1903
       6.00              0.0000                      0.1897
       8.00              0.0000                      0.1889
      10.00              0.0000                      0.1879
1         ***** THE USAF AUTOMATED MISSILE DATCOM * REV 3/99 *****     CASE   1
               AERODYNAMIC METHODS FOR MISSILE CONFIGURATIONS          PAGE  48
                       FIN SET 1 CN, CM PARTIAL OUTPUT

       ******* FLIGHT CONDITIONS AND REFERENCE QUANTITIES *******
     MACH NO  =       1.40                REYNOLDS NO = 3.246E+07 /M
     ALTITUDE =        0.0 M         DYNAMIC PRESSURE = 139018.12 N/M**2
     SIDESLIP =       0.00 DEG                   ROLL =      0.00 DEG     
     REF AREA =      0.001 M**2         MOMENT CENTER =     0.198 M
     REF LENGTH =     0.60 M           LAT REF LENGTH =      0.60 M

    NORMAL FORCE SLOPE AT ALPHA ZERO, CNA =    0.02636/DEG (1 PANEL)
         CENTER OF PRESSURE FOR LINEAR CN =   -0.51000 (CALIBERS FROM C.G.)
     CENTER OF PRESSURE FOR NON-LINEAR CN =   -0.50333 (CALIBERS FROM C.G.)

      ALPHA      CN        CN        CN        CM        CM        CM
               LINEAR  NON-LINEAR  TOTAL     LINEAR  NON-LINEAR  TOTAL

     -10.00   -1.0410   -0.5372   -1.5782    0.5309    0.2704    0.8013
      -8.00   -0.8367   -0.3466   -1.1833    0.4267    0.1745    0.6012
      -6.00   -0.6298   -0.1960   -0.8258    0.3212    0.0987    0.4198
      -4.00   -0.4209   -0.0872   -0.5082    0.2147    0.0439    0.2586
      -2.00   -0.2108   -0.0218   -0.2326    0.1075    0.0110    0.1185
       0.00    0.0000    0.0000    0.0000    0.0000    0.0000    0.0000
       2.00    0.2108    0.0218    0.2326   -0.1075   -0.0110   -0.1185
       4.00    0.4209    0.0872    0.5082   -0.2147   -0.0439   -0.2586
       6.00    0.6298    0.1960    0.8258   -0.3212   -0.0987   -0.4198
       8.00    0.8367    0.3466    1.1833   -0.4267   -0.1745   -0.6012
      10.00    1.0410    0.5372    1.5782   -0.5309   -0.2704   -0.8013
1         ***** THE USAF AUTOMATED MISSILE DATCOM * REV 3/99 *****     CASE   1
               AERODYNAMIC METHODS FOR MISSILE CONFIGURATIONS          PAGE  49
                 AERODYNAMIC FORCE AND MOMENT SYNTHESIS

       ******* FLIGHT CONDITIONS AND REFERENCE QUANTITIES *******
     MACH NO  =       1.40                REYNOLDS NO = 3.246E+07 /M
     ALTITUDE =        0.0 M         DYNAMIC PRESSURE = 139018.12 N/M**2
     SIDESLIP =       0.00 DEG                   ROLL =      0.00 DEG     
     REF AREA =      0.001 M**2         MOMENT CENTER =     0.198 M
     REF LENGTH =     0.60 M           LAT REF LENGTH =      0.60 M

          ---------------FIN SET 1 IN PRESENCE OF THE BODY----------------

      ALPHA       CN         CM         CA         CY         CLN        CLL

     -10.00    -2.5497     1.3003     0.1914    -0.0017     0.0009    -0.0042
      -8.00    -2.0081     1.0241     0.1914    -0.0009     0.0004    -0.0038
      -6.00    -1.4527     0.7409     0.1913    -0.0003     0.0002    -0.0035
      -4.00    -0.8989     0.4585     0.1913    -0.0001     0.0000    -0.0031
      -2.00    -0.4045     0.2063     0.1912     0.0000     0.0000    -0.0027
       0.00     0.0000     0.0000     0.1911     0.0000     0.0000    -0.0024
       2.00     0.4045    -0.2063     0.1912     0.0000     0.0000    -0.0027
       4.00     0.8989    -0.4585     0.1913     0.0001     0.0000    -0.0031
       6.00     1.4527    -0.7409     0.1913     0.0003    -0.0002    -0.0035
       8.00     2.0081    -1.0241     0.1914     0.0009    -0.0004    -0.0038
      10.00     2.5497    -1.3003     0.1914     0.0017    -0.0009    -0.0042
1         ***** THE USAF AUTOMATED MISSILE DATCOM * REV 3/99 *****     CASE   1
               AERODYNAMIC METHODS FOR MISSILE CONFIGURATIONS          PAGE  50
                 AERODYNAMIC FORCE AND MOMENT SYNTHESIS

       ******* FLIGHT CONDITIONS AND REFERENCE QUANTITIES *******
     MACH NO  =       1.40                REYNOLDS NO = 3.246E+07 /M
     ALTITUDE =        0.0 M         DYNAMIC PRESSURE = 139018.12 N/M**2
     SIDESLIP =       0.00 DEG                   ROLL =      0.00 DEG     
     REF AREA =      0.001 M**2         MOMENT CENTER =     0.198 M
     REF LENGTH =     0.60 M           LAT REF LENGTH =      0.60 M

          ---------------FIN SET 1 PANEL CHARACTERISTICS------------------

      ALPHA      PANEL    AEQ (PANEL AXIS SYS.)    PANEL CN

     -10.00        1              0.1975           0.0055
     -10.00        2            -10.9877          -0.4423
     -10.00        3            -15.1802          -0.6786
     -10.00        4             -9.0572          -0.3445
     -10.00        5              0.3096           0.0087
     -10.00        6              9.8301           0.3828
     -10.00        7             15.7689           0.7141
     -10.00        8             11.4435           0.4665
 
      -8.00        1              0.2153           0.0060
      -8.00        2             -8.8950          -0.3367
      -8.00        3            -12.4381          -0.5206
      -8.00        4             -8.0261          -0.2955
      -8.00        5              0.3403           0.0095
      -8.00        6              8.7389           0.3291
      -8.00        7             13.0231           0.5532
      -8.00        8              9.3730           0.3600
 
      -6.00        1              0.2336           0.0065
      -6.00        2             -6.7077          -0.2361
      -6.00        3             -9.4894          -0.3658
      -6.00        4             -6.5062          -0.2274
      -6.00        5              0.3453           0.0097
      -6.00        6              7.1725           0.2566
      -6.00        7             10.0721           0.3950
      -6.00        8              7.2098           0.2583
 
      -4.00        1              0.2524           0.0071
      -4.00        2             -4.4302          -0.1431
      -4.00        3             -6.3326          -0.2200
      -4.00        4             -4.3758          -0.1410
      -4.00        5              0.3298           0.0092
      -4.00        6              5.0124           0.1657
      -4.00        7              6.9148           0.2452
      -4.00        8              4.9581           0.1636
 
      -2.00        1              0.2716           0.0076
      -2.00        2             -2.0900          -0.0610
      -2.00        3             -3.0549          -0.0930
      -2.00        4             -2.0625          -0.0601
      -2.00        5              0.3106           0.0087
      -2.00        6              2.6722           0.0799
      -2.00        7              3.6371           0.1136
      -2.00        8              2.6447           0.0790
 
       0.00        1              0.2911           0.0081
       0.00        2              0.2911           0.0081
       0.00        3              0.2911           0.0081
       0.00        4              0.2911           0.0081
       0.00        5              0.2911           0.0081
       0.00        6              0.2911           0.0081
       0.00        7              0.2911           0.0081
       0.00        8              0.2911           0.0081
 
       2.00        1              0.3106           0.0087
       2.00        2              2.6722           0.0799
       2.00        3              3.6371           0.1136
       2.00        4              2.6447           0.0790
       2.00        5              0.2716           0.0076
       2.00        6             -2.0900          -0.0610
       2.00        7             -3.0549          -0.0930
       2.00        8             -2.0625          -0.0601
 
       4.00        1              0.3298           0.0092
       4.00        2              5.0124           0.1657
       4.00        3              6.9148           0.2452
       4.00        4              4.9581           0.1636
       4.00        5              0.2524           0.0071
       4.00        6             -4.4302          -0.1431
       4.00        7             -6.3326          -0.2200
       4.00        8             -4.3758          -0.1410
 
       6.00        1              0.3453           0.0097
       6.00        2              7.1725           0.2566
       6.00        3             10.0721           0.3950
       6.00        4              7.2099           0.2583
       6.00        5              0.2336           0.0065
       6.00        6             -6.7077          -0.2361
       6.00        7             -9.4894          -0.3658
       6.00        8             -6.5062          -0.2274
 
       8.00        1              0.3403           0.0095
       8.00        2              8.7389           0.3291
       8.00        3             13.0231           0.5532
       8.00        4              9.3730           0.3600
       8.00        5              0.2153           0.0060
       8.00        6             -8.8950          -0.3367
       8.00        7            -12.4381          -0.5206
       8.00        8             -8.0261          -0.2955
 
      10.00        1              0.3096           0.0087
      10.00        2              9.8301           0.3828
      10.00        3             15.7689           0.7141
      10.00        4             11.4435           0.4665
      10.00        5              0.1975           0.0055
      10.00        6            -10.9877          -0.4423
      10.00        7            -15.1802          -0.6786
      10.00        8             -9.0572          -0.3445
 
1         ***** THE USAF AUTOMATED MISSILE DATCOM * REV 3/99 *****     CASE   1
               AERODYNAMIC METHODS FOR MISSILE CONFIGURATIONS          PAGE  51
                 AERODYNAMIC FORCE AND MOMENT SYNTHESIS

       ******* FLIGHT CONDITIONS AND REFERENCE QUANTITIES *******
     MACH NO  =       1.40                REYNOLDS NO = 3.246E+07 /M
     ALTITUDE =        0.0 M         DYNAMIC PRESSURE = 139018.12 N/M**2
     SIDESLIP =       0.00 DEG                   ROLL =      0.00 DEG     
     REF AREA =      0.001 M**2         MOMENT CENTER =     0.198 M
     REF LENGTH =     0.60 M           LAT REF LENGTH =      0.60 M

             CARRYOVER INTERFERENCE FACTORS - FIN SET 1

      ALPHA   K-W(B)   K-B(W)  KK-W(B)  KK-B(W)  XCP-W(B) XCP-B(W) Y-CP/(B/2)

     -10.00   1.6020   1.1241   0.9535   0.6600   0.5100   0.4200   0.3839
      -8.00   1.6237   1.1241   0.9535   0.6600   0.5100   0.4200   0.3793
      -6.00   1.6435   1.1241   0.9535   0.6600   0.5100   0.4200   0.3926
      -4.00   1.6607   1.1241   0.9535   0.6600   0.5100   0.4200   0.4105
      -2.00   1.6743   1.1241   0.9535   0.6600   0.5100   0.4200   0.4343
       0.00   1.6818   1.1241   0.9535   0.6600   0.5100   0.4200   0.4543
       2.00   1.6743   1.1241   0.9535   0.6600   0.5100   0.4200   0.4397
       4.00   1.6607   1.1241   0.9535   0.6600   0.5100   0.4200   0.4169
       6.00   1.6435   1.1241   0.9535   0.6600   0.5100   0.4200   0.3967
       8.00   1.6237   1.1241   0.9535   0.6600   0.5100   0.4200   0.3878
      10.00   1.6020   1.1241   0.9535   0.6600   0.5100   0.4200   0.3813

    NOTE - XCP-W(B) USED FOR STABILITY ONLY DIFFERENT VALUES USED FOR HINGE MOMENTS
1         ***** THE USAF AUTOMATED MISSILE DATCOM * REV 3/99 *****     CASE   1
               AERODYNAMIC METHODS FOR MISSILE CONFIGURATIONS          PAGE  52
        FIN SET 1 PANEL BENDING MOMENTS (ABOUT EXPOSED ROOT CHORD)

       ******* FLIGHT CONDITIONS AND REFERENCE QUANTITIES *******
     MACH NO  =       1.40                REYNOLDS NO = 3.246E+07 /M
     ALTITUDE =        0.0 M         DYNAMIC PRESSURE = 139018.12 N/M**2
     SIDESLIP =       0.00 DEG                   ROLL =      0.00 DEG     
     REF AREA =      0.001 M**2         MOMENT CENTER =     0.198 M
     REF LENGTH =     0.60 M           LAT REF LENGTH =      0.60 M

   ALPHA   PANL 1   PANL 2   PANL 3   PANL 4   PANL 5   PANL 6   PANL 7   PANL 8
 
   -10.0  3.36E-05 -2.69E-03 -4.12E-03 -2.09E-03  5.26E-05  2.33E-03  4.34E-03  2.84E-03
    -8.0  3.61E-05 -2.02E-03 -3.13E-03 -1.77E-03  5.72E-05  1.98E-03  3.32E-03  2.16E-03
    -6.0  4.06E-05 -1.47E-03 -2.27E-03 -1.41E-03  6.00E-05  1.60E-03  2.46E-03  1.61E-03
    -4.0  4.59E-05 -9.30E-04 -1.43E-03 -9.17E-04  6.00E-05  1.08E-03  1.59E-03  1.06E-03
    -2.0  5.22E-05 -4.19E-04 -6.39E-04 -4.13E-04  5.97E-05  5.50E-04  7.81E-04  5.43E-04
     0.0  5.86E-05  5.86E-05  5.86E-05  5.86E-05  5.86E-05  5.86E-05  5.86E-05  5.86E-05
     2.0  6.05E-05  5.56E-04  7.91E-04  5.50E-04  5.29E-05 -4.24E-04 -6.47E-04 -4.18E-04
     4.0  6.09E-05  1.09E-03  1.62E-03  1.08E-03  4.66E-05 -9.44E-04 -1.45E-03 -9.31E-04
     6.0  6.07E-05  1.61E-03  2.48E-03  1.62E-03  4.10E-05 -1.48E-03 -2.30E-03 -1.43E-03
     8.0  5.84E-05  2.02E-03  3.40E-03  2.21E-03  3.69E-05 -2.07E-03 -3.20E-03 -1.81E-03
    10.0  5.23E-05  2.31E-03  4.31E-03  2.82E-03  3.33E-05 -2.67E-03 -4.10E-03 -2.08E-03
1         ***** THE USAF AUTOMATED MISSILE DATCOM * REV 3/99 *****     CASE   1
               AERODYNAMIC METHODS FOR MISSILE CONFIGURATIONS          PAGE  53
            FIN SET 1 PANEL HINGE MOMENTS (ABOUT HINGE LINE)

       ******* FLIGHT CONDITIONS AND REFERENCE QUANTITIES *******
     MACH NO  =       1.40                REYNOLDS NO = 3.246E+07 /M
     ALTITUDE =        0.0 M         DYNAMIC PRESSURE = 139018.12 N/M**2
     SIDESLIP =       0.00 DEG                   ROLL =      0.00 DEG     
     REF AREA =      0.001 M**2         MOMENT CENTER =     0.198 M
     REF LENGTH =     0.60 M           LAT REF LENGTH =      0.60 M

   ALPHA   PANL 1   PANL 2   PANL 3   PANL 4   PANL 5   PANL 6   PANL 7   PANL 8
 
   -10.0  8.99E-04 -6.62E-02 -9.68E-02 -5.26E-02  1.41E-03  5.80E-02  1.01E-01  6.95E-02
    -8.0  9.80E-04 -5.15E-02 -7.67E-02 -4.56E-02  1.55E-03  5.04E-02  8.10E-02  5.48E-02
    -6.0  1.06E-03 -3.68E-02 -5.56E-02 -3.55E-02  1.57E-03  3.99E-02  5.97E-02  4.01E-02
    -4.0  1.15E-03 -2.27E-02 -3.44E-02 -2.24E-02  1.50E-03  2.62E-02  3.82E-02  2.59E-02
    -2.0  1.24E-03 -9.83E-03 -1.49E-02 -9.69E-03  1.41E-03  1.28E-02  1.81E-02  1.27E-02
     0.0  1.33E-03  1.33E-03  1.33E-03  1.33E-03  1.33E-03  1.33E-03  1.33E-03  1.33E-03
     2.0  1.41E-03  1.28E-02  1.81E-02  1.27E-02  1.24E-03 -9.83E-03 -1.49E-02 -9.69E-03
     4.0  1.50E-03  2.62E-02  3.82E-02  2.59E-02  1.15E-03 -2.27E-02 -3.44E-02 -2.24E-02
     6.0  1.57E-03  3.99E-02  5.97E-02  4.01E-02  1.06E-03 -3.68E-02 -5.56E-02 -3.55E-02
     8.0  1.55E-03  5.04E-02  8.10E-02  5.48E-02  9.80E-04 -5.15E-02 -7.67E-02 -4.56E-02
    10.0  1.41E-03  5.80E-02  1.01E-01  6.95E-02  8.99E-04 -6.62E-02 -9.68E-02 -5.26E-02
1         ***** THE USAF AUTOMATED MISSILE DATCOM * REV 3/99 *****     CASE   1
               AERODYNAMIC METHODS FOR MISSILE CONFIGURATIONS          PAGE  54
                   STATIC AERODYNAMICS FOR BODY-FIN SET 1

       ******* FLIGHT CONDITIONS AND REFERENCE QUANTITIES *******
     MACH NO  =       1.40                REYNOLDS NO = 3.246E+07 /M
     ALTITUDE =        0.0 M         DYNAMIC PRESSURE = 139018.12 N/M**2
     SIDESLIP =       0.00 DEG                   ROLL =      0.00 DEG     
     REF AREA =      0.001 M**2         MOMENT CENTER =     0.198 M
     REF LENGTH =     0.60 M           LAT REF LENGTH =      0.60 M

                   ----- LONGITUDINAL -----     -- LATERAL DIRECTIONAL --
         ALPHA       CN        CM        CA        CY       CLN       CLL

        -10.00    -5.289     2.063     0.631    -0.003     0.001    -0.004
         -8.00    -4.049     1.594     0.634    -0.001     0.001    -0.004
         -6.00    -2.867     1.134     0.636    -0.001     0.000    -0.003
         -4.00    -1.746     0.689     0.638     0.000     0.000    -0.003
         -2.00    -0.775     0.304     0.639     0.000     0.000    -0.003
          0.00     0.000     0.000     0.639     0.000     0.000    -0.002
          2.00     0.775    -0.304     0.639     0.000     0.000    -0.003
          4.00     1.746    -0.689     0.638     0.000     0.000    -0.003
          6.00     2.867    -1.134     0.636     0.001     0.000    -0.003
          8.00     4.049    -1.594     0.634     0.001    -0.001    -0.004
         10.00     5.289    -2.063     0.631     0.003    -0.001    -0.004

         ALPHA       CL        CD      CL/CD     X-C.P.

        -10.00    -5.099     1.540    -3.312    -0.390
         -8.00    -3.921     1.191    -3.292    -0.394
         -6.00    -2.785     0.932    -2.987    -0.395
         -4.00    -1.697     0.758    -2.239    -0.395
         -2.00    -0.753     0.665    -1.131    -0.392
          0.00     0.000     0.639     0.000    -0.474
          2.00     0.753     0.665     1.131    -0.392
          4.00     1.697     0.758     2.239    -0.395
          6.00     2.785     0.932     2.987    -0.395
          8.00     3.921     1.191     3.292    -0.394
         10.00     5.099     1.540     3.312    -0.390

    X-C.P. MEAS. FROM MOMENT CENTER IN REF. LENGTHS, NEG. AFT OF MOMENT CENTER
1         ***** THE USAF AUTOMATED MISSILE DATCOM * REV 3/99 *****     CASE   1
               AERODYNAMIC METHODS FOR MISSILE CONFIGURATIONS          PAGE  55
                   STATIC AERODYNAMICS FOR BODY-FIN SET 1

       ******* FLIGHT CONDITIONS AND REFERENCE QUANTITIES *******
     MACH NO  =       1.40                REYNOLDS NO = 3.246E+07 /M
     ALTITUDE =        0.0 M         DYNAMIC PRESSURE = 139018.12 N/M**2
     SIDESLIP =       0.00 DEG                   ROLL =      0.00 DEG     
     REF AREA =      0.001 M**2         MOMENT CENTER =     0.198 M
     REF LENGTH =     0.60 M           LAT REF LENGTH =      0.60 M

                   ---------- DERIVATIVES (PER DEGREE) ----------
         ALPHA       CNA         CMA         CYB         CLNB        CLLB
        -10.00      0.6349     -0.2366     -0.5173      0.2011      0.0004
         -8.00      0.6053     -0.2323     -0.4973      0.1952      0.0003
         -6.00      0.5756     -0.2262     -0.4690      0.1848      0.0000
         -4.00      0.5224     -0.2074     -0.4346      0.1712      0.0000
         -2.00      0.4356     -0.1722     -0.3934      0.1543      0.0000
          0.00      0.3877     -0.1519     -0.3679      0.1432     -0.0001
          2.00      0.4356     -0.1722     -0.3934      0.1543      0.0000
          4.00      0.5224     -0.2074     -0.4349      0.1714      0.0000
          6.00      0.5756     -0.2262     -0.4691      0.1848     -0.0001
          8.00      0.6053     -0.2323     -0.4961      0.1947     -0.0003
         10.00      0.6349     -0.2366     -0.5150      0.2001     -0.0004

    PANEL DEFLECTION ANGLES (DEGREES)
    SET    FIN 1   FIN 2   FIN 3   FIN 4   FIN 5   FIN 6   FIN 7   FIN 8
      1    0.33    0.33    0.33    0.33    0.33    0.33    0.33    0.33

    BODY ALONE LINEAR DATA GENERATED FROM VAN DYKE HYBRID THEORY

1         ***** THE USAF AUTOMATED MISSILE DATCOM * REV 3/99 *****     CASE   1
               AERODYNAMIC METHODS FOR MISSILE CONFIGURATIONS          PAGE  56
                             BODY ALONE PARTIAL OUTPUT

       ******* FLIGHT CONDITIONS AND REFERENCE QUANTITIES *******
     MACH NO  =       2.00                REYNOLDS NO = 4.637E+07 /M
     ALTITUDE =        0.0 M         DYNAMIC PRESSURE = 283710.47 N/M**2
     SIDESLIP =       0.00 DEG                   ROLL =      0.00 DEG     
     REF AREA =      0.001 M**2         MOMENT CENTER =     0.198 M
     REF LENGTH =     0.60 M           LAT REF LENGTH =      0.60 M

      ALPHA    CA-FRIC  CA-PRES/WAVE CA-BASE    CA-PROT     CA-SEP     CA-ALP
     -10.00     0.1257     0.1041     0.1448                           0.0000
      -8.00     0.1271     0.1044     0.1456                           0.0000
      -6.00     0.1281     0.1046     0.1462                           0.0000
      -4.00     0.1289     0.1047     0.1466                           0.0000
      -2.00     0.1294     0.1048     0.1469                           0.0000
       0.00     0.1296     0.1049     0.1470                           0.0000
       2.00     0.1294     0.1048     0.1469                           0.0000
       4.00     0.1289     0.1047     0.1466                           0.0000
       6.00     0.1281     0.1046     0.1462                           0.0000
       8.00     0.1271     0.1044     0.1456                           0.0000
      10.00     0.1257     0.1041     0.1448                           0.0000

                     CROSS FLOW DRAG PROPORTIONALITY FACTOR = 1.00000

      ALPHA    CN-POTEN  CN-VISC   CN-SEP    CM-POTEN  CM-VISC   CM-SEP    CDC
     -10.00    -0.451    -0.646              -0.114     0.128             1.071
      -8.00    -0.364    -0.377              -0.092     0.075             0.973
      -6.00    -0.275    -0.191              -0.069     0.038             0.875
      -4.00    -0.184    -0.080              -0.046     0.016             0.825
      -2.00    -0.092    -0.019              -0.023     0.004             0.783
       0.00     0.000     0.000               0.000     0.000             0.740
       2.00     0.092     0.019               0.023    -0.004             0.783
       4.00     0.184     0.080               0.046    -0.016             0.825
       6.00     0.275     0.191               0.069    -0.038             0.875
       8.00     0.364     0.377               0.092    -0.075             0.973
      10.00     0.451     0.646               0.114    -0.128             1.071
1         ***** THE USAF AUTOMATED MISSILE DATCOM * REV 3/99 *****     CASE   1
               AERODYNAMIC METHODS FOR MISSILE CONFIGURATIONS          PAGE  57
                        FIN SET 1 CA PARTIAL OUTPUT

       ******* FLIGHT CONDITIONS AND REFERENCE QUANTITIES *******
     MACH NO  =       2.00                REYNOLDS NO = 4.637E+07 /M
     ALTITUDE =        0.0 M         DYNAMIC PRESSURE = 283710.47 N/M**2
     SIDESLIP =       0.00 DEG                   ROLL =      0.00 DEG     
     REF AREA =      0.001 M**2         MOMENT CENTER =     0.198 M
     REF LENGTH =     0.60 M           LAT REF LENGTH =      0.60 M

    SINGLE FIN PANEL ZERO-LIFT AXIAL FORCE COMPONENTS

    SKIN FRICTION        0.0091
    SUBSONIC PRESSURE    0.0000
    TRANSONIC WAVE       0.0000
    SUPERSONIC WAVE      0.0082
    LEADING EDGE         0.0000
    TRAILING EDGE        0.0000
    TOTAL CAO            0.0172

    FIN AXIAL FORCE DUE TO ANGLE OF ATTACK

    ALPHA      CA DUE TO LIFT (SINGLE PANEL)   CA-TOTAL (8 FINS)

     -10.00              0.0000                      0.1359
      -8.00              0.0000                      0.1366
      -6.00              0.0000                      0.1372
      -4.00              0.0000                      0.1376
      -2.00              0.0000                      0.1379
       0.00              0.0000                      0.1379
       2.00              0.0000                      0.1379
       4.00              0.0000                      0.1376
       6.00              0.0000                      0.1372
       8.00              0.0000                      0.1366
      10.00              0.0000                      0.1359
1         ***** THE USAF AUTOMATED MISSILE DATCOM * REV 3/99 *****     CASE   1
               AERODYNAMIC METHODS FOR MISSILE CONFIGURATIONS          PAGE  58
                       FIN SET 1 CN, CM PARTIAL OUTPUT

       ******* FLIGHT CONDITIONS AND REFERENCE QUANTITIES *******
     MACH NO  =       2.00                REYNOLDS NO = 4.637E+07 /M
     ALTITUDE =        0.0 M         DYNAMIC PRESSURE = 283710.47 N/M**2
     SIDESLIP =       0.00 DEG                   ROLL =      0.00 DEG     
     REF AREA =      0.001 M**2         MOMENT CENTER =     0.198 M
     REF LENGTH =     0.60 M           LAT REF LENGTH =      0.60 M

    NORMAL FORCE SLOPE AT ALPHA ZERO, CNA =    0.01491/DEG (1 PANEL)
         CENTER OF PRESSURE FOR LINEAR CN =   -0.51000 (CALIBERS FROM C.G.)
     CENTER OF PRESSURE FOR NON-LINEAR CN =   -0.50333 (CALIBERS FROM C.G.)

      ALPHA      CN        CN        CN        CM        CM        CM
               LINEAR  NON-LINEAR  TOTAL     LINEAR  NON-LINEAR  TOTAL

     -10.00   -0.5889   -0.1138   -0.7027    0.3003    0.0573    0.3576
      -8.00   -0.4733   -0.0569   -0.5302    0.2414    0.0286    0.2700
      -6.00   -0.3562   -0.0234   -0.3796    0.1817    0.0118    0.1935
      -4.00   -0.2381   -0.0068   -0.2449    0.1214    0.0034    0.1248
      -2.00   -0.1192   -0.0008   -0.1201    0.0608    0.0004    0.0612
       0.00    0.0000    0.0000    0.0000    0.0000    0.0000    0.0000
       2.00    0.1192    0.0008    0.1201   -0.0608   -0.0004   -0.0612
       4.00    0.2381    0.0068    0.2449   -0.1214   -0.0034   -0.1248
       6.00    0.3562    0.0234    0.3796   -0.1817   -0.0118   -0.1935
       8.00    0.4733    0.0569    0.5302   -0.2414   -0.0286   -0.2700
      10.00    0.5889    0.1138    0.7027   -0.3003   -0.0573   -0.3576
1         ***** THE USAF AUTOMATED MISSILE DATCOM * REV 3/99 *****     CASE   1
               AERODYNAMIC METHODS FOR MISSILE CONFIGURATIONS          PAGE  59
                 AERODYNAMIC FORCE AND MOMENT SYNTHESIS

       ******* FLIGHT CONDITIONS AND REFERENCE QUANTITIES *******
     MACH NO  =       2.00                REYNOLDS NO = 4.637E+07 /M
     ALTITUDE =        0.0 M         DYNAMIC PRESSURE = 283710.47 N/M**2
     SIDESLIP =       0.00 DEG                   ROLL =      0.00 DEG     
     REF AREA =      0.001 M**2         MOMENT CENTER =     0.198 M
     REF LENGTH =     0.60 M           LAT REF LENGTH =      0.60 M

          ---------------FIN SET 1 IN PRESENCE OF THE BODY----------------

      ALPHA       CN         CM         CA         CY         CLN        CLL

     -10.00    -1.2138     0.6191     0.1383    -0.0012     0.0006    -0.0022
      -8.00    -0.9298     0.4742     0.1383    -0.0004     0.0002    -0.0019
      -6.00    -0.6668     0.3401     0.1382     0.0000     0.0000    -0.0017
      -4.00    -0.4209     0.2146     0.1382     0.0000     0.0000    -0.0015
      -2.00    -0.2028     0.1034     0.1382     0.0000     0.0000    -0.0013
       0.00     0.0000     0.0000     0.1381     0.0000     0.0000    -0.0013
       2.00     0.2028    -0.1034     0.1382     0.0000     0.0000    -0.0013
       4.00     0.4209    -0.2146     0.1382     0.0000     0.0000    -0.0015
       6.00     0.6668    -0.3401     0.1382     0.0000     0.0000    -0.0017
       8.00     0.9298    -0.4742     0.1383     0.0004    -0.0002    -0.0019
      10.00     1.2138    -0.6191     0.1383     0.0012    -0.0006    -0.0022
1         ***** THE USAF AUTOMATED MISSILE DATCOM * REV 3/99 *****     CASE   1
               AERODYNAMIC METHODS FOR MISSILE CONFIGURATIONS          PAGE  60
                 AERODYNAMIC FORCE AND MOMENT SYNTHESIS

       ******* FLIGHT CONDITIONS AND REFERENCE QUANTITIES *******
     MACH NO  =       2.00                REYNOLDS NO = 4.637E+07 /M
     ALTITUDE =        0.0 M         DYNAMIC PRESSURE = 283710.47 N/M**2
     SIDESLIP =       0.00 DEG                   ROLL =      0.00 DEG     
     REF AREA =      0.001 M**2         MOMENT CENTER =     0.198 M
     REF LENGTH =     0.60 M           LAT REF LENGTH =      0.60 M

          ---------------FIN SET 1 PANEL CHARACTERISTICS------------------

      ALPHA      PANEL    AEQ (PANEL AXIS SYS.)    PANEL CN

     -10.00        1              0.2004           0.0030
     -10.00        2            -10.9579          -0.2043
     -10.00        3            -15.1026          -0.3356
     -10.00        4             -8.6085          -0.1477
     -10.00        5              0.3289           0.0049
     -10.00        6              9.4042           0.1657
     -10.00        7             15.6981           0.3589
     -10.00        8             11.4196           0.2168
 
      -8.00        1              0.2181           0.0033
      -8.00        2             -8.8796          -0.1537
      -8.00        3            -12.4030          -0.2450
      -8.00        4             -7.8394          -0.1313
      -8.00        5              0.3495           0.0052
      -8.00        6              8.5641           0.1467
      -8.00        7             12.9939           0.2631
      -8.00        8              9.3633           0.1648
 
      -6.00        1              0.2363           0.0035
      -6.00        2             -6.7008          -0.1087
      -6.00        3             -9.4792          -0.1675
      -6.00        4             -6.4805          -0.1046
      -6.00        5              0.3490           0.0052
      -6.00        6              7.1526           0.1174
      -6.00        7             10.0674           0.1816
      -6.00        8              7.2084           0.1185
 
      -4.00        1              0.2552           0.0038
      -4.00        2             -4.4260          -0.0684
      -4.00        3             -6.3279          -0.1017
      -4.00        4             -4.3717          -0.0675
      -4.00        5              0.3325           0.0050
      -4.00        6              5.0137           0.0784
      -4.00        7              6.9156           0.1128
      -4.00        8              4.9594           0.0774
 
      -2.00        1              0.2744           0.0041
      -2.00        2             -2.0870          -0.0314
      -2.00        3             -3.0518          -0.0463
      -2.00        4             -2.0595          -0.0310
      -2.00        5              0.3133           0.0047
      -2.00        6              2.6747           0.0404
      -2.00        7              3.6395           0.0556
      -2.00        8              2.6472           0.0400
 
       0.00        1              0.2938           0.0044
       0.00        2              0.2938           0.0044
       0.00        3              0.2938           0.0044
       0.00        4              0.2938           0.0044
       0.00        5              0.2938           0.0044
       0.00        6              0.2938           0.0044
       0.00        7              0.2938           0.0044
       0.00        8              0.2938           0.0044
 
       2.00        1              0.3133           0.0047
       2.00        2              2.6747           0.0404
       2.00        3              3.6395           0.0556
       2.00        4              2.6472           0.0400
       2.00        5              0.2744           0.0041
       2.00        6             -2.0870          -0.0314
       2.00        7             -3.0518          -0.0463
       2.00        8             -2.0595          -0.0310
 
       4.00        1              0.3325           0.0050
       4.00        2              5.0137           0.0784
       4.00        3              6.9156           0.1128
       4.00        4              4.9594           0.0774
       4.00        5              0.2552           0.0038
       4.00        6             -4.4260          -0.0684
       4.00        7             -6.3279          -0.1017
       4.00        8             -4.3717          -0.0675
 
       6.00        1              0.3490           0.0052
       6.00        2              7.1526           0.1174
       6.00        3             10.0674           0.1816
       6.00        4              7.2084           0.1185
       6.00        5              0.2363           0.0035
       6.00        6             -6.7008          -0.1087
       6.00        7             -9.4792          -0.1675
       6.00        8             -6.4805          -0.1046
 
       8.00        1              0.3495           0.0052
       8.00        2              8.5641           0.1467
       8.00        3             12.9939           0.2631
       8.00        4              9.3633           0.1648
       8.00        5              0.2181           0.0033
       8.00        6             -8.8796          -0.1537
       8.00        7            -12.4030          -0.2450
       8.00        8             -7.8394          -0.1313
 
      10.00        1              0.3289           0.0049
      10.00        2              9.4042           0.1657
      10.00        3             15.6981           0.3589
      10.00        4             11.4196           0.2168
      10.00        5              0.2004           0.0030
      10.00        6            -10.9579          -0.2043
      10.00        7            -15.1026          -0.3356
      10.00        8             -8.6085          -0.1477
 
1         ***** THE USAF AUTOMATED MISSILE DATCOM * REV 3/99 *****     CASE   1
               AERODYNAMIC METHODS FOR MISSILE CONFIGURATIONS          PAGE  61
                 AERODYNAMIC FORCE AND MOMENT SYNTHESIS

       ******* FLIGHT CONDITIONS AND REFERENCE QUANTITIES *******
     MACH NO  =       2.00                REYNOLDS NO = 4.637E+07 /M
     ALTITUDE =        0.0 M         DYNAMIC PRESSURE = 283710.47 N/M**2
     SIDESLIP =       0.00 DEG                   ROLL =      0.00 DEG     
     REF AREA =      0.001 M**2         MOMENT CENTER =     0.198 M
     REF LENGTH =     0.60 M           LAT REF LENGTH =      0.60 M

             CARRYOVER INTERFERENCE FACTORS - FIN SET 1

      ALPHA   K-W(B)   K-B(W)  KK-W(B)  KK-B(W)  XCP-W(B) XCP-B(W) Y-CP/(B/2)

     -10.00   1.6002   1.1241   0.9535   0.6600   0.5100   0.4200   0.4087
      -8.00   1.6224   1.1241   0.9535   0.6600   0.5100   0.4200   0.4189
      -6.00   1.6426   1.1241   0.9535   0.6600   0.5100   0.4200   0.4312
      -4.00   1.6602   1.1241   0.9535   0.6600   0.5100   0.4200   0.4421
      -2.00   1.6741   1.1241   0.9535   0.6600   0.5100   0.4200   0.4520
       0.00   1.6818   1.1241   0.9535   0.6600   0.5100   0.4200   0.4615
       2.00   1.6741   1.1241   0.9535   0.6600   0.5100   0.4200   0.4544
       4.00   1.6602   1.1241   0.9535   0.6600   0.5100   0.4200   0.4447
       6.00   1.6426   1.1241   0.9535   0.6600   0.5100   0.4200   0.4349
       8.00   1.6224   1.1241   0.9535   0.6600   0.5100   0.4200   0.4278
      10.00   1.6002   1.1241   0.9535   0.6600   0.5100   0.4200   0.4235

    NOTE - XCP-W(B) USED FOR STABILITY ONLY DIFFERENT VALUES USED FOR HINGE MOMENTS
1         ***** THE USAF AUTOMATED MISSILE DATCOM * REV 3/99 *****     CASE   1
               AERODYNAMIC METHODS FOR MISSILE CONFIGURATIONS          PAGE  62
        FIN SET 1 PANEL BENDING MOMENTS (ABOUT EXPOSED ROOT CHORD)

       ******* FLIGHT CONDITIONS AND REFERENCE QUANTITIES *******
     MACH NO  =       2.00                REYNOLDS NO = 4.637E+07 /M
     ALTITUDE =        0.0 M         DYNAMIC PRESSURE = 283710.47 N/M**2
     SIDESLIP =       0.00 DEG                   ROLL =      0.00 DEG     
     REF AREA =      0.001 M**2         MOMENT CENTER =     0.198 M
     REF LENGTH =     0.60 M           LAT REF LENGTH =      0.60 M

   ALPHA   PANL 1   PANL 2   PANL 3   PANL 4   PANL 5   PANL 6   PANL 7   PANL 8
 
   -10.0  1.93E-05 -1.32E-03 -2.17E-03 -9.56E-04  3.18E-05  1.07E-03  2.32E-03  1.40E-03
    -8.0  2.16E-05 -1.02E-03 -1.62E-03 -8.71E-04  3.46E-05  9.73E-04  1.75E-03  1.09E-03
    -6.0  2.41E-05 -7.42E-04 -1.14E-03 -7.14E-04  3.55E-05  8.02E-04  1.24E-03  8.09E-04
    -4.0  2.66E-05 -4.79E-04 -7.12E-04 -4.73E-04  3.47E-05  5.49E-04  7.90E-04  5.42E-04
    -2.0  2.93E-05 -2.25E-04 -3.31E-04 -2.22E-04  3.35E-05  2.89E-04  3.98E-04  2.86E-04
     0.0  3.20E-05  3.20E-05  3.20E-05  3.20E-05  3.20E-05  3.20E-05  3.20E-05  3.20E-05
     2.0  3.36E-05  2.91E-04  4.00E-04  2.88E-04  2.94E-05 -2.26E-04 -3.33E-04 -2.23E-04
     4.0  3.49E-05  5.52E-04  7.94E-04  5.45E-04  2.68E-05 -4.82E-04 -7.16E-04 -4.76E-04
     6.0  3.59E-05  8.09E-04  1.25E-03  8.16E-04  2.43E-05 -7.49E-04 -1.15E-03 -7.20E-04
     8.0  3.53E-05  9.94E-04  1.78E-03  1.12E-03  2.20E-05 -1.04E-03 -1.66E-03 -8.89E-04
    10.0  3.29E-05  1.11E-03  2.41E-03  1.45E-03  2.00E-05 -1.37E-03 -2.25E-03 -9.90E-04
1         ***** THE USAF AUTOMATED MISSILE DATCOM * REV 3/99 *****     CASE   1
               AERODYNAMIC METHODS FOR MISSILE CONFIGURATIONS          PAGE  63
            FIN SET 1 PANEL HINGE MOMENTS (ABOUT HINGE LINE)

       ******* FLIGHT CONDITIONS AND REFERENCE QUANTITIES *******
     MACH NO  =       2.00                REYNOLDS NO = 4.637E+07 /M
     ALTITUDE =        0.0 M         DYNAMIC PRESSURE = 283710.47 N/M**2
     SIDESLIP =       0.00 DEG                   ROLL =      0.00 DEG     
     REF AREA =      0.001 M**2         MOMENT CENTER =     0.198 M
     REF LENGTH =     0.60 M           LAT REF LENGTH =      0.60 M

   ALPHA   PANL 1   PANL 2   PANL 3   PANL 4   PANL 5   PANL 6   PANL 7   PANL 8
 
   -10.0  4.80E-04 -3.05E-02 -4.77E-02 -2.25E-02  7.87E-04  2.51E-02  5.05E-02  3.22E-02
    -8.0  5.22E-04 -2.34E-02 -3.60E-02 -2.01E-02  8.37E-04  2.24E-02  3.84E-02  2.50E-02
    -6.0  5.66E-04 -1.68E-02 -2.54E-02 -1.62E-02  8.35E-04  1.81E-02  2.74E-02  1.83E-02
    -4.0  6.11E-04 -1.07E-02 -1.58E-02 -1.06E-02  7.96E-04  1.23E-02  1.74E-02  1.21E-02
    -2.0  6.57E-04 -4.99E-03 -7.32E-03 -4.92E-03  7.50E-04  6.40E-03  8.77E-03  6.34E-03
     0.0  7.03E-04  7.03E-04  7.03E-04  7.03E-04  7.03E-04  7.03E-04  7.03E-04  7.03E-04
     2.0  7.50E-04  6.40E-03  8.77E-03  6.34E-03  6.57E-04 -4.99E-03 -7.32E-03 -4.92E-03
     4.0  7.96E-04  1.23E-02  1.74E-02  1.21E-02  6.11E-04 -1.07E-02 -1.58E-02 -1.06E-02
     6.0  8.35E-04  1.81E-02  2.74E-02  1.83E-02  5.66E-04 -1.68E-02 -2.54E-02 -1.62E-02
     8.0  8.37E-04  2.24E-02  3.84E-02  2.50E-02  5.22E-04 -2.34E-02 -3.60E-02 -2.01E-02
    10.0  7.87E-04  2.51E-02  5.05E-02  3.22E-02  4.80E-04 -3.05E-02 -4.77E-02 -2.25E-02
1         ***** THE USAF AUTOMATED MISSILE DATCOM * REV 3/99 *****     CASE   1
               AERODYNAMIC METHODS FOR MISSILE CONFIGURATIONS          PAGE  64
                   STATIC AERODYNAMICS FOR BODY-FIN SET 1

       ******* FLIGHT CONDITIONS AND REFERENCE QUANTITIES *******
     MACH NO  =       2.00                REYNOLDS NO = 4.637E+07 /M
     ALTITUDE =        0.0 M         DYNAMIC PRESSURE = 283710.47 N/M**2
     SIDESLIP =       0.00 DEG                   ROLL =      0.00 DEG     
     REF AREA =      0.001 M**2         MOMENT CENTER =     0.198 M
     REF LENGTH =     0.60 M           LAT REF LENGTH =      0.60 M

                   ----- LONGITUDINAL -----     -- LATERAL DIRECTIONAL --
         ALPHA       CN        CM        CA        CY       CLN       CLL

        -10.00    -3.163     0.991     0.513    -0.002     0.001    -0.002
         -8.00    -2.315     0.728     0.515    -0.001     0.000    -0.002
         -6.00    -1.589     0.500     0.517     0.000     0.000    -0.002
         -4.00    -0.970     0.304     0.518     0.000     0.000    -0.001
         -2.00    -0.450     0.141     0.519     0.000     0.000    -0.001
          0.00     0.000     0.000     0.520     0.000     0.000    -0.001
          2.00     0.450    -0.141     0.519     0.000     0.000    -0.001
          4.00     0.970    -0.304     0.518     0.000     0.000    -0.001
          6.00     1.589    -0.500     0.517     0.000     0.000    -0.002
          8.00     2.315    -0.728     0.515     0.001     0.000    -0.002
         10.00     3.163    -0.991     0.513     0.002    -0.001    -0.002

         ALPHA       CL        CD      CL/CD     X-C.P.

        -10.00    -3.026     1.054    -2.870    -0.313
         -8.00    -2.220     0.832    -2.668    -0.314
         -6.00    -1.526     0.680    -2.243    -0.315
         -4.00    -0.932     0.585    -1.593    -0.313
         -2.00    -0.432     0.535    -0.808    -0.313
          0.00     0.000     0.520     0.000    -0.474
          2.00     0.432     0.535     0.808    -0.313
          4.00     0.932     0.585     1.593    -0.313
          6.00     1.526     0.680     2.243    -0.315
          8.00     2.220     0.832     2.668    -0.314
         10.00     3.026     1.054     2.870    -0.313

    X-C.P. MEAS. FROM MOMENT CENTER IN REF. LENGTHS, NEG. AFT OF MOMENT CENTER
1         ***** THE USAF AUTOMATED MISSILE DATCOM * REV 3/99 *****     CASE   1
               AERODYNAMIC METHODS FOR MISSILE CONFIGURATIONS          PAGE  65
                   STATIC AERODYNAMICS FOR BODY-FIN SET 1

       ******* FLIGHT CONDITIONS AND REFERENCE QUANTITIES *******
     MACH NO  =       2.00                REYNOLDS NO = 4.637E+07 /M
     ALTITUDE =        0.0 M         DYNAMIC PRESSURE = 283710.47 N/M**2
     SIDESLIP =       0.00 DEG                   ROLL =      0.00 DEG     
     REF AREA =      0.001 M**2         MOMENT CENTER =     0.198 M
     REF LENGTH =     0.60 M           LAT REF LENGTH =      0.60 M

                   ---------- DERIVATIVES (PER DEGREE) ----------
         ALPHA       CNA         CMA         CYB         CLNB        CLLB
        -10.00      0.4550     -0.1409     -0.3308      0.1064      0.0004
         -8.00      0.3931     -0.1227     -0.2987      0.0956      0.0003
         -6.00      0.3359     -0.1059     -0.2667      0.0843      0.0000
         -4.00      0.2845     -0.0898     -0.2435      0.0763      0.0000
         -2.00      0.2425     -0.0760     -0.2268      0.0711      0.0000
          0.00      0.2252     -0.0706     -0.2210      0.0693      0.0000
          2.00      0.2425     -0.0760     -0.2268      0.0711      0.0000
          4.00      0.2845     -0.0898     -0.2435      0.0763      0.0000
          6.00      0.3359     -0.1059     -0.2666      0.0842     -0.0001
          8.00      0.3931     -0.1227     -0.2984      0.0954     -0.0003
         10.00      0.4550     -0.1409     -0.3301      0.1061     -0.0004

    PANEL DEFLECTION ANGLES (DEGREES)
    SET    FIN 1   FIN 2   FIN 3   FIN 4   FIN 5   FIN 6   FIN 7   FIN 8
      1    0.33    0.33    0.33    0.33    0.33    0.33    0.33    0.33

    BODY ALONE LINEAR DATA GENERATED FROM VAN DYKE HYBRID THEORY

    *** END OF JOB ***
