1         ***** THE USAF AUTOMATED MISSILE DATCOM * REV 3/99 *****
               AERODYNAMIC METHODS FOR MISSILE CONFIGURATIONS     

    CONERR - INPUT ERROR CHECKING

    ERROR CODES - N* DENOTES THE NUMBER OF OCCURENCES OF EACH ERROR
    A - UNKNOWN VARIABLE NAME
    B - MISSING EQUAL SIGN FOLLOWING VARIABLE NAME
    C - NON-ARRAY VARIABLE HAS AN ARRAY ELEMENTDESIGNATION - (N)
    D - NON-ARRAY VARIABLE HAS MULTIPLE VALUES ASSIGNED
    E - ASSIGNED VALUES EXCEED ARRAY DIMENSION
    F - SYNTAX ERROR

    ************************* INPUT DATA CARDS *************************

   1 DIM M                                                                           
      2 ** BLANK CARD - IGNORED
   3  $FLTCON  NALPHA=11.,NMACH=6.,                                                  
   4           MACH=0.3000,0.6000,0.9000,1.1000,1.4000,2.0000,                       
   5           ALPHA=-10.0,-8.0,-6.0,-4.0,-2.0,0.0,2.0,4.0,6.0,8.0,10.0,$            
      6 ** BLANK CARD - IGNORED
   7  $REFQ    XCG=0.2500,                                                           
   8           SREF=0.0010179,                                                       
   9           LREF=0.6500,                                                          
  10           RHR=0.,$                                                              
     11 ** BLANK CARD - IGNORED
  12  $AXIBOD  X0=0.00,                                                              
  13           TNOSE=CONE,                                                           
               ** SUBSTITUTING NUMERIC FOR NAME CONE
  14           LNOSE=0.1000,                                                         
  15           DNOSE=0.0360,                                                         
  16           BNOSE=0.0,                                                            
  17           TRUNC=.FALSE.,                                                        
  18           LCENTR=0.5500,                                                        
  19           DCENTR=0.0360,                                                        
  20           TAFT=CONE,                                                            
               ** SUBSTITUTING NUMERIC FOR NAME CONE
  21           LAFT=0.0000,                                                          
  22           DAFT=0.0360,                                                          
  23           DEXIT=0.0000,$                                                        
     24 ** BLANK CARD - IGNORED
  25  $FINSET1 XLE=0.4500,0.4500,NPANEL=4.,                                          
  26           SSPAN=0.0180,0.0275,                                                  
  27           CHORD=0.2000,0.2000,                                                  
  28           LER=2*0.0,                                                            
  29           PHIF=0.0,90.0,180.0,270.0,                                            
  30           GAM=0.7000,0.7000,0.7000,0.7000,                                      
  31           SECTYP=HEX,                                                           
               ** SUBSTITUTING NUMERIC FOR NAME HEX
  32           ZUPPER=0.025000,0.025000,                                             
  33           LMAXU=0.4,0.4,                                                        
  34           LFLATU=0.2,0.2,$                                                      
     35 ** BLANK CARD - IGNORED
  36  $DEFLCT  DELTA1=0.7000,0.7000,0.7000,0.7000,                                   
  37           XHINGE=0.6000,$                                                       
     38 ** BLANK CARD - IGNORED
  39 PART                                                                            
  40 NEXT CASE                                                                       
1         ***** THE USAF AUTOMATED MISSILE DATCOM * REV 3/99 *****     CASE   1
               AERODYNAMIC METHODS FOR MISSILE CONFIGURATIONS          PAGE   1
    CASE INPUTS
    FOLLOWING ARE THE CARDS INPUT FOR THIS CASE

 DIM M                                                                           
  $FLTCON  NALPHA=11.,NMACH=6.,                                                  
           MACH=0.3000,0.6000,0.9000,1.1000,1.4000,2.0000,                       
           ALPHA=-10.0,-8.0,-6.0,-4.0,-2.0,0.0,2.0,4.0,6.0,8.0,10.0,$            
  $REFQ    XCG=0.2500,                                                           
           SREF=0.0010179,                                                       
           LREF=0.6500,                                                          
           RHR=0.,$                                                              
  $AXIBOD  X0=0.00,                                                              
           TNOSE=0.,                                                             
           LNOSE=0.1000,                                                         
           DNOSE=0.0360,                                                         
           BNOSE=0.0,                                                            
           TRUNC=.FALSE.,                                                        
           LCENTR=0.5500,                                                        
           DCENTR=0.0360,                                                        
           TAFT=0.,                                                              
           LAFT=0.0000,                                                          
           DAFT=0.0360,                                                          
           DEXIT=0.0000,$                                                        
  $FINSET1 XLE=0.4500,0.4500,NPANEL=4.,                                          
           SSPAN=0.0180,0.0275,                                                  
           CHORD=0.2000,0.2000,                                                  
           LER=2*0.0,                                                            
           PHIF=0.0,90.0,180.0,270.0,                                            
           GAM=0.7000,0.7000,0.7000,0.7000,                                      
           SECTYP=0.,                                                            
           ZUPPER=0.025000,0.025000,                                             
           LMAXU=0.4,0.4,                                                        
           LFLATU=0.2,0.2,$                                                      
  $DEFLCT  DELTA1=0.7000,0.7000,0.7000,0.7000,                                   
           XHINGE=0.6000,$                                                       
 PART                                                                            
 NEXT CASE                                                                       
    * WARNING * THE REYNOLDS NUMBER IS NOT DEFINED, FOR INPUT SPEED  1
                SEA LEVEL ALTITUDE ASSUMED
    * WARNING * THE REYNOLDS NUMBER IS NOT DEFINED, FOR INPUT SPEED  2
                SEA LEVEL ALTITUDE ASSUMED
    * WARNING * THE REYNOLDS NUMBER IS NOT DEFINED, FOR INPUT SPEED  3
                SEA LEVEL ALTITUDE ASSUMED
    * WARNING * THE REYNOLDS NUMBER IS NOT DEFINED, FOR INPUT SPEED  4
                SEA LEVEL ALTITUDE ASSUMED
    * WARNING * THE REYNOLDS NUMBER IS NOT DEFINED, FOR INPUT SPEED  5
                SEA LEVEL ALTITUDE ASSUMED
    * WARNING * THE REYNOLDS NUMBER IS NOT DEFINED, FOR INPUT SPEED  6
                SEA LEVEL ALTITUDE ASSUMED
    THE BOUNDARY LAYER IS ASSUMED TO BE TURBULENT
    THE INPUT UNITS ARE IN METERS, THE SCALE FACTOR IS   1.0000
1         ***** THE USAF AUTOMATED MISSILE DATCOM * REV 3/99 *****     CASE   1
               AERODYNAMIC METHODS FOR MISSILE CONFIGURATIONS          PAGE   2
                        AXISYMMETRIC BODY DEFINITION

                             NOSE   CENTERBODY     AFT BODY        TOTAL
    SHAPE                   CONIC     CYLINDER     --------
    LENGTH                  0.100        0.550        0.000        0.650   M
    FINENESS RATIO          2.778       15.278        0.000       18.056
    PLANFORM AREA           0.002        0.020        0.000        0.022   M**2
    AREA CENTROID           0.067        0.375        0.000        0.349   M
    WETTED AREA             0.006        0.062        0.000        0.068   M**2
    VOLUME                  0.000        0.001        0.000        0.001   M**3
    VOL. CENTROID           0.075        0.375        0.000        0.358   M

                              MOLD LINE CONTOUR

     LONGITUDINAL STATIONS    0.0000     0.0100     0.0200     0.0300     0.0400 
        0.0500     0.0600     0.0700     0.0800     0.0900     0.1000*    0.1550 
        0.2100     0.2650     0.3200     0.3750     0.4300     0.4850     0.5400 
        0.5950     0.6500*

                BODY RADII    0.0000     0.0018     0.0036     0.0054     0.0072 
        0.0090     0.0108     0.0126     0.0144     0.0162     0.0180*    0.0180 
        0.0180     0.0180     0.0180     0.0180     0.0180     0.0180     0.0180 
        0.0180     0.0180*
    NOTE - * INDICATES SLOPE DISCONTINUOUS POINTS
1         ***** THE USAF AUTOMATED MISSILE DATCOM * REV 3/99 *****     CASE   1
               AERODYNAMIC METHODS FOR MISSILE CONFIGURATIONS          PAGE   3
                         FIN SET NUMBER 1 AIRFOIL SECTION

                                  NACA S-3-40.0-05.0-20.0

         X/C     X-UPPER   Y-UPPER   X-LOWER   Y-LOWER  MEAN LINE  THICKNESS

       0.00000   0.00000   0.00000   0.00000   0.00000   0.00000   0.00000
       0.00100   0.00100   0.00006   0.00100  -0.00006   0.00000   0.00013
       0.00200   0.00200   0.00013   0.00200  -0.00013   0.00000   0.00025
       0.00300   0.00300   0.00019   0.00300  -0.00019   0.00000   0.00038
       0.00400   0.00400   0.00025   0.00400  -0.00025   0.00000   0.00050
       0.00500   0.00500   0.00031   0.00500  -0.00031   0.00000   0.00063
       0.00600   0.00600   0.00038   0.00600  -0.00038   0.00000   0.00075
       0.00800   0.00800   0.00050   0.00800  -0.00050   0.00000   0.00100
       0.01000   0.01000   0.00063   0.01000  -0.00063   0.00000   0.00125
       0.02000   0.02000   0.00125   0.02000  -0.00125   0.00000   0.00250
       0.03000   0.03000   0.00187   0.03000  -0.00187   0.00000   0.00375
       0.04000   0.04000   0.00250   0.04000  -0.00250   0.00000   0.00500
       0.05000   0.05000   0.00312   0.05000  -0.00312   0.00000   0.00625
       0.06000   0.06000   0.00375   0.06000  -0.00375   0.00000   0.00750
       0.08000   0.08000   0.00500   0.08000  -0.00500   0.00000   0.01000
       0.10000   0.10000   0.00625   0.10000  -0.00625   0.00000   0.01250
       0.12000   0.12000   0.00750   0.12000  -0.00750   0.00000   0.01500
       0.14000   0.14000   0.00875   0.14000  -0.00875   0.00000   0.01750
       0.16000   0.16000   0.01000   0.16000  -0.01000   0.00000   0.02000
       0.18000   0.18000   0.01125   0.18000  -0.01125   0.00000   0.02250
       0.20000   0.20000   0.01250   0.20000  -0.01250   0.00000   0.02500
       0.22000   0.22000   0.01375   0.22000  -0.01375   0.00000   0.02750
       0.24000   0.24000   0.01500   0.24000  -0.01500   0.00000   0.03000
       0.26000   0.26000   0.01625   0.26000  -0.01625   0.00000   0.03250
       0.28000   0.28000   0.01750   0.28000  -0.01750   0.00000   0.03500
       0.30000   0.30000   0.01875   0.30000  -0.01875   0.00000   0.03750
       0.32000   0.32000   0.02000   0.32000  -0.02000   0.00000   0.04000
       0.34000   0.34000   0.02125   0.34000  -0.02125   0.00000   0.04250
       0.36000   0.36000   0.02250   0.36000  -0.02250   0.00000   0.04500
       0.38000   0.38000   0.02375   0.38000  -0.02375   0.00000   0.04750
       0.40000   0.40000   0.02500   0.40000  -0.02500   0.00000   0.05000
       0.42000   0.42000   0.02500   0.42000  -0.02500   0.00000   0.05000
       0.45000   0.45000   0.02500   0.45000  -0.02500   0.00000   0.05000
       0.50000   0.50000   0.02500   0.50000  -0.02500   0.00000   0.05000
       0.55000   0.55000   0.02500   0.55000  -0.02500   0.00000   0.05000
       0.60000   0.60000   0.02500   0.60000  -0.02500   0.00000   0.05000
       0.65000   0.65000   0.02187   0.65000  -0.02187   0.00000   0.04375
       0.70000   0.70000   0.01875   0.70000  -0.01875   0.00000   0.03750
       0.75000   0.75000   0.01562   0.75000  -0.01562   0.00000   0.03125
       0.80000   0.80000   0.01250   0.80000  -0.01250   0.00000   0.02500
       0.82000   0.82000   0.01125   0.82000  -0.01125   0.00000   0.02250
       0.84000   0.84000   0.01000   0.84000  -0.01000   0.00000   0.02000
       0.86000   0.86000   0.00875   0.86000  -0.00875   0.00000   0.01750
       0.88000   0.88000   0.00750   0.88000  -0.00750   0.00000   0.01500
       0.90000   0.90000   0.00625   0.90000  -0.00625   0.00000   0.01250
       0.92000   0.92000   0.00500   0.92000  -0.00500   0.00000   0.01000
       0.94000   0.94000   0.00375   0.94000  -0.00375   0.00000   0.00750
       0.96000   0.96000   0.00250   0.96000  -0.00250   0.00000   0.00500
       0.98000   0.98000   0.00125   0.98000  -0.00125   0.00000   0.00250
       1.00000   1.00000   0.00000   1.00000   0.00000   0.00000   0.00000
1         ***** THE USAF AUTOMATED MISSILE DATCOM * REV 3/99 *****     CASE   1
               AERODYNAMIC METHODS FOR MISSILE CONFIGURATIONS          PAGE   4
                      GEOMETRIC RESULTS FOR FIN SETS

                             FIN SET NUMBER  1
                          (DATA FOR ONE PANEL ONLY)

    SEGMENT   PLAN        ASPECT    TAPER     L.E.     T.E.    M.A.C.    T/C
    NUMBER    AREA        RATIO     RATIO    SWEEP    SWEEP    CHORD    RATIO

      1      0.0019        0.047    1.000    0.000    0.000    0.200    0.050
    TOTAL    0.0019        0.047    1.000    0.000    0.000    0.200    0.050
 
 
 
1         ***** THE USAF AUTOMATED MISSILE DATCOM * REV 3/99 *****     CASE   1
               AERODYNAMIC METHODS FOR MISSILE CONFIGURATIONS          PAGE   5
                           FIN SET 1 SECTION AERODYNAMICS

                        IDEAL ANGLE OF ATTACK =    0.0000 DEG.
                    ZERO LIFT ANGLE OF ATTACK =    0.0000 DEG.
                       IDEAL LIFT COEFFICIENT =    0.0000
        ZERO LIFT PITCHING MOMENT COEFFICIENT =    0.0000
                   MACH ZERO LIFT-CURVE-SLOPE =    0.0963 /DEG.
                          LEADING EDGE RADIUS =    0.0000 FRACTION CHORD
                    MAXIMUM AIRFOIL THICKNESS =    0.0500 FRACTION CHORD
                                      DELTA-Y =    0.3656 PERCENT CHORD


    MACH = 0.300   CL-ALPHA = 0.1031 /DEG.   XAC = 0.2709   CL MAX = 0.7494

    MACH = 0.600   CL-ALPHA = 0.1269 /DEG.   XAC = 0.2700   CL MAX = 0.7647

                   *** CREST CRITICAL MACH NUMBER EXCEEDED ***

                           CREST CRITICAL MACH =    0.8070
                                      LOCATION =    0.4145 FRACTION CHORD
                              LIFT-CURVE-SLOPE =    0.1410 /DEG.
1         ***** THE USAF AUTOMATED MISSILE DATCOM * REV 3/99 *****     CASE   1
               AERODYNAMIC METHODS FOR MISSILE CONFIGURATIONS          PAGE   6
                             BODY ALONE PARTIAL OUTPUT

       ******* FLIGHT CONDITIONS AND REFERENCE QUANTITIES *******
     MACH NO  =       0.30                REYNOLDS NO = 6.955E+06 /M
     ALTITUDE =        0.0 M         DYNAMIC PRESSURE =   6383.49 N/M**2
     SIDESLIP =       0.00 DEG                   ROLL =      0.00 DEG     
     REF AREA =      0.001 M**2         MOMENT CENTER =     0.250 M
     REF LENGTH =     0.65 M           LAT REF LENGTH =      0.65 M

      ALPHA    CA-FRIC  CA-PRES/WAVE CA-BASE    CA-PROT     CA-SEP     CA-ALP
     -10.00     0.2204     0.0128     0.1368                           0.0016
      -8.00     0.2229     0.0129     0.1372                           0.0016
      -6.00     0.2248     0.0130     0.1374                           0.0011
      -4.00     0.2262     0.0131     0.1374                           0.0005
      -2.00     0.2270     0.0132     0.1373                           0.0001
       0.00     0.2273     0.0132     0.1370                           0.0000
       2.00     0.2270     0.0132     0.1373                           0.0001
       4.00     0.2262     0.0131     0.1374                           0.0005
       6.00     0.2248     0.0130     0.1374                           0.0011
       8.00     0.2229     0.0129     0.1372                           0.0016
      10.00     0.2204     0.0128     0.1368                           0.0016

                     CROSS FLOW DRAG PROPORTIONALITY FACTOR = 0.76143

      ALPHA    CN-POTEN  CN-VISC   CN-SEP    CM-POTEN  CM-VISC   CM-SEP    CDC
     -10.00    -0.449    -0.376              -0.046     0.057             0.772
      -8.00    -0.363    -0.240              -0.037     0.037             0.766
      -6.00    -0.274    -0.134              -0.028     0.020             0.759
      -4.00    -0.183    -0.059              -0.019     0.009             0.753
      -2.00    -0.092    -0.015              -0.009     0.002             0.746
       0.00     0.000     0.000               0.000     0.000             0.740
       2.00     0.092     0.015               0.009    -0.002             0.746
       4.00     0.183     0.059               0.019    -0.009             0.753
       6.00     0.274     0.134               0.028    -0.020             0.759
       8.00     0.363     0.240               0.037    -0.037             0.766
      10.00     0.449     0.376               0.046    -0.057             0.772
1         ***** THE USAF AUTOMATED MISSILE DATCOM * REV 3/99 *****     CASE   1
               AERODYNAMIC METHODS FOR MISSILE CONFIGURATIONS          PAGE   7
                        FIN SET 1 CA PARTIAL OUTPUT

       ******* FLIGHT CONDITIONS AND REFERENCE QUANTITIES *******
     MACH NO  =       0.30                REYNOLDS NO = 6.955E+06 /M
     ALTITUDE =        0.0 M         DYNAMIC PRESSURE =   6383.49 N/M**2
     SIDESLIP =       0.00 DEG                   ROLL =      0.00 DEG     
     REF AREA =      0.001 M**2         MOMENT CENTER =     0.250 M
     REF LENGTH =     0.65 M           LAT REF LENGTH =      0.65 M

    SINGLE FIN PANEL ZERO-LIFT AXIAL FORCE COMPONENTS

    SKIN FRICTION        0.0154
    SUBSONIC PRESSURE    0.0012
    TRANSONIC WAVE       0.0000
    SUPERSONIC WAVE      0.0000
    LEADING EDGE         0.0000
    TRAILING EDGE        0.0000
    TOTAL CAO            0.0166

    FIN AXIAL FORCE DUE TO ANGLE OF ATTACK

    ALPHA      CA DUE TO LIFT (SINGLE PANEL)   CA-TOTAL (4 FINS)

     -10.00              0.0000                      0.0654
      -8.00              0.0000                      0.0658
      -6.00              0.0000                      0.0661
      -4.00              0.0000                      0.0663
      -2.00              0.0000                      0.0664
       0.00              0.0000                      0.0665
       2.00              0.0000                      0.0664
       4.00              0.0000                      0.0663
       6.00              0.0000                      0.0661
       8.00              0.0000                      0.0658
      10.00              0.0000                      0.0654
1         ***** THE USAF AUTOMATED MISSILE DATCOM * REV 3/99 *****     CASE   1
               AERODYNAMIC METHODS FOR MISSILE CONFIGURATIONS          PAGE   8
                       FIN SET 1 CN, CM PARTIAL OUTPUT

       ******* FLIGHT CONDITIONS AND REFERENCE QUANTITIES *******
     MACH NO  =       0.30                REYNOLDS NO = 6.955E+06 /M
     ALTITUDE =        0.0 M         DYNAMIC PRESSURE =   6383.49 N/M**2
     SIDESLIP =       0.00 DEG                   ROLL =      0.00 DEG     
     REF AREA =      0.001 M**2         MOMENT CENTER =     0.250 M
     REF LENGTH =     0.65 M           LAT REF LENGTH =      0.65 M

    NORMAL FORCE SLOPE AT ALPHA ZERO, CNA =    0.00486/DEG (1 PANEL)
         CENTER OF PRESSURE FOR LINEAR CN =   -0.39077 (CALIBERS FROM C.G.)
     CENTER OF PRESSURE FOR NON-LINEAR CN =   -0.46154 (CALIBERS FROM C.G.)

      ALPHA      CN        CN        CN        CM        CM        CM
               LINEAR  NON-LINEAR  TOTAL     LINEAR  NON-LINEAR  TOTAL

     -10.00   -0.0952   -0.2652   -0.3604    0.0372    0.1224    0.1596
      -8.00   -0.0767   -0.1704   -0.2471    0.0300    0.0786    0.1086
      -6.00   -0.0579   -0.0961   -0.1540    0.0226    0.0444    0.0670
      -4.00   -0.0387   -0.0428   -0.0815    0.0151    0.0198    0.0349
      -2.00   -0.0194   -0.0107   -0.0301    0.0076    0.0049    0.0125
       0.00    0.0000    0.0000    0.0000    0.0000    0.0000    0.0000
       2.00    0.0194    0.0107    0.0301   -0.0076   -0.0049   -0.0125
       4.00    0.0387    0.0428    0.0815   -0.0151   -0.0198   -0.0349
       6.00    0.0579    0.0961    0.1540   -0.0226   -0.0444   -0.0670
       8.00    0.0767    0.1704    0.2471   -0.0300   -0.0786   -0.1086
      10.00    0.0952    0.2652    0.3604   -0.0372   -0.1224   -0.1596
1         ***** THE USAF AUTOMATED MISSILE DATCOM * REV 3/99 *****     CASE   1
               AERODYNAMIC METHODS FOR MISSILE CONFIGURATIONS          PAGE   9
                 AERODYNAMIC FORCE AND MOMENT SYNTHESIS

       ******* FLIGHT CONDITIONS AND REFERENCE QUANTITIES *******
     MACH NO  =       0.30                REYNOLDS NO = 6.955E+06 /M
     ALTITUDE =        0.0 M         DYNAMIC PRESSURE =   6383.49 N/M**2
     SIDESLIP =       0.00 DEG                   ROLL =      0.00 DEG     
     REF AREA =      0.001 M**2         MOMENT CENTER =     0.250 M
     REF LENGTH =     0.65 M           LAT REF LENGTH =      0.65 M

          ---------------FIN SET 1 IN PRESENCE OF THE BODY----------------

      ALPHA       CN         CM         CA         CY         CLN        CLL

     -10.00    -0.7881     0.3080     0.0672    -0.0084     0.0033    -0.0019
      -8.00    -0.5551     0.2169     0.0671    -0.0053     0.0021    -0.0017
      -6.00    -0.3503     0.1369     0.0670    -0.0028     0.0011    -0.0014
      -4.00    -0.1827     0.0714     0.0669    -0.0011     0.0004    -0.0012
      -2.00    -0.0633     0.0247     0.0667    -0.0002     0.0001    -0.0009
       0.00     0.0000     0.0000     0.0666     0.0000     0.0000    -0.0006
       2.00     0.0633    -0.0247     0.0667     0.0002    -0.0001    -0.0009
       4.00     0.1827    -0.0714     0.0669     0.0011    -0.0004    -0.0012
       6.00     0.3503    -0.1369     0.0670     0.0028    -0.0011    -0.0014
       8.00     0.5551    -0.2169     0.0671     0.0053    -0.0021    -0.0017
      10.00     0.7881    -0.3080     0.0672     0.0084    -0.0033    -0.0019
1         ***** THE USAF AUTOMATED MISSILE DATCOM * REV 3/99 *****     CASE   1
               AERODYNAMIC METHODS FOR MISSILE CONFIGURATIONS          PAGE  10
                 AERODYNAMIC FORCE AND MOMENT SYNTHESIS

       ******* FLIGHT CONDITIONS AND REFERENCE QUANTITIES *******
     MACH NO  =       0.30                REYNOLDS NO = 6.955E+06 /M
     ALTITUDE =        0.0 M         DYNAMIC PRESSURE =   6383.49 N/M**2
     SIDESLIP =       0.00 DEG                   ROLL =      0.00 DEG     
     REF AREA =      0.001 M**2         MOMENT CENTER =     0.250 M
     REF LENGTH =     0.65 M           LAT REF LENGTH =      0.65 M

          ---------------FIN SET 1 PANEL CHARACTERISTICS------------------

      ALPHA      PANEL    AEQ (PANEL AXIS SYS.)    PANEL CN

     -10.00        1              0.3924           0.0025
     -10.00        2            -15.0827          -0.3677
     -10.00        3              0.5737           0.0037
     -10.00        4             16.2792           0.4205
 
      -8.00        1              0.4310           0.0028
      -8.00        2            -12.2360          -0.2552
      -8.00        3              0.6595           0.0043
      -8.00        4             13.4260           0.3000
 
      -6.00        1              0.4702           0.0030
      -6.00        2             -9.2274          -0.1571
      -6.00        3              0.6913           0.0045
      -6.00        4             10.4128           0.1932
 
      -4.00        1              0.5102           0.0033
      -4.00        2             -6.0544          -0.0781
      -4.00        3              0.6733           0.0044
      -4.00        4              7.2379           0.1046
 
      -2.00        1              0.5508           0.0036
      -2.00        2             -2.7581          -0.0234
      -2.00        3              0.6327           0.0041
      -2.00        4              3.9416           0.0399
 
       0.00        1              0.5918           0.0038
       0.00        2              0.5918           0.0038
       0.00        3              0.5918           0.0038
       0.00        4              0.5918           0.0038
 
       2.00        1              0.6327           0.0041
       2.00        2              3.9416           0.0399
       2.00        3              0.5508           0.0036
       2.00        4             -2.7581          -0.0234
 
       4.00        1              0.6733           0.0044
       4.00        2              7.2379           0.1046
       4.00        3              0.5102           0.0033
       4.00        4             -6.0544          -0.0781
 
       6.00        1              0.6913           0.0045
       6.00        2             10.4128           0.1932
       6.00        3              0.4702           0.0030
       6.00        4             -9.2274          -0.1571
 
       8.00        1              0.6595           0.0043
       8.00        2             13.4260           0.3000
       8.00        3              0.4310           0.0028
       8.00        4            -12.2360          -0.2552
 
      10.00        1              0.5737           0.0037
      10.00        2             16.2792           0.4205
      10.00        3              0.3925           0.0025
      10.00        4            -15.0827          -0.3677
 
1         ***** THE USAF AUTOMATED MISSILE DATCOM * REV 3/99 *****     CASE   1
               AERODYNAMIC METHODS FOR MISSILE CONFIGURATIONS          PAGE  11
                 AERODYNAMIC FORCE AND MOMENT SYNTHESIS

       ******* FLIGHT CONDITIONS AND REFERENCE QUANTITIES *******
     MACH NO  =       0.30                REYNOLDS NO = 6.955E+06 /M
     ALTITUDE =        0.0 M         DYNAMIC PRESSURE =   6383.49 N/M**2
     SIDESLIP =       0.00 DEG                   ROLL =      0.00 DEG     
     REF AREA =      0.001 M**2         MOMENT CENTER =     0.250 M
     REF LENGTH =     0.65 M           LAT REF LENGTH =      0.65 M

             CARRYOVER INTERFERENCE FACTORS - FIN SET 1

      ALPHA   K-W(B)   K-B(W)  KK-W(B)  KK-B(W)  XCP-W(B) XCP-B(W) Y-CP/(B/2)

     -10.00   1.6234   1.1241   0.9535   0.6600   0.3908   0.3846   0.3734
      -8.00   1.6395   1.1241   0.9535   0.6600   0.3908   0.3846   0.4150
      -6.00   1.6540   1.1241   0.9535   0.6600   0.3908   0.3846   0.4616
      -4.00   1.6666   1.1241   0.9535   0.6600   0.3908   0.3846   0.5465
      -2.00   1.6764   1.1241   0.9535   0.6600   0.3908   0.3846   0.6086
       0.00   1.6818   1.1241   0.9535   0.6600   0.3908   0.3846   0.6431
       2.00   1.6764   1.1241   0.9535   0.6600   0.3908   0.3846   0.6243
       4.00   1.6666   1.1241   0.9535   0.6600   0.3908   0.3846   0.5719
       6.00   1.6540   1.1241   0.9535   0.6600   0.3908   0.3846   0.4961
       8.00   1.6395   1.1241   0.9535   0.6600   0.3908   0.3846   0.4329
      10.00   1.6234   1.1241   0.9535   0.6600   0.3908   0.3846   0.3878

    NOTE - XCP-W(B) USED FOR STABILITY ONLY DIFFERENT VALUES USED FOR HINGE MOMENTS
1         ***** THE USAF AUTOMATED MISSILE DATCOM * REV 3/99 *****     CASE   1
               AERODYNAMIC METHODS FOR MISSILE CONFIGURATIONS          PAGE  12
        FIN SET 1 PANEL BENDING MOMENTS (ABOUT EXPOSED ROOT CHORD)

       ******* FLIGHT CONDITIONS AND REFERENCE QUANTITIES *******
     MACH NO  =       0.30                REYNOLDS NO = 6.955E+06 /M
     ALTITUDE =        0.0 M         DYNAMIC PRESSURE =   6383.49 N/M**2
     SIDESLIP =       0.00 DEG                   ROLL =      0.00 DEG     
     REF AREA =      0.001 M**2         MOMENT CENTER =     0.250 M
     REF LENGTH =     0.65 M           LAT REF LENGTH =      0.65 M

   ALPHA   PANL 1   PANL 2   PANL 3   PANL 4   PANL 5   PANL 6   PANL 7   PANL 8
 
   -10.0  1.38E-05 -2.01E-03  2.03E-05  2.29E-03
    -8.0  1.69E-05 -1.55E-03  2.61E-05  1.82E-03
    -6.0  2.05E-05 -1.06E-03  3.05E-05  1.30E-03
    -4.0  2.64E-05 -6.24E-04  3.51E-05  8.35E-04
    -2.0  3.18E-05 -2.08E-04  3.67E-05  3.55E-04
     0.0  3.62E-05  3.62E-05  3.62E-05  3.62E-05
     2.0  3.76E-05  3.64E-04  3.26E-05 -2.14E-04
     4.0  3.68E-05  8.74E-04  2.76E-05 -6.53E-04
     6.0  3.28E-05  1.40E-03  2.21E-05 -1.14E-03
     8.0  2.72E-05  1.90E-03  1.76E-05 -1.61E-03
    10.0  2.11E-05  2.38E-03  1.43E-05 -2.08E-03
1         ***** THE USAF AUTOMATED MISSILE DATCOM * REV 3/99 *****     CASE   1
               AERODYNAMIC METHODS FOR MISSILE CONFIGURATIONS          PAGE  13
            FIN SET 1 PANEL HINGE MOMENTS (ABOUT HINGE LINE)

       ******* FLIGHT CONDITIONS AND REFERENCE QUANTITIES *******
     MACH NO  =       0.30                REYNOLDS NO = 6.955E+06 /M
     ALTITUDE =        0.0 M         DYNAMIC PRESSURE =   6383.49 N/M**2
     SIDESLIP =       0.00 DEG                   ROLL =      0.00 DEG     
     REF AREA =      0.001 M**2         MOMENT CENTER =     0.250 M
     REF LENGTH =     0.65 M           LAT REF LENGTH =      0.65 M

   ALPHA   PANL 1   PANL 2   PANL 3   PANL 4   PANL 5   PANL 6   PANL 7   PANL 8
 
   -10.0  4.25E-04 -5.49E-02  6.26E-04  6.16E-02
    -8.0  4.68E-04 -3.96E-02  7.23E-04  4.58E-02
    -6.0  5.11E-04 -2.52E-02  7.59E-04  3.06E-02
    -4.0  5.55E-04 -1.28E-02  7.39E-04  1.70E-02
    -2.0  6.00E-04 -3.91E-03  6.93E-04  6.62E-03
     0.0  6.46E-04  6.46E-04  6.46E-04  6.46E-04
     2.0  6.93E-04  6.62E-03  6.00E-04 -3.91E-03
     4.0  7.39E-04  1.70E-02  5.55E-04 -1.28E-02
     6.0  7.59E-04  3.06E-02  5.11E-04 -2.52E-02
     8.0  7.23E-04  4.58E-02  4.68E-04 -3.96E-02
    10.0  6.26E-04  6.16E-02  4.25E-04 -5.49E-02
1         ***** THE USAF AUTOMATED MISSILE DATCOM * REV 3/99 *****     CASE   1
               AERODYNAMIC METHODS FOR MISSILE CONFIGURATIONS          PAGE  14
                   STATIC AERODYNAMICS FOR BODY-FIN SET 1

       ******* FLIGHT CONDITIONS AND REFERENCE QUANTITIES *******
     MACH NO  =       0.30                REYNOLDS NO = 6.955E+06 /M
     ALTITUDE =        0.0 M         DYNAMIC PRESSURE =   6383.49 N/M**2
     SIDESLIP =       0.00 DEG                   ROLL =      0.00 DEG     
     REF AREA =      0.001 M**2         MOMENT CENTER =     0.250 M
     REF LENGTH =     0.65 M           LAT REF LENGTH =      0.65 M

                   ----- LONGITUDINAL -----     -- LATERAL DIRECTIONAL --
         ALPHA       CN        CM        CA        CY       CLN       CLL

        -10.00    -2.159     0.529     0.439    -0.014     0.006    -0.002
         -8.00    -1.538     0.363     0.442    -0.009     0.003    -0.002
         -6.00    -0.996     0.221     0.443    -0.005     0.002    -0.001
         -4.00    -0.549     0.109     0.444    -0.002     0.001    -0.001
         -2.00    -0.212     0.034     0.444     0.000     0.000    -0.001
          0.00     0.000     0.000     0.444     0.000     0.000    -0.001
          2.00     0.212    -0.034     0.444     0.000     0.000    -0.001
          4.00     0.549    -0.109     0.444     0.002    -0.001    -0.001
          6.00     0.996    -0.221     0.443     0.005    -0.002    -0.001
          8.00     1.538    -0.363     0.442     0.009    -0.003    -0.002
         10.00     2.159    -0.529     0.439     0.014    -0.006    -0.002

         ALPHA       CL        CD      CL/CD     X-C.P.

        -10.00    -2.050     0.807    -2.541    -0.245
         -8.00    -1.461     0.651    -2.244    -0.236
         -6.00    -0.944     0.545    -1.733    -0.222
         -4.00    -0.516     0.481    -1.073    -0.199
         -2.00    -0.197     0.451    -0.436    -0.159
          0.00     0.000     0.444     0.000    -0.388
          2.00     0.197     0.451     0.436    -0.159
          4.00     0.516     0.481     1.073    -0.199
          6.00     0.944     0.545     1.733    -0.222
          8.00     1.461     0.651     2.244    -0.236
         10.00     2.050     0.807     2.541    -0.245

    X-C.P. MEAS. FROM MOMENT CENTER IN REF. LENGTHS, NEG. AFT OF MOMENT CENTER
1         ***** THE USAF AUTOMATED MISSILE DATCOM * REV 3/99 *****     CASE   1
               AERODYNAMIC METHODS FOR MISSILE CONFIGURATIONS          PAGE  15
                   STATIC AERODYNAMICS FOR BODY-FIN SET 1

       ******* FLIGHT CONDITIONS AND REFERENCE QUANTITIES *******
     MACH NO  =       0.30                REYNOLDS NO = 6.955E+06 /M
     ALTITUDE =        0.0 M         DYNAMIC PRESSURE =   6383.49 N/M**2
     SIDESLIP =       0.00 DEG                   ROLL =      0.00 DEG     
     REF AREA =      0.001 M**2         MOMENT CENTER =     0.250 M
     REF LENGTH =     0.65 M           LAT REF LENGTH =      0.65 M

                   ---------- DERIVATIVES (PER DEGREE) ----------
         ALPHA       CNA         CMA         CYB         CLNB        CLLB
        -10.00      0.3306     -0.0894     -0.1009      0.0085     -0.0004
         -8.00      0.2907     -0.0771     -0.1040      0.0112     -0.0002
         -6.00      0.2472     -0.0634     -0.1049      0.0131     -0.0001
         -4.00      0.1958     -0.0467     -0.1021      0.0136     -0.0001
         -2.00      0.1370     -0.0272     -0.0958      0.0127     -0.0001
          0.00      0.1062     -0.0169     -0.0935      0.0124     -0.0001
          2.00      0.1370     -0.0272     -0.0964      0.0129     -0.0001
          4.00      0.1958     -0.0467     -0.1034      0.0141     -0.0001
          6.00      0.2472     -0.0634     -0.1047      0.0130      0.0000
          8.00      0.2907     -0.0771     -0.1014      0.0102      0.0002
         10.00      0.3306     -0.0894     -0.0976      0.0073      0.0003

    PANEL DEFLECTION ANGLES (DEGREES)
    SET    FIN 1   FIN 2   FIN 3   FIN 4   FIN 5   FIN 6   FIN 7   FIN 8
      1    0.70    0.70    0.70    0.70
1         ***** THE USAF AUTOMATED MISSILE DATCOM * REV 3/99 *****     CASE   1
               AERODYNAMIC METHODS FOR MISSILE CONFIGURATIONS          PAGE  16
                             BODY ALONE PARTIAL OUTPUT

       ******* FLIGHT CONDITIONS AND REFERENCE QUANTITIES *******
     MACH NO  =       0.60                REYNOLDS NO = 1.391E+07 /M
     ALTITUDE =        0.0 M         DYNAMIC PRESSURE =  25533.94 N/M**2
     SIDESLIP =       0.00 DEG                   ROLL =      0.00 DEG     
     REF AREA =      0.001 M**2         MOMENT CENTER =     0.250 M
     REF LENGTH =     0.65 M           LAT REF LENGTH =      0.65 M

      ALPHA    CA-FRIC  CA-PRES/WAVE CA-BASE    CA-PROT     CA-SEP     CA-ALP
     -10.00     0.1929     0.0133     0.1356                           0.0011
      -8.00     0.1950     0.0135     0.1360                           0.0013
      -6.00     0.1967     0.0136     0.1363                           0.0009
      -4.00     0.1979     0.0137     0.1364                           0.0005
      -2.00     0.1986     0.0137     0.1363                           0.0001
       0.00     0.1988     0.0138     0.1360                           0.0000
       2.00     0.1986     0.0137     0.1363                           0.0001
       4.00     0.1979     0.0137     0.1364                           0.0005
       6.00     0.1967     0.0136     0.1363                           0.0009
       8.00     0.1950     0.0135     0.1360                           0.0013
      10.00     0.1929     0.0133     0.1356                           0.0011

                     CROSS FLOW DRAG PROPORTIONALITY FACTOR = 0.76143

      ALPHA    CN-POTEN  CN-VISC   CN-SEP    CM-POTEN  CM-VISC   CM-SEP    CDC
     -10.00    -0.449    -0.392              -0.046     0.060             0.804
      -8.00    -0.363    -0.248              -0.037     0.038             0.791
      -6.00    -0.274    -0.137              -0.028     0.021             0.778
      -4.00    -0.183    -0.060              -0.019     0.009             0.766
      -2.00    -0.092    -0.015              -0.009     0.002             0.753
       0.00     0.000     0.000               0.000     0.000             0.740
       2.00     0.092     0.015               0.009    -0.002             0.753
       4.00     0.183     0.060               0.019    -0.009             0.766
       6.00     0.274     0.137               0.028    -0.021             0.778
       8.00     0.363     0.248               0.037    -0.038             0.791
      10.00     0.449     0.392               0.046    -0.060             0.804
1         ***** THE USAF AUTOMATED MISSILE DATCOM * REV 3/99 *****     CASE   1
               AERODYNAMIC METHODS FOR MISSILE CONFIGURATIONS          PAGE  17
                        FIN SET 1 CA PARTIAL OUTPUT

       ******* FLIGHT CONDITIONS AND REFERENCE QUANTITIES *******
     MACH NO  =       0.60                REYNOLDS NO = 1.391E+07 /M
     ALTITUDE =        0.0 M         DYNAMIC PRESSURE =  25533.94 N/M**2
     SIDESLIP =       0.00 DEG                   ROLL =      0.00 DEG     
     REF AREA =      0.001 M**2         MOMENT CENTER =     0.250 M
     REF LENGTH =     0.65 M           LAT REF LENGTH =      0.65 M

    SINGLE FIN PANEL ZERO-LIFT AXIAL FORCE COMPONENTS

    SKIN FRICTION        0.0133
    SUBSONIC PRESSURE    0.0011
    TRANSONIC WAVE       0.0000
    SUPERSONIC WAVE      0.0000
    LEADING EDGE         0.0000
    TRAILING EDGE        0.0000
    TOTAL CAO            0.0144

    FIN AXIAL FORCE DUE TO ANGLE OF ATTACK

    ALPHA      CA DUE TO LIFT (SINGLE PANEL)   CA-TOTAL (4 FINS)

     -10.00              0.0000                      0.0567
      -8.00              0.0000                      0.0571
      -6.00              0.0000                      0.0573
      -4.00              0.0000                      0.0575
      -2.00              0.0000                      0.0576
       0.00              0.0000                      0.0576
       2.00              0.0000                      0.0576
       4.00              0.0000                      0.0575
       6.00              0.0000                      0.0573
       8.00              0.0000                      0.0571
      10.00              0.0000                      0.0567
1         ***** THE USAF AUTOMATED MISSILE DATCOM * REV 3/99 *****     CASE   1
               AERODYNAMIC METHODS FOR MISSILE CONFIGURATIONS          PAGE  18
                       FIN SET 1 CN, CM PARTIAL OUTPUT

       ******* FLIGHT CONDITIONS AND REFERENCE QUANTITIES *******
     MACH NO  =       0.60                REYNOLDS NO = 1.391E+07 /M
     ALTITUDE =        0.0 M         DYNAMIC PRESSURE =  25533.94 N/M**2
     SIDESLIP =       0.00 DEG                   ROLL =      0.00 DEG     
     REF AREA =      0.001 M**2         MOMENT CENTER =     0.250 M
     REF LENGTH =     0.65 M           LAT REF LENGTH =      0.65 M

    NORMAL FORCE SLOPE AT ALPHA ZERO, CNA =    0.00486/DEG (1 PANEL)
         CENTER OF PRESSURE FOR LINEAR CN =   -0.39077 (CALIBERS FROM C.G.)
     CENTER OF PRESSURE FOR NON-LINEAR CN =   -0.46154 (CALIBERS FROM C.G.)

      ALPHA      CN        CN        CN        CM        CM        CM
               LINEAR  NON-LINEAR  TOTAL     LINEAR  NON-LINEAR  TOTAL

     -10.00   -0.0952   -0.2823   -0.3775    0.0372    0.1303    0.1675
      -8.00   -0.0767   -0.1813   -0.2581    0.0300    0.0837    0.1137
      -6.00   -0.0579   -0.1023   -0.1602    0.0226    0.0472    0.0698
      -4.00   -0.0387   -0.0456   -0.0843    0.0151    0.0210    0.0362
      -2.00   -0.0194   -0.0114   -0.0308    0.0076    0.0053    0.0129
       0.00    0.0000    0.0000    0.0000    0.0000    0.0000    0.0000
       2.00    0.0194    0.0114    0.0308   -0.0076   -0.0053   -0.0129
       4.00    0.0387    0.0456    0.0843   -0.0151   -0.0210   -0.0362
       6.00    0.0579    0.1023    0.1602   -0.0226   -0.0472   -0.0698
       8.00    0.0767    0.1813    0.2581   -0.0300   -0.0837   -0.1137
      10.00    0.0952    0.2823    0.3775   -0.0372   -0.1303   -0.1675
1         ***** THE USAF AUTOMATED MISSILE DATCOM * REV 3/99 *****     CASE   1
               AERODYNAMIC METHODS FOR MISSILE CONFIGURATIONS          PAGE  19
                 AERODYNAMIC FORCE AND MOMENT SYNTHESIS

       ******* FLIGHT CONDITIONS AND REFERENCE QUANTITIES *******
     MACH NO  =       0.60                REYNOLDS NO = 1.391E+07 /M
     ALTITUDE =        0.0 M         DYNAMIC PRESSURE =  25533.94 N/M**2
     SIDESLIP =       0.00 DEG                   ROLL =      0.00 DEG     
     REF AREA =      0.001 M**2         MOMENT CENTER =     0.250 M
     REF LENGTH =     0.65 M           LAT REF LENGTH =      0.65 M

          ---------------FIN SET 1 IN PRESENCE OF THE BODY----------------

      ALPHA       CN         CM         CA         CY         CLN        CLL

     -10.00    -0.8284     0.3237     0.0584    -0.0090     0.0035    -0.0021
      -8.00    -0.5827     0.2277     0.0583    -0.0056     0.0022    -0.0018
      -6.00    -0.3667     0.1433     0.0582    -0.0030     0.0012    -0.0015
      -4.00    -0.1903     0.0744     0.0580    -0.0012     0.0005    -0.0012
      -2.00    -0.0653     0.0255     0.0579    -0.0002     0.0001    -0.0009
       0.00     0.0000     0.0000     0.0578     0.0000     0.0000    -0.0006
       2.00     0.0653    -0.0255     0.0579     0.0002    -0.0001    -0.0009
       4.00     0.1903    -0.0744     0.0580     0.0012    -0.0005    -0.0012
       6.00     0.3667    -0.1433     0.0582     0.0030    -0.0012    -0.0015
       8.00     0.5827    -0.2277     0.0583     0.0056    -0.0022    -0.0018
      10.00     0.8284    -0.3237     0.0584     0.0090    -0.0035    -0.0021
1         ***** THE USAF AUTOMATED MISSILE DATCOM * REV 3/99 *****     CASE   1
               AERODYNAMIC METHODS FOR MISSILE CONFIGURATIONS          PAGE  20
                 AERODYNAMIC FORCE AND MOMENT SYNTHESIS

       ******* FLIGHT CONDITIONS AND REFERENCE QUANTITIES *******
     MACH NO  =       0.60                REYNOLDS NO = 1.391E+07 /M
     ALTITUDE =        0.0 M         DYNAMIC PRESSURE =  25533.94 N/M**2
     SIDESLIP =       0.00 DEG                   ROLL =      0.00 DEG     
     REF AREA =      0.001 M**2         MOMENT CENTER =     0.250 M
     REF LENGTH =     0.65 M           LAT REF LENGTH =      0.65 M

          ---------------FIN SET 1 PANEL CHARACTERISTICS------------------

      ALPHA      PANEL    AEQ (PANEL AXIS SYS.)    PANEL CN

     -10.00        1              0.3925           0.0026
     -10.00        2            -15.0703          -0.3863
     -10.00        3              0.5647           0.0037
     -10.00        4             16.2674           0.4421
 
      -8.00        1              0.4310           0.0028
      -8.00        2            -12.2311          -0.2677
      -8.00        3              0.6564           0.0044
      -8.00        4             13.4213           0.3150
 
      -6.00        1              0.4702           0.0031
      -6.00        2             -9.2264          -0.1644
      -6.00        3              0.6908           0.0046
      -6.00        4             10.4118           0.2024
 
      -4.00        1              0.5102           0.0034
      -4.00        2             -6.0544          -0.0813
      -4.00        3              0.6733           0.0045
      -4.00        4              7.2379           0.1091
 
      -2.00        1              0.5508           0.0036
      -2.00        2             -2.7581          -0.0241
      -2.00        3              0.6327           0.0042
      -2.00        4              3.9416           0.0412
 
       0.00        1              0.5918           0.0039
       0.00        2              0.5918           0.0039
       0.00        3              0.5918           0.0039
       0.00        4              0.5918           0.0039
 
       2.00        1              0.6327           0.0042
       2.00        2              3.9416           0.0412
       2.00        3              0.5508           0.0036
       2.00        4             -2.7581          -0.0241
 
       4.00        1              0.6733           0.0045
       4.00        2              7.2379           0.1091
       4.00        3              0.5102           0.0034
       4.00        4             -6.0544          -0.0813
 
       6.00        1              0.6908           0.0046
       6.00        2             10.4118           0.2024
       6.00        3              0.4702           0.0031
       6.00        4             -9.2264          -0.1644
 
       8.00        1              0.6564           0.0044
       8.00        2             13.4213           0.3150
       8.00        3              0.4310           0.0028
       8.00        4            -12.2311          -0.2677
 
      10.00        1              0.5647           0.0037
      10.00        2             16.2674           0.4421
      10.00        3              0.3925           0.0026
      10.00        4            -15.0703          -0.3863
 
1         ***** THE USAF AUTOMATED MISSILE DATCOM * REV 3/99 *****     CASE   1
               AERODYNAMIC METHODS FOR MISSILE CONFIGURATIONS          PAGE  21
                 AERODYNAMIC FORCE AND MOMENT SYNTHESIS

       ******* FLIGHT CONDITIONS AND REFERENCE QUANTITIES *******
     MACH NO  =       0.60                REYNOLDS NO = 1.391E+07 /M
     ALTITUDE =        0.0 M         DYNAMIC PRESSURE =  25533.94 N/M**2
     SIDESLIP =       0.00 DEG                   ROLL =      0.00 DEG     
     REF AREA =      0.001 M**2         MOMENT CENTER =     0.250 M
     REF LENGTH =     0.65 M           LAT REF LENGTH =      0.65 M

             CARRYOVER INTERFERENCE FACTORS - FIN SET 1

      ALPHA   K-W(B)   K-B(W)  KK-W(B)  KK-B(W)  XCP-W(B) XCP-B(W) Y-CP/(B/2)

     -10.00   1.6234   1.1241   0.9535   0.6600   0.3908   0.3846   0.3993
      -8.00   1.6395   1.1241   0.9535   0.6600   0.3908   0.3846   0.4267
      -6.00   1.6540   1.1241   0.9535   0.6600   0.3908   0.3846   0.4593
      -4.00   1.6666   1.1241   0.9535   0.6600   0.3908   0.3846   0.5159
      -2.00   1.6764   1.1241   0.9535   0.6600   0.3908   0.3846   0.5576
       0.00   1.6818   1.1241   0.9535   0.6600   0.3908   0.3846   0.5805
       2.00   1.6764   1.1241   0.9535   0.6600   0.3908   0.3846   0.5681
       4.00   1.6666   1.1241   0.9535   0.6600   0.3908   0.3846   0.5329
       6.00   1.6540   1.1241   0.9535   0.6600   0.3908   0.3846   0.4819
       8.00   1.6395   1.1241   0.9535   0.6600   0.3908   0.3846   0.4404
      10.00   1.6234   1.1241   0.9535   0.6600   0.3908   0.3846   0.4060

    NOTE - XCP-W(B) USED FOR STABILITY ONLY DIFFERENT VALUES USED FOR HINGE MOMENTS
1         ***** THE USAF AUTOMATED MISSILE DATCOM * REV 3/99 *****     CASE   1
               AERODYNAMIC METHODS FOR MISSILE CONFIGURATIONS          PAGE  22
        FIN SET 1 PANEL BENDING MOMENTS (ABOUT EXPOSED ROOT CHORD)

       ******* FLIGHT CONDITIONS AND REFERENCE QUANTITIES *******
     MACH NO  =       0.60                REYNOLDS NO = 1.391E+07 /M
     ALTITUDE =        0.0 M         DYNAMIC PRESSURE =  25533.94 N/M**2
     SIDESLIP =       0.00 DEG                   ROLL =      0.00 DEG     
     REF AREA =      0.001 M**2         MOMENT CENTER =     0.250 M
     REF LENGTH =     0.65 M           LAT REF LENGTH =      0.65 M

   ALPHA   PANL 1   PANL 2   PANL 3   PANL 4   PANL 5   PANL 6   PANL 7   PANL 8
 
   -10.0  1.50E-05 -2.25E-03  2.18E-05  2.58E-03
    -8.0  1.76E-05 -1.67E-03  2.72E-05  1.96E-03
    -6.0  2.07E-05 -1.10E-03  3.08E-05  1.36E-03
    -4.0  2.53E-05 -6.13E-04  3.37E-05  8.22E-04
    -2.0  2.96E-05 -1.96E-04  3.42E-05  3.36E-04
     0.0  3.32E-05  3.32E-05  3.32E-05  3.32E-05
     2.0  3.48E-05  3.42E-04  3.02E-05 -2.00E-04
     4.0  3.48E-05  8.50E-04  2.62E-05 -6.33E-04
     6.0  3.24E-05  1.43E-03  2.18E-05 -1.16E-03
     8.0  2.80E-05  2.03E-03  1.82E-05 -1.72E-03
    10.0  2.21E-05  2.62E-03  1.53E-05 -2.29E-03
1         ***** THE USAF AUTOMATED MISSILE DATCOM * REV 3/99 *****     CASE   1
               AERODYNAMIC METHODS FOR MISSILE CONFIGURATIONS          PAGE  23
            FIN SET 1 PANEL HINGE MOMENTS (ABOUT HINGE LINE)

       ******* FLIGHT CONDITIONS AND REFERENCE QUANTITIES *******
     MACH NO  =       0.60                REYNOLDS NO = 1.391E+07 /M
     ALTITUDE =        0.0 M         DYNAMIC PRESSURE =  25533.94 N/M**2
     SIDESLIP =       0.00 DEG                   ROLL =      0.00 DEG     
     REF AREA =      0.001 M**2         MOMENT CENTER =     0.250 M
     REF LENGTH =     0.65 M           LAT REF LENGTH =      0.65 M

   ALPHA   PANL 1   PANL 2   PANL 3   PANL 4   PANL 5   PANL 6   PANL 7   PANL 8
 
   -10.0  4.30E-04 -5.72E-02  6.23E-04  6.43E-02
    -8.0  4.72E-04 -4.12E-02  7.27E-04  4.78E-02
    -6.0  5.16E-04 -2.62E-02  7.67E-04  3.18E-02
    -4.0  5.61E-04 -1.33E-02  7.47E-04  1.77E-02
    -2.0  6.07E-04 -4.00E-03  7.00E-04  6.81E-03
     0.0  6.53E-04  6.53E-04  6.53E-04  6.53E-04
     2.0  7.00E-04  6.81E-03  6.07E-04 -4.00E-03
     4.0  7.47E-04  1.77E-02  5.61E-04 -1.33E-02
     6.0  7.67E-04  3.18E-02  5.16E-04 -2.62E-02
     8.0  7.27E-04  4.78E-02  4.72E-04 -4.12E-02
    10.0  6.23E-04  6.43E-02  4.30E-04 -5.72E-02
1         ***** THE USAF AUTOMATED MISSILE DATCOM * REV 3/99 *****     CASE   1
               AERODYNAMIC METHODS FOR MISSILE CONFIGURATIONS          PAGE  24
                   STATIC AERODYNAMICS FOR BODY-FIN SET 1

       ******* FLIGHT CONDITIONS AND REFERENCE QUANTITIES *******
     MACH NO  =       0.60                REYNOLDS NO = 1.391E+07 /M
     ALTITUDE =        0.0 M         DYNAMIC PRESSURE =  25533.94 N/M**2
     SIDESLIP =       0.00 DEG                   ROLL =      0.00 DEG     
     REF AREA =      0.001 M**2         MOMENT CENTER =     0.250 M
     REF LENGTH =     0.65 M           LAT REF LENGTH =      0.65 M

                   ----- LONGITUDINAL -----     -- LATERAL DIRECTIONAL --
         ALPHA       CN        CM        CA        CY       CLN       CLL

        -10.00    -2.243     0.558     0.401    -0.015     0.006    -0.002
         -8.00    -1.592     0.382     0.404    -0.009     0.004    -0.002
         -6.00    -1.027     0.232     0.406    -0.005     0.002    -0.002
         -4.00    -0.562     0.114     0.406    -0.002     0.001    -0.001
         -2.00    -0.216     0.035     0.407     0.000     0.000    -0.001
          0.00     0.000     0.000     0.406     0.000     0.000    -0.001
          2.00     0.216    -0.035     0.407     0.000     0.000    -0.001
          4.00     0.562    -0.114     0.406     0.002    -0.001    -0.001
          6.00     1.027    -0.232     0.406     0.005    -0.002    -0.002
          8.00     1.592    -0.382     0.404     0.009    -0.004    -0.002
         10.00     2.243    -0.558     0.401     0.015    -0.006    -0.002

         ALPHA       CL        CD      CL/CD     X-C.P.

        -10.00    -2.139     0.785    -2.726    -0.249
         -8.00    -1.521     0.622    -2.446    -0.240
         -6.00    -0.979     0.511    -1.917    -0.226
         -4.00    -0.533     0.445    -1.198    -0.203
         -2.00    -0.201     0.414    -0.487    -0.163
          0.00     0.000     0.406     0.000    -0.388
          2.00     0.201     0.414     0.487    -0.163
          4.00     0.533     0.445     1.198    -0.203
          6.00     0.979     0.511     1.917    -0.226
          8.00     1.521     0.622     2.446    -0.240
         10.00     2.139     0.785     2.726    -0.249

    X-C.P. MEAS. FROM MOMENT CENTER IN REF. LENGTHS, NEG. AFT OF MOMENT CENTER
1         ***** THE USAF AUTOMATED MISSILE DATCOM * REV 3/99 *****     CASE   1
               AERODYNAMIC METHODS FOR MISSILE CONFIGURATIONS          PAGE  25
                   STATIC AERODYNAMICS FOR BODY-FIN SET 1

       ******* FLIGHT CONDITIONS AND REFERENCE QUANTITIES *******
     MACH NO  =       0.60                REYNOLDS NO = 1.391E+07 /M
     ALTITUDE =        0.0 M         DYNAMIC PRESSURE =  25533.94 N/M**2
     SIDESLIP =       0.00 DEG                   ROLL =      0.00 DEG     
     REF AREA =      0.001 M**2         MOMENT CENTER =     0.250 M
     REF LENGTH =     0.65 M           LAT REF LENGTH =      0.65 M

                   ---------- DERIVATIVES (PER DEGREE) ----------
         ALPHA       CNA         CMA         CYB         CLNB        CLLB
        -10.00      0.3467     -0.0946     -0.1021      0.0086     -0.0004
         -8.00      0.3038     -0.0815     -0.1053      0.0115     -0.0002
         -6.00      0.2574     -0.0669     -0.1062      0.0135     -0.0001
         -4.00      0.2027     -0.0492     -0.1033      0.0140     -0.0001
         -2.00      0.1404     -0.0285     -0.0968      0.0131     -0.0001
          0.00      0.1079     -0.0176     -0.0945      0.0128     -0.0001
          2.00      0.1404     -0.0285     -0.0975      0.0133     -0.0001
          4.00      0.2027     -0.0492     -0.1047      0.0145     -0.0001
          6.00      0.2574     -0.0669     -0.1060      0.0134      0.0000
          8.00      0.3038     -0.0815     -0.1025      0.0104      0.0002
         10.00      0.3467     -0.0946     -0.0986      0.0073      0.0003

    PANEL DEFLECTION ANGLES (DEGREES)
    SET    FIN 1   FIN 2   FIN 3   FIN 4   FIN 5   FIN 6   FIN 7   FIN 8
      1    0.70    0.70    0.70    0.70
1         ***** THE USAF AUTOMATED MISSILE DATCOM * REV 3/99 *****     CASE   1
               AERODYNAMIC METHODS FOR MISSILE CONFIGURATIONS          PAGE  26
                             BODY ALONE PARTIAL OUTPUT

       ******* FLIGHT CONDITIONS AND REFERENCE QUANTITIES *******
     MACH NO  =       0.90                REYNOLDS NO = 2.087E+07 /M
     ALTITUDE =        0.0 M         DYNAMIC PRESSURE =  57451.37 N/M**2
     SIDESLIP =       0.00 DEG                   ROLL =      0.00 DEG     
     REF AREA =      0.001 M**2         MOMENT CENTER =     0.250 M
     REF LENGTH =     0.65 M           LAT REF LENGTH =      0.65 M

      ALPHA    CA-FRIC  CA-PRES/WAVE CA-BASE    CA-PROT     CA-SEP     CA-ALP
     -10.00     0.1756     0.0411     0.1315                           0.0012
      -8.00     0.1775     0.0415     0.1319                           0.0014
      -6.00     0.1791     0.0419     0.1322                           0.0010
      -4.00     0.1802     0.0422     0.1323                           0.0005
      -2.00     0.1808     0.0423     0.1322                           0.0001
       0.00     0.1810     0.0424     0.1320                           0.0000
       2.00     0.1808     0.0423     0.1322                           0.0001
       4.00     0.1802     0.0422     0.1323                           0.0005
       6.00     0.1791     0.0419     0.1322                           0.0010
       8.00     0.1775     0.0415     0.1319                           0.0014
      10.00     0.1756     0.0411     0.1315                           0.0012

                     CROSS FLOW DRAG PROPORTIONALITY FACTOR = 0.76387

      ALPHA    CN-POTEN  CN-VISC   CN-SEP    CM-POTEN  CM-VISC   CM-SEP    CDC
     -10.00    -0.461    -0.408              -0.041     0.062             0.836
      -8.00    -0.372    -0.256              -0.033     0.039             0.817
      -6.00    -0.281    -0.141              -0.025     0.022             0.798
      -4.00    -0.188    -0.061              -0.017     0.009             0.778
      -2.00    -0.094    -0.015              -0.008     0.002             0.759
       0.00     0.000     0.000               0.000     0.000             0.740
       2.00     0.094     0.015               0.008    -0.002             0.759
       4.00     0.188     0.061               0.017    -0.009             0.778
       6.00     0.281     0.141               0.025    -0.022             0.798
       8.00     0.372     0.256               0.033    -0.039             0.817
      10.00     0.461     0.408               0.041    -0.062             0.836
1         ***** THE USAF AUTOMATED MISSILE DATCOM * REV 3/99 *****     CASE   1
               AERODYNAMIC METHODS FOR MISSILE CONFIGURATIONS          PAGE  27
                        FIN SET 1 CA PARTIAL OUTPUT

       ******* FLIGHT CONDITIONS AND REFERENCE QUANTITIES *******
     MACH NO  =       0.90                REYNOLDS NO = 2.087E+07 /M
     ALTITUDE =        0.0 M         DYNAMIC PRESSURE =  57451.37 N/M**2
     SIDESLIP =       0.00 DEG                   ROLL =      0.00 DEG     
     REF AREA =      0.001 M**2         MOMENT CENTER =     0.250 M
     REF LENGTH =     0.65 M           LAT REF LENGTH =      0.65 M

    SINGLE FIN PANEL ZERO-LIFT AXIAL FORCE COMPONENTS

    SKIN FRICTION        0.0121
    SUBSONIC PRESSURE    0.0010
    TRANSONIC WAVE       0.0144
    SUPERSONIC WAVE      0.0000
    LEADING EDGE         0.0000
    TRAILING EDGE        0.0000
    TOTAL CAO            0.0275

    FIN AXIAL FORCE DUE TO ANGLE OF ATTACK

    ALPHA      CA DUE TO LIFT (SINGLE PANEL)   CA-TOTAL (4 FINS)

     -10.00              0.0000                      0.1083
      -8.00              0.0000                      0.1089
      -6.00              0.0000                      0.1094
      -4.00              0.0000                      0.1097
      -2.00              0.0000                      0.1099
       0.00              0.0000                      0.1100
       2.00              0.0000                      0.1099
       4.00              0.0000                      0.1097
       6.00              0.0000                      0.1094
       8.00              0.0000                      0.1089
      10.00              0.0000                      0.1083
1         ***** THE USAF AUTOMATED MISSILE DATCOM * REV 3/99 *****     CASE   1
               AERODYNAMIC METHODS FOR MISSILE CONFIGURATIONS          PAGE  28
                       FIN SET 1 CN, CM PARTIAL OUTPUT

       ******* FLIGHT CONDITIONS AND REFERENCE QUANTITIES *******
     MACH NO  =       0.90                REYNOLDS NO = 2.087E+07 /M
     ALTITUDE =        0.0 M         DYNAMIC PRESSURE =  57451.37 N/M**2
     SIDESLIP =       0.00 DEG                   ROLL =      0.00 DEG     
     REF AREA =      0.001 M**2         MOMENT CENTER =     0.250 M
     REF LENGTH =     0.65 M           LAT REF LENGTH =      0.65 M

    NORMAL FORCE SLOPE AT ALPHA ZERO, CNA =    0.00485/DEG (1 PANEL)
         CENTER OF PRESSURE FOR LINEAR CN =   -0.39077 (CALIBERS FROM C.G.)
     CENTER OF PRESSURE FOR NON-LINEAR CN =   -0.46154 (CALIBERS FROM C.G.)

      ALPHA      CN        CN        CN        CM        CM        CM
               LINEAR  NON-LINEAR  TOTAL     LINEAR  NON-LINEAR  TOTAL

     -10.00   -0.0950   -0.1943   -0.2892    0.0371    0.0897    0.1268
      -8.00   -0.0765   -0.1249   -0.2014    0.0299    0.0576    0.0875
      -6.00   -0.0577   -0.0705   -0.1282    0.0226    0.0325    0.0551
      -4.00   -0.0386   -0.0314   -0.0700    0.0151    0.0145    0.0296
      -2.00   -0.0194   -0.0079   -0.0272    0.0076    0.0036    0.0112
       0.00    0.0000    0.0000    0.0000    0.0000    0.0000    0.0000
       2.00    0.0194    0.0079    0.0272   -0.0076   -0.0036   -0.0112
       4.00    0.0386    0.0314    0.0700   -0.0151   -0.0145   -0.0296
       6.00    0.0577    0.0705    0.1282   -0.0226   -0.0325   -0.0551
       8.00    0.0765    0.1249    0.2014   -0.0299   -0.0576   -0.0875
      10.00    0.0950    0.1943    0.2892   -0.0371   -0.0897   -0.1268
1         ***** THE USAF AUTOMATED MISSILE DATCOM * REV 3/99 *****     CASE   1
               AERODYNAMIC METHODS FOR MISSILE CONFIGURATIONS          PAGE  29
                 AERODYNAMIC FORCE AND MOMENT SYNTHESIS

       ******* FLIGHT CONDITIONS AND REFERENCE QUANTITIES *******
     MACH NO  =       0.90                REYNOLDS NO = 2.087E+07 /M
     ALTITUDE =        0.0 M         DYNAMIC PRESSURE =  57451.37 N/M**2
     SIDESLIP =       0.00 DEG                   ROLL =      0.00 DEG     
     REF AREA =      0.001 M**2         MOMENT CENTER =     0.250 M
     REF LENGTH =     0.65 M           LAT REF LENGTH =      0.65 M

          ---------------FIN SET 1 IN PRESENCE OF THE BODY----------------

      ALPHA       CN         CM         CA         CY         CLN        CLL

     -10.00    -0.6137     0.2398     0.1105    -0.0065     0.0025    -0.0015
      -8.00    -0.4380     0.1711     0.1105    -0.0040     0.0016    -0.0014
      -6.00    -0.2814     0.1100     0.1104    -0.0021     0.0008    -0.0012
      -4.00    -0.1509     0.0590     0.1103    -0.0008     0.0003    -0.0010
      -2.00    -0.0550     0.0215     0.1102    -0.0002     0.0001    -0.0007
       0.00     0.0000     0.0000     0.1102     0.0000     0.0000    -0.0005
       2.00     0.0550    -0.0215     0.1102     0.0002    -0.0001    -0.0007
       4.00     0.1509    -0.0590     0.1103     0.0008    -0.0003    -0.0010
       6.00     0.2814    -0.1100     0.1104     0.0021    -0.0008    -0.0012
       8.00     0.4380    -0.1711     0.1105     0.0040    -0.0016    -0.0014
      10.00     0.6137    -0.2398     0.1105     0.0065    -0.0025    -0.0015
1         ***** THE USAF AUTOMATED MISSILE DATCOM * REV 3/99 *****     CASE   1
               AERODYNAMIC METHODS FOR MISSILE CONFIGURATIONS          PAGE  30
                 AERODYNAMIC FORCE AND MOMENT SYNTHESIS

       ******* FLIGHT CONDITIONS AND REFERENCE QUANTITIES *******
     MACH NO  =       0.90                REYNOLDS NO = 2.087E+07 /M
     ALTITUDE =        0.0 M         DYNAMIC PRESSURE =  57451.37 N/M**2
     SIDESLIP =       0.00 DEG                   ROLL =      0.00 DEG     
     REF AREA =      0.001 M**2         MOMENT CENTER =     0.250 M
     REF LENGTH =     0.65 M           LAT REF LENGTH =      0.65 M

          ---------------FIN SET 1 PANEL CHARACTERISTICS------------------

      ALPHA      PANEL    AEQ (PANEL AXIS SYS.)    PANEL CN

     -10.00        1              0.3924           0.0024
     -10.00        2            -15.0661          -0.2870
     -10.00        3              0.5557           0.0034
     -10.00        4             16.2637           0.3268
 
      -8.00        1              0.4309           0.0026
      -8.00        2            -12.2310          -0.2020
      -8.00        3              0.6533           0.0040
      -8.00        4             13.4215           0.2360
 
      -6.00        1              0.4702           0.0028
      -6.00        2             -9.2278          -0.1268
      -6.00        3              0.6902           0.0042
      -6.00        4             10.4133           0.1546
 
      -4.00        1              0.5102           0.0031
      -4.00        2             -6.0553          -0.0650
      -4.00        3              0.6733           0.0041
      -4.00        4              7.2388           0.0859
 
      -2.00        1              0.5508           0.0033
      -2.00        2             -2.7583          -0.0207
      -2.00        3              0.6327           0.0038
      -2.00        4              3.9418           0.0343
 
       0.00        1              0.5918           0.0036
       0.00        2              0.5918           0.0036
       0.00        3              0.5918           0.0036
       0.00        4              0.5918           0.0036
 
       2.00        1              0.6327           0.0038
       2.00        2              3.9418           0.0343
       2.00        3              0.5508           0.0033
       2.00        4             -2.7583          -0.0207
 
       4.00        1              0.6733           0.0041
       4.00        2              7.2388           0.0859
       4.00        3              0.5102           0.0031
       4.00        4             -6.0553          -0.0650
 
       6.00        1              0.6902           0.0042
       6.00        2             10.4133           0.1546
       6.00        3              0.4702           0.0028
       6.00        4             -9.2278          -0.1268
 
       8.00        1              0.6533           0.0040
       8.00        2             13.4215           0.2360
       8.00        3              0.4309           0.0026
       8.00        4            -12.2310          -0.2020
 
      10.00        1              0.5557           0.0034
      10.00        2             16.2637           0.3268
      10.00        3              0.3924           0.0024
      10.00        4            -15.0661          -0.2870
 
1         ***** THE USAF AUTOMATED MISSILE DATCOM * REV 3/99 *****     CASE   1
               AERODYNAMIC METHODS FOR MISSILE CONFIGURATIONS          PAGE  31
                 AERODYNAMIC FORCE AND MOMENT SYNTHESIS

       ******* FLIGHT CONDITIONS AND REFERENCE QUANTITIES *******
     MACH NO  =       0.90                REYNOLDS NO = 2.087E+07 /M
     ALTITUDE =        0.0 M         DYNAMIC PRESSURE =  57451.37 N/M**2
     SIDESLIP =       0.00 DEG                   ROLL =      0.00 DEG     
     REF AREA =      0.001 M**2         MOMENT CENTER =     0.250 M
     REF LENGTH =     0.65 M           LAT REF LENGTH =      0.65 M

             CARRYOVER INTERFERENCE FACTORS - FIN SET 1

      ALPHA   K-W(B)   K-B(W)  KK-W(B)  KK-B(W)  XCP-W(B) XCP-B(W) Y-CP/(B/2)

     -10.00   1.6243   1.1241   0.9535   0.6600   0.3908   0.3846   0.4301
      -8.00   1.6402   1.1241   0.9535   0.6600   0.3908   0.3846   0.4437
      -6.00   1.6545   1.1241   0.9535   0.6600   0.3908   0.3846   0.4576
      -4.00   1.6668   1.1241   0.9535   0.6600   0.3908   0.3846   0.4703
      -2.00   1.6765   1.1241   0.9535   0.6600   0.3908   0.3846   0.4799
       0.00   1.6818   1.1241   0.9535   0.6600   0.3908   0.3846   0.4856
       2.00   1.6765   1.1241   0.9535   0.6600   0.3908   0.3846   0.4824
       4.00   1.6668   1.1241   0.9535   0.6600   0.3908   0.3846   0.4742
       6.00   1.6545   1.1241   0.9535   0.6600   0.3908   0.3846   0.4627
       8.00   1.6402   1.1241   0.9535   0.6600   0.3908   0.3846   0.4489
      10.00   1.6243   1.1241   0.9535   0.6600   0.3908   0.3846   0.4361

    NOTE - XCP-W(B) USED FOR STABILITY ONLY DIFFERENT VALUES USED FOR HINGE MOMENTS
1         ***** THE USAF AUTOMATED MISSILE DATCOM * REV 3/99 *****     CASE   1
               AERODYNAMIC METHODS FOR MISSILE CONFIGURATIONS          PAGE  32
        FIN SET 1 PANEL BENDING MOMENTS (ABOUT EXPOSED ROOT CHORD)

       ******* FLIGHT CONDITIONS AND REFERENCE QUANTITIES *******
     MACH NO  =       0.90                REYNOLDS NO = 2.087E+07 /M
     ALTITUDE =        0.0 M         DYNAMIC PRESSURE =  57451.37 N/M**2
     SIDESLIP =       0.00 DEG                   ROLL =      0.00 DEG     
     REF AREA =      0.001 M**2         MOMENT CENTER =     0.250 M
     REF LENGTH =     0.65 M           LAT REF LENGTH =      0.65 M

   ALPHA   PANL 1   PANL 2   PANL 3   PANL 4   PANL 5   PANL 6   PANL 7   PANL 8
 
   -10.0  1.48E-05 -1.80E-03  2.11E-05  2.05E-03
    -8.0  1.68E-05 -1.31E-03  2.57E-05  1.53E-03
    -6.0  1.90E-05 -8.48E-04  2.81E-05  1.03E-03
    -4.0  2.12E-05 -4.47E-04  2.81E-05  5.90E-04
    -2.0  2.34E-05 -1.45E-04  2.69E-05  2.40E-04
     0.0  2.54E-05  2.54E-05  2.54E-05  2.54E-05
     2.0  2.71E-05  2.42E-04  2.35E-05 -1.46E-04
     4.0  2.84E-05  5.95E-04  2.13E-05 -4.51E-04
     6.0  2.84E-05  1.05E-03  1.92E-05 -8.58E-04
     8.0  2.60E-05  1.55E-03  1.70E-05 -1.32E-03
    10.0  2.14E-05  2.08E-03  1.50E-05 -1.83E-03
1         ***** THE USAF AUTOMATED MISSILE DATCOM * REV 3/99 *****     CASE   1
               AERODYNAMIC METHODS FOR MISSILE CONFIGURATIONS          PAGE  33
            FIN SET 1 PANEL HINGE MOMENTS (ABOUT HINGE LINE)

       ******* FLIGHT CONDITIONS AND REFERENCE QUANTITIES *******
     MACH NO  =       0.90                REYNOLDS NO = 2.087E+07 /M
     ALTITUDE =        0.0 M         DYNAMIC PRESSURE =  57451.37 N/M**2
     SIDESLIP =       0.00 DEG                   ROLL =      0.00 DEG     
     REF AREA =      0.001 M**2         MOMENT CENTER =     0.250 M
     REF LENGTH =     0.65 M           LAT REF LENGTH =      0.65 M

   ALPHA   PANL 1   PANL 2   PANL 3   PANL 4   PANL 5   PANL 6   PANL 7   PANL 8
 
   -10.0  3.88E-04 -4.39E-02  5.52E-04  4.94E-02
    -8.0  4.26E-04 -3.16E-02  6.51E-04  3.66E-02
    -6.0  4.65E-04 -2.02E-02  6.89E-04  2.44E-02
    -4.0  5.06E-04 -1.05E-02  6.72E-04  1.38E-02
    -2.0  5.47E-04 -3.39E-03  6.30E-04  5.59E-03
     0.0  5.88E-04  5.88E-04  5.88E-04  5.88E-04
     2.0  6.30E-04  5.59E-03  5.47E-04 -3.39E-03
     4.0  6.72E-04  1.38E-02  5.06E-04 -1.05E-02
     6.0  6.89E-04  2.44E-02  4.65E-04 -2.02E-02
     8.0  6.51E-04  3.66E-02  4.26E-04 -3.16E-02
    10.0  5.52E-04  4.94E-02  3.88E-04 -4.39E-02
1         ***** THE USAF AUTOMATED MISSILE DATCOM * REV 3/99 *****     CASE   1
               AERODYNAMIC METHODS FOR MISSILE CONFIGURATIONS          PAGE  34
                   STATIC AERODYNAMICS FOR BODY-FIN SET 1

       ******* FLIGHT CONDITIONS AND REFERENCE QUANTITIES *******
     MACH NO  =       0.90                REYNOLDS NO = 2.087E+07 /M
     ALTITUDE =        0.0 M         DYNAMIC PRESSURE =  57451.37 N/M**2
     SIDESLIP =       0.00 DEG                   ROLL =      0.00 DEG     
     REF AREA =      0.001 M**2         MOMENT CENTER =     0.250 M
     REF LENGTH =     0.65 M           LAT REF LENGTH =      0.65 M

                   ----- LONGITUDINAL -----     -- LATERAL DIRECTIONAL --
         ALPHA       CN        CM        CA        CY       CLN       CLL

        -10.00    -1.908     0.425     0.460    -0.011     0.004    -0.002
         -8.00    -1.367     0.293     0.463    -0.007     0.003    -0.001
         -6.00    -0.895     0.180     0.465    -0.003     0.001    -0.001
         -4.00    -0.502     0.091     0.465    -0.001     0.001    -0.001
         -2.00    -0.201     0.030     0.466     0.000     0.000    -0.001
          0.00     0.000     0.000     0.466     0.000     0.000     0.000
          2.00     0.201    -0.030     0.466     0.000     0.000    -0.001
          4.00     0.502    -0.091     0.465     0.001    -0.001    -0.001
          6.00     0.895    -0.180     0.465     0.003    -0.001    -0.001
          8.00     1.367    -0.293     0.463     0.007    -0.003    -0.001
         10.00     1.908    -0.425     0.460     0.011    -0.004    -0.002

         ALPHA       CL        CD      CL/CD     X-C.P.

        -10.00    -1.799     0.784    -2.294    -0.223
         -8.00    -1.289     0.649    -1.988    -0.214
         -6.00    -0.841     0.556    -1.515    -0.201
         -4.00    -0.469     0.499    -0.939    -0.181
         -2.00    -0.185     0.472    -0.391    -0.147
          0.00     0.000     0.466     0.000    -0.388
          2.00     0.185     0.472     0.391    -0.147
          4.00     0.469     0.499     0.939    -0.181
          6.00     0.841     0.556     1.515    -0.201
          8.00     1.289     0.649     1.988    -0.214
         10.00     1.799     0.784     2.294    -0.223

    X-C.P. MEAS. FROM MOMENT CENTER IN REF. LENGTHS, NEG. AFT OF MOMENT CENTER
1         ***** THE USAF AUTOMATED MISSILE DATCOM * REV 3/99 *****     CASE   1
               AERODYNAMIC METHODS FOR MISSILE CONFIGURATIONS          PAGE  35
                   STATIC AERODYNAMICS FOR BODY-FIN SET 1

       ******* FLIGHT CONDITIONS AND REFERENCE QUANTITIES *******
     MACH NO  =       0.90                REYNOLDS NO = 2.087E+07 /M
     ALTITUDE =        0.0 M         DYNAMIC PRESSURE =  57451.37 N/M**2
     SIDESLIP =       0.00 DEG                   ROLL =      0.00 DEG     
     REF AREA =      0.001 M**2         MOMENT CENTER =     0.250 M
     REF LENGTH =     0.65 M           LAT REF LENGTH =      0.65 M

                   ---------- DERIVATIVES (PER DEGREE) ----------
         ALPHA       CNA         CMA         CYB         CLNB        CLLB
        -10.00      0.2881     -0.0708     -0.1017      0.0082     -0.0003
         -8.00      0.2532     -0.0611     -0.1039      0.0107     -0.0002
         -6.00      0.2160     -0.0505     -0.1038      0.0124     -0.0001
         -4.00      0.1733     -0.0376     -0.1001      0.0128     -0.0001
         -2.00      0.1255     -0.0227     -0.0933      0.0117     -0.0001
          0.00      0.1006     -0.0148     -0.0908      0.0114     -0.0001
          2.00      0.1255     -0.0227     -0.0938      0.0119     -0.0001
          4.00      0.1733     -0.0376     -0.1011      0.0131     -0.0001
          6.00      0.2160     -0.0505     -0.1036      0.0124      0.0000
          8.00      0.2532     -0.0611     -0.1019      0.0100      0.0002
         10.00      0.2881     -0.0708     -0.0993      0.0072      0.0003

    PANEL DEFLECTION ANGLES (DEGREES)
    SET    FIN 1   FIN 2   FIN 3   FIN 4   FIN 5   FIN 6   FIN 7   FIN 8
      1    0.70    0.70    0.70    0.70
1         ***** THE USAF AUTOMATED MISSILE DATCOM * REV 3/99 *****     CASE   1
               AERODYNAMIC METHODS FOR MISSILE CONFIGURATIONS          PAGE  36
                             BODY ALONE PARTIAL OUTPUT

       ******* FLIGHT CONDITIONS AND REFERENCE QUANTITIES *******
     MACH NO  =       1.10                REYNOLDS NO = 2.550E+07 /M
     ALTITUDE =        0.0 M         DYNAMIC PRESSURE =  85822.41 N/M**2
     SIDESLIP =       0.00 DEG                   ROLL =      0.00 DEG     
     REF AREA =      0.001 M**2         MOMENT CENTER =     0.250 M
     REF LENGTH =     0.65 M           LAT REF LENGTH =      0.65 M

      ALPHA    CA-FRIC  CA-PRES/WAVE CA-BASE    CA-PROT     CA-SEP     CA-ALP
     -10.00     0.1661     0.1222     0.2013                           0.0019
      -8.00     0.1679     0.1235     0.2021                           0.0019
      -6.00     0.1694     0.1246     0.2027                           0.0014
      -4.00     0.1704     0.1253     0.2031                           0.0007
      -2.00     0.1710     0.1258     0.2032                           0.0002
       0.00     0.1712     0.1260     0.2030                           0.0000
       2.00     0.1710     0.1258     0.2032                           0.0002
       4.00     0.1704     0.1253     0.2031                           0.0007
       6.00     0.1694     0.1246     0.2027                           0.0014
       8.00     0.1679     0.1235     0.2021                           0.0019
      10.00     0.1661     0.1222     0.2013                           0.0019

                     CROSS FLOW DRAG PROPORTIONALITY FACTOR = 0.97277

      ALPHA    CN-POTEN  CN-VISC   CN-SEP    CM-POTEN  CM-VISC   CM-SEP    CDC
     -10.00    -0.505    -0.533              -0.037     0.081             0.857
      -8.00    -0.407    -0.333              -0.030     0.051             0.834
      -6.00    -0.308    -0.183              -0.022     0.028             0.810
      -4.00    -0.206    -0.079              -0.015     0.012             0.787
      -2.00    -0.103    -0.019              -0.008     0.003             0.764
       0.00     0.000     0.000               0.000     0.000             0.740
       2.00     0.103     0.019               0.008    -0.003             0.764
       4.00     0.206     0.079               0.015    -0.012             0.787
       6.00     0.308     0.183               0.022    -0.028             0.810
       8.00     0.407     0.333               0.030    -0.051             0.834
      10.00     0.505     0.533               0.037    -0.081             0.857
1         ***** THE USAF AUTOMATED MISSILE DATCOM * REV 3/99 *****     CASE   1
               AERODYNAMIC METHODS FOR MISSILE CONFIGURATIONS          PAGE  37
                        FIN SET 1 CA PARTIAL OUTPUT

       ******* FLIGHT CONDITIONS AND REFERENCE QUANTITIES *******
     MACH NO  =       1.10                REYNOLDS NO = 2.550E+07 /M
     ALTITUDE =        0.0 M         DYNAMIC PRESSURE =  85822.41 N/M**2
     SIDESLIP =       0.00 DEG                   ROLL =      0.00 DEG     
     REF AREA =      0.001 M**2         MOMENT CENTER =     0.250 M
     REF LENGTH =     0.65 M           LAT REF LENGTH =      0.65 M

    SINGLE FIN PANEL ZERO-LIFT AXIAL FORCE COMPONENTS

    SKIN FRICTION        0.0114
    SUBSONIC PRESSURE    0.0005
    TRANSONIC WAVE       0.0000
    SUPERSONIC WAVE      0.0260
    LEADING EDGE         0.0000
    TRAILING EDGE        0.0000
    TOTAL CAO            0.0379

    FIN AXIAL FORCE DUE TO ANGLE OF ATTACK

    ALPHA      CA DUE TO LIFT (SINGLE PANEL)   CA-TOTAL (4 FINS)

     -10.00              0.0000                      0.1492
      -8.00              0.0000                      0.1500
      -6.00              0.0000                      0.1506
      -4.00              0.0000                      0.1511
      -2.00              0.0000                      0.1514
       0.00              0.0000                      0.1515
       2.00              0.0000                      0.1514
       4.00              0.0000                      0.1511
       6.00              0.0000                      0.1506
       8.00              0.0000                      0.1500
      10.00              0.0000                      0.1492
1         ***** THE USAF AUTOMATED MISSILE DATCOM * REV 3/99 *****     CASE   1
               AERODYNAMIC METHODS FOR MISSILE CONFIGURATIONS          PAGE  38
                       FIN SET 1 CN, CM PARTIAL OUTPUT

       ******* FLIGHT CONDITIONS AND REFERENCE QUANTITIES *******
     MACH NO  =       1.10                REYNOLDS NO = 2.550E+07 /M
     ALTITUDE =        0.0 M         DYNAMIC PRESSURE =  85822.41 N/M**2
     SIDESLIP =       0.00 DEG                   ROLL =      0.00 DEG     
     REF AREA =      0.001 M**2         MOMENT CENTER =     0.250 M
     REF LENGTH =     0.65 M           LAT REF LENGTH =      0.65 M

    NORMAL FORCE SLOPE AT ALPHA ZERO, CNA =    0.00492/DEG (1 PANEL)
         CENTER OF PRESSURE FOR LINEAR CN =   -0.46769 (CALIBERS FROM C.G.)
     CENTER OF PRESSURE FOR NON-LINEAR CN =   -0.46154 (CALIBERS FROM C.G.)

      ALPHA      CN        CN        CN        CM        CM        CM
               LINEAR  NON-LINEAR  TOTAL     LINEAR  NON-LINEAR  TOTAL

     -10.00   -0.0964   -0.1382   -0.2345    0.0451    0.0638    0.1088
      -8.00   -0.0777   -0.0889   -0.1666    0.0363    0.0410    0.0774
      -6.00   -0.0586   -0.0502   -0.1088    0.0274    0.0232    0.0506
      -4.00   -0.0392   -0.0224   -0.0616    0.0183    0.0103    0.0287
      -2.00   -0.0197   -0.0056   -0.0253    0.0092    0.0026    0.0118
       0.00    0.0000    0.0000    0.0000    0.0000    0.0000    0.0000
       2.00    0.0197    0.0056    0.0253   -0.0092   -0.0026   -0.0118
       4.00    0.0392    0.0224    0.0616   -0.0183   -0.0103   -0.0287
       6.00    0.0586    0.0502    0.1088   -0.0274   -0.0232   -0.0506
       8.00    0.0777    0.0889    0.1666   -0.0363   -0.0410   -0.0774
      10.00    0.0964    0.1382    0.2345   -0.0451   -0.0638   -0.1088
1         ***** THE USAF AUTOMATED MISSILE DATCOM * REV 3/99 *****     CASE   1
               AERODYNAMIC METHODS FOR MISSILE CONFIGURATIONS          PAGE  39
                 AERODYNAMIC FORCE AND MOMENT SYNTHESIS

       ******* FLIGHT CONDITIONS AND REFERENCE QUANTITIES *******
     MACH NO  =       1.10                REYNOLDS NO = 2.550E+07 /M
     ALTITUDE =        0.0 M         DYNAMIC PRESSURE =  85822.41 N/M**2
     SIDESLIP =       0.00 DEG                   ROLL =      0.00 DEG     
     REF AREA =      0.001 M**2         MOMENT CENTER =     0.250 M
     REF LENGTH =     0.65 M           LAT REF LENGTH =      0.65 M

          ---------------FIN SET 1 IN PRESENCE OF THE BODY----------------

      ALPHA       CN         CM         CA         CY         CLN        CLL

     -10.00    -0.4753     0.2223     0.1519    -0.0048     0.0022    -0.0012
      -8.00    -0.3456     0.1616     0.1518    -0.0029     0.0014    -0.0011
      -6.00    -0.2276     0.1065     0.1518    -0.0015     0.0007    -0.0010
      -4.00    -0.1266     0.0592     0.1517    -0.0006     0.0003    -0.0008
      -2.00    -0.0490     0.0229     0.1517    -0.0001     0.0001    -0.0006
       0.00     0.0000     0.0000     0.1516     0.0000     0.0000    -0.0005
       2.00     0.0490    -0.0229     0.1517     0.0001    -0.0001    -0.0006
       4.00     0.1266    -0.0592     0.1517     0.0006    -0.0003    -0.0008
       6.00     0.2276    -0.1065     0.1518     0.0015    -0.0007    -0.0010
       8.00     0.3456    -0.1616     0.1518     0.0029    -0.0014    -0.0011
      10.00     0.4753    -0.2223     0.1519     0.0048    -0.0022    -0.0012
1         ***** THE USAF AUTOMATED MISSILE DATCOM * REV 3/99 *****     CASE   1
               AERODYNAMIC METHODS FOR MISSILE CONFIGURATIONS          PAGE  40
                 AERODYNAMIC FORCE AND MOMENT SYNTHESIS

       ******* FLIGHT CONDITIONS AND REFERENCE QUANTITIES *******
     MACH NO  =       1.10                REYNOLDS NO = 2.550E+07 /M
     ALTITUDE =        0.0 M         DYNAMIC PRESSURE =  85822.41 N/M**2
     SIDESLIP =       0.00 DEG                   ROLL =      0.00 DEG     
     REF AREA =      0.001 M**2         MOMENT CENTER =     0.250 M
     REF LENGTH =     0.65 M           LAT REF LENGTH =      0.65 M

          ---------------FIN SET 1 PANEL CHARACTERISTICS------------------

      ALPHA      PANEL    AEQ (PANEL AXIS SYS.)    PANEL CN

     -10.00        1              0.3975           0.0023
     -10.00        2            -14.9796          -0.2228
     -10.00        3              0.5702           0.0033
     -10.00        4             16.1857           0.2526
 
      -8.00        1              0.4355           0.0025
      -8.00        2            -12.1791          -0.1599
      -8.00        3              0.6617           0.0038
      -8.00        4             13.3778           0.1857
 
      -6.00        1              0.4745           0.0027
      -6.00        2             -9.2004          -0.1031
      -6.00        3              0.6953           0.0040
      -6.00        4             10.3941           0.1246
 
      -4.00        1              0.5143           0.0030
      -4.00        2             -6.0429          -0.0550
      -4.00        3              0.6773           0.0039
      -4.00        4              7.2345           0.0716
 
      -2.00        1              0.5548           0.0032
      -2.00        2             -2.7527          -0.0187
      -2.00        3              0.6367           0.0037
      -2.00        4              3.9443           0.0302
 
       0.00        1              0.5958           0.0034
       0.00        2              0.5958           0.0034
       0.00        3              0.5958           0.0034
       0.00        4              0.5958           0.0034
 
       2.00        1              0.6367           0.0037
       2.00        2              3.9443           0.0302
       2.00        3              0.5548           0.0032
       2.00        4             -2.7527          -0.0187
 
       4.00        1              0.6773           0.0039
       4.00        2              7.2345           0.0716
       4.00        3              0.5143           0.0030
       4.00        4             -6.0429          -0.0550
 
       6.00        1              0.6953           0.0040
       6.00        2             10.3941           0.1246
       6.00        3              0.4745           0.0027
       6.00        4             -9.2004          -0.1031
 
       8.00        1              0.6617           0.0038
       8.00        2             13.3778           0.1857
       8.00        3              0.4355           0.0025
       8.00        4            -12.1791          -0.1599
 
      10.00        1              0.5702           0.0033
      10.00        2             16.1857           0.2526
      10.00        3              0.3975           0.0023
      10.00        4            -14.9796          -0.2228
 
1         ***** THE USAF AUTOMATED MISSILE DATCOM * REV 3/99 *****     CASE   1
               AERODYNAMIC METHODS FOR MISSILE CONFIGURATIONS          PAGE  41
                 AERODYNAMIC FORCE AND MOMENT SYNTHESIS

       ******* FLIGHT CONDITIONS AND REFERENCE QUANTITIES *******
     MACH NO  =       1.10                REYNOLDS NO = 2.550E+07 /M
     ALTITUDE =        0.0 M         DYNAMIC PRESSURE =  85822.41 N/M**2
     SIDESLIP =       0.00 DEG                   ROLL =      0.00 DEG     
     REF AREA =      0.001 M**2         MOMENT CENTER =     0.250 M
     REF LENGTH =     0.65 M           LAT REF LENGTH =      0.65 M

             CARRYOVER INTERFERENCE FACTORS - FIN SET 1

      ALPHA   K-W(B)   K-B(W)  KK-W(B)  KK-B(W)  XCP-W(B) XCP-B(W) Y-CP/(B/2)

     -10.00   1.6165   1.1241   0.9535   0.6600   0.4677   0.3846   0.4289
      -8.00   1.6344   1.1241   0.9535   0.6600   0.4677   0.3846   0.4395
      -6.00   1.6507   1.1241   0.9535   0.6600   0.4677   0.3846   0.4486
      -4.00   1.6647   1.1241   0.9535   0.6600   0.4677   0.3846   0.4564
      -2.00   1.6757   1.1241   0.9535   0.6600   0.4677   0.3846   0.4626
       0.00   1.6818   1.1241   0.9535   0.6600   0.4677   0.3846   0.4666
       2.00   1.6757   1.1241   0.9535   0.6600   0.4677   0.3846   0.4643
       4.00   1.6647   1.1241   0.9535   0.6600   0.4677   0.3846   0.4589
       6.00   1.6507   1.1241   0.9535   0.6600   0.4677   0.3846   0.4518
       8.00   1.6344   1.1241   0.9535   0.6600   0.4677   0.3846   0.4433
      10.00   1.6165   1.1241   0.9535   0.6600   0.4677   0.3846   0.4337

    NOTE - XCP-W(B) USED FOR STABILITY ONLY DIFFERENT VALUES USED FOR HINGE MOMENTS
1         ***** THE USAF AUTOMATED MISSILE DATCOM * REV 3/99 *****     CASE   1
               AERODYNAMIC METHODS FOR MISSILE CONFIGURATIONS          PAGE  42
        FIN SET 1 PANEL BENDING MOMENTS (ABOUT EXPOSED ROOT CHORD)

       ******* FLIGHT CONDITIONS AND REFERENCE QUANTITIES *******
     MACH NO  =       1.10                REYNOLDS NO = 2.550E+07 /M
     ALTITUDE =        0.0 M         DYNAMIC PRESSURE =  85822.41 N/M**2
     SIDESLIP =       0.00 DEG                   ROLL =      0.00 DEG     
     REF AREA =      0.001 M**2         MOMENT CENTER =     0.250 M
     REF LENGTH =     0.65 M           LAT REF LENGTH =      0.65 M

   ALPHA   PANL 1   PANL 2   PANL 3   PANL 4   PANL 5   PANL 6   PANL 7   PANL 8
 
   -10.0  1.43E-05 -1.40E-03  2.06E-05  1.58E-03
    -8.0  1.61E-05 -1.03E-03  2.46E-05  1.19E-03
    -6.0  1.79E-05 -6.76E-04  2.64E-05  8.17E-04
    -4.0  1.98E-05 -3.67E-04  2.62E-05  4.78E-04
    -2.0  2.17E-05 -1.27E-04  2.49E-05  2.04E-04
     0.0  2.35E-05  2.35E-05  2.35E-05  2.35E-05
     2.0  2.50E-05  2.05E-04  2.17E-05 -1.27E-04
     4.0  2.63E-05  4.80E-04  1.99E-05 -3.69E-04
     6.0  2.66E-05  8.22E-04  1.80E-05 -6.81E-04
     8.0  2.48E-05  1.20E-03  1.62E-05 -1.04E-03
    10.0  2.09E-05  1.60E-03  1.45E-05 -1.41E-03
1         ***** THE USAF AUTOMATED MISSILE DATCOM * REV 3/99 *****     CASE   1
               AERODYNAMIC METHODS FOR MISSILE CONFIGURATIONS          PAGE  43
            FIN SET 1 PANEL HINGE MOMENTS (ABOUT HINGE LINE)

       ******* FLIGHT CONDITIONS AND REFERENCE QUANTITIES *******
     MACH NO  =       1.10                REYNOLDS NO = 2.550E+07 /M
     ALTITUDE =        0.0 M         DYNAMIC PRESSURE =  85822.41 N/M**2
     SIDESLIP =       0.00 DEG                   ROLL =      0.00 DEG     
     REF AREA =      0.001 M**2         MOMENT CENTER =     0.250 M
     REF LENGTH =     0.65 M           LAT REF LENGTH =      0.65 M

   ALPHA   PANL 1   PANL 2   PANL 3   PANL 4   PANL 5   PANL 6   PANL 7   PANL 8
 
   -10.0  3.61E-04 -3.36E-02  5.20E-04  3.78E-02
    -8.0  3.96E-04 -2.44E-02  6.05E-04  2.82E-02
    -6.0  4.32E-04 -1.59E-02  6.37E-04  1.92E-02
    -4.0  4.68E-04 -8.59E-03  6.20E-04  1.12E-02
    -2.0  5.06E-04 -2.95E-03  5.82E-04  4.75E-03
     0.0  5.44E-04  5.44E-04  5.44E-04  5.44E-04
     2.0  5.82E-04  4.75E-03  5.06E-04 -2.95E-03
     4.0  6.20E-04  1.12E-02  4.68E-04 -8.59E-03
     6.0  6.37E-04  1.92E-02  4.32E-04 -1.59E-02
     8.0  6.05E-04  2.82E-02  3.96E-04 -2.44E-02
    10.0  5.20E-04  3.78E-02  3.61E-04 -3.36E-02
1         ***** THE USAF AUTOMATED MISSILE DATCOM * REV 3/99 *****     CASE   1
               AERODYNAMIC METHODS FOR MISSILE CONFIGURATIONS          PAGE  44
                   STATIC AERODYNAMICS FOR BODY-FIN SET 1

       ******* FLIGHT CONDITIONS AND REFERENCE QUANTITIES *******
     MACH NO  =       1.10                REYNOLDS NO = 2.550E+07 /M
     ALTITUDE =        0.0 M         DYNAMIC PRESSURE =  85822.41 N/M**2
     SIDESLIP =       0.00 DEG                   ROLL =      0.00 DEG     
     REF AREA =      0.001 M**2         MOMENT CENTER =     0.250 M
     REF LENGTH =     0.65 M           LAT REF LENGTH =      0.65 M

                   ----- LONGITUDINAL -----     -- LATERAL DIRECTIONAL --
         ALPHA       CN        CM        CA        CY       CLN       CLL

        -10.00    -1.844     0.394     0.643    -0.008     0.004    -0.001
         -8.00    -1.324     0.274     0.647    -0.005     0.002    -0.001
         -6.00    -0.873     0.172     0.650    -0.002     0.001    -0.001
         -4.00    -0.497     0.089     0.651    -0.001     0.000    -0.001
         -2.00    -0.204     0.031     0.652     0.000     0.000    -0.001
          0.00     0.000     0.000     0.652     0.000     0.000     0.000
          2.00     0.204    -0.031     0.652     0.000     0.000    -0.001
          4.00     0.497    -0.089     0.651     0.001     0.000    -0.001
          6.00     0.873    -0.172     0.650     0.002    -0.001    -0.001
          8.00     1.324    -0.274     0.647     0.005    -0.002    -0.001
         10.00     1.844    -0.394     0.643     0.008    -0.004    -0.001

         ALPHA       CL        CD      CL/CD     X-C.P.

        -10.00    -1.704     0.954    -1.787    -0.214
         -8.00    -1.221     0.825    -1.479    -0.207
         -6.00    -0.800     0.738    -1.085    -0.196
         -4.00    -0.451     0.684    -0.658    -0.179
         -2.00    -0.181     0.659    -0.276    -0.151
          0.00     0.000     0.652     0.000    -0.434
          2.00     0.181     0.659     0.276    -0.151
          4.00     0.451     0.684     0.658    -0.179
          6.00     0.800     0.738     1.085    -0.196
          8.00     1.221     0.825     1.479    -0.207
         10.00     1.704     0.954     1.787    -0.214

    X-C.P. MEAS. FROM MOMENT CENTER IN REF. LENGTHS, NEG. AFT OF MOMENT CENTER
1         ***** THE USAF AUTOMATED MISSILE DATCOM * REV 3/99 *****     CASE   1
               AERODYNAMIC METHODS FOR MISSILE CONFIGURATIONS          PAGE  45
                   STATIC AERODYNAMICS FOR BODY-FIN SET 1

       ******* FLIGHT CONDITIONS AND REFERENCE QUANTITIES *******
     MACH NO  =       1.10                REYNOLDS NO = 2.550E+07 /M
     ALTITUDE =        0.0 M         DYNAMIC PRESSURE =  85822.41 N/M**2
     SIDESLIP =       0.00 DEG                   ROLL =      0.00 DEG     
     REF AREA =      0.001 M**2         MOMENT CENTER =     0.250 M
     REF LENGTH =     0.65 M           LAT REF LENGTH =      0.65 M

                   ---------- DERIVATIVES (PER DEGREE) ----------
         ALPHA       CNA         CMA         CYB         CLNB        CLLB
        -10.00      0.2773     -0.0642     -0.1180      0.0110     -0.0003
         -8.00      0.2427     -0.0556     -0.1164      0.0131     -0.0002
         -6.00      0.2066     -0.0463     -0.1130      0.0145     -0.0001
         -4.00      0.1671     -0.0352     -0.1065      0.0144      0.0000
         -2.00      0.1242     -0.0223     -0.0975      0.0131      0.0000
          0.00      0.1022     -0.0155     -0.0941      0.0126     -0.0001
          2.00      0.1242     -0.0223     -0.0978      0.0132     -0.0001
          4.00      0.1671     -0.0352     -0.1072      0.0147     -0.0001
          6.00      0.2066     -0.0463     -0.1129      0.0145      0.0000
          8.00      0.2427     -0.0556     -0.1150      0.0125      0.0001
         10.00      0.2773     -0.0642     -0.1161      0.0101      0.0003

    PANEL DEFLECTION ANGLES (DEGREES)
    SET    FIN 1   FIN 2   FIN 3   FIN 4   FIN 5   FIN 6   FIN 7   FIN 8
      1    0.70    0.70    0.70    0.70
1         ***** THE USAF AUTOMATED MISSILE DATCOM * REV 3/99 *****     CASE   1
               AERODYNAMIC METHODS FOR MISSILE CONFIGURATIONS          PAGE  46
                             BODY ALONE PARTIAL OUTPUT

       ******* FLIGHT CONDITIONS AND REFERENCE QUANTITIES *******
     MACH NO  =       1.40                REYNOLDS NO = 3.246E+07 /M
     ALTITUDE =        0.0 M         DYNAMIC PRESSURE = 139018.12 N/M**2
     SIDESLIP =       0.00 DEG                   ROLL =      0.00 DEG     
     REF AREA =      0.001 M**2         MOMENT CENTER =     0.250 M
     REF LENGTH =     0.65 M           LAT REF LENGTH =      0.65 M

      ALPHA    CA-FRIC  CA-PRES/WAVE CA-BASE    CA-PROT     CA-SEP     CA-ALP
     -10.00     0.1534     0.1328     0.1806                           0.0000
      -8.00     0.1551     0.1332     0.1816                           0.0000
      -6.00     0.1565     0.1335     0.1824                           0.0000
      -4.00     0.1574     0.1337     0.1829                           0.0000
      -2.00     0.1580     0.1338     0.1833                           0.0000
       0.00     0.1582     0.1338     0.1834                           0.0000
       2.00     0.1580     0.1338     0.1833                           0.0000
       4.00     0.1574     0.1337     0.1829                           0.0000
       6.00     0.1565     0.1335     0.1824                           0.0000
       8.00     0.1551     0.1332     0.1816                           0.0000
      10.00     0.1534     0.1328     0.1806                           0.0000

                     CROSS FLOW DRAG PROPORTIONALITY FACTOR = 1.00000

      ALPHA    CN-POTEN  CN-VISC   CN-SEP    CM-POTEN  CM-VISC   CM-SEP    CDC
     -10.00    -0.374    -0.591              -0.107     0.090             0.923
      -8.00    -0.302    -0.353              -0.086     0.054             0.859
      -6.00    -0.228    -0.192              -0.065     0.029             0.830
      -4.00    -0.153    -0.083              -0.044     0.013             0.800
      -2.00    -0.077    -0.020              -0.022     0.003             0.770
       0.00     0.000     0.000               0.000     0.000             0.740
       2.00     0.077     0.020               0.022    -0.003             0.770
       4.00     0.153     0.083               0.044    -0.013             0.800
       6.00     0.228     0.192               0.065    -0.029             0.830
       8.00     0.302     0.353               0.086    -0.054             0.859
      10.00     0.374     0.591               0.107    -0.090             0.923
1         ***** THE USAF AUTOMATED MISSILE DATCOM * REV 3/99 *****     CASE   1
               AERODYNAMIC METHODS FOR MISSILE CONFIGURATIONS          PAGE  47
                        FIN SET 1 CA PARTIAL OUTPUT

       ******* FLIGHT CONDITIONS AND REFERENCE QUANTITIES *******
     MACH NO  =       1.40                REYNOLDS NO = 3.246E+07 /M
     ALTITUDE =        0.0 M         DYNAMIC PRESSURE = 139018.12 N/M**2
     SIDESLIP =       0.00 DEG                   ROLL =      0.00 DEG     
     REF AREA =      0.001 M**2         MOMENT CENTER =     0.250 M
     REF LENGTH =     0.65 M           LAT REF LENGTH =      0.65 M

    SINGLE FIN PANEL ZERO-LIFT AXIAL FORCE COMPONENTS

    SKIN FRICTION        0.0105
    SUBSONIC PRESSURE    0.0000
    TRANSONIC WAVE       0.0000
    SUPERSONIC WAVE      0.0133
    LEADING EDGE         0.0000
    TRAILING EDGE        0.0000
    TOTAL CAO            0.0238

    FIN AXIAL FORCE DUE TO ANGLE OF ATTACK

    ALPHA      CA DUE TO LIFT (SINGLE PANEL)   CA-TOTAL (4 FINS)

     -10.00              0.0000                      0.0939
      -8.00              0.0000                      0.0945
      -6.00              0.0000                      0.0949
      -4.00              0.0000                      0.0952
      -2.00              0.0000                      0.0953
       0.00              0.0000                      0.0954
       2.00              0.0000                      0.0953
       4.00              0.0000                      0.0952
       6.00              0.0000                      0.0949
       8.00              0.0000                      0.0945
      10.00              0.0000                      0.0939
1         ***** THE USAF AUTOMATED MISSILE DATCOM * REV 3/99 *****     CASE   1
               AERODYNAMIC METHODS FOR MISSILE CONFIGURATIONS          PAGE  48
                       FIN SET 1 CN, CM PARTIAL OUTPUT

       ******* FLIGHT CONDITIONS AND REFERENCE QUANTITIES *******
     MACH NO  =       1.40                REYNOLDS NO = 3.246E+07 /M
     ALTITUDE =        0.0 M         DYNAMIC PRESSURE = 139018.12 N/M**2
     SIDESLIP =       0.00 DEG                   ROLL =      0.00 DEG     
     REF AREA =      0.001 M**2         MOMENT CENTER =     0.250 M
     REF LENGTH =     0.65 M           LAT REF LENGTH =      0.65 M

    NORMAL FORCE SLOPE AT ALPHA ZERO, CNA =    0.02636/DEG (1 PANEL)
         CENTER OF PRESSURE FOR LINEAR CN =   -0.46769 (CALIBERS FROM C.G.)
     CENTER OF PRESSURE FOR NON-LINEAR CN =   -0.46154 (CALIBERS FROM C.G.)

      ALPHA      CN        CN        CN        CM        CM        CM
               LINEAR  NON-LINEAR  TOTAL     LINEAR  NON-LINEAR  TOTAL

     -10.00   -0.5166   -0.2662   -0.7827    0.2416    0.1228    0.3644
      -8.00   -0.4163   -0.1722   -0.5885    0.1947    0.0795    0.2742
      -6.00   -0.3140   -0.0978   -0.4119    0.1469    0.0452    0.1920
      -4.00   -0.2102   -0.0436   -0.2538    0.0983    0.0201    0.1184
      -2.00   -0.1054   -0.0109   -0.1163    0.0493    0.0050    0.0543
       0.00    0.0000    0.0000    0.0000    0.0000    0.0000    0.0000
       2.00    0.1054    0.0109    0.1163   -0.0493   -0.0050   -0.0543
       4.00    0.2102    0.0436    0.2538   -0.0983   -0.0201   -0.1184
       6.00    0.3140    0.0978    0.4119   -0.1469   -0.0452   -0.1920
       8.00    0.4163    0.1722    0.5885   -0.1947   -0.0795   -0.2742
      10.00    0.5166    0.2662    0.7827   -0.2416   -0.1228   -0.3644
1         ***** THE USAF AUTOMATED MISSILE DATCOM * REV 3/99 *****     CASE   1
               AERODYNAMIC METHODS FOR MISSILE CONFIGURATIONS          PAGE  49
                 AERODYNAMIC FORCE AND MOMENT SYNTHESIS

       ******* FLIGHT CONDITIONS AND REFERENCE QUANTITIES *******
     MACH NO  =       1.40                REYNOLDS NO = 3.246E+07 /M
     ALTITUDE =        0.0 M         DYNAMIC PRESSURE = 139018.12 N/M**2
     SIDESLIP =       0.00 DEG                   ROLL =      0.00 DEG     
     REF AREA =      0.001 M**2         MOMENT CENTER =     0.250 M
     REF LENGTH =     0.65 M           LAT REF LENGTH =      0.65 M

          ---------------FIN SET 1 IN PRESENCE OF THE BODY----------------

      ALPHA       CN         CM         CA         CY         CLN        CLL

     -10.00    -1.3861     0.6483     0.0966    -0.0113     0.0053    -0.0036
      -8.00    -1.0696     0.5002     0.0966    -0.0063     0.0029    -0.0034
      -6.00    -0.7586     0.3548     0.0965    -0.0030     0.0014    -0.0031
      -4.00    -0.4657     0.2178     0.0964    -0.0011     0.0005    -0.0029
      -2.00    -0.2073     0.0969     0.0963    -0.0002     0.0001    -0.0026
       0.00     0.0000     0.0000     0.0962     0.0000     0.0000    -0.0023
       2.00     0.2073    -0.0969     0.0963     0.0002    -0.0001    -0.0026
       4.00     0.4657    -0.2178     0.0964     0.0011    -0.0005    -0.0029
       6.00     0.7586    -0.3548     0.0965     0.0030    -0.0014    -0.0031
       8.00     1.0696    -0.5002     0.0966     0.0063    -0.0029    -0.0034
      10.00     1.3861    -0.6483     0.0966     0.0113    -0.0053    -0.0036
1         ***** THE USAF AUTOMATED MISSILE DATCOM * REV 3/99 *****     CASE   1
               AERODYNAMIC METHODS FOR MISSILE CONFIGURATIONS          PAGE  50
                 AERODYNAMIC FORCE AND MOMENT SYNTHESIS

       ******* FLIGHT CONDITIONS AND REFERENCE QUANTITIES *******
     MACH NO  =       1.40                REYNOLDS NO = 3.246E+07 /M
     ALTITUDE =        0.0 M         DYNAMIC PRESSURE = 139018.12 N/M**2
     SIDESLIP =       0.00 DEG                   ROLL =      0.00 DEG     
     REF AREA =      0.001 M**2         MOMENT CENTER =     0.250 M
     REF LENGTH =     0.65 M           LAT REF LENGTH =      0.65 M

          ---------------FIN SET 1 PANEL CHARACTERISTICS------------------

      ALPHA      PANEL    AEQ (PANEL AXIS SYS.)    PANEL CN

     -10.00        1              0.4049           0.0113
     -10.00        2            -14.8081          -0.6565
     -10.00        3              0.6037           0.0169
     -10.00        4             16.0268           0.7298
 
      -8.00        1              0.4422           0.0124
      -8.00        2            -12.0838          -0.5011
      -8.00        3              0.6820           0.0191
      -8.00        4             13.2940           0.5686
 
      -6.00        1              0.4806           0.0135
      -6.00        2             -9.1508          -0.3491
      -6.00        3              0.7042           0.0198
      -6.00        4             10.3557           0.4095
 
      -4.00        1              0.5201           0.0146
      -4.00        2             -6.0216          -0.2068
      -4.00        3              0.6826           0.0192
      -4.00        4              7.2243           0.2589
 
      -2.00        1              0.5604           0.0157
      -2.00        2             -2.7443          -0.0823
      -2.00        3              0.6423           0.0180
      -2.00        4              3.9470           0.1249
 
       0.00        1              0.6014           0.0169
       0.00        2              0.6014           0.0169
       0.00        3              0.6014           0.0169
       0.00        4              0.6014           0.0169
 
       2.00        1              0.6423           0.0180
       2.00        2              3.9470           0.1249
       2.00        3              0.5604           0.0157
       2.00        4             -2.7443          -0.0823
 
       4.00        1              0.6826           0.0192
       4.00        2              7.2243           0.2589
       4.00        3              0.5201           0.0146
       4.00        4             -6.0216          -0.2068
 
       6.00        1              0.7042           0.0198
       6.00        2             10.3557           0.4095
       6.00        3              0.4806           0.0135
       6.00        4             -9.1508          -0.3491
 
       8.00        1              0.6820           0.0191
       8.00        2             13.2940           0.5686
       8.00        3              0.4422           0.0124
       8.00        4            -12.0838          -0.5011
 
      10.00        1              0.6037           0.0169
      10.00        2             16.0268           0.7298
      10.00        3              0.4049           0.0113
      10.00        4            -14.8081          -0.6565
 
1         ***** THE USAF AUTOMATED MISSILE DATCOM * REV 3/99 *****     CASE   1
               AERODYNAMIC METHODS FOR MISSILE CONFIGURATIONS          PAGE  51
                 AERODYNAMIC FORCE AND MOMENT SYNTHESIS

       ******* FLIGHT CONDITIONS AND REFERENCE QUANTITIES *******
     MACH NO  =       1.40                REYNOLDS NO = 3.246E+07 /M
     ALTITUDE =        0.0 M         DYNAMIC PRESSURE = 139018.12 N/M**2
     SIDESLIP =       0.00 DEG                   ROLL =      0.00 DEG     
     REF AREA =      0.001 M**2         MOMENT CENTER =     0.250 M
     REF LENGTH =     0.65 M           LAT REF LENGTH =      0.65 M

             CARRYOVER INTERFERENCE FACTORS - FIN SET 1

      ALPHA   K-W(B)   K-B(W)  KK-W(B)  KK-B(W)  XCP-W(B) XCP-B(W) Y-CP/(B/2)

     -10.00   1.6020   1.1241   0.9535   0.6600   0.4677   0.3846   0.4321
      -8.00   1.6237   1.1241   0.9535   0.6600   0.4677   0.3846   0.3990
      -6.00   1.6435   1.1241   0.9535   0.6600   0.4677   0.3846   0.3755
      -4.00   1.6607   1.1241   0.9535   0.6600   0.4677   0.3846   0.3925
      -2.00   1.6743   1.1241   0.9535   0.6600   0.4677   0.3846   0.4214
       0.00   1.6818   1.1241   0.9535   0.6600   0.4677   0.3846   0.4518
       2.00   1.6743   1.1241   0.9535   0.6600   0.4677   0.3846   0.4334
       4.00   1.6607   1.1241   0.9535   0.6600   0.4677   0.3846   0.3993
       6.00   1.6435   1.1241   0.9535   0.6600   0.4677   0.3846   0.3807
       8.00   1.6237   1.1241   0.9535   0.6600   0.4677   0.3846   0.3890
      10.00   1.6020   1.1241   0.9535   0.6600   0.4677   0.3846   0.4160

    NOTE - XCP-W(B) USED FOR STABILITY ONLY DIFFERENT VALUES USED FOR HINGE MOMENTS
1         ***** THE USAF AUTOMATED MISSILE DATCOM * REV 3/99 *****     CASE   1
               AERODYNAMIC METHODS FOR MISSILE CONFIGURATIONS          PAGE  52
        FIN SET 1 PANEL BENDING MOMENTS (ABOUT EXPOSED ROOT CHORD)

       ******* FLIGHT CONDITIONS AND REFERENCE QUANTITIES *******
     MACH NO  =       1.40                REYNOLDS NO = 3.246E+07 /M
     ALTITUDE =        0.0 M         DYNAMIC PRESSURE = 139018.12 N/M**2
     SIDESLIP =       0.00 DEG                   ROLL =      0.00 DEG     
     REF AREA =      0.001 M**2         MOMENT CENTER =     0.250 M
     REF LENGTH =     0.65 M           LAT REF LENGTH =      0.65 M

   ALPHA   PANL 1   PANL 2   PANL 3   PANL 4   PANL 5   PANL 6   PANL 7   PANL 8
 
   -10.0  7.16E-05 -4.15E-03  1.07E-04  4.61E-03
    -8.0  7.22E-05 -2.92E-03  1.12E-04  3.32E-03
    -6.0  7.39E-05 -1.92E-03  1.09E-04  2.25E-03
    -4.0  8.36E-05 -1.19E-03  1.10E-04  1.49E-03
    -2.0  9.67E-05 -5.07E-04  1.11E-04  7.69E-04
     0.0  1.11E-04  1.11E-04  1.11E-04  1.11E-04
     2.0  1.14E-04  7.91E-04  9.95E-05 -5.22E-04
     4.0  1.12E-04  1.51E-03  8.50E-05 -1.21E-03
     6.0  1.10E-04  2.28E-03  7.49E-05 -1.94E-03
     8.0  1.09E-04  3.23E-03  7.04E-05 -2.85E-03
    10.0  1.03E-04  4.44E-03  6.89E-05 -3.99E-03
1         ***** THE USAF AUTOMATED MISSILE DATCOM * REV 3/99 *****     CASE   1
               AERODYNAMIC METHODS FOR MISSILE CONFIGURATIONS          PAGE  53
            FIN SET 1 PANEL HINGE MOMENTS (ABOUT HINGE LINE)

       ******* FLIGHT CONDITIONS AND REFERENCE QUANTITIES *******
     MACH NO  =       1.40                REYNOLDS NO = 3.246E+07 /M
     ALTITUDE =        0.0 M         DYNAMIC PRESSURE = 139018.12 N/M**2
     SIDESLIP =       0.00 DEG                   ROLL =      0.00 DEG     
     REF AREA =      0.001 M**2         MOMENT CENTER =     0.250 M
     REF LENGTH =     0.65 M           LAT REF LENGTH =      0.65 M

   ALPHA   PANL 1   PANL 2   PANL 3   PANL 4   PANL 5   PANL 6   PANL 7   PANL 8
 
   -10.0  1.70E-03 -8.68E-02  2.54E-03  9.51E-02
    -8.0  1.86E-03 -6.85E-02  2.87E-03  7.66E-02
    -6.0  2.02E-03 -4.92E-02  2.97E-03  5.70E-02
    -4.0  2.19E-03 -3.00E-02  2.88E-03  3.71E-02
    -2.0  2.36E-03 -1.22E-02  2.70E-03  1.84E-02
     0.0  2.53E-03  2.53E-03  2.53E-03  2.53E-03
     2.0  2.70E-03  1.84E-02  2.36E-03 -1.22E-02
     4.0  2.88E-03  3.71E-02  2.19E-03 -3.00E-02
     6.0  2.97E-03  5.70E-02  2.02E-03 -4.92E-02
     8.0  2.87E-03  7.66E-02  1.86E-03 -6.85E-02
    10.0  2.54E-03  9.51E-02  1.70E-03 -8.68E-02
1         ***** THE USAF AUTOMATED MISSILE DATCOM * REV 3/99 *****     CASE   1
               AERODYNAMIC METHODS FOR MISSILE CONFIGURATIONS          PAGE  54
                   STATIC AERODYNAMICS FOR BODY-FIN SET 1

       ******* FLIGHT CONDITIONS AND REFERENCE QUANTITIES *******
     MACH NO  =       1.40                REYNOLDS NO = 3.246E+07 /M
     ALTITUDE =        0.0 M         DYNAMIC PRESSURE = 139018.12 N/M**2
     SIDESLIP =       0.00 DEG                   ROLL =      0.00 DEG     
     REF AREA =      0.001 M**2         MOMENT CENTER =     0.250 M
     REF LENGTH =     0.65 M           LAT REF LENGTH =      0.65 M

                   ----- LONGITUDINAL -----     -- LATERAL DIRECTIONAL --
         ALPHA       CN        CM        CA        CY       CLN       CLL

        -10.00    -3.324     1.006     0.563    -0.019     0.008    -0.004
         -8.00    -2.465     0.753     0.567    -0.011     0.005    -0.003
         -6.00    -1.698     0.519     0.569    -0.005     0.002    -0.003
         -4.00    -1.016     0.308     0.570    -0.002     0.001    -0.003
         -2.00    -0.443     0.132     0.571     0.000     0.000    -0.003
          0.00     0.000     0.000     0.572     0.000     0.000    -0.002
          2.00     0.443    -0.132     0.571     0.000     0.000    -0.003
          4.00     1.016    -0.308     0.570     0.002    -0.001    -0.003
          6.00     1.698    -0.519     0.569     0.005    -0.002    -0.003
          8.00     2.465    -0.753     0.567     0.011    -0.005    -0.003
         10.00     3.324    -1.006     0.563     0.019    -0.008    -0.004

         ALPHA       CL        CD      CL/CD     X-C.P.

        -10.00    -3.175     1.132    -2.805    -0.303
         -8.00    -2.362     0.904    -2.613    -0.305
         -6.00    -1.629     0.743    -2.192    -0.306
         -4.00    -0.974     0.640    -1.522    -0.303
         -2.00    -0.423     0.586    -0.721    -0.297
          0.00     0.000     0.572     0.000    -0.434
          2.00     0.423     0.586     0.721    -0.297
          4.00     0.974     0.640     1.522    -0.303
          6.00     1.629     0.743     2.192    -0.306
          8.00     2.362     0.904     2.613    -0.305
         10.00     3.175     1.132     2.805    -0.303

    X-C.P. MEAS. FROM MOMENT CENTER IN REF. LENGTHS, NEG. AFT OF MOMENT CENTER
1         ***** THE USAF AUTOMATED MISSILE DATCOM * REV 3/99 *****     CASE   1
               AERODYNAMIC METHODS FOR MISSILE CONFIGURATIONS          PAGE  55
                   STATIC AERODYNAMICS FOR BODY-FIN SET 1

       ******* FLIGHT CONDITIONS AND REFERENCE QUANTITIES *******
     MACH NO  =       1.40                REYNOLDS NO = 3.246E+07 /M
     ALTITUDE =        0.0 M         DYNAMIC PRESSURE = 139018.12 N/M**2
     SIDESLIP =       0.00 DEG                   ROLL =      0.00 DEG     
     REF AREA =      0.001 M**2         MOMENT CENTER =     0.250 M
     REF LENGTH =     0.65 M           LAT REF LENGTH =      0.65 M

                   ---------- DERIVATIVES (PER DEGREE) ----------
         ALPHA       CNA         CMA         CYB         CLNB        CLLB
        -10.00      0.4522     -0.1312     -0.1741      0.0323     -0.0013
         -8.00      0.4063     -0.1218     -0.1997      0.0472     -0.0007
         -6.00      0.3621     -0.1112     -0.2170      0.0578     -0.0003
         -4.00      0.3135     -0.0967     -0.2203      0.0623     -0.0001
         -2.00      0.2538     -0.0770     -0.2115      0.0612     -0.0001
          0.00      0.2214     -0.0658     -0.2083      0.0609     -0.0001
          2.00      0.2538     -0.0770     -0.2121      0.0614     -0.0001
          4.00      0.3135     -0.0967     -0.2216      0.0628     -0.0001
          6.00      0.3621     -0.1112     -0.2168      0.0578      0.0001
          8.00      0.4063     -0.1218     -0.1968      0.0460      0.0007
         10.00      0.4522     -0.1312     -0.1693      0.0303      0.0013

    PANEL DEFLECTION ANGLES (DEGREES)
    SET    FIN 1   FIN 2   FIN 3   FIN 4   FIN 5   FIN 6   FIN 7   FIN 8
      1    0.70    0.70    0.70    0.70

    BODY ALONE LINEAR DATA GENERATED FROM VAN DYKE HYBRID THEORY

1         ***** THE USAF AUTOMATED MISSILE DATCOM * REV 3/99 *****     CASE   1
               AERODYNAMIC METHODS FOR MISSILE CONFIGURATIONS          PAGE  56
                             BODY ALONE PARTIAL OUTPUT

       ******* FLIGHT CONDITIONS AND REFERENCE QUANTITIES *******
     MACH NO  =       2.00                REYNOLDS NO = 4.637E+07 /M
     ALTITUDE =        0.0 M         DYNAMIC PRESSURE = 283710.47 N/M**2
     SIDESLIP =       0.00 DEG                   ROLL =      0.00 DEG     
     REF AREA =      0.001 M**2         MOMENT CENTER =     0.250 M
     REF LENGTH =     0.65 M           LAT REF LENGTH =      0.65 M

      ALPHA    CA-FRIC  CA-PRES/WAVE CA-BASE    CA-PROT     CA-SEP     CA-ALP
     -10.00     0.1316     0.1068     0.1448                           0.0000
      -8.00     0.1331     0.1071     0.1456                           0.0000
      -6.00     0.1342     0.1073     0.1462                           0.0000
      -4.00     0.1350     0.1075     0.1466                           0.0000
      -2.00     0.1355     0.1076     0.1469                           0.0000
       0.00     0.1357     0.1076     0.1470                           0.0000
       2.00     0.1355     0.1076     0.1469                           0.0000
       4.00     0.1350     0.1075     0.1466                           0.0000
       6.00     0.1342     0.1073     0.1462                           0.0000
       8.00     0.1331     0.1071     0.1456                           0.0000
      10.00     0.1316     0.1068     0.1448                           0.0000

                     CROSS FLOW DRAG PROPORTIONALITY FACTOR = 1.00000

      ALPHA    CN-POTEN  CN-VISC   CN-SEP    CM-POTEN  CM-VISC   CM-SEP    CDC
     -10.00    -0.418    -0.685              -0.119     0.105             1.071
      -8.00    -0.338    -0.400              -0.096     0.061             0.973
      -6.00    -0.255    -0.203              -0.073     0.031             0.875
      -4.00    -0.171    -0.085              -0.049     0.013             0.825
      -2.00    -0.086    -0.020              -0.024     0.003             0.783
       0.00     0.000     0.000               0.000     0.000             0.740
       2.00     0.086     0.020               0.024    -0.003             0.783
       4.00     0.171     0.085               0.049    -0.013             0.825
       6.00     0.255     0.203               0.073    -0.031             0.875
       8.00     0.338     0.400               0.096    -0.061             0.973
      10.00     0.418     0.685               0.119    -0.105             1.071
1         ***** THE USAF AUTOMATED MISSILE DATCOM * REV 3/99 *****     CASE   1
               AERODYNAMIC METHODS FOR MISSILE CONFIGURATIONS          PAGE  57
                        FIN SET 1 CA PARTIAL OUTPUT

       ******* FLIGHT CONDITIONS AND REFERENCE QUANTITIES *******
     MACH NO  =       2.00                REYNOLDS NO = 4.637E+07 /M
     ALTITUDE =        0.0 M         DYNAMIC PRESSURE = 283710.47 N/M**2
     SIDESLIP =       0.00 DEG                   ROLL =      0.00 DEG     
     REF AREA =      0.001 M**2         MOMENT CENTER =     0.250 M
     REF LENGTH =     0.65 M           LAT REF LENGTH =      0.65 M

    SINGLE FIN PANEL ZERO-LIFT AXIAL FORCE COMPONENTS

    SKIN FRICTION        0.0091
    SUBSONIC PRESSURE    0.0000
    TRANSONIC WAVE       0.0000
    SUPERSONIC WAVE      0.0082
    LEADING EDGE         0.0000
    TRAILING EDGE        0.0000
    TOTAL CAO            0.0172

    FIN AXIAL FORCE DUE TO ANGLE OF ATTACK

    ALPHA      CA DUE TO LIFT (SINGLE PANEL)   CA-TOTAL (4 FINS)

     -10.00              0.0000                      0.0679
      -8.00              0.0000                      0.0683
      -6.00              0.0000                      0.0686
      -4.00              0.0000                      0.0688
      -2.00              0.0000                      0.0689
       0.00              0.0000                      0.0690
       2.00              0.0000                      0.0689
       4.00              0.0000                      0.0688
       6.00              0.0000                      0.0686
       8.00              0.0000                      0.0683
      10.00              0.0000                      0.0679
1         ***** THE USAF AUTOMATED MISSILE DATCOM * REV 3/99 *****     CASE   1
               AERODYNAMIC METHODS FOR MISSILE CONFIGURATIONS          PAGE  58
                       FIN SET 1 CN, CM PARTIAL OUTPUT

       ******* FLIGHT CONDITIONS AND REFERENCE QUANTITIES *******
     MACH NO  =       2.00                REYNOLDS NO = 4.637E+07 /M
     ALTITUDE =        0.0 M         DYNAMIC PRESSURE = 283710.47 N/M**2
     SIDESLIP =       0.00 DEG                   ROLL =      0.00 DEG     
     REF AREA =      0.001 M**2         MOMENT CENTER =     0.250 M
     REF LENGTH =     0.65 M           LAT REF LENGTH =      0.65 M

    NORMAL FORCE SLOPE AT ALPHA ZERO, CNA =    0.01491/DEG (1 PANEL)
         CENTER OF PRESSURE FOR LINEAR CN =   -0.46769 (CALIBERS FROM C.G.)
     CENTER OF PRESSURE FOR NON-LINEAR CN =   -0.46154 (CALIBERS FROM C.G.)

      ALPHA      CN        CN        CN        CM        CM        CM
               LINEAR  NON-LINEAR  TOTAL     LINEAR  NON-LINEAR  TOTAL

     -10.00   -0.2922   -0.0678   -0.3600    0.1367    0.0313    0.1679
      -8.00   -0.2355   -0.0337   -0.2692    0.1101    0.0156    0.1257
      -6.00   -0.1776   -0.0138   -0.1914    0.0831    0.0064    0.0895
      -4.00   -0.1189   -0.0040   -0.1229    0.0556    0.0018    0.0574
      -2.00   -0.0596   -0.0005   -0.0601    0.0279    0.0002    0.0281
       0.00    0.0000    0.0000    0.0000    0.0000    0.0000    0.0000
       2.00    0.0596    0.0005    0.0601   -0.0279   -0.0002   -0.0281
       4.00    0.1189    0.0040    0.1229   -0.0556   -0.0018   -0.0574
       6.00    0.1776    0.0138    0.1914   -0.0831   -0.0064   -0.0895
       8.00    0.2355    0.0337    0.2692   -0.1101   -0.0156   -0.1257
      10.00    0.2922    0.0678    0.3600   -0.1367   -0.0313   -0.1679
1         ***** THE USAF AUTOMATED MISSILE DATCOM * REV 3/99 *****     CASE   1
               AERODYNAMIC METHODS FOR MISSILE CONFIGURATIONS          PAGE  59
                 AERODYNAMIC FORCE AND MOMENT SYNTHESIS

       ******* FLIGHT CONDITIONS AND REFERENCE QUANTITIES *******
     MACH NO  =       2.00                REYNOLDS NO = 4.637E+07 /M
     ALTITUDE =        0.0 M         DYNAMIC PRESSURE = 283710.47 N/M**2
     SIDESLIP =       0.00 DEG                   ROLL =      0.00 DEG     
     REF AREA =      0.001 M**2         MOMENT CENTER =     0.250 M
     REF LENGTH =     0.65 M           LAT REF LENGTH =      0.65 M

          ---------------FIN SET 1 IN PRESENCE OF THE BODY----------------

      ALPHA       CN         CM         CA         CY         CLN        CLL

     -10.00    -0.6906     0.3230     0.0698    -0.0048     0.0023    -0.0022
      -8.00    -0.5059     0.2366     0.0696    -0.0023     0.0011    -0.0019
      -6.00    -0.3482     0.1628     0.0695    -0.0008     0.0004    -0.0016
      -4.00    -0.2149     0.1005     0.0695    -0.0002     0.0001    -0.0014
      -2.00    -0.1021     0.0477     0.0694     0.0000     0.0000    -0.0013
       0.00     0.0000     0.0000     0.0694     0.0000     0.0000    -0.0013
       2.00     0.1021    -0.0477     0.0694     0.0000     0.0000    -0.0013
       4.00     0.2149    -0.1005     0.0695     0.0002    -0.0001    -0.0014
       6.00     0.3482    -0.1628     0.0695     0.0008    -0.0004    -0.0016
       8.00     0.5059    -0.2366     0.0696     0.0023    -0.0011    -0.0019
      10.00     0.6906    -0.3230     0.0698     0.0048    -0.0023    -0.0022
1         ***** THE USAF AUTOMATED MISSILE DATCOM * REV 3/99 *****     CASE   1
               AERODYNAMIC METHODS FOR MISSILE CONFIGURATIONS          PAGE  60
                 AERODYNAMIC FORCE AND MOMENT SYNTHESIS

       ******* FLIGHT CONDITIONS AND REFERENCE QUANTITIES *******
     MACH NO  =       2.00                REYNOLDS NO = 4.637E+07 /M
     ALTITUDE =        0.0 M         DYNAMIC PRESSURE = 283710.47 N/M**2
     SIDESLIP =       0.00 DEG                   ROLL =      0.00 DEG     
     REF AREA =      0.001 M**2         MOMENT CENTER =     0.250 M
     REF LENGTH =     0.65 M           LAT REF LENGTH =      0.65 M

          ---------------FIN SET 1 PANEL CHARACTERISTICS------------------

      ALPHA      PANEL    AEQ (PANEL AXIS SYS.)    PANEL CN

     -10.00        1              0.4143           0.0062
     -10.00        2            -14.7144          -0.3212
     -10.00        3              0.6559           0.0098
     -10.00        4             15.9541           0.3694
 
      -8.00        1              0.4514           0.0067
      -8.00        2            -12.0358          -0.2342
      -8.00        3              0.7099           0.0106
      -8.00        4             13.2653           0.2717
 
      -6.00        1              0.4896           0.0073
      -6.00        2             -9.1314          -0.1594
      -6.00        3              0.7186           0.0107
      -6.00        4             10.3545           0.1888
 
      -4.00        1              0.5291           0.0079
      -4.00        2             -6.0107          -0.0959
      -4.00        3              0.6916           0.0103
      -4.00        4              7.2313           0.1190
 
      -2.00        1              0.5694           0.0085
      -2.00        2             -2.7350          -0.0413
      -2.00        3              0.6512           0.0097
      -2.00        4              3.9556           0.0607
 
       0.00        1              0.6103           0.0091
       0.00        2              0.6103           0.0091
       0.00        3              0.6103           0.0091
       0.00        4              0.6103           0.0091
 
       2.00        1              0.6512           0.0097
       2.00        2              3.9556           0.0607
       2.00        3              0.5694           0.0085
       2.00        4             -2.7350          -0.0413
 
       4.00        1              0.6916           0.0103
       4.00        2              7.2313           0.1190
       4.00        3              0.5291           0.0079
       4.00        4             -6.0107          -0.0959
 
       6.00        1              0.7186           0.0107
       6.00        2             10.3545           0.1888
       6.00        3              0.4896           0.0073
       6.00        4             -9.1314          -0.1594
 
       8.00        1              0.7099           0.0106
       8.00        2             13.2653           0.2717
       8.00        3              0.4514           0.0067
       8.00        4            -12.0358          -0.2342
 
      10.00        1              0.6559           0.0098
      10.00        2             15.9541           0.3694
      10.00        3              0.4143           0.0062
      10.00        4            -14.7144          -0.3212
 
1         ***** THE USAF AUTOMATED MISSILE DATCOM * REV 3/99 *****     CASE   1
               AERODYNAMIC METHODS FOR MISSILE CONFIGURATIONS          PAGE  61
                 AERODYNAMIC FORCE AND MOMENT SYNTHESIS

       ******* FLIGHT CONDITIONS AND REFERENCE QUANTITIES *******
     MACH NO  =       2.00                REYNOLDS NO = 4.637E+07 /M
     ALTITUDE =        0.0 M         DYNAMIC PRESSURE = 283710.47 N/M**2
     SIDESLIP =       0.00 DEG                   ROLL =      0.00 DEG     
     REF AREA =      0.001 M**2         MOMENT CENTER =     0.250 M
     REF LENGTH =     0.65 M           LAT REF LENGTH =      0.65 M

             CARRYOVER INTERFERENCE FACTORS - FIN SET 1

      ALPHA   K-W(B)   K-B(W)  KK-W(B)  KK-B(W)  XCP-W(B) XCP-B(W) Y-CP/(B/2)

     -10.00   1.6002   1.1241   0.9535   0.6600   0.4677   0.3846   0.4006
      -8.00   1.6224   1.1241   0.9535   0.6600   0.4677   0.3846   0.4058
      -6.00   1.6426   1.1241   0.9535   0.6600   0.4677   0.3846   0.4126
      -4.00   1.6602   1.1241   0.9535   0.6600   0.4677   0.3846   0.4311
      -2.00   1.6741   1.1241   0.9535   0.6600   0.4677   0.3846   0.4465
       0.00   1.6818   1.1241   0.9535   0.6600   0.4677   0.3846   0.4602
       2.00   1.6741   1.1241   0.9535   0.6600   0.4677   0.3846   0.4517
       4.00   1.6602   1.1241   0.9535   0.6600   0.4677   0.3846   0.4372
       6.00   1.6426   1.1241   0.9535   0.6600   0.4677   0.3846   0.4204
       8.00   1.6224   1.1241   0.9535   0.6600   0.4677   0.3846   0.4078
      10.00   1.6002   1.1241   0.9535   0.6600   0.4677   0.3846   0.4031

    NOTE - XCP-W(B) USED FOR STABILITY ONLY DIFFERENT VALUES USED FOR HINGE MOMENTS
1         ***** THE USAF AUTOMATED MISSILE DATCOM * REV 3/99 *****     CASE   1
               AERODYNAMIC METHODS FOR MISSILE CONFIGURATIONS          PAGE  62
        FIN SET 1 PANEL BENDING MOMENTS (ABOUT EXPOSED ROOT CHORD)

       ******* FLIGHT CONDITIONS AND REFERENCE QUANTITIES *******
     MACH NO  =       2.00                REYNOLDS NO = 4.637E+07 /M
     ALTITUDE =        0.0 M         DYNAMIC PRESSURE = 283710.47 N/M**2
     SIDESLIP =       0.00 DEG                   ROLL =      0.00 DEG     
     REF AREA =      0.001 M**2         MOMENT CENTER =     0.250 M
     REF LENGTH =     0.65 M           LAT REF LENGTH =      0.65 M

   ALPHA   PANL 1   PANL 2   PANL 3   PANL 4   PANL 5   PANL 6   PANL 7   PANL 8
 
   -10.0  3.62E-05 -1.88E-03  5.73E-05  2.16E-03
    -8.0  3.99E-05 -1.39E-03  6.28E-05  1.61E-03
    -6.0  4.41E-05 -9.61E-04  6.47E-05  1.14E-03
    -4.0  4.97E-05 -6.04E-04  6.50E-05  7.50E-04
    -2.0  5.55E-05 -2.70E-04  6.34E-05  3.96E-04
     0.0  6.13E-05  6.13E-05  6.13E-05  6.13E-05
     2.0  6.42E-05  4.01E-04  5.61E-05 -2.73E-04
     4.0  6.60E-05  7.60E-04  5.04E-05 -6.13E-04
     6.0  6.59E-05  1.16E-03  4.49E-05 -9.79E-04
     8.0  6.32E-05  1.62E-03  4.01E-05 -1.40E-03
    10.0  5.77E-05  2.18E-03  3.64E-05 -1.89E-03
1         ***** THE USAF AUTOMATED MISSILE DATCOM * REV 3/99 *****     CASE   1
               AERODYNAMIC METHODS FOR MISSILE CONFIGURATIONS          PAGE  63
            FIN SET 1 PANEL HINGE MOMENTS (ABOUT HINGE LINE)

       ******* FLIGHT CONDITIONS AND REFERENCE QUANTITIES *******
     MACH NO  =       2.00                REYNOLDS NO = 4.637E+07 /M
     ALTITUDE =        0.0 M         DYNAMIC PRESSURE = 283710.47 N/M**2
     SIDESLIP =       0.00 DEG                   ROLL =      0.00 DEG     
     REF AREA =      0.001 M**2         MOMENT CENTER =     0.250 M
     REF LENGTH =     0.65 M           LAT REF LENGTH =      0.65 M

   ALPHA   PANL 1   PANL 2   PANL 3   PANL 4   PANL 5   PANL 6   PANL 7   PANL 8
 
   -10.0  9.15E-04 -4.24E-02  1.45E-03  4.78E-02
    -8.0  9.97E-04 -3.19E-02  1.57E-03  3.65E-02
    -6.0  1.08E-03 -2.23E-02  1.59E-03  2.62E-02
    -4.0  1.17E-03 -1.38E-02  1.53E-03  1.69E-02
    -2.0  1.26E-03 -6.05E-03  1.44E-03  8.82E-03
     0.0  1.35E-03  1.35E-03  1.35E-03  1.35E-03
     2.0  1.44E-03  8.82E-03  1.26E-03 -6.05E-03
     4.0  1.53E-03  1.69E-02  1.17E-03 -1.38E-02
     6.0  1.59E-03  2.62E-02  1.08E-03 -2.23E-02
     8.0  1.57E-03  3.65E-02  9.97E-04 -3.19E-02
    10.0  1.45E-03  4.78E-02  9.15E-04 -4.24E-02
1         ***** THE USAF AUTOMATED MISSILE DATCOM * REV 3/99 *****     CASE   1
               AERODYNAMIC METHODS FOR MISSILE CONFIGURATIONS          PAGE  64
                   STATIC AERODYNAMICS FOR BODY-FIN SET 1

       ******* FLIGHT CONDITIONS AND REFERENCE QUANTITIES *******
     MACH NO  =       2.00                REYNOLDS NO = 4.637E+07 /M
     ALTITUDE =        0.0 M         DYNAMIC PRESSURE = 283710.47 N/M**2
     SIDESLIP =       0.00 DEG                   ROLL =      0.00 DEG     
     REF AREA =      0.001 M**2         MOMENT CENTER =     0.250 M
     REF LENGTH =     0.65 M           LAT REF LENGTH =      0.65 M

                   ----- LONGITUDINAL -----     -- LATERAL DIRECTIONAL --
         ALPHA       CN        CM        CA        CY       CLN       CLL

        -10.00    -2.279     0.495     0.453    -0.008     0.004    -0.002
         -8.00    -1.594     0.336     0.455    -0.004     0.002    -0.002
         -6.00    -1.044     0.213     0.457    -0.001     0.001    -0.002
         -4.00    -0.616     0.121     0.459     0.000     0.000    -0.001
         -2.00    -0.276     0.053     0.459     0.000     0.000    -0.001
          0.00     0.000     0.000     0.460     0.000     0.000    -0.001
          2.00     0.276    -0.053     0.459     0.000     0.000    -0.001
          4.00     0.616    -0.121     0.459     0.000     0.000    -0.001
          6.00     1.044    -0.213     0.457     0.001    -0.001    -0.002
          8.00     1.594    -0.336     0.455     0.004    -0.002    -0.002
         10.00     2.279    -0.495     0.453     0.008    -0.004    -0.002

         ALPHA       CL        CD      CL/CD     X-C.P.

        -10.00    -2.166     0.842    -2.573    -0.217
         -8.00    -1.515     0.673    -2.252    -0.211
         -6.00    -0.991     0.564    -1.757    -0.204
         -4.00    -0.583     0.501    -1.165    -0.196
         -2.00    -0.260     0.469    -0.555    -0.191
          0.00     0.000     0.460     0.000    -0.434
          2.00     0.260     0.469     0.555    -0.191
          4.00     0.583     0.501     1.165    -0.196
          6.00     0.991     0.564     1.757    -0.204
          8.00     1.515     0.673     2.252    -0.211
         10.00     2.166     0.842     2.573    -0.217

    X-C.P. MEAS. FROM MOMENT CENTER IN REF. LENGTHS, NEG. AFT OF MOMENT CENTER
1         ***** THE USAF AUTOMATED MISSILE DATCOM * REV 3/99 *****     CASE   1
               AERODYNAMIC METHODS FOR MISSILE CONFIGURATIONS          PAGE  65
                   STATIC AERODYNAMICS FOR BODY-FIN SET 1

       ******* FLIGHT CONDITIONS AND REFERENCE QUANTITIES *******
     MACH NO  =       2.00                REYNOLDS NO = 4.637E+07 /M
     ALTITUDE =        0.0 M         DYNAMIC PRESSURE = 283710.47 N/M**2
     SIDESLIP =       0.00 DEG                   ROLL =      0.00 DEG     
     REF AREA =      0.001 M**2         MOMENT CENTER =     0.250 M
     REF LENGTH =     0.65 M           LAT REF LENGTH =      0.65 M

                   ---------- DERIVATIVES (PER DEGREE) ----------
         ALPHA       CNA         CMA         CYB         CLNB        CLLB
        -10.00      0.3767     -0.0881     -0.1589      0.0199     -0.0004
         -8.00      0.3083     -0.0705     -0.1582      0.0243     -0.0002
         -6.00      0.2442     -0.0538     -0.1548      0.0271     -0.0001
         -4.00      0.1919     -0.0400     -0.1482      0.0275      0.0000
         -2.00      0.1541     -0.0302     -0.1382      0.0260      0.0000
          0.00      0.1382     -0.0264     -0.1344      0.0254      0.0000
          2.00      0.1541     -0.0302     -0.1382      0.0260      0.0000
          4.00      0.1919     -0.0400     -0.1483      0.0275      0.0000
          6.00      0.2442     -0.0538     -0.1547      0.0270      0.0001
          8.00      0.3083     -0.0705     -0.1577      0.0241      0.0002
         10.00      0.3767     -0.0881     -0.1580      0.0195      0.0005

    PANEL DEFLECTION ANGLES (DEGREES)
    SET    FIN 1   FIN 2   FIN 3   FIN 4   FIN 5   FIN 6   FIN 7   FIN 8
      1    0.70    0.70    0.70    0.70

    BODY ALONE LINEAR DATA GENERATED FROM VAN DYKE HYBRID THEORY

    *** END OF JOB ***
