1         ***** THE USAF AUTOMATED MISSILE DATCOM * REV 3/99 *****
               AERODYNAMIC METHODS FOR MISSILE CONFIGURATIONS     

    CONERR - INPUT ERROR CHECKING

    ERROR CODES - N* DENOTES THE NUMBER OF OCCURENCES OF EACH ERROR
    A - UNKNOWN VARIABLE NAME
    B - MISSING EQUAL SIGN FOLLOWING VARIABLE NAME
    C - NON-ARRAY VARIABLE HAS AN ARRAY ELEMENTDESIGNATION - (N)
    D - NON-ARRAY VARIABLE HAS MULTIPLE VALUES ASSIGNED
    E - ASSIGNED VALUES EXCEED ARRAY DIMENSION
    F - SYNTAX ERROR

    ************************* INPUT DATA CARDS *************************

   1 DIM M                                                                           
      2 ** BLANK CARD - IGNORED
   3  $FLTCON  NALPHA=11.,NMACH=6.,                                                  
   4           MACH=0.3000,0.6000,0.9000,1.1000,1.4000,2.0000,                       
   5           ALPHA=-10.0,-8.0,-6.0,-4.0,-2.0,0.0,2.0,4.0,6.0,8.0,10.0,$            
      6 ** BLANK CARD - IGNORED
   7  $REFQ    XCG=0.1980,                                                           
   8           SREF=0.0010179,                                                       
   9           LREF=0.6000,                                                          
  10           RHR=0.,$                                                              
     11 ** BLANK CARD - IGNORED
  12  $AXIBOD  X0=0.00,                                                              
  13           TNOSE=OGIVE,                                                          
               ** SUBSTITUTING NUMERIC FOR NAME OGIVE
  14           LNOSE=0.1050,                                                         
  15           DNOSE=0.0360,                                                         
  16           BNOSE=0.0,                                                            
  17           TRUNC=.FALSE.,                                                        
  18           LCENTR=0.4950,                                                        
  19           DCENTR=0.0360,                                                        
  20           TAFT=CONE,                                                            
               ** SUBSTITUTING NUMERIC FOR NAME CONE
  21           LAFT=0.0000,                                                          
  22           DAFT=0.0360,                                                          
  23           DEXIT=0.0000,$                                                        
     24 ** BLANK CARD - IGNORED
  25  $FINSET1 XLE=0.4000,0.4000,NPANEL=8.,                                          
  26           SSPAN=0.0180,0.0275,                                                  
  27           CHORD=0.2000,0.2000,                                                  
  28           LER=2*0.0,                                                            
  29           PHIF=0.0,45.0,90.0,135.0,180.0,225.0,270.0,315.0,                     
  30           GAM=3.0000,3.0000,3.0000,3.0000,3.0000,3.0000,3.0000,3.0000,          
  31           SECTYP=HEX,                                                           
               ** SUBSTITUTING NUMERIC FOR NAME HEX
  32           ZUPPER=0.025000,0.025000,                                             
  33           LMAXU=0.4,0.4,                                                        
  34           LFLATU=0.2,0.2,$                                                      
     35 ** BLANK CARD - IGNORED
  36  $DEFLCT  DELTA1=3.0000,3.0000,3.0000,3.0000,3.0000,3.0000,3.0000,3.0000,       
  37           XHINGE=0.5500,$                                                       
     38 ** BLANK CARD - IGNORED
  39 PART                                                                            
  40 NEXT CASE                                                                       
1         ***** THE USAF AUTOMATED MISSILE DATCOM * REV 3/99 *****     CASE   1
               AERODYNAMIC METHODS FOR MISSILE CONFIGURATIONS          PAGE   1
    CASE INPUTS
    FOLLOWING ARE THE CARDS INPUT FOR THIS CASE

 DIM M                                                                           
  $FLTCON  NALPHA=11.,NMACH=6.,                                                  
           MACH=0.3000,0.6000,0.9000,1.1000,1.4000,2.0000,                       
           ALPHA=-10.0,-8.0,-6.0,-4.0,-2.0,0.0,2.0,4.0,6.0,8.0,10.0,$            
  $REFQ    XCG=0.1980,                                                           
           SREF=0.0010179,                                                       
           LREF=0.6000,                                                          
           RHR=0.,$                                                              
  $AXIBOD  X0=0.00,                                                              
           TNOSE=1.,                                                             
           LNOSE=0.1050,                                                         
           DNOSE=0.0360,                                                         
           BNOSE=0.0,                                                            
           TRUNC=.FALSE.,                                                        
           LCENTR=0.4950,                                                        
           DCENTR=0.0360,                                                        
           TAFT=0.,                                                              
           LAFT=0.0000,                                                          
           DAFT=0.0360,                                                          
           DEXIT=0.0000,$                                                        
  $FINSET1 XLE=0.4000,0.4000,NPANEL=8.,                                          
           SSPAN=0.0180,0.0275,                                                  
           CHORD=0.2000,0.2000,                                                  
           LER=2*0.0,                                                            
           PHIF=0.0,45.0,90.0,135.0,180.0,225.0,270.0,315.0,                     
           GAM=3.0000,3.0000,3.0000,3.0000,3.0000,3.0000,3.0000,3.0000,          
           SECTYP=0.,                                                            
           ZUPPER=0.025000,0.025000,                                             
           LMAXU=0.4,0.4,                                                        
           LFLATU=0.2,0.2,$                                                      
  $DEFLCT  DELTA1=3.0000,3.0000,3.0000,3.0000,3.0000,3.0000,3.0000,3.0000,       
           XHINGE=0.5500,$                                                       
 PART                                                                            
 NEXT CASE                                                                       
    * WARNING * THE REYNOLDS NUMBER IS NOT DEFINED, FOR INPUT SPEED  1
                SEA LEVEL ALTITUDE ASSUMED
    * WARNING * THE REYNOLDS NUMBER IS NOT DEFINED, FOR INPUT SPEED  2
                SEA LEVEL ALTITUDE ASSUMED
    * WARNING * THE REYNOLDS NUMBER IS NOT DEFINED, FOR INPUT SPEED  3
                SEA LEVEL ALTITUDE ASSUMED
    * WARNING * THE REYNOLDS NUMBER IS NOT DEFINED, FOR INPUT SPEED  4
                SEA LEVEL ALTITUDE ASSUMED
    * WARNING * THE REYNOLDS NUMBER IS NOT DEFINED, FOR INPUT SPEED  5
                SEA LEVEL ALTITUDE ASSUMED
    * WARNING * THE REYNOLDS NUMBER IS NOT DEFINED, FOR INPUT SPEED  6
                SEA LEVEL ALTITUDE ASSUMED
    THE BOUNDARY LAYER IS ASSUMED TO BE TURBULENT
    THE INPUT UNITS ARE IN METERS, THE SCALE FACTOR IS   1.0000
1         ***** THE USAF AUTOMATED MISSILE DATCOM * REV 3/99 *****     CASE   1
               AERODYNAMIC METHODS FOR MISSILE CONFIGURATIONS          PAGE   2
                        AXISYMMETRIC BODY DEFINITION

                             NOSE   CENTERBODY     AFT BODY        TOTAL
    SHAPE                   OGIVE     CYLINDER     --------
    LENGTH                  0.105        0.495        0.000        0.600   M
    FINENESS RATIO          2.917       13.750        0.000       16.667
    PLANFORM AREA           0.003        0.018        0.000        0.020   M**2
    AREA CENTROID           0.065        0.353        0.000        0.317   M
    WETTED AREA             0.008        0.056        0.000        0.064   M**2
    VOLUME                  0.000        0.001        0.000        0.001   M**3
    VOL. CENTROID           0.072        0.352        0.000        0.324   M

                              MOLD LINE CONTOUR

     LONGITUDINAL STATIONS    0.0000     0.0105     0.0210     0.0315     0.0420 
        0.0525     0.0630     0.0735     0.0840     0.0945     0.1050     0.1545 
        0.2040     0.2535     0.3030     0.3525     0.4020     0.4515     0.5010 
        0.5505     0.6000*

                BODY RADII    0.0000     0.0035     0.0066     0.0093     0.0116 
        0.0136     0.0152     0.0164     0.0173     0.0178     0.0180     0.0180 
        0.0180     0.0180     0.0180     0.0180     0.0180     0.0180     0.0180 
        0.0180     0.0180*
    NOTE - * INDICATES SLOPE DISCONTINUOUS POINTS
1         ***** THE USAF AUTOMATED MISSILE DATCOM * REV 3/99 *****     CASE   1
               AERODYNAMIC METHODS FOR MISSILE CONFIGURATIONS          PAGE   3
                         FIN SET NUMBER 1 AIRFOIL SECTION

                                  NACA S-3-40.0-05.0-20.0

         X/C     X-UPPER   Y-UPPER   X-LOWER   Y-LOWER  MEAN LINE  THICKNESS

       0.00000   0.00000   0.00000   0.00000   0.00000   0.00000   0.00000
       0.00100   0.00100   0.00006   0.00100  -0.00006   0.00000   0.00013
       0.00200   0.00200   0.00013   0.00200  -0.00013   0.00000   0.00025
       0.00300   0.00300   0.00019   0.00300  -0.00019   0.00000   0.00038
       0.00400   0.00400   0.00025   0.00400  -0.00025   0.00000   0.00050
       0.00500   0.00500   0.00031   0.00500  -0.00031   0.00000   0.00063
       0.00600   0.00600   0.00038   0.00600  -0.00038   0.00000   0.00075
       0.00800   0.00800   0.00050   0.00800  -0.00050   0.00000   0.00100
       0.01000   0.01000   0.00063   0.01000  -0.00063   0.00000   0.00125
       0.02000   0.02000   0.00125   0.02000  -0.00125   0.00000   0.00250
       0.03000   0.03000   0.00187   0.03000  -0.00187   0.00000   0.00375
       0.04000   0.04000   0.00250   0.04000  -0.00250   0.00000   0.00500
       0.05000   0.05000   0.00312   0.05000  -0.00312   0.00000   0.00625
       0.06000   0.06000   0.00375   0.06000  -0.00375   0.00000   0.00750
       0.08000   0.08000   0.00500   0.08000  -0.00500   0.00000   0.01000
       0.10000   0.10000   0.00625   0.10000  -0.00625   0.00000   0.01250
       0.12000   0.12000   0.00750   0.12000  -0.00750   0.00000   0.01500
       0.14000   0.14000   0.00875   0.14000  -0.00875   0.00000   0.01750
       0.16000   0.16000   0.01000   0.16000  -0.01000   0.00000   0.02000
       0.18000   0.18000   0.01125   0.18000  -0.01125   0.00000   0.02250
       0.20000   0.20000   0.01250   0.20000  -0.01250   0.00000   0.02500
       0.22000   0.22000   0.01375   0.22000  -0.01375   0.00000   0.02750
       0.24000   0.24000   0.01500   0.24000  -0.01500   0.00000   0.03000
       0.26000   0.26000   0.01625   0.26000  -0.01625   0.00000   0.03250
       0.28000   0.28000   0.01750   0.28000  -0.01750   0.00000   0.03500
       0.30000   0.30000   0.01875   0.30000  -0.01875   0.00000   0.03750
       0.32000   0.32000   0.02000   0.32000  -0.02000   0.00000   0.04000
       0.34000   0.34000   0.02125   0.34000  -0.02125   0.00000   0.04250
       0.36000   0.36000   0.02250   0.36000  -0.02250   0.00000   0.04500
       0.38000   0.38000   0.02375   0.38000  -0.02375   0.00000   0.04750
       0.40000   0.40000   0.02500   0.40000  -0.02500   0.00000   0.05000
       0.42000   0.42000   0.02500   0.42000  -0.02500   0.00000   0.05000
       0.45000   0.45000   0.02500   0.45000  -0.02500   0.00000   0.05000
       0.50000   0.50000   0.02500   0.50000  -0.02500   0.00000   0.05000
       0.55000   0.55000   0.02500   0.55000  -0.02500   0.00000   0.05000
       0.60000   0.60000   0.02500   0.60000  -0.02500   0.00000   0.05000
       0.65000   0.65000   0.02187   0.65000  -0.02187   0.00000   0.04375
       0.70000   0.70000   0.01875   0.70000  -0.01875   0.00000   0.03750
       0.75000   0.75000   0.01562   0.75000  -0.01562   0.00000   0.03125
       0.80000   0.80000   0.01250   0.80000  -0.01250   0.00000   0.02500
       0.82000   0.82000   0.01125   0.82000  -0.01125   0.00000   0.02250
       0.84000   0.84000   0.01000   0.84000  -0.01000   0.00000   0.02000
       0.86000   0.86000   0.00875   0.86000  -0.00875   0.00000   0.01750
       0.88000   0.88000   0.00750   0.88000  -0.00750   0.00000   0.01500
       0.90000   0.90000   0.00625   0.90000  -0.00625   0.00000   0.01250
       0.92000   0.92000   0.00500   0.92000  -0.00500   0.00000   0.01000
       0.94000   0.94000   0.00375   0.94000  -0.00375   0.00000   0.00750
       0.96000   0.96000   0.00250   0.96000  -0.00250   0.00000   0.00500
       0.98000   0.98000   0.00125   0.98000  -0.00125   0.00000   0.00250
       1.00000   1.00000   0.00000   1.00000   0.00000   0.00000   0.00000
1         ***** THE USAF AUTOMATED MISSILE DATCOM * REV 3/99 *****     CASE   1
               AERODYNAMIC METHODS FOR MISSILE CONFIGURATIONS          PAGE   4
                      GEOMETRIC RESULTS FOR FIN SETS

                             FIN SET NUMBER  1
                          (DATA FOR ONE PANEL ONLY)

    SEGMENT   PLAN        ASPECT    TAPER     L.E.     T.E.    M.A.C.    T/C
    NUMBER    AREA        RATIO     RATIO    SWEEP    SWEEP    CHORD    RATIO

      1      0.0019        0.047    1.000    0.000    0.000    0.200    0.050
    TOTAL    0.0019        0.047    1.000    0.000    0.000    0.200    0.050
 
 
 
1         ***** THE USAF AUTOMATED MISSILE DATCOM * REV 3/99 *****     CASE   1
               AERODYNAMIC METHODS FOR MISSILE CONFIGURATIONS          PAGE   5
                           FIN SET 1 SECTION AERODYNAMICS

                        IDEAL ANGLE OF ATTACK =    0.0000 DEG.
                    ZERO LIFT ANGLE OF ATTACK =    0.0000 DEG.
                       IDEAL LIFT COEFFICIENT =    0.0000
        ZERO LIFT PITCHING MOMENT COEFFICIENT =    0.0000
                   MACH ZERO LIFT-CURVE-SLOPE =    0.0963 /DEG.
                          LEADING EDGE RADIUS =    0.0000 FRACTION CHORD
                    MAXIMUM AIRFOIL THICKNESS =    0.0500 FRACTION CHORD
                                      DELTA-Y =    0.3656 PERCENT CHORD


    MACH = 0.300   CL-ALPHA = 0.1031 /DEG.   XAC = 0.2709   CL MAX = 0.7494

    MACH = 0.600   CL-ALPHA = 0.1269 /DEG.   XAC = 0.2700   CL MAX = 0.7647

                   *** CREST CRITICAL MACH NUMBER EXCEEDED ***

                           CREST CRITICAL MACH =    0.8070
                                      LOCATION =    0.4145 FRACTION CHORD
                              LIFT-CURVE-SLOPE =    0.1410 /DEG.
1         ***** THE USAF AUTOMATED MISSILE DATCOM * REV 3/99 *****     CASE   1
               AERODYNAMIC METHODS FOR MISSILE CONFIGURATIONS          PAGE   6
                             BODY ALONE PARTIAL OUTPUT

       ******* FLIGHT CONDITIONS AND REFERENCE QUANTITIES *******
     MACH NO  =       0.30                REYNOLDS NO = 6.955E+06 /M
     ALTITUDE =        0.0 M         DYNAMIC PRESSURE =   6383.49 N/M**2
     SIDESLIP =       0.00 DEG                   ROLL =      0.00 DEG     
     REF AREA =      0.001 M**2         MOMENT CENTER =     0.198 M
     REF LENGTH =     0.60 M           LAT REF LENGTH =      0.60 M

      ALPHA    CA-FRIC  CA-PRES/WAVE CA-BASE    CA-PROT     CA-SEP     CA-ALP
     -10.00     0.2106     0.0121     0.1368                           0.0014
      -8.00     0.2130     0.0122     0.1372                           0.0015
      -6.00     0.2148     0.0123     0.1374                           0.0010
      -4.00     0.2161     0.0124     0.1374                           0.0005
      -2.00     0.2169     0.0124     0.1373                           0.0001
       0.00     0.2172     0.0124     0.1370                           0.0000
       2.00     0.2169     0.0124     0.1373                           0.0001
       4.00     0.2161     0.0124     0.1374                           0.0005
       6.00     0.2148     0.0123     0.1374                           0.0010
       8.00     0.2130     0.0122     0.1372                           0.0015
      10.00     0.2106     0.0121     0.1368                           0.0014

                     CROSS FLOW DRAG PROPORTIONALITY FACTOR = 0.74620

      ALPHA    CN-POTEN  CN-VISC   CN-SEP    CM-POTEN  CM-VISC   CM-SEP    CDC
     -10.00    -0.457    -0.347              -0.033     0.069             0.772
      -8.00    -0.369    -0.221              -0.027     0.044             0.766
      -6.00    -0.278    -0.124              -0.020     0.024             0.759
      -4.00    -0.187    -0.055              -0.014     0.011             0.753
      -2.00    -0.094    -0.014              -0.007     0.003             0.746
       0.00     0.000     0.000               0.000     0.000             0.740
       2.00     0.094     0.014               0.007    -0.003             0.746
       4.00     0.187     0.055               0.014    -0.011             0.753
       6.00     0.278     0.124               0.020    -0.024             0.759
       8.00     0.369     0.221               0.027    -0.044             0.766
      10.00     0.457     0.347               0.033    -0.069             0.772
1         ***** THE USAF AUTOMATED MISSILE DATCOM * REV 3/99 *****     CASE   1
               AERODYNAMIC METHODS FOR MISSILE CONFIGURATIONS          PAGE   7
                        FIN SET 1 CA PARTIAL OUTPUT

       ******* FLIGHT CONDITIONS AND REFERENCE QUANTITIES *******
     MACH NO  =       0.30                REYNOLDS NO = 6.955E+06 /M
     ALTITUDE =        0.0 M         DYNAMIC PRESSURE =   6383.49 N/M**2
     SIDESLIP =       0.00 DEG                   ROLL =      0.00 DEG     
     REF AREA =      0.001 M**2         MOMENT CENTER =     0.198 M
     REF LENGTH =     0.60 M           LAT REF LENGTH =      0.60 M

    SINGLE FIN PANEL ZERO-LIFT AXIAL FORCE COMPONENTS

    SKIN FRICTION        0.0154
    SUBSONIC PRESSURE    0.0012
    TRANSONIC WAVE       0.0000
    SUPERSONIC WAVE      0.0000
    LEADING EDGE         0.0000
    TRAILING EDGE        0.0000
    TOTAL CAO            0.0166

    FIN AXIAL FORCE DUE TO ANGLE OF ATTACK

    ALPHA      CA DUE TO LIFT (SINGLE PANEL)   CA-TOTAL (8 FINS)

     -10.00              0.0000                      0.1309
      -8.00              0.0000                      0.1316
      -6.00              0.0000                      0.1322
      -4.00              0.0000                      0.1326
      -2.00              0.0000                      0.1328
       0.00              0.0000                      0.1329
       2.00              0.0000                      0.1328
       4.00              0.0000                      0.1326
       6.00              0.0000                      0.1322
       8.00              0.0000                      0.1316
      10.00              0.0000                      0.1309
1         ***** THE USAF AUTOMATED MISSILE DATCOM * REV 3/99 *****     CASE   1
               AERODYNAMIC METHODS FOR MISSILE CONFIGURATIONS          PAGE   8
                       FIN SET 1 CN, CM PARTIAL OUTPUT

       ******* FLIGHT CONDITIONS AND REFERENCE QUANTITIES *******
     MACH NO  =       0.30                REYNOLDS NO = 6.955E+06 /M
     ALTITUDE =        0.0 M         DYNAMIC PRESSURE =   6383.49 N/M**2
     SIDESLIP =       0.00 DEG                   ROLL =      0.00 DEG     
     REF AREA =      0.001 M**2         MOMENT CENTER =     0.198 M
     REF LENGTH =     0.60 M           LAT REF LENGTH =      0.60 M

    NORMAL FORCE SLOPE AT ALPHA ZERO, CNA =    0.00486/DEG (1 PANEL)
         CENTER OF PRESSURE FOR LINEAR CN =   -0.42667 (CALIBERS FROM C.G.)
     CENTER OF PRESSURE FOR NON-LINEAR CN =   -0.50333 (CALIBERS FROM C.G.)

      ALPHA      CN        CN        CN        CM        CM        CM
               LINEAR  NON-LINEAR  TOTAL     LINEAR  NON-LINEAR  TOTAL

     -10.00   -0.1919   -0.5325   -0.7244    0.0819    0.2680    0.3499
      -8.00   -0.1542   -0.3416   -0.4958    0.0658    0.1719    0.2377
      -6.00   -0.1161   -0.1925   -0.3085    0.0495    0.0969    0.1464
      -4.00   -0.0776   -0.0857   -0.1632    0.0331    0.0431    0.0762
      -2.00   -0.0388   -0.0214   -0.0603    0.0166    0.0108    0.0274
       0.00    0.0000    0.0000    0.0000    0.0000    0.0000    0.0000
       2.00    0.0388    0.0214    0.0603   -0.0166   -0.0108   -0.0274
       4.00    0.0776    0.0857    0.1632   -0.0331   -0.0431   -0.0762
       6.00    0.1161    0.1925    0.3085   -0.0495   -0.0969   -0.1464
       8.00    0.1542    0.3416    0.4958   -0.0658   -0.1719   -0.2377
      10.00    0.1919    0.5325    0.7244   -0.0819   -0.2680   -0.3499
1         ***** THE USAF AUTOMATED MISSILE DATCOM * REV 3/99 *****     CASE   1
               AERODYNAMIC METHODS FOR MISSILE CONFIGURATIONS          PAGE   9
                 AERODYNAMIC FORCE AND MOMENT SYNTHESIS

       ******* FLIGHT CONDITIONS AND REFERENCE QUANTITIES *******
     MACH NO  =       0.30                REYNOLDS NO = 6.955E+06 /M
     ALTITUDE =        0.0 M         DYNAMIC PRESSURE =   6383.49 N/M**2
     SIDESLIP =       0.00 DEG                   ROLL =      0.00 DEG     
     REF AREA =      0.001 M**2         MOMENT CENTER =     0.198 M
     REF LENGTH =     0.60 M           LAT REF LENGTH =      0.60 M

          ---------------FIN SET 1 IN PRESENCE OF THE BODY----------------

      ALPHA       CN         CM         CA         CY         CLN        CLL

     -10.00    -1.3963     0.5957     0.1646    -0.0137     0.0058    -0.0215
      -8.00    -1.0123     0.4319     0.1604    -0.0055     0.0024    -0.0189
      -6.00    -0.6663     0.2843     0.1557    -0.0001     0.0001    -0.0161
      -4.00    -0.3709     0.1583     0.1504     0.0006    -0.0002    -0.0129
      -2.00    -0.1587     0.0677     0.1448     0.0001     0.0000    -0.0090
       0.00     0.0000     0.0000     0.1417     0.0000     0.0000    -0.0068
       2.00     0.1587    -0.0677     0.1448    -0.0001     0.0000    -0.0090
       4.00     0.3709    -0.1583     0.1504    -0.0006     0.0002    -0.0129
       6.00     0.6663    -0.2843     0.1557     0.0001    -0.0001    -0.0161
       8.00     1.0123    -0.4319     0.1604     0.0055    -0.0024    -0.0189
      10.00     1.3963    -0.5957     0.1646     0.0137    -0.0058    -0.0215
1         ***** THE USAF AUTOMATED MISSILE DATCOM * REV 3/99 *****     CASE   1
               AERODYNAMIC METHODS FOR MISSILE CONFIGURATIONS          PAGE  10
                 AERODYNAMIC FORCE AND MOMENT SYNTHESIS

       ******* FLIGHT CONDITIONS AND REFERENCE QUANTITIES *******
     MACH NO  =       0.30                REYNOLDS NO = 6.955E+06 /M
     ALTITUDE =        0.0 M         DYNAMIC PRESSURE =   6383.49 N/M**2
     SIDESLIP =       0.00 DEG                   ROLL =      0.00 DEG     
     REF AREA =      0.001 M**2         MOMENT CENTER =     0.198 M
     REF LENGTH =     0.60 M           LAT REF LENGTH =      0.60 M

          ---------------FIN SET 1 PANEL CHARACTERISTICS------------------

      ALPHA      PANEL    AEQ (PANEL AXIS SYS.)    PANEL CN

     -10.00        1              1.7349           0.0126
     -10.00        2             -9.3331          -0.1602
     -10.00        3            -13.0739          -0.2864
     -10.00        4             -6.5054          -0.0878
     -10.00        5              2.6842           0.0225
     -10.00        6             13.2950           0.2949
     -10.00        7             18.2979           0.5165
     -10.00        8             13.3567           0.2973
 
      -8.00        1              1.8999           0.0141
      -8.00        2             -7.0846          -0.1010
      -8.00        3            -10.2342          -0.1875
      -8.00        4             -5.3933          -0.0649
      -8.00        5              2.9922           0.0264
      -8.00        6             11.7159           0.2367
      -8.00        7             15.4319           0.3828
      -8.00        8             11.3156           0.2229
 
      -6.00        1              2.0679           0.0157
      -6.00        2             -4.7583          -0.0533
      -6.00        3             -7.2283          -0.1044
      -6.00        4             -3.9145          -0.0394
      -6.00        5              3.0712           0.0274
      -6.00        6              9.8464           0.1755
      -6.00        7             12.4082           0.2615
      -6.00        8              9.2103           0.1567
 
      -4.00        1              2.2393           0.0175
      -4.00        2             -2.3546          -0.0187
      -4.00        3             -4.0407          -0.0414
      -4.00        4             -1.8644          -0.0138
      -4.00        5              2.9372           0.0257
      -4.00        6              7.5311           0.1117
      -4.00        7              9.2172           0.1569
      -4.00        8              7.0409           0.0999
 
      -2.00        1              2.4130           0.0194
      -2.00        2              0.1007           0.0006
      -2.00        3             -0.7529          -0.0049
      -2.00        4              0.3481           0.0022
      -2.00        5              2.7636           0.0235
      -2.00        6              5.0759           0.0590
      -2.00        7              5.9294           0.0755
      -2.00        8              4.8284           0.0545
 
       0.00        1              2.5883           0.0214
       0.00        2              2.5883           0.0214
       0.00        3              2.5883           0.0214
       0.00        4              2.5883           0.0214
       0.00        5              2.5883           0.0214
       0.00        6              2.5883           0.0214
       0.00        7              2.5883           0.0214
       0.00        8              2.5883           0.0214
 
       2.00        1              2.7636           0.0235
       2.00        2              5.0759           0.0590
       2.00        3              5.9294           0.0755
       2.00        4              4.8284           0.0545
       2.00        5              2.4130           0.0194
       2.00        6              0.1007           0.0006
       2.00        7             -0.7529          -0.0049
       2.00        8              0.3481           0.0022
 
       4.00        1              2.9372           0.0257
       4.00        2              7.5311           0.1117
       4.00        3              9.2172           0.1569
       4.00        4              7.0409           0.0999
       4.00        5              2.2393           0.0175
       4.00        6             -2.3546          -0.0187
       4.00        7             -4.0407          -0.0414
       4.00        8             -1.8644          -0.0138
 
       6.00        1              3.0712           0.0274
       6.00        2              9.8464           0.1755
       6.00        3             12.4082           0.2615
       6.00        4              9.2103           0.1567
       6.00        5              2.0679           0.0157
       6.00        6             -4.7583          -0.0533
       6.00        7             -7.2283          -0.1044
       6.00        8             -3.9145          -0.0394
 
       8.00        1              2.9922           0.0264
       8.00        2             11.7159           0.2367
       8.00        3             15.4319           0.3828
       8.00        4             11.3156           0.2229
       8.00        5              1.8999           0.0141
       8.00        6             -7.0846          -0.1010
       8.00        7            -10.2342          -0.1875
       8.00        8             -5.3933          -0.0649
 
      10.00        1              2.6842           0.0225
      10.00        2             13.2950           0.2949
      10.00        3             18.2979           0.5165
      10.00        4             13.3567           0.2973
      10.00        5              1.7349           0.0126
      10.00        6             -9.3331          -0.1602
      10.00        7            -13.0739          -0.2864
      10.00        8             -6.5054          -0.0878
 
1         ***** THE USAF AUTOMATED MISSILE DATCOM * REV 3/99 *****     CASE   1
               AERODYNAMIC METHODS FOR MISSILE CONFIGURATIONS          PAGE  11
                 AERODYNAMIC FORCE AND MOMENT SYNTHESIS

       ******* FLIGHT CONDITIONS AND REFERENCE QUANTITIES *******
     MACH NO  =       0.30                REYNOLDS NO = 6.955E+06 /M
     ALTITUDE =        0.0 M         DYNAMIC PRESSURE =   6383.49 N/M**2
     SIDESLIP =       0.00 DEG                   ROLL =      0.00 DEG     
     REF AREA =      0.001 M**2         MOMENT CENTER =     0.198 M
     REF LENGTH =     0.60 M           LAT REF LENGTH =      0.60 M

             CARRYOVER INTERFERENCE FACTORS - FIN SET 1

      ALPHA   K-W(B)   K-B(W)  KK-W(B)  KK-B(W)  XCP-W(B) XCP-B(W) Y-CP/(B/2)

     -10.00   1.6234   1.1241   0.9535   0.6600   0.4267   0.4200   0.4160
      -8.00   1.6395   1.1241   0.9535   0.6600   0.4267   0.4200   0.4459
      -6.00   1.6540   1.1241   0.9535   0.6600   0.4267   0.4200   0.4966
      -4.00   1.6666   1.1241   0.9535   0.6600   0.4267   0.4200   0.5510
      -2.00   1.6764   1.1241   0.9535   0.6600   0.4267   0.4200   0.5945
       0.00   1.6818   1.1241   0.9535   0.6600   0.4267   0.4200   0.6263
       2.00   1.6764   1.1241   0.9535   0.6600   0.4267   0.4200   0.6446
       4.00   1.6666   1.1241   0.9535   0.6600   0.4267   0.4200   0.6336
       6.00   1.6540   1.1241   0.9535   0.6600   0.4267   0.4200   0.6090
       8.00   1.6395   1.1241   0.9535   0.6600   0.4267   0.4200   0.5845
      10.00   1.6234   1.1241   0.9535   0.6600   0.4267   0.4200   0.5626

    NOTE - XCP-W(B) USED FOR STABILITY ONLY DIFFERENT VALUES USED FOR HINGE MOMENTS
1         ***** THE USAF AUTOMATED MISSILE DATCOM * REV 3/99 *****     CASE   1
               AERODYNAMIC METHODS FOR MISSILE CONFIGURATIONS          PAGE  12
        FIN SET 1 PANEL BENDING MOMENTS (ABOUT EXPOSED ROOT CHORD)

       ******* FLIGHT CONDITIONS AND REFERENCE QUANTITIES *******
     MACH NO  =       0.30                REYNOLDS NO = 6.955E+06 /M
     ALTITUDE =        0.0 M         DYNAMIC PRESSURE =   6383.49 N/M**2
     SIDESLIP =       0.00 DEG                   ROLL =      0.00 DEG     
     REF AREA =      0.001 M**2         MOMENT CENTER =     0.198 M
     REF LENGTH =     0.60 M           LAT REF LENGTH =      0.60 M

   ALPHA   PANL 1   PANL 2   PANL 3   PANL 4   PANL 5   PANL 6   PANL 7   PANL 8
 
   -10.0  8.29E-05 -1.06E-03 -1.89E-03 -5.78E-04  1.48E-04  1.94E-03  3.40E-03  1.96E-03
    -8.0  9.96E-05 -7.13E-04 -1.32E-03 -4.58E-04  1.86E-04  1.67E-03  2.70E-03  1.57E-03
    -6.0  1.24E-04 -4.19E-04 -8.21E-04 -3.10E-04  2.15E-04  1.38E-03  2.06E-03  1.23E-03
    -4.0  1.53E-04 -1.64E-04 -3.61E-04 -1.20E-04  2.24E-04  9.75E-04  1.37E-03  8.72E-04
    -2.0  1.83E-04  6.07E-06 -4.65E-05  2.11E-05  2.21E-04  5.55E-04  7.11E-04  5.13E-04
     0.0  2.12E-04  2.12E-04  2.12E-04  2.12E-04  2.12E-04  2.12E-04  2.12E-04  2.12E-04
     2.0  2.40E-04  6.02E-04  7.71E-04  5.57E-04  1.98E-04  6.58E-06 -5.05E-05  2.29E-05
     4.0  2.57E-04  1.12E-03  1.57E-03  1.00E-03  1.76E-04 -1.88E-04 -4.15E-04 -1.38E-04
     6.0  2.64E-04  1.69E-03  2.52E-03  1.51E-03  1.52E-04 -5.14E-04 -1.01E-03 -3.80E-04
     8.0  2.44E-04  2.19E-03  3.54E-03  2.06E-03  1.31E-04 -9.34E-04 -1.74E-03 -6.01E-04
    10.0  2.01E-04  2.63E-03  4.60E-03  2.65E-03  1.12E-04 -1.43E-03 -2.55E-03 -7.82E-04
1         ***** THE USAF AUTOMATED MISSILE DATCOM * REV 3/99 *****     CASE   1
               AERODYNAMIC METHODS FOR MISSILE CONFIGURATIONS          PAGE  13
            FIN SET 1 PANEL HINGE MOMENTS (ABOUT HINGE LINE)

       ******* FLIGHT CONDITIONS AND REFERENCE QUANTITIES *******
     MACH NO  =       0.30                REYNOLDS NO = 6.955E+06 /M
     ALTITUDE =        0.0 M         DYNAMIC PRESSURE =   6383.49 N/M**2
     SIDESLIP =       0.00 DEG                   ROLL =      0.00 DEG     
     REF AREA =      0.001 M**2         MOMENT CENTER =     0.198 M
     REF LENGTH =     0.60 M           LAT REF LENGTH =      0.60 M

   ALPHA   PANL 1   PANL 2   PANL 3   PANL 4   PANL 5   PANL 6   PANL 7   PANL 8
 
   -10.0  2.28E-03 -2.78E-02 -4.76E-02 -1.56E-02  4.07E-03  4.89E-02  7.92E-02  4.92E-02
    -8.0  2.56E-03 -1.78E-02 -3.22E-02 -1.16E-02  4.76E-03  4.00E-02  6.16E-02  3.78E-02
    -6.0  2.85E-03 -9.55E-03 -1.84E-02 -7.10E-03  4.95E-03  3.03E-02  4.38E-02  2.72E-02
    -4.0  3.17E-03 -3.39E-03 -7.45E-03 -2.50E-03  4.64E-03  1.97E-02  2.72E-02  1.76E-02
    -2.0  3.51E-03  1.17E-04 -8.99E-04  4.08E-04  4.25E-03  1.06E-02  1.34E-02  9.77E-03
     0.0  3.87E-03  3.87E-03  3.87E-03  3.87E-03  3.87E-03  3.87E-03  3.87E-03  3.87E-03
     2.0  4.25E-03  1.06E-02  1.34E-02  9.77E-03  3.51E-03  1.17E-04 -8.99E-04  4.08E-04
     4.0  4.64E-03  1.97E-02  2.72E-02  1.76E-02  3.17E-03 -3.39E-03 -7.45E-03 -2.50E-03
     6.0  4.95E-03  3.03E-02  4.38E-02  2.72E-02  2.85E-03 -9.55E-03 -1.84E-02 -7.10E-03
     8.0  4.76E-03  4.00E-02  6.16E-02  3.78E-02  2.56E-03 -1.78E-02 -3.22E-02 -1.16E-02
    10.0  4.07E-03  4.89E-02  7.92E-02  4.92E-02  2.28E-03 -2.78E-02 -4.76E-02 -1.56E-02
1         ***** THE USAF AUTOMATED MISSILE DATCOM * REV 3/99 *****     CASE   1
               AERODYNAMIC METHODS FOR MISSILE CONFIGURATIONS          PAGE  14
                   STATIC AERODYNAMICS FOR BODY-FIN SET 1

       ******* FLIGHT CONDITIONS AND REFERENCE QUANTITIES *******
     MACH NO  =       0.30                REYNOLDS NO = 6.955E+06 /M
     ALTITUDE =        0.0 M         DYNAMIC PRESSURE =   6383.49 N/M**2
     SIDESLIP =       0.00 DEG                   ROLL =      0.00 DEG     
     REF AREA =      0.001 M**2         MOMENT CENTER =     0.198 M
     REF LENGTH =     0.60 M           LAT REF LENGTH =      0.60 M

                   ----- LONGITUDINAL -----     -- LATERAL DIRECTIONAL --
         ALPHA       CN        CM        CA        CY       CLN       CLL

        -10.00    -3.167     1.037     0.526    -0.023     0.010    -0.022
         -8.00    -2.296     0.740     0.524    -0.009     0.004    -0.019
         -6.00    -1.521     0.479     0.521     0.000     0.000    -0.016
         -4.00    -0.862     0.261     0.517     0.001     0.000    -0.013
         -2.00    -0.372     0.108     0.512     0.000     0.000    -0.009
          0.00     0.000     0.000     0.508     0.000     0.000    -0.007
          2.00     0.372    -0.108     0.512     0.000     0.000    -0.009
          4.00     0.862    -0.261     0.517    -0.001     0.000    -0.013
          6.00     1.521    -0.479     0.521     0.000     0.000    -0.016
          8.00     2.296    -0.740     0.524     0.009    -0.004    -0.019
         10.00     3.167    -1.037     0.526     0.023    -0.010    -0.022

         ALPHA       CL        CD      CL/CD     X-C.P.

        -10.00    -3.028     1.068    -2.836    -0.328
         -8.00    -2.201     0.839    -2.624    -0.322
         -6.00    -1.459     0.677    -2.153    -0.315
         -4.00    -0.824     0.576    -1.432    -0.302
         -2.00    -0.354     0.524    -0.676    -0.291
          0.00     0.000     0.508     0.000    -0.424
          2.00     0.354     0.524     0.676    -0.291
          4.00     0.824     0.576     1.432    -0.302
          6.00     1.459     0.677     2.153    -0.315
          8.00     2.201     0.839     2.624    -0.322
         10.00     3.028     1.068     2.836    -0.328

    X-C.P. MEAS. FROM MOMENT CENTER IN REF. LENGTHS, NEG. AFT OF MOMENT CENTER
1         ***** THE USAF AUTOMATED MISSILE DATCOM * REV 3/99 *****     CASE   1
               AERODYNAMIC METHODS FOR MISSILE CONFIGURATIONS          PAGE  15
                   STATIC AERODYNAMICS FOR BODY-FIN SET 1

       ******* FLIGHT CONDITIONS AND REFERENCE QUANTITIES *******
     MACH NO  =       0.30                REYNOLDS NO = 6.955E+06 /M
     ALTITUDE =        0.0 M         DYNAMIC PRESSURE =   6383.49 N/M**2
     SIDESLIP =       0.00 DEG                   ROLL =      0.00 DEG     
     REF AREA =      0.001 M**2         MOMENT CENTER =     0.198 M
     REF LENGTH =     0.60 M           LAT REF LENGTH =      0.60 M

                   ---------- DERIVATIVES (PER DEGREE) ----------
         ALPHA       CNA         CMA         CYB         CLNB        CLLB
        -10.00      0.4597     -0.1573     -0.3146      0.1031      0.0002
         -8.00      0.4113     -0.1396     -0.2902      0.0940      0.0000
         -6.00      0.3582     -0.1199     -0.2589      0.0821     -0.0001
         -4.00      0.2868     -0.0926     -0.2209      0.0674     -0.0002
         -2.00      0.2154     -0.0651     -0.1886      0.0550     -0.0005
          0.00      0.1861     -0.0542     -0.1818      0.0527     -0.0006
          2.00      0.2154     -0.0651     -0.1882      0.0549     -0.0005
          4.00      0.2868     -0.0926     -0.2185      0.0663     -0.0003
          6.00      0.3582     -0.1199     -0.2536      0.0798     -0.0003
          8.00      0.4113     -0.1396     -0.2774      0.0886     -0.0003
         10.00      0.4597     -0.1573     -0.2957      0.0951     -0.0002

    PANEL DEFLECTION ANGLES (DEGREES)
    SET    FIN 1   FIN 2   FIN 3   FIN 4   FIN 5   FIN 6   FIN 7   FIN 8
      1    3.00    3.00    3.00    3.00    3.00    3.00    3.00    3.00
1         ***** THE USAF AUTOMATED MISSILE DATCOM * REV 3/99 *****     CASE   1
               AERODYNAMIC METHODS FOR MISSILE CONFIGURATIONS          PAGE  16
                             BODY ALONE PARTIAL OUTPUT

       ******* FLIGHT CONDITIONS AND REFERENCE QUANTITIES *******
     MACH NO  =       0.60                REYNOLDS NO = 1.391E+07 /M
     ALTITUDE =        0.0 M         DYNAMIC PRESSURE =  25533.94 N/M**2
     SIDESLIP =       0.00 DEG                   ROLL =      0.00 DEG     
     REF AREA =      0.001 M**2         MOMENT CENTER =     0.198 M
     REF LENGTH =     0.60 M           LAT REF LENGTH =      0.60 M

      ALPHA    CA-FRIC  CA-PRES/WAVE CA-BASE    CA-PROT     CA-SEP     CA-ALP
     -10.00     0.1842     0.0126     0.1356                           0.0010
      -8.00     0.1862     0.0127     0.1360                           0.0012
      -6.00     0.1878     0.0128     0.1363                           0.0009
      -4.00     0.1890     0.0129     0.1364                           0.0005
      -2.00     0.1897     0.0130     0.1363                           0.0001
       0.00     0.1899     0.0130     0.1360                           0.0000
       2.00     0.1897     0.0130     0.1363                           0.0001
       4.00     0.1890     0.0129     0.1364                           0.0005
       6.00     0.1878     0.0128     0.1363                           0.0009
       8.00     0.1862     0.0127     0.1360                           0.0012
      10.00     0.1842     0.0126     0.1356                           0.0010

                     CROSS FLOW DRAG PROPORTIONALITY FACTOR = 0.74620

      ALPHA    CN-POTEN  CN-VISC   CN-SEP    CM-POTEN  CM-VISC   CM-SEP    CDC
     -10.00    -0.457    -0.362              -0.033     0.072             0.804
      -8.00    -0.369    -0.229              -0.027     0.045             0.791
      -6.00    -0.278    -0.127              -0.020     0.025             0.778
      -4.00    -0.187    -0.056              -0.014     0.011             0.766
      -2.00    -0.094    -0.014              -0.007     0.003             0.753
       0.00     0.000     0.000               0.000     0.000             0.740
       2.00     0.094     0.014               0.007    -0.003             0.753
       4.00     0.187     0.056               0.014    -0.011             0.766
       6.00     0.278     0.127               0.020    -0.025             0.778
       8.00     0.369     0.229               0.027    -0.045             0.791
      10.00     0.457     0.362               0.033    -0.072             0.804
1         ***** THE USAF AUTOMATED MISSILE DATCOM * REV 3/99 *****     CASE   1
               AERODYNAMIC METHODS FOR MISSILE CONFIGURATIONS          PAGE  17
                        FIN SET 1 CA PARTIAL OUTPUT

       ******* FLIGHT CONDITIONS AND REFERENCE QUANTITIES *******
     MACH NO  =       0.60                REYNOLDS NO = 1.391E+07 /M
     ALTITUDE =        0.0 M         DYNAMIC PRESSURE =  25533.94 N/M**2
     SIDESLIP =       0.00 DEG                   ROLL =      0.00 DEG     
     REF AREA =      0.001 M**2         MOMENT CENTER =     0.198 M
     REF LENGTH =     0.60 M           LAT REF LENGTH =      0.60 M

    SINGLE FIN PANEL ZERO-LIFT AXIAL FORCE COMPONENTS

    SKIN FRICTION        0.0133
    SUBSONIC PRESSURE    0.0011
    TRANSONIC WAVE       0.0000
    SUPERSONIC WAVE      0.0000
    LEADING EDGE         0.0000
    TRAILING EDGE        0.0000
    TOTAL CAO            0.0144

    FIN AXIAL FORCE DUE TO ANGLE OF ATTACK

    ALPHA      CA DUE TO LIFT (SINGLE PANEL)   CA-TOTAL (8 FINS)

     -10.00              0.0000                      0.1135
      -8.00              0.0000                      0.1141
      -6.00              0.0000                      0.1146
      -4.00              0.0000                      0.1149
      -2.00              0.0000                      0.1152
       0.00              0.0000                      0.1152
       2.00              0.0000                      0.1152
       4.00              0.0000                      0.1149
       6.00              0.0000                      0.1146
       8.00              0.0000                      0.1141
      10.00              0.0000                      0.1135
1         ***** THE USAF AUTOMATED MISSILE DATCOM * REV 3/99 *****     CASE   1
               AERODYNAMIC METHODS FOR MISSILE CONFIGURATIONS          PAGE  18
                       FIN SET 1 CN, CM PARTIAL OUTPUT

       ******* FLIGHT CONDITIONS AND REFERENCE QUANTITIES *******
     MACH NO  =       0.60                REYNOLDS NO = 1.391E+07 /M
     ALTITUDE =        0.0 M         DYNAMIC PRESSURE =  25533.94 N/M**2
     SIDESLIP =       0.00 DEG                   ROLL =      0.00 DEG     
     REF AREA =      0.001 M**2         MOMENT CENTER =     0.198 M
     REF LENGTH =     0.60 M           LAT REF LENGTH =      0.60 M

    NORMAL FORCE SLOPE AT ALPHA ZERO, CNA =    0.00486/DEG (1 PANEL)
         CENTER OF PRESSURE FOR LINEAR CN =   -0.42667 (CALIBERS FROM C.G.)
     CENTER OF PRESSURE FOR NON-LINEAR CN =   -0.50333 (CALIBERS FROM C.G.)

      ALPHA      CN        CN        CN        CM        CM        CM
               LINEAR  NON-LINEAR  TOTAL     LINEAR  NON-LINEAR  TOTAL

     -10.00   -0.1919   -0.5667   -0.7586    0.0819    0.2852    0.3671
      -8.00   -0.1542   -0.3635   -0.5178    0.0658    0.1830    0.2488
      -6.00   -0.1161   -0.2048   -0.3209    0.0495    0.1031    0.1526
      -4.00   -0.0776   -0.0912   -0.1688    0.0331    0.0459    0.0790
      -2.00   -0.0389   -0.0228   -0.0617    0.0166    0.0115    0.0281
       0.00    0.0000    0.0000    0.0000    0.0000    0.0000    0.0000
       2.00    0.0389    0.0228    0.0617   -0.0166   -0.0115   -0.0281
       4.00    0.0776    0.0912    0.1688   -0.0331   -0.0459   -0.0790
       6.00    0.1161    0.2048    0.3209   -0.0495   -0.1031   -0.1526
       8.00    0.1542    0.3635    0.5178   -0.0658   -0.1830   -0.2488
      10.00    0.1919    0.5667    0.7586   -0.0819   -0.2852   -0.3671
1         ***** THE USAF AUTOMATED MISSILE DATCOM * REV 3/99 *****     CASE   1
               AERODYNAMIC METHODS FOR MISSILE CONFIGURATIONS          PAGE  19
                 AERODYNAMIC FORCE AND MOMENT SYNTHESIS

       ******* FLIGHT CONDITIONS AND REFERENCE QUANTITIES *******
     MACH NO  =       0.60                REYNOLDS NO = 1.391E+07 /M
     ALTITUDE =        0.0 M         DYNAMIC PRESSURE =  25533.94 N/M**2
     SIDESLIP =       0.00 DEG                   ROLL =      0.00 DEG     
     REF AREA =      0.001 M**2         MOMENT CENTER =     0.198 M
     REF LENGTH =     0.60 M           LAT REF LENGTH =      0.60 M

          ---------------FIN SET 1 IN PRESENCE OF THE BODY----------------

      ALPHA       CN         CM         CA         CY         CLN        CLL

     -10.00    -1.4638     0.6246     0.1487    -0.0151     0.0064    -0.0230
      -8.00    -1.0608     0.4526     0.1442    -0.0061     0.0026    -0.0201
      -6.00    -0.6970     0.2974     0.1392    -0.0002     0.0001    -0.0170
      -4.00    -0.3866     0.1650     0.1336     0.0006    -0.0003    -0.0133
      -2.00    -0.1648     0.0703     0.1275     0.0001     0.0000    -0.0092
       0.00     0.0000     0.0000     0.1243     0.0000     0.0000    -0.0068
       2.00     0.1648    -0.0703     0.1275    -0.0001     0.0000    -0.0092
       4.00     0.3866    -0.1650     0.1336    -0.0006     0.0003    -0.0133
       6.00     0.6970    -0.2974     0.1392     0.0002    -0.0001    -0.0170
       8.00     1.0608    -0.4526     0.1442     0.0061    -0.0026    -0.0201
      10.00     1.4638    -0.6246     0.1487     0.0151    -0.0064    -0.0230
1         ***** THE USAF AUTOMATED MISSILE DATCOM * REV 3/99 *****     CASE   1
               AERODYNAMIC METHODS FOR MISSILE CONFIGURATIONS          PAGE  20
                 AERODYNAMIC FORCE AND MOMENT SYNTHESIS

       ******* FLIGHT CONDITIONS AND REFERENCE QUANTITIES *******
     MACH NO  =       0.60                REYNOLDS NO = 1.391E+07 /M
     ALTITUDE =        0.0 M         DYNAMIC PRESSURE =  25533.94 N/M**2
     SIDESLIP =       0.00 DEG                   ROLL =      0.00 DEG     
     REF AREA =      0.001 M**2         MOMENT CENTER =     0.198 M
     REF LENGTH =     0.60 M           LAT REF LENGTH =      0.60 M

          ---------------FIN SET 1 PANEL CHARACTERISTICS------------------

      ALPHA      PANEL    AEQ (PANEL AXIS SYS.)    PANEL CN

     -10.00        1              1.7350           0.0129
     -10.00        2             -9.3301          -0.1676
     -10.00        3            -13.0627          -0.3004
     -10.00        4             -6.4332          -0.0897
     -10.00        5              2.6527           0.0228
     -10.00        6             13.2416           0.3077
     -10.00        7             18.2887           0.5439
     -10.00        8             13.3542           0.3123
 
      -8.00        1              1.8999           0.0144
      -8.00        2             -7.0836          -0.1052
      -8.00        3            -10.2302          -0.1963
      -8.00        4             -5.3674          -0.0669
      -8.00        5              2.9827           0.0270
      -8.00        6             11.6966           0.2476
      -8.00        7             15.4286           0.4027
      -8.00        8             11.3148           0.2337
 
      -6.00        1              2.0679           0.0161
      -6.00        2             -4.7582          -0.0553
      -6.00        3             -7.2278          -0.1088
      -6.00        4             -3.9114          -0.0407
      -6.00        5              3.0703           0.0282
      -6.00        6              9.8441           0.1837
      -6.00        7             12.4078           0.2745
      -6.00        8              9.2102           0.1639
 
      -4.00        1              2.2393           0.0179
      -4.00        2             -2.3546          -0.0192
      -4.00        3             -4.0407          -0.0428
      -4.00        4             -1.8644          -0.0141
      -4.00        5              2.9372           0.0264
      -4.00        6              7.5311           0.1166
      -4.00        7              9.2172           0.1641
      -4.00        8              7.0409           0.1042
 
      -2.00        1              2.4130           0.0199
      -2.00        2              0.1007           0.0007
      -2.00        3             -0.7529          -0.0050
      -2.00        4              0.3481           0.0023
      -2.00        5              2.7636           0.0241
      -2.00        6              5.0759           0.0612
      -2.00        7              5.9294           0.0786
      -2.00        8              4.8284           0.0566
 
       0.00        1              2.5883           0.0220
       0.00        2              2.5883           0.0220
       0.00        3              2.5883           0.0220
       0.00        4              2.5883           0.0220
       0.00        5              2.5883           0.0220
       0.00        6              2.5883           0.0220
       0.00        7              2.5883           0.0220
       0.00        8              2.5883           0.0220
 
       2.00        1              2.7636           0.0241
       2.00        2              5.0759           0.0612
       2.00        3              5.9294           0.0786
       2.00        4              4.8284           0.0566
       2.00        5              2.4130           0.0199
       2.00        6              0.1007           0.0007
       2.00        7             -0.7529          -0.0050
       2.00        8              0.3481           0.0023
 
       4.00        1              2.9372           0.0264
       4.00        2              7.5311           0.1166
       4.00        3              9.2172           0.1641
       4.00        4              7.0409           0.1042
       4.00        5              2.2393           0.0179
       4.00        6             -2.3546          -0.0192
       4.00        7             -4.0407          -0.0428
       4.00        8             -1.8644          -0.0141
 
       6.00        1              3.0703           0.0282
       6.00        2              9.8441           0.1837
       6.00        3             12.4078           0.2745
       6.00        4              9.2102           0.1639
       6.00        5              2.0679           0.0161
       6.00        6             -4.7582          -0.0553
       6.00        7             -7.2278          -0.1088
       6.00        8             -3.9114          -0.0407
 
       8.00        1              2.9827           0.0270
       8.00        2             11.6966           0.2476
       8.00        3             15.4286           0.4027
       8.00        4             11.3148           0.2337
       8.00        5              1.8999           0.0144
       8.00        6             -7.0836          -0.1052
       8.00        7            -10.2302          -0.1963
       8.00        8             -5.3674          -0.0669
 
      10.00        1              2.6527           0.0228
      10.00        2             13.2416           0.3077
      10.00        3             18.2887           0.5439
      10.00        4             13.3542           0.3123
      10.00        5              1.7350           0.0129
      10.00        6             -9.3301          -0.1676
      10.00        7            -13.0627          -0.3004
      10.00        8             -6.4332          -0.0897
 
1         ***** THE USAF AUTOMATED MISSILE DATCOM * REV 3/99 *****     CASE   1
               AERODYNAMIC METHODS FOR MISSILE CONFIGURATIONS          PAGE  21
                 AERODYNAMIC FORCE AND MOMENT SYNTHESIS

       ******* FLIGHT CONDITIONS AND REFERENCE QUANTITIES *******
     MACH NO  =       0.60                REYNOLDS NO = 1.391E+07 /M
     ALTITUDE =        0.0 M         DYNAMIC PRESSURE =  25533.94 N/M**2
     SIDESLIP =       0.00 DEG                   ROLL =      0.00 DEG     
     REF AREA =      0.001 M**2         MOMENT CENTER =     0.198 M
     REF LENGTH =     0.60 M           LAT REF LENGTH =      0.60 M

             CARRYOVER INTERFERENCE FACTORS - FIN SET 1

      ALPHA   K-W(B)   K-B(W)  KK-W(B)  KK-B(W)  XCP-W(B) XCP-B(W) Y-CP/(B/2)

     -10.00   1.6234   1.1241   0.9535   0.6600   0.4267   0.4200   0.4275
      -8.00   1.6395   1.1241   0.9535   0.6600   0.4267   0.4200   0.4502
      -6.00   1.6540   1.1241   0.9535   0.6600   0.4267   0.4200   0.4822
      -4.00   1.6666   1.1241   0.9535   0.6600   0.4267   0.4200   0.5189
      -2.00   1.6764   1.1241   0.9535   0.6600   0.4267   0.4200   0.5481
       0.00   1.6818   1.1241   0.9535   0.6600   0.4267   0.4200   0.5694
       2.00   1.6764   1.1241   0.9535   0.6600   0.4267   0.4200   0.5815
       4.00   1.6666   1.1241   0.9535   0.6600   0.4267   0.4200   0.5742
       6.00   1.6540   1.1241   0.9535   0.6600   0.4267   0.4200   0.5579
       8.00   1.6395   1.1241   0.9535   0.6600   0.4267   0.4200   0.5418
      10.00   1.6234   1.1241   0.9535   0.6600   0.4267   0.4200   0.5277

    NOTE - XCP-W(B) USED FOR STABILITY ONLY DIFFERENT VALUES USED FOR HINGE MOMENTS
1         ***** THE USAF AUTOMATED MISSILE DATCOM * REV 3/99 *****     CASE   1
               AERODYNAMIC METHODS FOR MISSILE CONFIGURATIONS          PAGE  22
        FIN SET 1 PANEL BENDING MOMENTS (ABOUT EXPOSED ROOT CHORD)

       ******* FLIGHT CONDITIONS AND REFERENCE QUANTITIES *******
     MACH NO  =       0.60                REYNOLDS NO = 1.391E+07 /M
     ALTITUDE =        0.0 M         DYNAMIC PRESSURE =  25533.94 N/M**2
     SIDESLIP =       0.00 DEG                   ROLL =      0.00 DEG     
     REF AREA =      0.001 M**2         MOMENT CENTER =     0.198 M
     REF LENGTH =     0.60 M           LAT REF LENGTH =      0.60 M

   ALPHA   PANL 1   PANL 2   PANL 3   PANL 4   PANL 5   PANL 6   PANL 7   PANL 8
 
   -10.0  8.70E-05 -1.13E-03 -2.03E-03 -6.07E-04  1.54E-04  2.08E-03  3.68E-03  2.11E-03
    -8.0  1.03E-04 -7.50E-04 -1.40E-03 -4.77E-04  1.92E-04  1.77E-03  2.87E-03  1.67E-03
    -6.0  1.23E-04 -4.22E-04 -8.31E-04 -3.11E-04  2.15E-04  1.40E-03  2.10E-03  1.25E-03
    -4.0  1.47E-04 -1.58E-04 -3.52E-04 -1.16E-04  2.17E-04  9.58E-04  1.35E-03  8.56E-04
    -2.0  1.73E-04  5.69E-06 -4.36E-05  1.98E-05  2.09E-04  5.31E-04  6.82E-04  4.91E-04
     0.0  1.98E-04  1.98E-04  1.98E-04  1.98E-04  1.98E-04  1.98E-04  1.98E-04  1.98E-04
     2.0  2.22E-04  5.64E-04  7.23E-04  5.21E-04  1.83E-04  6.03E-06 -4.63E-05  2.10E-05
     4.0  2.40E-04  1.06E-03  1.49E-03  9.47E-04  1.63E-04 -1.75E-04 -3.89E-04 -1.28E-04
     6.0  2.49E-04  1.62E-03  2.42E-03  1.45E-03  1.42E-04 -4.88E-04 -9.61E-04 -3.60E-04
     8.0  2.32E-04  2.12E-03  3.45E-03  2.00E-03  1.24E-04 -9.03E-04 -1.68E-03 -5.74E-04
    10.0  1.90E-04  2.57E-03  4.54E-03  2.61E-03  1.07E-04 -1.40E-03 -2.51E-03 -7.50E-04
1         ***** THE USAF AUTOMATED MISSILE DATCOM * REV 3/99 *****     CASE   1
               AERODYNAMIC METHODS FOR MISSILE CONFIGURATIONS          PAGE  23
            FIN SET 1 PANEL HINGE MOMENTS (ABOUT HINGE LINE)

       ******* FLIGHT CONDITIONS AND REFERENCE QUANTITIES *******
     MACH NO  =       0.60                REYNOLDS NO = 1.391E+07 /M
     ALTITUDE =        0.0 M         DYNAMIC PRESSURE =  25533.94 N/M**2
     SIDESLIP =       0.00 DEG                   ROLL =      0.00 DEG     
     REF AREA =      0.001 M**2         MOMENT CENTER =     0.198 M
     REF LENGTH =     0.60 M           LAT REF LENGTH =      0.60 M

   ALPHA   PANL 1   PANL 2   PANL 3   PANL 4   PANL 5   PANL 6   PANL 7   PANL 8
 
   -10.0  2.32E-03 -2.89E-02 -4.96E-02 -1.58E-02  4.09E-03  5.07E-02  8.27E-02  5.13E-02
    -8.0  2.60E-03 -1.85E-02 -3.35E-02 -1.19E-02  4.85E-03  4.16E-02  6.43E-02  3.94E-02
    -6.0  2.90E-03 -9.85E-03 -1.91E-02 -7.29E-03  5.06E-03  3.15E-02  4.57E-02  2.83E-02
    -4.0  3.23E-03 -3.46E-03 -7.66E-03 -2.54E-03  4.74E-03  2.04E-02  2.83E-02  1.83E-02
    -2.0  3.58E-03  1.19E-04 -9.09E-04  4.12E-04  4.34E-03  1.09E-02  1.39E-02  1.01E-02
     0.0  3.95E-03  3.95E-03  3.95E-03  3.95E-03  3.95E-03  3.95E-03  3.95E-03  3.95E-03
     2.0  4.34E-03  1.09E-02  1.39E-02  1.01E-02  3.58E-03  1.19E-04 -9.09E-04  4.12E-04
     4.0  4.74E-03  2.04E-02  2.83E-02  1.83E-02  3.23E-03 -3.46E-03 -7.66E-03 -2.54E-03
     6.0  5.06E-03  3.15E-02  4.57E-02  2.83E-02  2.90E-03 -9.85E-03 -1.91E-02 -7.29E-03
     8.0  4.85E-03  4.16E-02  6.43E-02  3.94E-02  2.60E-03 -1.85E-02 -3.35E-02 -1.19E-02
    10.0  4.09E-03  5.07E-02  8.27E-02  5.13E-02  2.32E-03 -2.89E-02 -4.96E-02 -1.58E-02
1         ***** THE USAF AUTOMATED MISSILE DATCOM * REV 3/99 *****     CASE   1
               AERODYNAMIC METHODS FOR MISSILE CONFIGURATIONS          PAGE  24
                   STATIC AERODYNAMICS FOR BODY-FIN SET 1

       ******* FLIGHT CONDITIONS AND REFERENCE QUANTITIES *******
     MACH NO  =       0.60                REYNOLDS NO = 1.391E+07 /M
     ALTITUDE =        0.0 M         DYNAMIC PRESSURE =  25533.94 N/M**2
     SIDESLIP =       0.00 DEG                   ROLL =      0.00 DEG     
     REF AREA =      0.001 M**2         MOMENT CENTER =     0.198 M
     REF LENGTH =     0.60 M           LAT REF LENGTH =      0.60 M

                   ----- LONGITUDINAL -----     -- LATERAL DIRECTIONAL --
         ALPHA       CN        CM        CA        CY       CLN       CLL

        -10.00    -3.296     1.089     0.482    -0.025     0.011    -0.023
         -8.00    -2.386     0.777     0.480    -0.010     0.004    -0.020
         -6.00    -1.576     0.501     0.477     0.000     0.000    -0.017
         -4.00    -0.889     0.272     0.472     0.001     0.000    -0.013
         -2.00    -0.383     0.113     0.467     0.000     0.000    -0.009
          0.00     0.000     0.000     0.463     0.000     0.000    -0.007
          2.00     0.383    -0.113     0.467     0.000     0.000    -0.009
          4.00     0.889    -0.272     0.472    -0.001     0.000    -0.013
          6.00     1.576    -0.501     0.477     0.000     0.000    -0.017
          8.00     2.386    -0.777     0.480     0.010    -0.004    -0.020
         10.00     3.296    -1.089     0.482     0.025    -0.011    -0.023

         ALPHA       CL        CD      CL/CD     X-C.P.

        -10.00    -3.162     1.047    -3.020    -0.330
         -8.00    -2.295     0.808    -2.842    -0.326
         -6.00    -1.518     0.639    -2.374    -0.318
         -4.00    -0.854     0.533    -1.603    -0.306
         -2.00    -0.366     0.480    -0.763    -0.294
          0.00     0.000     0.463     0.000    -0.424
          2.00     0.366     0.480     0.763    -0.294
          4.00     0.854     0.533     1.603    -0.306
          6.00     1.518     0.639     2.374    -0.318
          8.00     2.295     0.808     2.842    -0.326
         10.00     3.162     1.047     3.020    -0.330

    X-C.P. MEAS. FROM MOMENT CENTER IN REF. LENGTHS, NEG. AFT OF MOMENT CENTER
1         ***** THE USAF AUTOMATED MISSILE DATCOM * REV 3/99 *****     CASE   1
               AERODYNAMIC METHODS FOR MISSILE CONFIGURATIONS          PAGE  25
                   STATIC AERODYNAMICS FOR BODY-FIN SET 1

       ******* FLIGHT CONDITIONS AND REFERENCE QUANTITIES *******
     MACH NO  =       0.60                REYNOLDS NO = 1.391E+07 /M
     ALTITUDE =        0.0 M         DYNAMIC PRESSURE =  25533.94 N/M**2
     SIDESLIP =       0.00 DEG                   ROLL =      0.00 DEG     
     REF AREA =      0.001 M**2         MOMENT CENTER =     0.198 M
     REF LENGTH =     0.60 M           LAT REF LENGTH =      0.60 M

                   ---------- DERIVATIVES (PER DEGREE) ----------
         ALPHA       CNA         CMA         CYB         CLNB        CLLB
        -10.00      0.4808     -0.1653     -0.3278      0.1084      0.0002
         -8.00      0.4298     -0.1468     -0.3019      0.0988      0.0000
         -6.00      0.3737     -0.1261     -0.2685      0.0860     -0.0002
         -4.00      0.2978     -0.0971     -0.2281      0.0703     -0.0003
         -2.00      0.2222     -0.0680     -0.1938      0.0572     -0.0005
          0.00      0.1913     -0.0563     -0.1866      0.0547     -0.0007
          2.00      0.2222     -0.0680     -0.1934      0.0571     -0.0005
          4.00      0.2978     -0.0971     -0.2255      0.0692     -0.0003
          6.00      0.3737     -0.1261     -0.2627      0.0836     -0.0003
          8.00      0.4298     -0.1468     -0.2879      0.0929     -0.0003
         10.00      0.4808     -0.1653     -0.3075      0.0998     -0.0002

    PANEL DEFLECTION ANGLES (DEGREES)
    SET    FIN 1   FIN 2   FIN 3   FIN 4   FIN 5   FIN 6   FIN 7   FIN 8
      1    3.00    3.00    3.00    3.00    3.00    3.00    3.00    3.00
1         ***** THE USAF AUTOMATED MISSILE DATCOM * REV 3/99 *****     CASE   1
               AERODYNAMIC METHODS FOR MISSILE CONFIGURATIONS          PAGE  26
                             BODY ALONE PARTIAL OUTPUT

       ******* FLIGHT CONDITIONS AND REFERENCE QUANTITIES *******
     MACH NO  =       0.90                REYNOLDS NO = 2.087E+07 /M
     ALTITUDE =        0.0 M         DYNAMIC PRESSURE =  57451.37 N/M**2
     SIDESLIP =       0.00 DEG                   ROLL =      0.00 DEG     
     REF AREA =      0.001 M**2         MOMENT CENTER =     0.198 M
     REF LENGTH =     0.60 M           LAT REF LENGTH =      0.60 M

      ALPHA    CA-FRIC  CA-PRES/WAVE CA-BASE    CA-PROT     CA-SEP     CA-ALP
     -10.00     0.1677     0.0217     0.1315                           0.0008
      -8.00     0.1695     0.0219     0.1319                           0.0011
      -6.00     0.1710     0.0221     0.1322                           0.0008
      -4.00     0.1720     0.0222     0.1323                           0.0004
      -2.00     0.1727     0.0223     0.1322                           0.0001
       0.00     0.1729     0.0223     0.1320                           0.0000
       2.00     0.1727     0.0223     0.1322                           0.0001
       4.00     0.1720     0.0222     0.1323                           0.0004
       6.00     0.1710     0.0221     0.1322                           0.0008
       8.00     0.1695     0.0219     0.1319                           0.0011
      10.00     0.1677     0.0217     0.1315                           0.0008

                     CROSS FLOW DRAG PROPORTIONALITY FACTOR = 0.74880

      ALPHA    CN-POTEN  CN-VISC   CN-SEP    CM-POTEN  CM-VISC   CM-SEP    CDC
     -10.00    -0.475    -0.377              -0.025     0.075             0.836
      -8.00    -0.384    -0.237              -0.020     0.047             0.817
      -6.00    -0.290    -0.130              -0.015     0.026             0.798
      -4.00    -0.194    -0.057              -0.010     0.011             0.778
      -2.00    -0.097    -0.014              -0.005     0.003             0.759
       0.00     0.000     0.000               0.000     0.000             0.740
       2.00     0.097     0.014               0.005    -0.003             0.759
       4.00     0.194     0.057               0.010    -0.011             0.778
       6.00     0.290     0.130               0.015    -0.026             0.798
       8.00     0.384     0.237               0.020    -0.047             0.817
      10.00     0.475     0.377               0.025    -0.075             0.836
1         ***** THE USAF AUTOMATED MISSILE DATCOM * REV 3/99 *****     CASE   1
               AERODYNAMIC METHODS FOR MISSILE CONFIGURATIONS          PAGE  27
                        FIN SET 1 CA PARTIAL OUTPUT

       ******* FLIGHT CONDITIONS AND REFERENCE QUANTITIES *******
     MACH NO  =       0.90                REYNOLDS NO = 2.087E+07 /M
     ALTITUDE =        0.0 M         DYNAMIC PRESSURE =  57451.37 N/M**2
     SIDESLIP =       0.00 DEG                   ROLL =      0.00 DEG     
     REF AREA =      0.001 M**2         MOMENT CENTER =     0.198 M
     REF LENGTH =     0.60 M           LAT REF LENGTH =      0.60 M

    SINGLE FIN PANEL ZERO-LIFT AXIAL FORCE COMPONENTS

    SKIN FRICTION        0.0121
    SUBSONIC PRESSURE    0.0010
    TRANSONIC WAVE       0.0144
    SUPERSONIC WAVE      0.0000
    LEADING EDGE         0.0000
    TRAILING EDGE        0.0000
    TOTAL CAO            0.0275

    FIN AXIAL FORCE DUE TO ANGLE OF ATTACK

    ALPHA      CA DUE TO LIFT (SINGLE PANEL)   CA-TOTAL (8 FINS)

     -10.00              0.0000                      0.2166
      -8.00              0.0000                      0.2178
      -6.00              0.0000                      0.2188
      -4.00              0.0000                      0.2194
      -2.00              0.0000                      0.2198
       0.00              0.0000                      0.2200
       2.00              0.0000                      0.2198
       4.00              0.0000                      0.2194
       6.00              0.0000                      0.2188
       8.00              0.0000                      0.2178
      10.00              0.0000                      0.2166
1         ***** THE USAF AUTOMATED MISSILE DATCOM * REV 3/99 *****     CASE   1
               AERODYNAMIC METHODS FOR MISSILE CONFIGURATIONS          PAGE  28
                       FIN SET 1 CN, CM PARTIAL OUTPUT

       ******* FLIGHT CONDITIONS AND REFERENCE QUANTITIES *******
     MACH NO  =       0.90                REYNOLDS NO = 2.087E+07 /M
     ALTITUDE =        0.0 M         DYNAMIC PRESSURE =  57451.37 N/M**2
     SIDESLIP =       0.00 DEG                   ROLL =      0.00 DEG     
     REF AREA =      0.001 M**2         MOMENT CENTER =     0.198 M
     REF LENGTH =     0.60 M           LAT REF LENGTH =      0.60 M

    NORMAL FORCE SLOPE AT ALPHA ZERO, CNA =    0.00485/DEG (1 PANEL)
         CENTER OF PRESSURE FOR LINEAR CN =   -0.42667 (CALIBERS FROM C.G.)
     CENTER OF PRESSURE FOR NON-LINEAR CN =   -0.50333 (CALIBERS FROM C.G.)

      ALPHA      CN        CN        CN        CM        CM        CM
               LINEAR  NON-LINEAR  TOTAL     LINEAR  NON-LINEAR  TOTAL

     -10.00   -0.1914   -0.3902   -0.5816    0.0817    0.1964    0.2781
      -8.00   -0.1538   -0.2505   -0.4043    0.0656    0.1261    0.1917
      -6.00   -0.1158   -0.1412   -0.2570    0.0494    0.0711    0.1205
      -4.00   -0.0774   -0.0628   -0.1402    0.0330    0.0316    0.0646
      -2.00   -0.0387   -0.0157   -0.0545    0.0165    0.0079    0.0244
       0.00    0.0000    0.0000    0.0000    0.0000    0.0000    0.0000
       2.00    0.0387    0.0157    0.0545   -0.0165   -0.0079   -0.0244
       4.00    0.0774    0.0628    0.1402   -0.0330   -0.0316   -0.0646
       6.00    0.1158    0.1412    0.2570   -0.0494   -0.0711   -0.1205
       8.00    0.1538    0.2505    0.4043   -0.0656   -0.1261   -0.1917
      10.00    0.1914    0.3902    0.5816   -0.0817   -0.1964   -0.2781
1         ***** THE USAF AUTOMATED MISSILE DATCOM * REV 3/99 *****     CASE   1
               AERODYNAMIC METHODS FOR MISSILE CONFIGURATIONS          PAGE  29
                 AERODYNAMIC FORCE AND MOMENT SYNTHESIS

       ******* FLIGHT CONDITIONS AND REFERENCE QUANTITIES *******
     MACH NO  =       0.90                REYNOLDS NO = 2.087E+07 /M
     ALTITUDE =        0.0 M         DYNAMIC PRESSURE =  57451.37 N/M**2
     SIDESLIP =       0.00 DEG                   ROLL =      0.00 DEG     
     REF AREA =      0.001 M**2         MOMENT CENTER =     0.198 M
     REF LENGTH =     0.60 M           LAT REF LENGTH =      0.60 M

          ---------------FIN SET 1 IN PRESENCE OF THE BODY----------------

      ALPHA       CN         CM         CA         CY         CLN        CLL

     -10.00    -1.0927     0.4662     0.2442    -0.0111     0.0047    -0.0171
      -8.00    -0.8032     0.3427     0.2412    -0.0044     0.0019    -0.0151
      -6.00    -0.5376     0.2294     0.2379    -0.0001     0.0001    -0.0129
      -4.00    -0.3057     0.1304     0.2340     0.0004    -0.0002    -0.0102
      -2.00    -0.1335     0.0570     0.2299     0.0000     0.0000    -0.0073
       0.00     0.0000     0.0000     0.2276     0.0000     0.0000    -0.0057
       2.00     0.1335    -0.0570     0.2299     0.0000     0.0000    -0.0073
       4.00     0.3057    -0.1304     0.2340    -0.0004     0.0002    -0.0102
       6.00     0.5376    -0.2294     0.2379     0.0001    -0.0001    -0.0129
       8.00     0.8032    -0.3427     0.2412     0.0044    -0.0019    -0.0151
      10.00     1.0927    -0.4662     0.2442     0.0111    -0.0047    -0.0171
1         ***** THE USAF AUTOMATED MISSILE DATCOM * REV 3/99 *****     CASE   1
               AERODYNAMIC METHODS FOR MISSILE CONFIGURATIONS          PAGE  30
                 AERODYNAMIC FORCE AND MOMENT SYNTHESIS

       ******* FLIGHT CONDITIONS AND REFERENCE QUANTITIES *******
     MACH NO  =       0.90                REYNOLDS NO = 2.087E+07 /M
     ALTITUDE =        0.0 M         DYNAMIC PRESSURE =  57451.37 N/M**2
     SIDESLIP =       0.00 DEG                   ROLL =      0.00 DEG     
     REF AREA =      0.001 M**2         MOMENT CENTER =     0.198 M
     REF LENGTH =     0.60 M           LAT REF LENGTH =      0.60 M

          ---------------FIN SET 1 PANEL CHARACTERISTICS------------------

      ALPHA      PANEL    AEQ (PANEL AXIS SYS.)    PANEL CN

     -10.00        1              1.7347           0.0115
     -10.00        2             -9.3333          -0.1292
     -10.00        3            -13.0596          -0.2254
     -10.00        4             -6.3666          -0.0703
     -10.00        5              2.6217           0.0193
     -10.00        6             13.1943           0.2294
     -10.00        7             18.2875           0.3990
     -10.00        8             13.3573           0.2341
 
      -8.00        1              1.8997           0.0128
      -8.00        2             -7.0863          -0.0831
      -8.00        3            -10.2311          -0.1502
      -8.00        4             -5.3449          -0.0538
      -8.00        5              2.9734           0.0230
      -8.00        6             11.6810           0.1870
      -8.00        7             15.4302           0.2988
      -8.00        8             11.3172           0.1774
 
      -6.00        1              2.0678           0.0142
      -6.00        2             -4.7599          -0.0452
      -6.00        3             -7.2298          -0.0857
      -6.00        4             -3.9100          -0.0339
      -6.00        5              3.0694           0.0240
      -6.00        6              9.8436           0.1409
      -6.00        7             12.4099           0.2069
      -6.00        8              9.2118           0.1265
 
      -4.00        1              2.2392           0.0157
      -4.00        2             -2.3553          -0.0168
      -4.00        3             -4.0416          -0.0356
      -4.00        4             -1.8650          -0.0125
      -4.00        5              2.9373           0.0226
      -4.00        6              7.5318           0.0915
      -4.00        7              9.2181           0.1266
      -4.00        8              7.0415           0.0822
 
      -2.00        1              2.4129           0.0173
      -2.00        2              0.1005           0.0006
      -2.00        3             -0.7530          -0.0046
      -2.00        4              0.3480           0.0021
      -2.00        5              2.7636           0.0208
      -2.00        6              5.0760           0.0498
      -2.00        7              5.9295           0.0630
      -2.00        8              4.8285           0.0462
 
       0.00        1              2.5883           0.0190
       0.00        2              2.5883           0.0190
       0.00        3              2.5883           0.0190
       0.00        4              2.5883           0.0190
       0.00        5              2.5883           0.0190
       0.00        6              2.5883           0.0190
       0.00        7              2.5883           0.0190
       0.00        8              2.5883           0.0190
 
       2.00        1              2.7636           0.0208
       2.00        2              5.0760           0.0498
       2.00        3              5.9295           0.0630
       2.00        4              4.8285           0.0462
       2.00        5              2.4129           0.0173
       2.00        6              0.1005           0.0006
       2.00        7             -0.7530          -0.0046
       2.00        8              0.3480           0.0021
 
       4.00        1              2.9373           0.0226
       4.00        2              7.5318           0.0915
       4.00        3              9.2181           0.1266
       4.00        4              7.0415           0.0822
       4.00        5              2.2392           0.0157
       4.00        6             -2.3553          -0.0168
       4.00        7             -4.0416          -0.0356
       4.00        8             -1.8650          -0.0125
 
       6.00        1              3.0694           0.0240
       6.00        2              9.8436           0.1409
       6.00        3             12.4099           0.2069
       6.00        4              9.2118           0.1265
       6.00        5              2.0678           0.0142
       6.00        6             -4.7599          -0.0452
       6.00        7             -7.2298          -0.0857
       6.00        8             -3.9100          -0.0339
 
       8.00        1              2.9734           0.0230
       8.00        2             11.6810           0.1870
       8.00        3             15.4302           0.2988
       8.00        4             11.3172           0.1774
       8.00        5              1.8997           0.0128
       8.00        6             -7.0863          -0.0831
       8.00        7            -10.2311          -0.1502
       8.00        8             -5.3449          -0.0538
 
      10.00        1              2.6217           0.0193
      10.00        2             13.1943           0.2294
      10.00        3             18.2875           0.3990
      10.00        4             13.3573           0.2341
      10.00        5              1.7347           0.0115
      10.00        6             -9.3333          -0.1292
      10.00        7            -13.0596          -0.2254
      10.00        8             -6.3666          -0.0703
 
1         ***** THE USAF AUTOMATED MISSILE DATCOM * REV 3/99 *****     CASE   1
               AERODYNAMIC METHODS FOR MISSILE CONFIGURATIONS          PAGE  31
                 AERODYNAMIC FORCE AND MOMENT SYNTHESIS

       ******* FLIGHT CONDITIONS AND REFERENCE QUANTITIES *******
     MACH NO  =       0.90                REYNOLDS NO = 2.087E+07 /M
     ALTITUDE =        0.0 M         DYNAMIC PRESSURE =  57451.37 N/M**2
     SIDESLIP =       0.00 DEG                   ROLL =      0.00 DEG     
     REF AREA =      0.001 M**2         MOMENT CENTER =     0.198 M
     REF LENGTH =     0.60 M           LAT REF LENGTH =      0.60 M

             CARRYOVER INTERFERENCE FACTORS - FIN SET 1

      ALPHA   K-W(B)   K-B(W)  KK-W(B)  KK-B(W)  XCP-W(B) XCP-B(W) Y-CP/(B/2)

     -10.00   1.6243   1.1241   0.9535   0.6600   0.4267   0.4200   0.4440
      -8.00   1.6402   1.1241   0.9535   0.6600   0.4267   0.4200   0.4534
      -6.00   1.6545   1.1241   0.9535   0.6600   0.4267   0.4200   0.4628
      -4.00   1.6668   1.1241   0.9535   0.6600   0.4267   0.4200   0.4710
      -2.00   1.6765   1.1241   0.9535   0.6600   0.4267   0.4200   0.4777
       0.00   1.6818   1.1241   0.9535   0.6600   0.4267   0.4200   0.4828
       2.00   1.6765   1.1241   0.9535   0.6600   0.4267   0.4200   0.4859
       4.00   1.6668   1.1241   0.9535   0.6600   0.4267   0.4200   0.4840
       6.00   1.6545   1.1241   0.9535   0.6600   0.4267   0.4200   0.4800
       8.00   1.6402   1.1241   0.9535   0.6600   0.4267   0.4200   0.4763
      10.00   1.6243   1.1241   0.9535   0.6600   0.4267   0.4200   0.4732

    NOTE - XCP-W(B) USED FOR STABILITY ONLY DIFFERENT VALUES USED FOR HINGE MOMENTS
1         ***** THE USAF AUTOMATED MISSILE DATCOM * REV 3/99 *****     CASE   1
               AERODYNAMIC METHODS FOR MISSILE CONFIGURATIONS          PAGE  32
        FIN SET 1 PANEL BENDING MOMENTS (ABOUT EXPOSED ROOT CHORD)

       ******* FLIGHT CONDITIONS AND REFERENCE QUANTITIES *******
     MACH NO  =       0.90                REYNOLDS NO = 2.087E+07 /M
     ALTITUDE =        0.0 M         DYNAMIC PRESSURE =  57451.37 N/M**2
     SIDESLIP =       0.00 DEG                   ROLL =      0.00 DEG     
     REF AREA =      0.001 M**2         MOMENT CENTER =     0.198 M
     REF LENGTH =     0.60 M           LAT REF LENGTH =      0.60 M

   ALPHA   PANL 1   PANL 2   PANL 3   PANL 4   PANL 5   PANL 6   PANL 7   PANL 8
 
   -10.0  8.05E-05 -9.08E-04 -1.58E-03 -4.94E-04  1.36E-04  1.61E-03  2.81E-03  1.65E-03
    -8.0  9.17E-05 -5.96E-04 -1.08E-03 -3.86E-04  1.65E-04  1.34E-03  2.15E-03  1.27E-03
    -6.0  1.04E-04 -3.31E-04 -6.28E-04 -2.48E-04  1.76E-04  1.03E-03  1.52E-03  9.27E-04
    -4.0  1.17E-04 -1.25E-04 -2.65E-04 -9.32E-05  1.68E-04  6.82E-04  9.44E-04  6.13E-04
    -2.0  1.31E-04  4.55E-06 -3.47E-05  1.58E-05  1.57E-04  3.76E-04  4.76E-04  3.49E-04
     0.0  1.45E-04  1.45E-04  1.45E-04  1.45E-04  1.45E-04  1.45E-04  1.45E-04  1.45E-04
     2.0  1.60E-04  3.83E-04  4.84E-04  3.55E-04  1.33E-04  4.63E-06 -3.53E-05  1.61E-05
     4.0  1.73E-04  7.01E-04  9.70E-04  6.30E-04  1.20E-04 -1.29E-04 -2.72E-04 -9.57E-05
     6.0  1.82E-04  1.07E-03  1.57E-03  9.61E-04  1.08E-04 -3.44E-04 -6.52E-04 -2.57E-04
     8.0  1.73E-04  1.41E-03  2.25E-03  1.34E-03  9.64E-05 -6.26E-04 -1.13E-03 -4.05E-04
    10.0  1.45E-04  1.72E-03  2.99E-03  1.75E-03  8.58E-05 -9.68E-04 -1.69E-03 -5.26E-04
1         ***** THE USAF AUTOMATED MISSILE DATCOM * REV 3/99 *****     CASE   1
               AERODYNAMIC METHODS FOR MISSILE CONFIGURATIONS          PAGE  33
            FIN SET 1 PANEL HINGE MOMENTS (ABOUT HINGE LINE)

       ******* FLIGHT CONDITIONS AND REFERENCE QUANTITIES *******
     MACH NO  =       0.90                REYNOLDS NO = 2.087E+07 /M
     ALTITUDE =        0.0 M         DYNAMIC PRESSURE =  57451.37 N/M**2
     SIDESLIP =       0.00 DEG                   ROLL =      0.00 DEG     
     REF AREA =      0.001 M**2         MOMENT CENTER =     0.198 M
     REF LENGTH =     0.60 M           LAT REF LENGTH =      0.60 M

   ALPHA   PANL 1   PANL 2   PANL 3   PANL 4   PANL 5   PANL 6   PANL 7   PANL 8
 
   -10.0  2.03E-03 -2.23E-02 -3.79E-02 -1.23E-02  3.43E-03  3.86E-02  6.41E-02  3.93E-02
    -8.0  2.27E-03 -1.45E-02 -2.58E-02 -9.45E-03  4.07E-03  3.18E-02  4.93E-02  3.02E-02
    -6.0  2.52E-03 -7.96E-03 -1.49E-02 -5.98E-03  4.25E-03  2.42E-02  3.50E-02  2.18E-02
    -4.0  2.79E-03 -2.97E-03 -6.28E-03 -2.22E-03  4.00E-03  1.59E-02  2.18E-02  1.43E-02
    -2.0  3.07E-03  1.07E-04 -8.17E-04  3.72E-04  3.68E-03  8.75E-03  1.10E-02  8.13E-03
     0.0  3.37E-03  3.37E-03  3.37E-03  3.37E-03  3.37E-03  3.37E-03  3.37E-03  3.37E-03
     2.0  3.68E-03  8.75E-03  1.10E-02  8.13E-03  3.07E-03  1.07E-04 -8.17E-04  3.72E-04
     4.0  4.00E-03  1.59E-02  2.18E-02  1.43E-02  2.79E-03 -2.97E-03 -6.28E-03 -2.22E-03
     6.0  4.25E-03  2.42E-02  3.50E-02  2.18E-02  2.52E-03 -7.96E-03 -1.49E-02 -5.98E-03
     8.0  4.07E-03  3.18E-02  4.93E-02  3.02E-02  2.27E-03 -1.45E-02 -2.58E-02 -9.45E-03
    10.0  3.43E-03  3.86E-02  6.41E-02  3.93E-02  2.03E-03 -2.23E-02 -3.79E-02 -1.23E-02
1         ***** THE USAF AUTOMATED MISSILE DATCOM * REV 3/99 *****     CASE   1
               AERODYNAMIC METHODS FOR MISSILE CONFIGURATIONS          PAGE  34
                   STATIC AERODYNAMICS FOR BODY-FIN SET 1

       ******* FLIGHT CONDITIONS AND REFERENCE QUANTITIES *******
     MACH NO  =       0.90                REYNOLDS NO = 2.087E+07 /M
     ALTITUDE =        0.0 M         DYNAMIC PRESSURE =  57451.37 N/M**2
     SIDESLIP =       0.00 DEG                   ROLL =      0.00 DEG     
     REF AREA =      0.001 M**2         MOMENT CENTER =     0.198 M
     REF LENGTH =     0.60 M           LAT REF LENGTH =      0.60 M

                   ----- LONGITUDINAL -----     -- LATERAL DIRECTIONAL --
         ALPHA       CN        CM        CA        CY       CLN       CLL

        -10.00    -2.702     0.833     0.566    -0.019     0.008    -0.017
         -8.00    -1.974     0.601     0.566    -0.007     0.003    -0.015
         -6.00    -1.323     0.393     0.564     0.000     0.000    -0.013
         -4.00    -0.763     0.218     0.561     0.001     0.000    -0.010
         -2.00    -0.334     0.092     0.557     0.000     0.000    -0.007
          0.00     0.000     0.000     0.555     0.000     0.000    -0.006
          2.00     0.334    -0.092     0.557     0.000     0.000    -0.007
          4.00     0.763    -0.218     0.561    -0.001     0.000    -0.010
          6.00     1.323    -0.393     0.564     0.000     0.000    -0.013
          8.00     1.974    -0.601     0.566     0.007    -0.003    -0.015
         10.00     2.702    -0.833     0.566     0.019    -0.008    -0.017

         ALPHA       CL        CD      CL/CD     X-C.P.

        -10.00    -2.562     1.026    -2.497    -0.309
         -8.00    -1.876     0.835    -2.247    -0.304
         -6.00    -1.257     0.699    -1.798    -0.297
         -4.00    -0.722     0.613    -1.178    -0.286
         -2.00    -0.315     0.569    -0.553    -0.276
          0.00     0.000     0.555     0.000    -0.424
          2.00     0.315     0.569     0.553    -0.276
          4.00     0.722     0.613     1.178    -0.286
          6.00     1.257     0.699     1.798    -0.297
          8.00     1.876     0.835     2.247    -0.304
         10.00     2.562     1.026     2.497    -0.309

    X-C.P. MEAS. FROM MOMENT CENTER IN REF. LENGTHS, NEG. AFT OF MOMENT CENTER
1         ***** THE USAF AUTOMATED MISSILE DATCOM * REV 3/99 *****     CASE   1
               AERODYNAMIC METHODS FOR MISSILE CONFIGURATIONS          PAGE  35
                   STATIC AERODYNAMICS FOR BODY-FIN SET 1

       ******* FLIGHT CONDITIONS AND REFERENCE QUANTITIES *******
     MACH NO  =       0.90                REYNOLDS NO = 2.087E+07 /M
     ALTITUDE =        0.0 M         DYNAMIC PRESSURE =  57451.37 N/M**2
     SIDESLIP =       0.00 DEG                   ROLL =      0.00 DEG     
     REF AREA =      0.001 M**2         MOMENT CENTER =     0.198 M
     REF LENGTH =     0.60 M           LAT REF LENGTH =      0.60 M

                   ---------- DERIVATIVES (PER DEGREE) ----------
         ALPHA       CNA         CMA         CYB         CLNB        CLLB
        -10.00      0.3828     -0.1228     -0.2668      0.0822      0.0001
         -8.00      0.3445     -0.1100     -0.2485      0.0760      0.0000
         -6.00      0.3028     -0.0956     -0.2244      0.0672     -0.0001
         -4.00      0.2470     -0.0753     -0.1947      0.0561     -0.0002
         -2.00      0.1906     -0.0545     -0.1691      0.0468     -0.0003
          0.00      0.1671     -0.0461     -0.1634      0.0449     -0.0005
          2.00      0.1906     -0.0545     -0.1688      0.0466     -0.0003
          4.00      0.2470     -0.0753     -0.1929      0.0554     -0.0002
          6.00      0.3028     -0.0956     -0.2204      0.0655     -0.0002
          8.00      0.3445     -0.1100     -0.2388      0.0718     -0.0002
         10.00      0.3828     -0.1228     -0.2526      0.0762     -0.0001

    PANEL DEFLECTION ANGLES (DEGREES)
    SET    FIN 1   FIN 2   FIN 3   FIN 4   FIN 5   FIN 6   FIN 7   FIN 8
      1    3.00    3.00    3.00    3.00    3.00    3.00    3.00    3.00
1         ***** THE USAF AUTOMATED MISSILE DATCOM * REV 3/99 *****     CASE   1
               AERODYNAMIC METHODS FOR MISSILE CONFIGURATIONS          PAGE  36
                             BODY ALONE PARTIAL OUTPUT

       ******* FLIGHT CONDITIONS AND REFERENCE QUANTITIES *******
     MACH NO  =       1.10                REYNOLDS NO = 2.550E+07 /M
     ALTITUDE =        0.0 M         DYNAMIC PRESSURE =  85822.41 N/M**2
     SIDESLIP =       0.00 DEG                   ROLL =      0.00 DEG     
     REF AREA =      0.001 M**2         MOMENT CENTER =     0.198 M
     REF LENGTH =     0.60 M           LAT REF LENGTH =      0.60 M

      ALPHA    CA-FRIC  CA-PRES/WAVE CA-BASE    CA-PROT     CA-SEP     CA-ALP
     -10.00     0.1586     0.0942     0.2013                           0.0013
      -8.00     0.1603     0.0952     0.2021                           0.0016
      -6.00     0.1617     0.0961     0.2027                           0.0012
      -4.00     0.1627     0.0966     0.2031                           0.0006
      -2.00     0.1633     0.0970     0.2032                           0.0002
       0.00     0.1635     0.0971     0.2030                           0.0000
       2.00     0.1633     0.0970     0.2032                           0.0002
       4.00     0.1627     0.0966     0.2031                           0.0006
       6.00     0.1617     0.0961     0.2027                           0.0012
       8.00     0.1603     0.0952     0.2021                           0.0016
      10.00     0.1586     0.0942     0.2013                           0.0013

                     CROSS FLOW DRAG PROPORTIONALITY FACTOR = 0.97103

      ALPHA    CN-POTEN  CN-VISC   CN-SEP    CM-POTEN  CM-VISC   CM-SEP    CDC
     -10.00    -0.529    -0.502              -0.016     0.099             0.857
      -8.00    -0.427    -0.314              -0.013     0.062             0.834
      -6.00    -0.322    -0.172              -0.010     0.034             0.810
      -4.00    -0.216    -0.074              -0.007     0.015             0.787
      -2.00    -0.108    -0.018              -0.003     0.004             0.764
       0.00     0.000     0.000               0.000     0.000             0.740
       2.00     0.108     0.018               0.003    -0.004             0.764
       4.00     0.216     0.074               0.007    -0.015             0.787
       6.00     0.322     0.172               0.010    -0.034             0.810
       8.00     0.427     0.314               0.013    -0.062             0.834
      10.00     0.529     0.502               0.016    -0.099             0.857
1         ***** THE USAF AUTOMATED MISSILE DATCOM * REV 3/99 *****     CASE   1
               AERODYNAMIC METHODS FOR MISSILE CONFIGURATIONS          PAGE  37
                        FIN SET 1 CA PARTIAL OUTPUT

       ******* FLIGHT CONDITIONS AND REFERENCE QUANTITIES *******
     MACH NO  =       1.10                REYNOLDS NO = 2.550E+07 /M
     ALTITUDE =        0.0 M         DYNAMIC PRESSURE =  85822.41 N/M**2
     SIDESLIP =       0.00 DEG                   ROLL =      0.00 DEG     
     REF AREA =      0.001 M**2         MOMENT CENTER =     0.198 M
     REF LENGTH =     0.60 M           LAT REF LENGTH =      0.60 M

    SINGLE FIN PANEL ZERO-LIFT AXIAL FORCE COMPONENTS

    SKIN FRICTION        0.0114
    SUBSONIC PRESSURE    0.0005
    TRANSONIC WAVE       0.0000
    SUPERSONIC WAVE      0.0260
    LEADING EDGE         0.0000
    TRAILING EDGE        0.0000
    TOTAL CAO            0.0379

    FIN AXIAL FORCE DUE TO ANGLE OF ATTACK

    ALPHA      CA DUE TO LIFT (SINGLE PANEL)   CA-TOTAL (8 FINS)

     -10.00              0.0000                      0.2983
      -8.00              0.0000                      0.3000
      -6.00              0.0000                      0.3013
      -4.00              0.0000                      0.3022
      -2.00              0.0000                      0.3027
       0.00              0.0000                      0.3029
       2.00              0.0000                      0.3027
       4.00              0.0000                      0.3022
       6.00              0.0000                      0.3013
       8.00              0.0000                      0.3000
      10.00              0.0000                      0.2983
1         ***** THE USAF AUTOMATED MISSILE DATCOM * REV 3/99 *****     CASE   1
               AERODYNAMIC METHODS FOR MISSILE CONFIGURATIONS          PAGE  38
                       FIN SET 1 CN, CM PARTIAL OUTPUT

       ******* FLIGHT CONDITIONS AND REFERENCE QUANTITIES *******
     MACH NO  =       1.10                REYNOLDS NO = 2.550E+07 /M
     ALTITUDE =        0.0 M         DYNAMIC PRESSURE =  85822.41 N/M**2
     SIDESLIP =       0.00 DEG                   ROLL =      0.00 DEG     
     REF AREA =      0.001 M**2         MOMENT CENTER =     0.198 M
     REF LENGTH =     0.60 M           LAT REF LENGTH =      0.60 M

    NORMAL FORCE SLOPE AT ALPHA ZERO, CNA =    0.00492/DEG (1 PANEL)
         CENTER OF PRESSURE FOR LINEAR CN =   -0.51000 (CALIBERS FROM C.G.)
     CENTER OF PRESSURE FOR NON-LINEAR CN =   -0.50333 (CALIBERS FROM C.G.)

      ALPHA      CN        CN        CN        CM        CM        CM
               LINEAR  NON-LINEAR  TOTAL     LINEAR  NON-LINEAR  TOTAL

     -10.00   -0.1942   -0.2777   -0.4719    0.0991    0.1398    0.2388
      -8.00   -0.1561   -0.1784   -0.3345    0.0796    0.0898    0.1694
      -6.00   -0.1175   -0.1006   -0.2181    0.0599    0.0506    0.1106
      -4.00   -0.0785   -0.0448   -0.1233    0.0401    0.0225    0.0626
      -2.00   -0.0393   -0.0112   -0.0505    0.0201    0.0056    0.0257
       0.00    0.0000    0.0000    0.0000    0.0000    0.0000    0.0000
       2.00    0.0393    0.0112    0.0505   -0.0201   -0.0056   -0.0257
       4.00    0.0785    0.0448    0.1233   -0.0401   -0.0225   -0.0626
       6.00    0.1175    0.1006    0.2181   -0.0599   -0.0506   -0.1106
       8.00    0.1561    0.1784    0.3345   -0.0796   -0.0898   -0.1694
      10.00    0.1942    0.2777    0.4719   -0.0991   -0.1398   -0.2388
1         ***** THE USAF AUTOMATED MISSILE DATCOM * REV 3/99 *****     CASE   1
               AERODYNAMIC METHODS FOR MISSILE CONFIGURATIONS          PAGE  39
                 AERODYNAMIC FORCE AND MOMENT SYNTHESIS

       ******* FLIGHT CONDITIONS AND REFERENCE QUANTITIES *******
     MACH NO  =       1.10                REYNOLDS NO = 2.550E+07 /M
     ALTITUDE =        0.0 M         DYNAMIC PRESSURE =  85822.41 N/M**2
     SIDESLIP =       0.00 DEG                   ROLL =      0.00 DEG     
     REF AREA =      0.001 M**2         MOMENT CENTER =     0.198 M
     REF LENGTH =     0.60 M           LAT REF LENGTH =      0.60 M

          ---------------FIN SET 1 IN PRESENCE OF THE BODY----------------

      ALPHA       CN         CM         CA         CY         CLN        CLL

     -10.00    -0.8542     0.4357     0.3214    -0.0080     0.0041    -0.0132
      -8.00    -0.6395     0.3261     0.3194    -0.0031     0.0016    -0.0119
      -6.00    -0.4377     0.2232     0.3171    -0.0001     0.0000    -0.0103
      -4.00    -0.2560     0.1306     0.3143     0.0003    -0.0001    -0.0084
      -2.00    -0.1148     0.0585     0.3114     0.0000     0.0000    -0.0063
       0.00     0.0000     0.0000     0.3098     0.0000     0.0000    -0.0052
       2.00     0.1148    -0.0585     0.3114     0.0000     0.0000    -0.0063
       4.00     0.2560    -0.1306     0.3143    -0.0003     0.0001    -0.0084
       6.00     0.4377    -0.2232     0.3171     0.0001     0.0000    -0.0103
       8.00     0.6395    -0.3261     0.3194     0.0031    -0.0016    -0.0119
      10.00     0.8542    -0.4357     0.3214     0.0080    -0.0041    -0.0132
1         ***** THE USAF AUTOMATED MISSILE DATCOM * REV 3/99 *****     CASE   1
               AERODYNAMIC METHODS FOR MISSILE CONFIGURATIONS          PAGE  40
                 AERODYNAMIC FORCE AND MOMENT SYNTHESIS

       ******* FLIGHT CONDITIONS AND REFERENCE QUANTITIES *******
     MACH NO  =       1.10                REYNOLDS NO = 2.550E+07 /M
     ALTITUDE =        0.0 M         DYNAMIC PRESSURE =  85822.41 N/M**2
     SIDESLIP =       0.00 DEG                   ROLL =      0.00 DEG     
     REF AREA =      0.001 M**2         MOMENT CENTER =     0.198 M
     REF LENGTH =     0.60 M           LAT REF LENGTH =      0.60 M

          ---------------FIN SET 1 PANEL CHARACTERISTICS------------------

      ALPHA      PANEL    AEQ (PANEL AXIS SYS.)    PANEL CN

     -10.00        1              1.7539           0.0108
     -10.00        2             -9.2602          -0.1041
     -10.00        3            -12.9630          -0.1766
     -10.00        4             -6.2342          -0.0575
     -10.00        5              2.6707           0.0180
     -10.00        6             13.1056           0.1797
     -10.00        7             18.2226           0.3062
     -10.00        8             13.3197           0.1844
 
      -8.00        1              1.9171           0.0120
      -8.00        2             -7.0372          -0.0687
      -8.00        3            -10.1689          -0.1204
      -8.00        4             -5.2728          -0.0452
      -8.00        5              3.0010           0.0210
      -8.00        6             11.6429           0.1489
      -8.00        7             15.3987           0.2330
      -8.00        8             11.3015           0.1420
 
      -6.00        1              2.0840           0.0133
      -6.00        2             -4.7281          -0.0388
      -6.00        3             -7.1921          -0.0710
      -6.00        4             -3.8760          -0.0295
      -6.00        5              3.0855           0.0217
      -6.00        6              9.8387           0.1143
      -6.00        7             12.4023           0.1646
      -6.00        8              9.2116           0.1033
 
      -4.00        1              2.2547           0.0146
      -4.00        2             -2.3341          -0.0152
      -4.00        3             -4.0183          -0.0310
      -4.00        4             -1.8444          -0.0115
      -4.00        5              2.9518           0.0205
      -4.00        6              7.5406           0.0762
      -4.00        7              9.2248           0.1035
      -4.00        8              7.0509           0.0689
 
      -2.00        1              2.4280           0.0160
      -2.00        2              0.1166           0.0007
      -2.00        3             -0.7365          -0.0043
      -2.00        4              0.3640           0.0021
      -2.00        5              2.7785           0.0190
      -2.00        6              5.0898           0.0430
      -2.00        7              5.9430           0.0537
      -2.00        8              4.8424           0.0401
 
       0.00        1              2.6032           0.0175
       0.00        2              2.6032           0.0175
       0.00        3              2.6032           0.0175
       0.00        4              2.6032           0.0175
       0.00        5              2.6032           0.0175
       0.00        6              2.6032           0.0175
       0.00        7              2.6032           0.0175
       0.00        8              2.6032           0.0175
 
       2.00        1              2.7785           0.0190
       2.00        2              5.0898           0.0430
       2.00        3              5.9430           0.0537
       2.00        4              4.8425           0.0401
       2.00        5              2.4280           0.0160
       2.00        6              0.1166           0.0007
       2.00        7             -0.7365          -0.0043
       2.00        8              0.3640           0.0021
 
       4.00        1              2.9518           0.0205
       4.00        2              7.5406           0.0762
       4.00        3              9.2248           0.1035
       4.00        4              7.0509           0.0689
       4.00        5              2.2547           0.0146
       4.00        6             -2.3341          -0.0152
       4.00        7             -4.0183          -0.0310
       4.00        8             -1.8444          -0.0115
 
       6.00        1              3.0855           0.0217
       6.00        2              9.8387           0.1143
       6.00        3             12.4023           0.1646
       6.00        4              9.2116           0.1033
       6.00        5              2.0840           0.0133
       6.00        6             -4.7281          -0.0388
       6.00        7             -7.1921          -0.0710
       6.00        8             -3.8760          -0.0295
 
       8.00        1              3.0010           0.0210
       8.00        2             11.6429           0.1489
       8.00        3             15.3987           0.2330
       8.00        4             11.3015           0.1420
       8.00        5              1.9171           0.0120
       8.00        6             -7.0372          -0.0687
       8.00        7            -10.1689          -0.1204
       8.00        8             -5.2728          -0.0452
 
      10.00        1              2.6707           0.0180
      10.00        2             13.1056           0.1797
      10.00        3             18.2226           0.3062
      10.00        4             13.3197           0.1844
      10.00        5              1.7539           0.0108
      10.00        6             -9.2602          -0.1041
      10.00        7            -12.9630          -0.1766
      10.00        8             -6.2342          -0.0575
 
1         ***** THE USAF AUTOMATED MISSILE DATCOM * REV 3/99 *****     CASE   1
               AERODYNAMIC METHODS FOR MISSILE CONFIGURATIONS          PAGE  41
                 AERODYNAMIC FORCE AND MOMENT SYNTHESIS

       ******* FLIGHT CONDITIONS AND REFERENCE QUANTITIES *******
     MACH NO  =       1.10                REYNOLDS NO = 2.550E+07 /M
     ALTITUDE =        0.0 M         DYNAMIC PRESSURE =  85822.41 N/M**2
     SIDESLIP =       0.00 DEG                   ROLL =      0.00 DEG     
     REF AREA =      0.001 M**2         MOMENT CENTER =     0.198 M
     REF LENGTH =     0.60 M           LAT REF LENGTH =      0.60 M

             CARRYOVER INTERFERENCE FACTORS - FIN SET 1

      ALPHA   K-W(B)   K-B(W)  KK-W(B)  KK-B(W)  XCP-W(B) XCP-B(W) Y-CP/(B/2)

     -10.00   1.6165   1.1241   0.9535   0.6600   0.5100   0.4200   0.4397
      -8.00   1.6344   1.1241   0.9535   0.6600   0.5100   0.4200   0.4460
      -6.00   1.6507   1.1241   0.9535   0.6600   0.5100   0.4200   0.4517
      -4.00   1.6647   1.1241   0.9535   0.6600   0.5100   0.4200   0.4568
      -2.00   1.6757   1.1241   0.9535   0.6600   0.5100   0.4200   0.4611
       0.00   1.6818   1.1241   0.9535   0.6600   0.5100   0.4200   0.4645
       2.00   1.6757   1.1241   0.9535   0.6600   0.5100   0.4200   0.4668
       4.00   1.6647   1.1241   0.9535   0.6600   0.5100   0.4200   0.4654
       6.00   1.6507   1.1241   0.9535   0.6600   0.5100   0.4200   0.4627
       8.00   1.6344   1.1241   0.9535   0.6600   0.5100   0.4200   0.4604
      10.00   1.6165   1.1241   0.9535   0.6600   0.5100   0.4200   0.4585

    NOTE - XCP-W(B) USED FOR STABILITY ONLY DIFFERENT VALUES USED FOR HINGE MOMENTS
1         ***** THE USAF AUTOMATED MISSILE DATCOM * REV 3/99 *****     CASE   1
               AERODYNAMIC METHODS FOR MISSILE CONFIGURATIONS          PAGE  42
        FIN SET 1 PANEL BENDING MOMENTS (ABOUT EXPOSED ROOT CHORD)

       ******* FLIGHT CONDITIONS AND REFERENCE QUANTITIES *******
     MACH NO  =       1.10                REYNOLDS NO = 2.550E+07 /M
     ALTITUDE =        0.0 M         DYNAMIC PRESSURE =  85822.41 N/M**2
     SIDESLIP =       0.00 DEG                   ROLL =      0.00 DEG     
     REF AREA =      0.001 M**2         MOMENT CENTER =     0.198 M
     REF LENGTH =     0.60 M           LAT REF LENGTH =      0.60 M

   ALPHA   PANL 1   PANL 2   PANL 3   PANL 4   PANL 5   PANL 6   PANL 7   PANL 8
 
   -10.0  7.54E-05 -7.25E-04 -1.23E-03 -4.00E-04  1.26E-04  1.25E-03  2.13E-03  1.28E-03
    -8.0  8.48E-05 -4.85E-04 -8.50E-04 -3.19E-04  1.48E-04  1.05E-03  1.65E-03  1.00E-03
    -6.0  9.49E-05 -2.77E-04 -5.08E-04 -2.11E-04  1.55E-04  8.18E-04  1.18E-03  7.39E-04
    -4.0  1.06E-04 -1.10E-04 -2.24E-04 -8.31E-05  1.48E-04  5.51E-04  7.49E-04  4.99E-04
    -2.0  1.17E-04  4.88E-06 -3.12E-05  1.53E-05  1.39E-04  3.14E-04  3.92E-04  2.93E-04
     0.0  1.28E-04  1.28E-04  1.28E-04  1.28E-04  1.28E-04  1.28E-04  1.28E-04  1.28E-04
     2.0  1.40E-04  3.18E-04  3.97E-04  2.96E-04  1.18E-04  4.94E-06 -3.16E-05  1.55E-05
     4.0  1.51E-04  5.61E-04  7.63E-04  5.08E-04  1.08E-04 -1.12E-04 -2.28E-04 -8.46E-05
     6.0  1.59E-04  8.38E-04  1.21E-03  7.57E-04  9.72E-05 -2.84E-04 -5.20E-04 -2.16E-04
     8.0  1.53E-04  1.09E-03  1.70E-03  1.04E-03  8.76E-05 -5.01E-04 -8.77E-04 -3.30E-04
    10.0  1.31E-04  1.30E-03  2.22E-03  1.34E-03  7.87E-05 -7.56E-04 -1.28E-03 -4.18E-04
1         ***** THE USAF AUTOMATED MISSILE DATCOM * REV 3/99 *****     CASE   1
               AERODYNAMIC METHODS FOR MISSILE CONFIGURATIONS          PAGE  43
            FIN SET 1 PANEL HINGE MOMENTS (ABOUT HINGE LINE)

       ******* FLIGHT CONDITIONS AND REFERENCE QUANTITIES *******
     MACH NO  =       1.10                REYNOLDS NO = 2.550E+07 /M
     ALTITUDE =        0.0 M         DYNAMIC PRESSURE =  85822.41 N/M**2
     SIDESLIP =       0.00 DEG                   ROLL =      0.00 DEG     
     REF AREA =      0.001 M**2         MOMENT CENTER =     0.198 M
     REF LENGTH =     0.60 M           LAT REF LENGTH =      0.60 M

   ALPHA   PANL 1   PANL 2   PANL 3   PANL 4   PANL 5   PANL 6   PANL 7   PANL 8
 
   -10.0  1.85E-03 -1.74E-02 -2.91E-02 -9.73E-03  3.08E-03  2.96E-02  4.91E-02  3.04E-02
    -8.0  2.05E-03 -1.16E-02 -2.01E-02 -7.67E-03  3.57E-03  2.47E-02  3.80E-02  2.36E-02
    -6.0  2.26E-03 -6.59E-03 -1.20E-02 -5.02E-03  3.71E-03  1.91E-02  2.72E-02  1.73E-02
    -4.0  2.49E-03 -2.60E-03 -5.27E-03 -1.96E-03  3.50E-03  1.28E-02  1.73E-02  1.16E-02
    -2.0  2.73E-03  1.14E-04 -7.32E-04  3.58E-04  3.24E-03  7.30E-03  9.09E-03  6.81E-03
     0.0  2.98E-03  2.98E-03  2.98E-03  2.98E-03  2.98E-03  2.98E-03  2.98E-03  2.98E-03
     2.0  3.24E-03  7.30E-03  9.09E-03  6.81E-03  2.73E-03  1.14E-04 -7.32E-04  3.58E-04
     4.0  3.50E-03  1.28E-02  1.73E-02  1.16E-02  2.49E-03 -2.60E-03 -5.27E-03 -1.96E-03
     6.0  3.71E-03  1.91E-02  2.72E-02  1.73E-02  2.26E-03 -6.59E-03 -1.20E-02 -5.02E-03
     8.0  3.57E-03  2.47E-02  3.80E-02  2.36E-02  2.05E-03 -1.16E-02 -2.01E-02 -7.67E-03
    10.0  3.08E-03  2.96E-02  4.91E-02  3.04E-02  1.85E-03 -1.74E-02 -2.91E-02 -9.73E-03
1         ***** THE USAF AUTOMATED MISSILE DATCOM * REV 3/99 *****     CASE   1
               AERODYNAMIC METHODS FOR MISSILE CONFIGURATIONS          PAGE  44
                   STATIC AERODYNAMICS FOR BODY-FIN SET 1

       ******* FLIGHT CONDITIONS AND REFERENCE QUANTITIES *******
     MACH NO  =       1.10                REYNOLDS NO = 2.550E+07 /M
     ALTITUDE =        0.0 M         DYNAMIC PRESSURE =  85822.41 N/M**2
     SIDESLIP =       0.00 DEG                   ROLL =      0.00 DEG     
     REF AREA =      0.001 M**2         MOMENT CENTER =     0.198 M
     REF LENGTH =     0.60 M           LAT REF LENGTH =      0.60 M

                   ----- LONGITUDINAL -----     -- LATERAL DIRECTIONAL --
         ALPHA       CN        CM        CA        CY       CLN       CLL

        -10.00    -2.479     0.768     0.777    -0.013     0.006    -0.013
         -8.00    -1.819     0.560     0.779    -0.005     0.002    -0.012
         -6.00    -1.230     0.373     0.779     0.000     0.000    -0.010
         -4.00    -0.719     0.211     0.777     0.000     0.000    -0.008
         -2.00    -0.318     0.091     0.775     0.000     0.000    -0.006
          0.00     0.000     0.000     0.773     0.000     0.000    -0.005
          2.00     0.318    -0.091     0.775     0.000     0.000    -0.006
          4.00     0.719    -0.211     0.777     0.000     0.000    -0.008
          6.00     1.230    -0.373     0.779     0.000     0.000    -0.010
          8.00     1.819    -0.560     0.779     0.005    -0.002    -0.012
         10.00     2.479    -0.768     0.777     0.013    -0.006    -0.013

         ALPHA       CL        CD      CL/CD     X-C.P.

        -10.00    -2.306     1.195    -1.929    -0.310
         -8.00    -1.693     1.024    -1.653    -0.308
         -6.00    -1.142     0.903    -1.264    -0.303
         -4.00    -0.663     0.826    -0.803    -0.294
         -2.00    -0.291     0.786    -0.370    -0.287
          0.00     0.000     0.773     0.000    -0.474
          2.00     0.291     0.786     0.370    -0.287
          4.00     0.663     0.826     0.803    -0.294
          6.00     1.142     0.903     1.264    -0.303
          8.00     1.693     1.024     1.653    -0.308
         10.00     2.306     1.195     1.929    -0.310

    X-C.P. MEAS. FROM MOMENT CENTER IN REF. LENGTHS, NEG. AFT OF MOMENT CENTER
1         ***** THE USAF AUTOMATED MISSILE DATCOM * REV 3/99 *****     CASE   1
               AERODYNAMIC METHODS FOR MISSILE CONFIGURATIONS          PAGE  45
                   STATIC AERODYNAMICS FOR BODY-FIN SET 1

       ******* FLIGHT CONDITIONS AND REFERENCE QUANTITIES *******
     MACH NO  =       1.10                REYNOLDS NO = 2.550E+07 /M
     ALTITUDE =        0.0 M         DYNAMIC PRESSURE =  85822.41 N/M**2
     SIDESLIP =       0.00 DEG                   ROLL =      0.00 DEG     
     REF AREA =      0.001 M**2         MOMENT CENTER =     0.198 M
     REF LENGTH =     0.60 M           LAT REF LENGTH =      0.60 M

                   ---------- DERIVATIVES (PER DEGREE) ----------
         ALPHA       CNA         CMA         CYB         CLNB        CLLB
        -10.00      0.3471     -0.1095     -0.2451      0.0759      0.0001
         -8.00      0.3121     -0.0989     -0.2288      0.0708      0.0000
         -6.00      0.2750     -0.0871     -0.2079      0.0635     -0.0001
         -4.00      0.2278     -0.0704     -0.1828      0.0541     -0.0001
         -2.00      0.1797     -0.0528     -0.1609      0.0462     -0.0002
          0.00      0.1590     -0.0456     -0.1554      0.0445     -0.0003
          2.00      0.1797     -0.0528     -0.1607      0.0461     -0.0002
          4.00      0.2278     -0.0704     -0.1815      0.0535     -0.0001
          6.00      0.2750     -0.0871     -0.2050      0.0621     -0.0002
          8.00      0.3121     -0.0989     -0.2218      0.0675     -0.0001
         10.00      0.3471     -0.1095     -0.2348      0.0710     -0.0001

    PANEL DEFLECTION ANGLES (DEGREES)
    SET    FIN 1   FIN 2   FIN 3   FIN 4   FIN 5   FIN 6   FIN 7   FIN 8
      1    3.00    3.00    3.00    3.00    3.00    3.00    3.00    3.00
1         ***** THE USAF AUTOMATED MISSILE DATCOM * REV 3/99 *****     CASE   1
               AERODYNAMIC METHODS FOR MISSILE CONFIGURATIONS          PAGE  46
                             BODY ALONE PARTIAL OUTPUT

       ******* FLIGHT CONDITIONS AND REFERENCE QUANTITIES *******
     MACH NO  =       1.40                REYNOLDS NO = 3.246E+07 /M
     ALTITUDE =        0.0 M         DYNAMIC PRESSURE = 139018.12 N/M**2
     SIDESLIP =       0.00 DEG                   ROLL =      0.00 DEG     
     REF AREA =      0.001 M**2         MOMENT CENTER =     0.198 M
     REF LENGTH =     0.60 M           LAT REF LENGTH =      0.60 M

      ALPHA    CA-FRIC  CA-PRES/WAVE CA-BASE    CA-PROT     CA-SEP     CA-ALP
     -10.00     0.1465     0.1125     0.1806                           0.0000
      -8.00     0.1481     0.1128     0.1816                           0.0000
      -6.00     0.1494     0.1130     0.1824                           0.0000
      -4.00     0.1503     0.1132     0.1829                           0.0000
      -2.00     0.1508     0.1133     0.1833                           0.0000
       0.00     0.1510     0.1133     0.1834                           0.0000
       2.00     0.1508     0.1133     0.1833                           0.0000
       4.00     0.1503     0.1132     0.1829                           0.0000
       6.00     0.1494     0.1130     0.1824                           0.0000
       8.00     0.1481     0.1128     0.1816                           0.0000
      10.00     0.1465     0.1125     0.1806                           0.0000

                     CROSS FLOW DRAG PROPORTIONALITY FACTOR = 1.00000

      ALPHA    CN-POTEN  CN-VISC   CN-SEP    CM-POTEN  CM-VISC   CM-SEP    CDC
     -10.00    -0.394    -0.557              -0.099     0.110             0.923
      -8.00    -0.318    -0.333              -0.080     0.066             0.859
      -6.00    -0.240    -0.181              -0.061     0.036             0.830
      -4.00    -0.161    -0.078              -0.041     0.015             0.800
      -2.00    -0.081    -0.019              -0.020     0.004             0.770
       0.00     0.000     0.000               0.000     0.000             0.740
       2.00     0.081     0.019               0.020    -0.004             0.770
       4.00     0.161     0.078               0.041    -0.015             0.800
       6.00     0.240     0.181               0.061    -0.036             0.830
       8.00     0.318     0.333               0.080    -0.066             0.859
      10.00     0.394     0.557               0.099    -0.110             0.923
1         ***** THE USAF AUTOMATED MISSILE DATCOM * REV 3/99 *****     CASE   1
               AERODYNAMIC METHODS FOR MISSILE CONFIGURATIONS          PAGE  47
                        FIN SET 1 CA PARTIAL OUTPUT

       ******* FLIGHT CONDITIONS AND REFERENCE QUANTITIES *******
     MACH NO  =       1.40                REYNOLDS NO = 3.246E+07 /M
     ALTITUDE =        0.0 M         DYNAMIC PRESSURE = 139018.12 N/M**2
     SIDESLIP =       0.00 DEG                   ROLL =      0.00 DEG     
     REF AREA =      0.001 M**2         MOMENT CENTER =     0.198 M
     REF LENGTH =     0.60 M           LAT REF LENGTH =      0.60 M

    SINGLE FIN PANEL ZERO-LIFT AXIAL FORCE COMPONENTS

    SKIN FRICTION        0.0105
    SUBSONIC PRESSURE    0.0000
    TRANSONIC WAVE       0.0000
    SUPERSONIC WAVE      0.0133
    LEADING EDGE         0.0000
    TRAILING EDGE        0.0000
    TOTAL CAO            0.0238

    FIN AXIAL FORCE DUE TO ANGLE OF ATTACK

    ALPHA      CA DUE TO LIFT (SINGLE PANEL)   CA-TOTAL (8 FINS)

     -10.00              0.0000                      0.1879
      -8.00              0.0000                      0.1889
      -6.00              0.0000                      0.1897
      -4.00              0.0000                      0.1903
      -2.00              0.0000                      0.1907
       0.00              0.0000                      0.1908
       2.00              0.0000                      0.1907
       4.00              0.0000                      0.1903
       6.00              0.0000                      0.1897
       8.00              0.0000                      0.1889
      10.00              0.0000                      0.1879
1         ***** THE USAF AUTOMATED MISSILE DATCOM * REV 3/99 *****     CASE   1
               AERODYNAMIC METHODS FOR MISSILE CONFIGURATIONS          PAGE  48
                       FIN SET 1 CN, CM PARTIAL OUTPUT

       ******* FLIGHT CONDITIONS AND REFERENCE QUANTITIES *******
     MACH NO  =       1.40                REYNOLDS NO = 3.246E+07 /M
     ALTITUDE =        0.0 M         DYNAMIC PRESSURE = 139018.12 N/M**2
     SIDESLIP =       0.00 DEG                   ROLL =      0.00 DEG     
     REF AREA =      0.001 M**2         MOMENT CENTER =     0.198 M
     REF LENGTH =     0.60 M           LAT REF LENGTH =      0.60 M

    NORMAL FORCE SLOPE AT ALPHA ZERO, CNA =    0.02636/DEG (1 PANEL)
         CENTER OF PRESSURE FOR LINEAR CN =   -0.51000 (CALIBERS FROM C.G.)
     CENTER OF PRESSURE FOR NON-LINEAR CN =   -0.50333 (CALIBERS FROM C.G.)

      ALPHA      CN        CN        CN        CM        CM        CM
               LINEAR  NON-LINEAR  TOTAL     LINEAR  NON-LINEAR  TOTAL

     -10.00   -1.0410   -0.5372   -1.5782    0.5309    0.2704    0.8013
      -8.00   -0.8367   -0.3466   -1.1833    0.4267    0.1745    0.6012
      -6.00   -0.6298   -0.1960   -0.8258    0.3212    0.0987    0.4198
      -4.00   -0.4209   -0.0872   -0.5082    0.2147    0.0439    0.2586
      -2.00   -0.2108   -0.0218   -0.2326    0.1075    0.0110    0.1185
       0.00    0.0000    0.0000    0.0000    0.0000    0.0000    0.0000
       2.00    0.2108    0.0218    0.2326   -0.1075   -0.0110   -0.1185
       4.00    0.4209    0.0872    0.5082   -0.2147   -0.0439   -0.2586
       6.00    0.6298    0.1960    0.8258   -0.3212   -0.0987   -0.4198
       8.00    0.8367    0.3466    1.1833   -0.4267   -0.1745   -0.6012
      10.00    1.0410    0.5372    1.5782   -0.5309   -0.2704   -0.8013
1         ***** THE USAF AUTOMATED MISSILE DATCOM * REV 3/99 *****     CASE   1
               AERODYNAMIC METHODS FOR MISSILE CONFIGURATIONS          PAGE  49
                 AERODYNAMIC FORCE AND MOMENT SYNTHESIS

       ******* FLIGHT CONDITIONS AND REFERENCE QUANTITIES *******
     MACH NO  =       1.40                REYNOLDS NO = 3.246E+07 /M
     ALTITUDE =        0.0 M         DYNAMIC PRESSURE = 139018.12 N/M**2
     SIDESLIP =       0.00 DEG                   ROLL =      0.00 DEG     
     REF AREA =      0.001 M**2         MOMENT CENTER =     0.198 M
     REF LENGTH =     0.60 M           LAT REF LENGTH =      0.60 M

          ---------------FIN SET 1 IN PRESENCE OF THE BODY----------------

      ALPHA       CN         CM         CA         CY         CLN        CLL

     -10.00    -2.5710     1.3112     0.2435    -0.0139     0.0071    -0.0376
      -8.00    -2.0344     1.0376     0.2404    -0.0046     0.0024    -0.0348
      -6.00    -1.4838     0.7568     0.2365     0.0002    -0.0001    -0.0316
      -4.00    -0.9354     0.4771     0.2317     0.0005    -0.0003    -0.0283
      -2.00    -0.4466     0.2278     0.2263     0.0001     0.0000    -0.0249
       0.00     0.0000     0.0000     0.2232     0.0000     0.0000    -0.0230
       2.00     0.4466    -0.2278     0.2263    -0.0001     0.0000    -0.0249
       4.00     0.9354    -0.4771     0.2317    -0.0005     0.0003    -0.0283
       6.00     1.4838    -0.7568     0.2365    -0.0002     0.0001    -0.0316
       8.00     2.0344    -1.0376     0.2404     0.0046    -0.0024    -0.0348
      10.00     2.5710    -1.3112     0.2435     0.0139    -0.0071    -0.0376
1         ***** THE USAF AUTOMATED MISSILE DATCOM * REV 3/99 *****     CASE   1
               AERODYNAMIC METHODS FOR MISSILE CONFIGURATIONS          PAGE  50
                 AERODYNAMIC FORCE AND MOMENT SYNTHESIS

       ******* FLIGHT CONDITIONS AND REFERENCE QUANTITIES *******
     MACH NO  =       1.40                REYNOLDS NO = 3.246E+07 /M
     ALTITUDE =        0.0 M         DYNAMIC PRESSURE = 139018.12 N/M**2
     SIDESLIP =       0.00 DEG                   ROLL =      0.00 DEG     
     REF AREA =      0.001 M**2         MOMENT CENTER =     0.198 M
     REF LENGTH =     0.60 M           LAT REF LENGTH =      0.60 M

          ---------------FIN SET 1 PANEL CHARACTERISTICS------------------

      ALPHA      PANEL    AEQ (PANEL AXIS SYS.)    PANEL CN

     -10.00        1              1.7790           0.0513
     -10.00        2             -9.1320          -0.3482
     -10.00        3            -12.7824          -0.5397
     -10.00        4             -5.9073          -0.2021
     -10.00        5              2.7812           0.0836
     -10.00        6             12.8658           0.5444
     -10.00        7             18.0813           0.8583
     -10.00        8             13.2364           0.5653
 
      -8.00        1              1.9388           0.0562
      -8.00        2             -6.9564          -0.2470
      -8.00        3            -10.0633          -0.3946
      -8.00        4             -5.1410          -0.1708
      -8.00        5              3.0614           0.0932
      -8.00        6             11.5555           0.4725
      -8.00        7             15.3286           0.6875
      -8.00        8             11.2610           0.4568
 
      -6.00        1              2.1033           0.0614
      -6.00        2             -4.6794          -0.1527
      -6.00        3             -7.1322          -0.2548
      -6.00        4             -3.8216          -0.1203
      -6.00        5              3.1070           0.0948
      -6.00        6              9.8171           0.3821
      -6.00        7             12.3767           0.5172
      -6.00        8              9.2001           0.3515
 
      -4.00        1              2.2726           0.0668
      -4.00        2             -2.3052          -0.0679
      -4.00        3             -3.9855          -0.1264
      -4.00        4             -1.8167          -0.0524
      -4.00        5              2.9680           0.0900
      -4.00        6              7.5458           0.2734
      -4.00        7              9.2261           0.3528
      -4.00        8              7.0573           0.2515
 
      -2.00        1              2.4452           0.0724
      -2.00        2              0.1358           0.0038
      -2.00        3             -0.7166          -0.0201
      -2.00        4              0.3830           0.0107
      -2.00        5              2.7954           0.0841
      -2.00        6              5.1048           0.1694
      -2.00        7              5.9572           0.2041
      -2.00        8              4.8576           0.1596
 
       0.00        1              2.6203           0.0782
       0.00        2              2.6203           0.0782
       0.00        3              2.6203           0.0782
       0.00        4              2.6203           0.0782
       0.00        5              2.6203           0.0782
       0.00        6              2.6203           0.0782
       0.00        7              2.6203           0.0782
       0.00        8              2.6203           0.0782
 
       2.00        1              2.7954           0.0841
       2.00        2              5.1048           0.1694
       2.00        3              5.9572           0.2041
       2.00        4              4.8576           0.1596
       2.00        5              2.4452           0.0724
       2.00        6              0.1358           0.0038
       2.00        7             -0.7166          -0.0201
       2.00        8              0.3830           0.0107
 
       4.00        1              2.9680           0.0900
       4.00        2              7.5458           0.2734
       4.00        3              9.2261           0.3528
       4.00        4              7.0573           0.2515
       4.00        5              2.2726           0.0668
       4.00        6             -2.3052          -0.0679
       4.00        7             -3.9855          -0.1264
       4.00        8             -1.8167          -0.0524
 
       6.00        1              3.1070           0.0948
       6.00        2              9.8171           0.3821
       6.00        3             12.3767           0.5172
       6.00        4              9.2001           0.3515
       6.00        5              2.1033           0.0614
       6.00        6             -4.6794          -0.1527
       6.00        7             -7.1322          -0.2548
       6.00        8             -3.8216          -0.1203
 
       8.00        1              3.0614           0.0932
       8.00        2             11.5555           0.4725
       8.00        3             15.3286           0.6875
       8.00        4             11.2610           0.4568
       8.00        5              1.9388           0.0562
       8.00        6             -6.9564          -0.2470
       8.00        7            -10.0633          -0.3946
       8.00        8             -5.1410          -0.1708
 
      10.00        1              2.7812           0.0836
      10.00        2             12.8658           0.5444
      10.00        3             18.0813           0.8583
      10.00        4             13.2364           0.5653
      10.00        5              1.7790           0.0513
      10.00        6             -9.1320          -0.3482
      10.00        7            -12.7824          -0.5397
      10.00        8             -5.9073          -0.2021
 
1         ***** THE USAF AUTOMATED MISSILE DATCOM * REV 3/99 *****     CASE   1
               AERODYNAMIC METHODS FOR MISSILE CONFIGURATIONS          PAGE  51
                 AERODYNAMIC FORCE AND MOMENT SYNTHESIS

       ******* FLIGHT CONDITIONS AND REFERENCE QUANTITIES *******
     MACH NO  =       1.40                REYNOLDS NO = 3.246E+07 /M
     ALTITUDE =        0.0 M         DYNAMIC PRESSURE = 139018.12 N/M**2
     SIDESLIP =       0.00 DEG                   ROLL =      0.00 DEG     
     REF AREA =      0.001 M**2         MOMENT CENTER =     0.198 M
     REF LENGTH =     0.60 M           LAT REF LENGTH =      0.60 M

             CARRYOVER INTERFERENCE FACTORS - FIN SET 1

      ALPHA   K-W(B)   K-B(W)  KK-W(B)  KK-B(W)  XCP-W(B) XCP-B(W) Y-CP/(B/2)

     -10.00   1.6020   1.1241   0.9535   0.6600   0.5100   0.4200   0.3985
      -8.00   1.6237   1.1241   0.9535   0.6600   0.5100   0.4200   0.3825
      -6.00   1.6435   1.1241   0.9535   0.6600   0.5100   0.4200   0.3804
      -4.00   1.6607   1.1241   0.9535   0.6600   0.5100   0.4200   0.3935
      -2.00   1.6743   1.1241   0.9535   0.6600   0.5100   0.4200   0.4116
       0.00   1.6818   1.1241   0.9535   0.6600   0.5100   0.4200   0.4346
       2.00   1.6743   1.1241   0.9535   0.6600   0.5100   0.4200   0.4536
       4.00   1.6607   1.1241   0.9535   0.6600   0.5100   0.4200   0.4418
       6.00   1.6435   1.1241   0.9535   0.6600   0.5100   0.4200   0.4227
       8.00   1.6237   1.1241   0.9535   0.6600   0.5100   0.4200   0.4085
      10.00   1.6020   1.1241   0.9535   0.6600   0.5100   0.4200   0.4000

    NOTE - XCP-W(B) USED FOR STABILITY ONLY DIFFERENT VALUES USED FOR HINGE MOMENTS
1         ***** THE USAF AUTOMATED MISSILE DATCOM * REV 3/99 *****     CASE   1
               AERODYNAMIC METHODS FOR MISSILE CONFIGURATIONS          PAGE  52
        FIN SET 1 PANEL BENDING MOMENTS (ABOUT EXPOSED ROOT CHORD)

       ******* FLIGHT CONDITIONS AND REFERENCE QUANTITIES *******
     MACH NO  =       1.40                REYNOLDS NO = 3.246E+07 /M
     ALTITUDE =        0.0 M         DYNAMIC PRESSURE = 139018.12 N/M**2
     SIDESLIP =       0.00 DEG                   ROLL =      0.00 DEG     
     REF AREA =      0.001 M**2         MOMENT CENTER =     0.198 M
     REF LENGTH =     0.60 M           LAT REF LENGTH =      0.60 M

   ALPHA   PANL 1   PANL 2   PANL 3   PANL 4   PANL 5   PANL 6   PANL 7   PANL 8
 
   -10.0  3.24E-04 -2.20E-03 -3.41E-03 -1.27E-03  5.27E-04  3.44E-03  5.42E-03  3.57E-03
    -8.0  3.40E-04 -1.50E-03 -2.39E-03 -1.03E-03  5.64E-04  2.86E-03  4.16E-03  2.77E-03
    -6.0  3.70E-04 -9.20E-04 -1.53E-03 -7.25E-04  5.71E-04  2.30E-03  3.12E-03  2.12E-03
    -4.0  4.16E-04 -4.23E-04 -7.87E-04 -3.27E-04  5.61E-04  1.70E-03  2.20E-03  1.57E-03
    -2.0  4.72E-04  2.47E-05 -1.31E-04  6.98E-05  5.48E-04  1.10E-03  1.33E-03  1.04E-03
     0.0  5.38E-04  5.38E-04  5.38E-04  5.38E-04  5.38E-04  5.38E-04  5.38E-04  5.38E-04
     2.0  6.04E-04  1.22E-03  1.47E-03  1.15E-03  5.20E-04  2.73E-05 -1.45E-04  7.70E-05
     4.0  6.29E-04  1.91E-03  2.47E-03  1.76E-03  4.67E-04 -4.75E-04 -8.84E-04 -3.67E-04
     6.0  6.34E-04  2.56E-03  3.46E-03  2.35E-03  4.11E-04 -1.02E-03 -1.71E-03 -8.05E-04
     8.0  6.03E-04  3.06E-03  4.45E-03  2.95E-03  3.64E-04 -1.60E-03 -2.55E-03 -1.10E-03
    10.0  5.29E-04  3.45E-03  5.44E-03  3.58E-03  3.25E-04 -2.21E-03 -3.42E-03 -1.28E-03
1         ***** THE USAF AUTOMATED MISSILE DATCOM * REV 3/99 *****     CASE   1
               AERODYNAMIC METHODS FOR MISSILE CONFIGURATIONS          PAGE  53
            FIN SET 1 PANEL HINGE MOMENTS (ABOUT HINGE LINE)

       ******* FLIGHT CONDITIONS AND REFERENCE QUANTITIES *******
     MACH NO  =       1.40                REYNOLDS NO = 3.246E+07 /M
     ALTITUDE =        0.0 M         DYNAMIC PRESSURE = 139018.12 N/M**2
     SIDESLIP =       0.00 DEG                   ROLL =      0.00 DEG     
     REF AREA =      0.001 M**2         MOMENT CENTER =     0.198 M
     REF LENGTH =     0.60 M           LAT REF LENGTH =      0.60 M

   ALPHA   PANL 1   PANL 2   PANL 3   PANL 4   PANL 5   PANL 6   PANL 7   PANL 8
 
   -10.0  8.29E-03 -5.31E-02 -7.93E-02 -3.17E-02  1.34E-02  7.99E-02  1.19E-01  8.26E-02
    -8.0  9.08E-03 -3.85E-02 -5.97E-02 -2.70E-02  1.49E-02  7.03E-02  9.79E-02  6.82E-02
    -6.0  9.90E-03 -2.42E-02 -3.96E-02 -1.92E-02  1.52E-02  5.79E-02  7.63E-02  5.36E-02
    -4.0  1.08E-02 -1.09E-02 -2.01E-02 -8.47E-03  1.44E-02  4.23E-02  5.38E-02  3.91E-02
    -2.0  1.17E-02  6.19E-04 -3.27E-03  1.74E-03  1.35E-02  2.68E-02  3.20E-02  2.53E-02
     0.0  1.26E-02  1.26E-02  1.26E-02  1.26E-02  1.26E-02  1.26E-02  1.26E-02  1.26E-02
     2.0  1.35E-02  2.68E-02  3.20E-02  2.53E-02  1.17E-02  6.19E-04 -3.27E-03  1.74E-03
     4.0  1.44E-02  4.23E-02  5.38E-02  3.91E-02  1.08E-02 -1.09E-02 -2.01E-02 -8.47E-03
     6.0  1.52E-02  5.79E-02  7.63E-02  5.36E-02  9.90E-03 -2.42E-02 -3.96E-02 -1.92E-02
     8.0  1.49E-02  7.03E-02  9.79E-02  6.82E-02  9.08E-03 -3.85E-02 -5.97E-02 -2.70E-02
    10.0  1.34E-02  7.99E-02  1.19E-01  8.26E-02  8.29E-03 -5.31E-02 -7.93E-02 -3.17E-02
1         ***** THE USAF AUTOMATED MISSILE DATCOM * REV 3/99 *****     CASE   1
               AERODYNAMIC METHODS FOR MISSILE CONFIGURATIONS          PAGE  54
                   STATIC AERODYNAMICS FOR BODY-FIN SET 1

       ******* FLIGHT CONDITIONS AND REFERENCE QUANTITIES *******
     MACH NO  =       1.40                REYNOLDS NO = 3.246E+07 /M
     ALTITUDE =        0.0 M         DYNAMIC PRESSURE = 139018.12 N/M**2
     SIDESLIP =       0.00 DEG                   ROLL =      0.00 DEG     
     REF AREA =      0.001 M**2         MOMENT CENTER =     0.198 M
     REF LENGTH =     0.60 M           LAT REF LENGTH =      0.60 M

                   ----- LONGITUDINAL -----     -- LATERAL DIRECTIONAL --
         ALPHA       CN        CM        CA        CY       CLN       CLL

        -10.00    -5.325     2.080     0.683    -0.024     0.011    -0.038
         -8.00    -4.093     1.615     0.683    -0.008     0.004    -0.035
         -6.00    -2.920     1.158     0.681     0.000     0.000    -0.032
         -4.00    -1.807     0.718     0.678     0.001     0.000    -0.028
         -2.00    -0.846     0.337     0.674     0.000     0.000    -0.025
          0.00     0.000     0.000     0.671     0.000     0.000    -0.023
          2.00     0.846    -0.337     0.674     0.000     0.000    -0.025
          4.00     1.807    -0.718     0.678    -0.001     0.000    -0.028
          6.00     2.920    -1.158     0.681     0.000     0.000    -0.032
          8.00     4.093    -1.615     0.683     0.008    -0.004    -0.035
         10.00     5.325    -2.080     0.683     0.024    -0.011    -0.038

         ALPHA       CL        CD      CL/CD     X-C.P.

        -10.00    -5.126     1.597    -3.209    -0.391
         -8.00    -3.958     1.246    -3.177    -0.395
         -6.00    -2.833     0.983    -2.882    -0.397
         -4.00    -1.755     0.803    -2.187    -0.397
         -2.00    -0.822     0.703    -1.169    -0.399
          0.00     0.000     0.671     0.000    -0.474
          2.00     0.822     0.703     1.169    -0.399
          4.00     1.755     0.803     2.187    -0.397
          6.00     2.833     0.983     2.882    -0.397
          8.00     3.958     1.246     3.177    -0.395
         10.00     5.126     1.597     3.209    -0.391

    X-C.P. MEAS. FROM MOMENT CENTER IN REF. LENGTHS, NEG. AFT OF MOMENT CENTER
1         ***** THE USAF AUTOMATED MISSILE DATCOM * REV 3/99 *****     CASE   1
               AERODYNAMIC METHODS FOR MISSILE CONFIGURATIONS          PAGE  55
                   STATIC AERODYNAMICS FOR BODY-FIN SET 1

       ******* FLIGHT CONDITIONS AND REFERENCE QUANTITIES *******
     MACH NO  =       1.40                REYNOLDS NO = 3.246E+07 /M
     ALTITUDE =        0.0 M         DYNAMIC PRESSURE = 139018.12 N/M**2
     SIDESLIP =       0.00 DEG                   ROLL =      0.00 DEG     
     REF AREA =      0.001 M**2         MOMENT CENTER =     0.198 M
     REF LENGTH =     0.60 M           LAT REF LENGTH =      0.60 M

                   ---------- DERIVATIVES (PER DEGREE) ----------
         ALPHA       CNA         CMA         CYB         CLNB        CLLB
        -10.00      0.6308     -0.2346     -0.5285      0.2064      0.0003
         -8.00      0.6013     -0.2304     -0.5167      0.2044      0.0001
         -6.00      0.5715     -0.2242     -0.4925      0.1958     -0.0001
         -4.00      0.5179     -0.2053     -0.4565      0.1816     -0.0002
         -2.00      0.4514     -0.1794     -0.4253      0.1694     -0.0004
          0.00      0.4229     -0.1686     -0.4188      0.1673     -0.0006
          2.00      0.4514     -0.1794     -0.4249      0.1692     -0.0004
          4.00      0.5179     -0.2053     -0.4542      0.1805     -0.0002
          6.00      0.5715     -0.2242     -0.4868      0.1931     -0.0004
          8.00      0.6013     -0.2304     -0.5038      0.1983     -0.0004
         10.00      0.6308     -0.2346     -0.5085      0.1970     -0.0004

    PANEL DEFLECTION ANGLES (DEGREES)
    SET    FIN 1   FIN 2   FIN 3   FIN 4   FIN 5   FIN 6   FIN 7   FIN 8
      1    3.00    3.00    3.00    3.00    3.00    3.00    3.00    3.00

    BODY ALONE LINEAR DATA GENERATED FROM VAN DYKE HYBRID THEORY

1         ***** THE USAF AUTOMATED MISSILE DATCOM * REV 3/99 *****     CASE   1
               AERODYNAMIC METHODS FOR MISSILE CONFIGURATIONS          PAGE  56
                             BODY ALONE PARTIAL OUTPUT

       ******* FLIGHT CONDITIONS AND REFERENCE QUANTITIES *******
     MACH NO  =       2.00                REYNOLDS NO = 4.637E+07 /M
     ALTITUDE =        0.0 M         DYNAMIC PRESSURE = 283710.47 N/M**2
     SIDESLIP =       0.00 DEG                   ROLL =      0.00 DEG     
     REF AREA =      0.001 M**2         MOMENT CENTER =     0.198 M
     REF LENGTH =     0.60 M           LAT REF LENGTH =      0.60 M

      ALPHA    CA-FRIC  CA-PRES/WAVE CA-BASE    CA-PROT     CA-SEP     CA-ALP
     -10.00     0.1257     0.1041     0.1448                           0.0000
      -8.00     0.1271     0.1044     0.1456                           0.0000
      -6.00     0.1281     0.1046     0.1462                           0.0000
      -4.00     0.1289     0.1047     0.1466                           0.0000
      -2.00     0.1294     0.1048     0.1469                           0.0000
       0.00     0.1296     0.1049     0.1470                           0.0000
       2.00     0.1294     0.1048     0.1469                           0.0000
       4.00     0.1289     0.1047     0.1466                           0.0000
       6.00     0.1281     0.1046     0.1462                           0.0000
       8.00     0.1271     0.1044     0.1456                           0.0000
      10.00     0.1257     0.1041     0.1448                           0.0000

                     CROSS FLOW DRAG PROPORTIONALITY FACTOR = 1.00000

      ALPHA    CN-POTEN  CN-VISC   CN-SEP    CM-POTEN  CM-VISC   CM-SEP    CDC
     -10.00    -0.451    -0.646              -0.114     0.128             1.071
      -8.00    -0.364    -0.377              -0.092     0.075             0.973
      -6.00    -0.275    -0.191              -0.069     0.038             0.875
      -4.00    -0.184    -0.080              -0.046     0.016             0.825
      -2.00    -0.092    -0.019              -0.023     0.004             0.783
       0.00     0.000     0.000               0.000     0.000             0.740
       2.00     0.092     0.019               0.023    -0.004             0.783
       4.00     0.184     0.080               0.046    -0.016             0.825
       6.00     0.275     0.191               0.069    -0.038             0.875
       8.00     0.364     0.377               0.092    -0.075             0.973
      10.00     0.451     0.646               0.114    -0.128             1.071
1         ***** THE USAF AUTOMATED MISSILE DATCOM * REV 3/99 *****     CASE   1
               AERODYNAMIC METHODS FOR MISSILE CONFIGURATIONS          PAGE  57
                        FIN SET 1 CA PARTIAL OUTPUT

       ******* FLIGHT CONDITIONS AND REFERENCE QUANTITIES *******
     MACH NO  =       2.00                REYNOLDS NO = 4.637E+07 /M
     ALTITUDE =        0.0 M         DYNAMIC PRESSURE = 283710.47 N/M**2
     SIDESLIP =       0.00 DEG                   ROLL =      0.00 DEG     
     REF AREA =      0.001 M**2         MOMENT CENTER =     0.198 M
     REF LENGTH =     0.60 M           LAT REF LENGTH =      0.60 M

    SINGLE FIN PANEL ZERO-LIFT AXIAL FORCE COMPONENTS

    SKIN FRICTION        0.0091
    SUBSONIC PRESSURE    0.0000
    TRANSONIC WAVE       0.0000
    SUPERSONIC WAVE      0.0082
    LEADING EDGE         0.0000
    TRAILING EDGE        0.0000
    TOTAL CAO            0.0172

    FIN AXIAL FORCE DUE TO ANGLE OF ATTACK

    ALPHA      CA DUE TO LIFT (SINGLE PANEL)   CA-TOTAL (8 FINS)

     -10.00              0.0000                      0.1359
      -8.00              0.0000                      0.1366
      -6.00              0.0000                      0.1372
      -4.00              0.0000                      0.1376
      -2.00              0.0000                      0.1379
       0.00              0.0000                      0.1379
       2.00              0.0000                      0.1379
       4.00              0.0000                      0.1376
       6.00              0.0000                      0.1372
       8.00              0.0000                      0.1366
      10.00              0.0000                      0.1359
1         ***** THE USAF AUTOMATED MISSILE DATCOM * REV 3/99 *****     CASE   1
               AERODYNAMIC METHODS FOR MISSILE CONFIGURATIONS          PAGE  58
                       FIN SET 1 CN, CM PARTIAL OUTPUT

       ******* FLIGHT CONDITIONS AND REFERENCE QUANTITIES *******
     MACH NO  =       2.00                REYNOLDS NO = 4.637E+07 /M
     ALTITUDE =        0.0 M         DYNAMIC PRESSURE = 283710.47 N/M**2
     SIDESLIP =       0.00 DEG                   ROLL =      0.00 DEG     
     REF AREA =      0.001 M**2         MOMENT CENTER =     0.198 M
     REF LENGTH =     0.60 M           LAT REF LENGTH =      0.60 M

    NORMAL FORCE SLOPE AT ALPHA ZERO, CNA =    0.01491/DEG (1 PANEL)
         CENTER OF PRESSURE FOR LINEAR CN =   -0.51000 (CALIBERS FROM C.G.)
     CENTER OF PRESSURE FOR NON-LINEAR CN =   -0.50333 (CALIBERS FROM C.G.)

      ALPHA      CN        CN        CN        CM        CM        CM
               LINEAR  NON-LINEAR  TOTAL     LINEAR  NON-LINEAR  TOTAL

     -10.00   -0.5889   -0.1138   -0.7027    0.3003    0.0573    0.3576
      -8.00   -0.4733   -0.0569   -0.5302    0.2414    0.0286    0.2700
      -6.00   -0.3562   -0.0234   -0.3796    0.1817    0.0118    0.1935
      -4.00   -0.2381   -0.0068   -0.2449    0.1214    0.0034    0.1248
      -2.00   -0.1192   -0.0008   -0.1201    0.0608    0.0004    0.0612
       0.00    0.0000    0.0000    0.0000    0.0000    0.0000    0.0000
       2.00    0.1192    0.0008    0.1201   -0.0608   -0.0004   -0.0612
       4.00    0.2381    0.0068    0.2449   -0.1214   -0.0034   -0.1248
       6.00    0.3562    0.0234    0.3796   -0.1817   -0.0118   -0.1935
       8.00    0.4733    0.0569    0.5302   -0.2414   -0.0286   -0.2700
      10.00    0.5889    0.1138    0.7027   -0.3003   -0.0573   -0.3576
1         ***** THE USAF AUTOMATED MISSILE DATCOM * REV 3/99 *****     CASE   1
               AERODYNAMIC METHODS FOR MISSILE CONFIGURATIONS          PAGE  59
                 AERODYNAMIC FORCE AND MOMENT SYNTHESIS

       ******* FLIGHT CONDITIONS AND REFERENCE QUANTITIES *******
     MACH NO  =       2.00                REYNOLDS NO = 4.637E+07 /M
     ALTITUDE =        0.0 M         DYNAMIC PRESSURE = 283710.47 N/M**2
     SIDESLIP =       0.00 DEG                   ROLL =      0.00 DEG     
     REF AREA =      0.001 M**2         MOMENT CENTER =     0.198 M
     REF LENGTH =     0.60 M           LAT REF LENGTH =      0.60 M

          ---------------FIN SET 1 IN PRESENCE OF THE BODY----------------

      ALPHA       CN         CM         CA         CY         CLN        CLL

     -10.00    -1.2608     0.6430     0.1673    -0.0118     0.0060    -0.0205
      -8.00    -0.9617     0.4905     0.1630    -0.0035     0.0018    -0.0174
      -6.00    -0.6913     0.3526     0.1595    -0.0003     0.0002    -0.0151
      -4.00    -0.4371     0.2229     0.1567     0.0000     0.0000    -0.0132
      -2.00    -0.2103     0.1073     0.1550     0.0000     0.0000    -0.0122
       0.00     0.0000     0.0000     0.1545     0.0000     0.0000    -0.0118
       2.00     0.2103    -0.1073     0.1550     0.0000     0.0000    -0.0122
       4.00     0.4371    -0.2229     0.1567     0.0000     0.0000    -0.0132
       6.00     0.6913    -0.3526     0.1595     0.0003    -0.0002    -0.0151
       8.00     0.9617    -0.4905     0.1630     0.0035    -0.0018    -0.0174
      10.00     1.2608    -0.6430     0.1673     0.0118    -0.0060    -0.0205
1         ***** THE USAF AUTOMATED MISSILE DATCOM * REV 3/99 *****     CASE   1
               AERODYNAMIC METHODS FOR MISSILE CONFIGURATIONS          PAGE  60
                 AERODYNAMIC FORCE AND MOMENT SYNTHESIS

       ******* FLIGHT CONDITIONS AND REFERENCE QUANTITIES *******
     MACH NO  =       2.00                REYNOLDS NO = 4.637E+07 /M
     ALTITUDE =        0.0 M         DYNAMIC PRESSURE = 283710.47 N/M**2
     SIDESLIP =       0.00 DEG                   ROLL =      0.00 DEG     
     REF AREA =      0.001 M**2         MOMENT CENTER =     0.198 M
     REF LENGTH =     0.60 M           LAT REF LENGTH =      0.60 M

          ---------------FIN SET 1 PANEL CHARACTERISTICS------------------

      ALPHA      PANEL    AEQ (PANEL AXIS SYS.)    PANEL CN

     -10.00        1              1.8054           0.0271
     -10.00        2             -9.0786          -0.1582
     -10.00        3            -12.6773          -0.2533
     -10.00        4             -5.3558          -0.0843
     -10.00        5              2.9561           0.0448
     -10.00        6             12.5221           0.2486
     -10.00        7             18.0373           0.4695
     -10.00        8             13.2361           0.2708
 
      -8.00        1              1.9642           0.0295
      -8.00        2             -6.9184          -0.1129
      -8.00        3            -10.0040          -0.1801
      -8.00        4             -4.9043          -0.0765
      -8.00        5              3.1441           0.0477
      -8.00        6             11.4258           0.2170
      -8.00        7             15.3233           0.3440
      -8.00        8             11.2738           0.2128
 
      -6.00        1              2.1282           0.0320
      -6.00        2             -4.6503          -0.0722
      -6.00        3             -7.0997          -0.1164
      -6.00        4             -3.7729          -0.0578
      -6.00        5              3.1407           0.0477
      -6.00        6              9.8208           0.1756
      -6.00        7             12.3941           0.2447
      -6.00        8              9.2207           0.1615
 
      -4.00        1              2.2973           0.0346
      -4.00        2             -2.2792          -0.0343
      -4.00        3             -3.9590          -0.0608
      -4.00        4             -1.7908          -0.0269
      -4.00        5              2.9925           0.0454
      -4.00        6              7.5690           0.1257
      -4.00        7              9.2487           0.1621
      -4.00        8              7.0806           0.1160
 
      -2.00        1              2.4698           0.0372
      -2.00        2              0.1607           0.0024
      -2.00        3             -0.6917          -0.0103
      -2.00        4              0.4078           0.0061
      -2.00        5              2.8200           0.0427
      -2.00        6              5.1291           0.0803
      -2.00        7              5.9815           0.0954
      -2.00        8              4.8819           0.0761
 
       0.00        1              2.6449           0.0400
       0.00        2              2.6449           0.0400
       0.00        3              2.6449           0.0400
       0.00        4              2.6449           0.0400
       0.00        5              2.6449           0.0400
       0.00        6              2.6449           0.0400
       0.00        7              2.6449           0.0400
       0.00        8              2.6449           0.0400
 
       2.00        1              2.8200           0.0427
       2.00        2              5.1291           0.0803
       2.00        3              5.9815           0.0954
       2.00        4              4.8819           0.0761
       2.00        5              2.4698           0.0372
       2.00        6              0.1607           0.0024
       2.00        7             -0.6917          -0.0103
       2.00        8              0.4078           0.0061
 
       4.00        1              2.9925           0.0454
       4.00        2              7.5690           0.1257
       4.00        3              9.2487           0.1621
       4.00        4              7.0806           0.1160
       4.00        5              2.2973           0.0346
       4.00        6             -2.2792          -0.0343
       4.00        7             -3.9590          -0.0608
       4.00        8             -1.7908          -0.0269
 
       6.00        1              3.1407           0.0477
       6.00        2              9.8208           0.1756
       6.00        3             12.3941           0.2447
       6.00        4              9.2207           0.1615
       6.00        5              2.1282           0.0320
       6.00        6             -4.6503          -0.0722
       6.00        7             -7.0997          -0.1164
       6.00        8             -3.7729          -0.0578
 
       8.00        1              3.1441           0.0477
       8.00        2             11.4258           0.2170
       8.00        3             15.3233           0.3440
       8.00        4             11.2738           0.2128
       8.00        5              1.9642           0.0295
       8.00        6             -6.9184          -0.1129
       8.00        7            -10.0040          -0.1801
       8.00        8             -4.9043          -0.0765
 
      10.00        1              2.9561           0.0448
      10.00        2             12.5221           0.2486
      10.00        3             18.0373           0.4695
      10.00        4             13.2361           0.2708
      10.00        5              1.8054           0.0271
      10.00        6             -9.0786          -0.1582
      10.00        7            -12.6773          -0.2533
      10.00        8             -5.3558          -0.0843
 
1         ***** THE USAF AUTOMATED MISSILE DATCOM * REV 3/99 *****     CASE   1
               AERODYNAMIC METHODS FOR MISSILE CONFIGURATIONS          PAGE  61
                 AERODYNAMIC FORCE AND MOMENT SYNTHESIS

       ******* FLIGHT CONDITIONS AND REFERENCE QUANTITIES *******
     MACH NO  =       2.00                REYNOLDS NO = 4.637E+07 /M
     ALTITUDE =        0.0 M         DYNAMIC PRESSURE = 283710.47 N/M**2
     SIDESLIP =       0.00 DEG                   ROLL =      0.00 DEG     
     REF AREA =      0.001 M**2         MOMENT CENTER =     0.198 M
     REF LENGTH =     0.60 M           LAT REF LENGTH =      0.60 M

             CARRYOVER INTERFERENCE FACTORS - FIN SET 1

      ALPHA   K-W(B)   K-B(W)  KK-W(B)  KK-B(W)  XCP-W(B) XCP-B(W) Y-CP/(B/2)

     -10.00   1.6002   1.1241   0.9535   0.6600   0.5100   0.4200   0.4058
      -8.00   1.6224   1.1241   0.9535   0.6600   0.5100   0.4200   0.4089
      -6.00   1.6426   1.1241   0.9535   0.6600   0.5100   0.4200   0.4198
      -4.00   1.6602   1.1241   0.9535   0.6600   0.5100   0.4200   0.4319
      -2.00   1.6741   1.1241   0.9535   0.6600   0.5100   0.4200   0.4425
       0.00   1.6818   1.1241   0.9535   0.6600   0.5100   0.4200   0.4520
       2.00   1.6741   1.1241   0.9535   0.6600   0.5100   0.4200   0.4610
       4.00   1.6602   1.1241   0.9535   0.6600   0.5100   0.4200   0.4555
       6.00   1.6426   1.1241   0.9535   0.6600   0.5100   0.4200   0.4473
       8.00   1.6224   1.1241   0.9535   0.6600   0.5100   0.4200   0.4424
      10.00   1.6002   1.1241   0.9535   0.6600   0.5100   0.4200   0.4403

    NOTE - XCP-W(B) USED FOR STABILITY ONLY DIFFERENT VALUES USED FOR HINGE MOMENTS
1         ***** THE USAF AUTOMATED MISSILE DATCOM * REV 3/99 *****     CASE   1
               AERODYNAMIC METHODS FOR MISSILE CONFIGURATIONS          PAGE  62
        FIN SET 1 PANEL BENDING MOMENTS (ABOUT EXPOSED ROOT CHORD)

       ******* FLIGHT CONDITIONS AND REFERENCE QUANTITIES *******
     MACH NO  =       2.00                REYNOLDS NO = 4.637E+07 /M
     ALTITUDE =        0.0 M         DYNAMIC PRESSURE = 283710.47 N/M**2
     SIDESLIP =       0.00 DEG                   ROLL =      0.00 DEG     
     REF AREA =      0.001 M**2         MOMENT CENTER =     0.198 M
     REF LENGTH =     0.60 M           LAT REF LENGTH =      0.60 M

   ALPHA   PANL 1   PANL 2   PANL 3   PANL 4   PANL 5   PANL 6   PANL 7   PANL 8
 
   -10.0  1.74E-04 -1.02E-03 -1.63E-03 -5.41E-04  2.88E-04  1.60E-03  3.02E-03  1.74E-03
    -8.0  1.91E-04 -7.31E-04 -1.17E-03 -4.95E-04  3.09E-04  1.40E-03  2.23E-03  1.38E-03
    -6.0  2.13E-04 -4.80E-04 -7.74E-04 -3.84E-04  3.17E-04  1.17E-03  1.63E-03  1.07E-03
    -4.0  2.37E-04 -2.35E-04 -4.16E-04 -1.84E-04  3.10E-04  8.60E-04  1.11E-03  7.93E-04
    -2.0  2.61E-04  1.68E-05 -7.23E-05  4.26E-05  2.99E-04  5.63E-04  6.68E-04  5.33E-04
     0.0  2.86E-04  2.86E-04  2.86E-04  2.86E-04  2.86E-04  2.86E-04  2.86E-04  2.86E-04
     2.0  3.11E-04  5.86E-04  6.96E-04  5.56E-04  2.72E-04  1.75E-05 -7.54E-05  4.44E-05
     4.0  3.27E-04  9.07E-04  1.17E-03  8.37E-04  2.49E-04 -2.47E-04 -4.38E-04 -1.94E-04
     6.0  3.38E-04  1.24E-03  1.73E-03  1.14E-03  2.27E-04 -5.11E-04 -8.24E-04 -4.09E-04
     8.0  3.34E-04  1.52E-03  2.41E-03  1.49E-03  2.07E-04 -7.91E-04 -1.26E-03 -5.36E-04
    10.0  3.12E-04  1.73E-03  3.27E-03  1.89E-03  1.89E-04 -1.10E-03 -1.77E-03 -5.87E-04
1         ***** THE USAF AUTOMATED MISSILE DATCOM * REV 3/99 *****     CASE   1
               AERODYNAMIC METHODS FOR MISSILE CONFIGURATIONS          PAGE  63
            FIN SET 1 PANEL HINGE MOMENTS (ABOUT HINGE LINE)

       ******* FLIGHT CONDITIONS AND REFERENCE QUANTITIES *******
     MACH NO  =       2.00                REYNOLDS NO = 4.637E+07 /M
     ALTITUDE =        0.0 M         DYNAMIC PRESSURE = 283710.47 N/M**2
     SIDESLIP =       0.00 DEG                   ROLL =      0.00 DEG     
     REF AREA =      0.001 M**2         MOMENT CENTER =     0.198 M
     REF LENGTH =     0.60 M           LAT REF LENGTH =      0.60 M

   ALPHA   PANL 1   PANL 2   PANL 3   PANL 4   PANL 5   PANL 6   PANL 7   PANL 8
 
   -10.0  4.31E-03 -2.40E-02 -3.71E-02 -1.31E-02  7.09E-03  3.65E-02  6.32E-02  3.94E-02
    -8.0  4.69E-03 -1.74E-02 -2.71E-02 -1.20E-02  7.55E-03  3.23E-02  4.87E-02  3.17E-02
    -6.0  5.09E-03 -1.13E-02 -1.80E-02 -9.10E-03  7.54E-03  2.65E-02  3.60E-02  2.45E-02
    -4.0  5.49E-03 -5.45E-03 -9.56E-03 -4.28E-03  7.18E-03  1.93E-02  2.46E-02  1.79E-02
    -2.0  5.91E-03  3.85E-04 -1.65E-03  9.76E-04  6.76E-03  1.26E-02  1.48E-02  1.19E-02
     0.0  6.33E-03  6.33E-03  6.33E-03  6.33E-03  6.33E-03  6.33E-03  6.33E-03  6.33E-03
     2.0  6.76E-03  1.26E-02  1.48E-02  1.19E-02  5.91E-03  3.85E-04 -1.65E-03  9.76E-04
     4.0  7.18E-03  1.93E-02  2.46E-02  1.79E-02  5.49E-03 -5.45E-03 -9.56E-03 -4.28E-03
     6.0  7.54E-03  2.65E-02  3.60E-02  2.45E-02  5.09E-03 -1.13E-02 -1.80E-02 -9.10E-03
     8.0  7.55E-03  3.23E-02  4.87E-02  3.17E-02  4.69E-03 -1.74E-02 -2.71E-02 -1.20E-02
    10.0  7.09E-03  3.65E-02  6.32E-02  3.94E-02  4.31E-03 -2.40E-02 -3.71E-02 -1.31E-02
1         ***** THE USAF AUTOMATED MISSILE DATCOM * REV 3/99 *****     CASE   1
               AERODYNAMIC METHODS FOR MISSILE CONFIGURATIONS          PAGE  64
                   STATIC AERODYNAMICS FOR BODY-FIN SET 1

       ******* FLIGHT CONDITIONS AND REFERENCE QUANTITIES *******
     MACH NO  =       2.00                REYNOLDS NO = 4.637E+07 /M
     ALTITUDE =        0.0 M         DYNAMIC PRESSURE = 283710.47 N/M**2
     SIDESLIP =       0.00 DEG                   ROLL =      0.00 DEG     
     REF AREA =      0.001 M**2         MOMENT CENTER =     0.198 M
     REF LENGTH =     0.60 M           LAT REF LENGTH =      0.60 M

                   ----- LONGITUDINAL -----     -- LATERAL DIRECTIONAL --
         ALPHA       CN        CM        CA        CY       CLN       CLL

        -10.00    -3.243     1.029     0.542    -0.020     0.010    -0.021
         -8.00    -2.369     0.753     0.540    -0.006     0.003    -0.017
         -6.00    -1.630     0.520     0.538    -0.001     0.000    -0.015
         -4.00    -0.997     0.317     0.537     0.000     0.000    -0.013
         -2.00    -0.463     0.147     0.536     0.000     0.000    -0.012
          0.00     0.000     0.000     0.536     0.000     0.000    -0.012
          2.00     0.463    -0.147     0.536     0.000     0.000    -0.012
          4.00     0.997    -0.317     0.537     0.000     0.000    -0.013
          6.00     1.630    -0.520     0.538     0.001     0.000    -0.015
          8.00     2.369    -0.753     0.540     0.006    -0.003    -0.017
         10.00     3.243    -1.029     0.542     0.020    -0.010    -0.021

         ALPHA       CL        CD      CL/CD     X-C.P.

        -10.00    -3.099     1.097    -2.826    -0.317
         -8.00    -2.270     0.864    -2.627    -0.318
         -6.00    -1.565     0.706    -2.217    -0.319
         -4.00    -0.957     0.605    -1.582    -0.318
         -2.00    -0.444     0.552    -0.804    -0.318
          0.00     0.000     0.536     0.000    -0.474
          2.00     0.444     0.552     0.804    -0.318
          4.00     0.957     0.605     1.582    -0.318
          6.00     1.565     0.706     2.217    -0.319
          8.00     2.270     0.864     2.627    -0.318
         10.00     3.099     1.097     2.826    -0.317

    X-C.P. MEAS. FROM MOMENT CENTER IN REF. LENGTHS, NEG. AFT OF MOMENT CENTER
1         ***** THE USAF AUTOMATED MISSILE DATCOM * REV 3/99 *****     CASE   1
               AERODYNAMIC METHODS FOR MISSILE CONFIGURATIONS          PAGE  65
                   STATIC AERODYNAMICS FOR BODY-FIN SET 1

       ******* FLIGHT CONDITIONS AND REFERENCE QUANTITIES *******
     MACH NO  =       2.00                REYNOLDS NO = 4.637E+07 /M
     ALTITUDE =        0.0 M         DYNAMIC PRESSURE = 283710.47 N/M**2
     SIDESLIP =       0.00 DEG                   ROLL =      0.00 DEG     
     REF AREA =      0.001 M**2         MOMENT CENTER =     0.198 M
     REF LENGTH =     0.60 M           LAT REF LENGTH =      0.60 M

                   ---------- DERIVATIVES (PER DEGREE) ----------
         ALPHA       CNA         CMA         CYB         CLNB        CLLB
        -10.00      0.4713     -0.1486     -0.3370      0.1093      0.0004
         -8.00      0.4027     -0.1273     -0.3051      0.0986      0.0002
         -6.00      0.3426     -0.1091     -0.2740      0.0877      0.0000
         -4.00      0.2917     -0.0932     -0.2502      0.0795     -0.0001
         -2.00      0.2493     -0.0792     -0.2332      0.0740     -0.0001
          0.00      0.2314     -0.0735     -0.2270      0.0722     -0.0001
          2.00      0.2493     -0.0792     -0.2332      0.0741     -0.0001
          4.00      0.2917     -0.0932     -0.2502      0.0795     -0.0001
          6.00      0.3426     -0.1091     -0.2729      0.0872     -0.0001
          8.00      0.4027     -0.1273     -0.3026      0.0974     -0.0003
         10.00      0.4713     -0.1486     -0.3344      0.1081     -0.0005

    PANEL DEFLECTION ANGLES (DEGREES)
    SET    FIN 1   FIN 2   FIN 3   FIN 4   FIN 5   FIN 6   FIN 7   FIN 8
      1    3.00    3.00    3.00    3.00    3.00    3.00    3.00    3.00

    BODY ALONE LINEAR DATA GENERATED FROM VAN DYKE HYBRID THEORY

    *** END OF JOB ***
