1         ***** THE USAF AUTOMATED MISSILE DATCOM * REV 3/99 *****
               AERODYNAMIC METHODS FOR MISSILE CONFIGURATIONS     

    CONERR - INPUT ERROR CHECKING

    ERROR CODES - N* DENOTES THE NUMBER OF OCCURENCES OF EACH ERROR
    A - UNKNOWN VARIABLE NAME
    B - MISSING EQUAL SIGN FOLLOWING VARIABLE NAME
    C - NON-ARRAY VARIABLE HAS AN ARRAY ELEMENTDESIGNATION - (N)
    D - NON-ARRAY VARIABLE HAS MULTIPLE VALUES ASSIGNED
    E - ASSIGNED VALUES EXCEED ARRAY DIMENSION
    F - SYNTAX ERROR

    ************************* INPUT DATA CARDS *************************

   1 DIM M                                                                           
      2 ** BLANK CARD - IGNORED
   3  $FLTCON  NALPHA=11.,NMACH=6.,                                                  
   4           MACH=0.3000,0.6000,0.9000,1.1000,1.4000,2.0000,                       
   5           ALPHA=-10.0,-8.0,-6.0,-4.0,-2.0,0.0,2.0,4.0,6.0,8.0,10.0,$            
      6 ** BLANK CARD - IGNORED
   7  $REFQ    XCG=0.1980,                                                           
   8           SREF=0.0010179,                                                       
   9           LREF=0.6000,                                                          
  10           RHR=0.,$                                                              
     11 ** BLANK CARD - IGNORED
  12  $AXIBOD  X0=0.00,                                                              
  13           TNOSE=OGIVE,                                                          
               ** SUBSTITUTING NUMERIC FOR NAME OGIVE
  14           LNOSE=0.1050,                                                         
  15           DNOSE=0.0360,                                                         
  16           BNOSE=0.0,                                                            
  17           TRUNC=.FALSE.,                                                        
  18           LCENTR=0.4950,                                                        
  19           DCENTR=0.0360,                                                        
  20           TAFT=CONE,                                                            
               ** SUBSTITUTING NUMERIC FOR NAME CONE
  21           LAFT=0.0000,                                                          
  22           DAFT=0.0360,                                                          
  23           DEXIT=0.0000,$                                                        
     24 ** BLANK CARD - IGNORED
  25  $FINSET1 XLE=0.4000,0.4000,NPANEL=8.,                                          
  26           SSPAN=0.0180,0.0275,                                                  
  27           CHORD=0.2000,0.2000,                                                  
  28           LER=2*0.0,                                                            
  29           PHIF=0.0,45.0,90.0,135.0,180.0,225.0,270.0,315.0,                     
  30           GAM=1.6667,1.6667,1.6667,1.6667,1.6667,1.6667,1.6667,1.6667,          
  31           SECTYP=HEX,                                                           
               ** SUBSTITUTING NUMERIC FOR NAME HEX
  32           ZUPPER=0.025000,0.025000,                                             
  33           LMAXU=0.4,0.4,                                                        
  34           LFLATU=0.2,0.2,$                                                      
     35 ** BLANK CARD - IGNORED
  36  $DEFLCT  DELTA1=1.6667,1.6667,1.6667,1.6667,1.6667,1.6667,1.6667,1.6667,       
  37           XHINGE=0.5500,$                                                       
     38 ** BLANK CARD - IGNORED
  39 PART                                                                            
  40 NEXT CASE                                                                       
1         ***** THE USAF AUTOMATED MISSILE DATCOM * REV 3/99 *****     CASE   1
               AERODYNAMIC METHODS FOR MISSILE CONFIGURATIONS          PAGE   1
    CASE INPUTS
    FOLLOWING ARE THE CARDS INPUT FOR THIS CASE

 DIM M                                                                           
  $FLTCON  NALPHA=11.,NMACH=6.,                                                  
           MACH=0.3000,0.6000,0.9000,1.1000,1.4000,2.0000,                       
           ALPHA=-10.0,-8.0,-6.0,-4.0,-2.0,0.0,2.0,4.0,6.0,8.0,10.0,$            
  $REFQ    XCG=0.1980,                                                           
           SREF=0.0010179,                                                       
           LREF=0.6000,                                                          
           RHR=0.,$                                                              
  $AXIBOD  X0=0.00,                                                              
           TNOSE=1.,                                                             
           LNOSE=0.1050,                                                         
           DNOSE=0.0360,                                                         
           BNOSE=0.0,                                                            
           TRUNC=.FALSE.,                                                        
           LCENTR=0.4950,                                                        
           DCENTR=0.0360,                                                        
           TAFT=0.,                                                              
           LAFT=0.0000,                                                          
           DAFT=0.0360,                                                          
           DEXIT=0.0000,$                                                        
  $FINSET1 XLE=0.4000,0.4000,NPANEL=8.,                                          
           SSPAN=0.0180,0.0275,                                                  
           CHORD=0.2000,0.2000,                                                  
           LER=2*0.0,                                                            
           PHIF=0.0,45.0,90.0,135.0,180.0,225.0,270.0,315.0,                     
           GAM=1.6667,1.6667,1.6667,1.6667,1.6667,1.6667,1.6667,1.6667,          
           SECTYP=0.,                                                            
           ZUPPER=0.025000,0.025000,                                             
           LMAXU=0.4,0.4,                                                        
           LFLATU=0.2,0.2,$                                                      
  $DEFLCT  DELTA1=1.6667,1.6667,1.6667,1.6667,1.6667,1.6667,1.6667,1.6667,       
           XHINGE=0.5500,$                                                       
 PART                                                                            
 NEXT CASE                                                                       
    * WARNING * THE REYNOLDS NUMBER IS NOT DEFINED, FOR INPUT SPEED  1
                SEA LEVEL ALTITUDE ASSUMED
    * WARNING * THE REYNOLDS NUMBER IS NOT DEFINED, FOR INPUT SPEED  2
                SEA LEVEL ALTITUDE ASSUMED
    * WARNING * THE REYNOLDS NUMBER IS NOT DEFINED, FOR INPUT SPEED  3
                SEA LEVEL ALTITUDE ASSUMED
    * WARNING * THE REYNOLDS NUMBER IS NOT DEFINED, FOR INPUT SPEED  4
                SEA LEVEL ALTITUDE ASSUMED
    * WARNING * THE REYNOLDS NUMBER IS NOT DEFINED, FOR INPUT SPEED  5
                SEA LEVEL ALTITUDE ASSUMED
    * WARNING * THE REYNOLDS NUMBER IS NOT DEFINED, FOR INPUT SPEED  6
                SEA LEVEL ALTITUDE ASSUMED
    THE BOUNDARY LAYER IS ASSUMED TO BE TURBULENT
    THE INPUT UNITS ARE IN METERS, THE SCALE FACTOR IS   1.0000
1         ***** THE USAF AUTOMATED MISSILE DATCOM * REV 3/99 *****     CASE   1
               AERODYNAMIC METHODS FOR MISSILE CONFIGURATIONS          PAGE   2
                        AXISYMMETRIC BODY DEFINITION

                             NOSE   CENTERBODY     AFT BODY        TOTAL
    SHAPE                   OGIVE     CYLINDER     --------
    LENGTH                  0.105        0.495        0.000        0.600   M
    FINENESS RATIO          2.917       13.750        0.000       16.667
    PLANFORM AREA           0.003        0.018        0.000        0.020   M**2
    AREA CENTROID           0.065        0.353        0.000        0.317   M
    WETTED AREA             0.008        0.056        0.000        0.064   M**2
    VOLUME                  0.000        0.001        0.000        0.001   M**3
    VOL. CENTROID           0.072        0.352        0.000        0.324   M

                              MOLD LINE CONTOUR

     LONGITUDINAL STATIONS    0.0000     0.0105     0.0210     0.0315     0.0420 
        0.0525     0.0630     0.0735     0.0840     0.0945     0.1050     0.1545 
        0.2040     0.2535     0.3030     0.3525     0.4020     0.4515     0.5010 
        0.5505     0.6000*

                BODY RADII    0.0000     0.0035     0.0066     0.0093     0.0116 
        0.0136     0.0152     0.0164     0.0173     0.0178     0.0180     0.0180 
        0.0180     0.0180     0.0180     0.0180     0.0180     0.0180     0.0180 
        0.0180     0.0180*
    NOTE - * INDICATES SLOPE DISCONTINUOUS POINTS
1         ***** THE USAF AUTOMATED MISSILE DATCOM * REV 3/99 *****     CASE   1
               AERODYNAMIC METHODS FOR MISSILE CONFIGURATIONS          PAGE   3
                         FIN SET NUMBER 1 AIRFOIL SECTION

                                  NACA S-3-40.0-05.0-20.0

         X/C     X-UPPER   Y-UPPER   X-LOWER   Y-LOWER  MEAN LINE  THICKNESS

       0.00000   0.00000   0.00000   0.00000   0.00000   0.00000   0.00000
       0.00100   0.00100   0.00006   0.00100  -0.00006   0.00000   0.00013
       0.00200   0.00200   0.00013   0.00200  -0.00013   0.00000   0.00025
       0.00300   0.00300   0.00019   0.00300  -0.00019   0.00000   0.00038
       0.00400   0.00400   0.00025   0.00400  -0.00025   0.00000   0.00050
       0.00500   0.00500   0.00031   0.00500  -0.00031   0.00000   0.00063
       0.00600   0.00600   0.00038   0.00600  -0.00038   0.00000   0.00075
       0.00800   0.00800   0.00050   0.00800  -0.00050   0.00000   0.00100
       0.01000   0.01000   0.00063   0.01000  -0.00063   0.00000   0.00125
       0.02000   0.02000   0.00125   0.02000  -0.00125   0.00000   0.00250
       0.03000   0.03000   0.00187   0.03000  -0.00187   0.00000   0.00375
       0.04000   0.04000   0.00250   0.04000  -0.00250   0.00000   0.00500
       0.05000   0.05000   0.00312   0.05000  -0.00312   0.00000   0.00625
       0.06000   0.06000   0.00375   0.06000  -0.00375   0.00000   0.00750
       0.08000   0.08000   0.00500   0.08000  -0.00500   0.00000   0.01000
       0.10000   0.10000   0.00625   0.10000  -0.00625   0.00000   0.01250
       0.12000   0.12000   0.00750   0.12000  -0.00750   0.00000   0.01500
       0.14000   0.14000   0.00875   0.14000  -0.00875   0.00000   0.01750
       0.16000   0.16000   0.01000   0.16000  -0.01000   0.00000   0.02000
       0.18000   0.18000   0.01125   0.18000  -0.01125   0.00000   0.02250
       0.20000   0.20000   0.01250   0.20000  -0.01250   0.00000   0.02500
       0.22000   0.22000   0.01375   0.22000  -0.01375   0.00000   0.02750
       0.24000   0.24000   0.01500   0.24000  -0.01500   0.00000   0.03000
       0.26000   0.26000   0.01625   0.26000  -0.01625   0.00000   0.03250
       0.28000   0.28000   0.01750   0.28000  -0.01750   0.00000   0.03500
       0.30000   0.30000   0.01875   0.30000  -0.01875   0.00000   0.03750
       0.32000   0.32000   0.02000   0.32000  -0.02000   0.00000   0.04000
       0.34000   0.34000   0.02125   0.34000  -0.02125   0.00000   0.04250
       0.36000   0.36000   0.02250   0.36000  -0.02250   0.00000   0.04500
       0.38000   0.38000   0.02375   0.38000  -0.02375   0.00000   0.04750
       0.40000   0.40000   0.02500   0.40000  -0.02500   0.00000   0.05000
       0.42000   0.42000   0.02500   0.42000  -0.02500   0.00000   0.05000
       0.45000   0.45000   0.02500   0.45000  -0.02500   0.00000   0.05000
       0.50000   0.50000   0.02500   0.50000  -0.02500   0.00000   0.05000
       0.55000   0.55000   0.02500   0.55000  -0.02500   0.00000   0.05000
       0.60000   0.60000   0.02500   0.60000  -0.02500   0.00000   0.05000
       0.65000   0.65000   0.02187   0.65000  -0.02187   0.00000   0.04375
       0.70000   0.70000   0.01875   0.70000  -0.01875   0.00000   0.03750
       0.75000   0.75000   0.01562   0.75000  -0.01562   0.00000   0.03125
       0.80000   0.80000   0.01250   0.80000  -0.01250   0.00000   0.02500
       0.82000   0.82000   0.01125   0.82000  -0.01125   0.00000   0.02250
       0.84000   0.84000   0.01000   0.84000  -0.01000   0.00000   0.02000
       0.86000   0.86000   0.00875   0.86000  -0.00875   0.00000   0.01750
       0.88000   0.88000   0.00750   0.88000  -0.00750   0.00000   0.01500
       0.90000   0.90000   0.00625   0.90000  -0.00625   0.00000   0.01250
       0.92000   0.92000   0.00500   0.92000  -0.00500   0.00000   0.01000
       0.94000   0.94000   0.00375   0.94000  -0.00375   0.00000   0.00750
       0.96000   0.96000   0.00250   0.96000  -0.00250   0.00000   0.00500
       0.98000   0.98000   0.00125   0.98000  -0.00125   0.00000   0.00250
       1.00000   1.00000   0.00000   1.00000   0.00000   0.00000   0.00000
1         ***** THE USAF AUTOMATED MISSILE DATCOM * REV 3/99 *****     CASE   1
               AERODYNAMIC METHODS FOR MISSILE CONFIGURATIONS          PAGE   4
                      GEOMETRIC RESULTS FOR FIN SETS

                             FIN SET NUMBER  1
                          (DATA FOR ONE PANEL ONLY)

    SEGMENT   PLAN        ASPECT    TAPER     L.E.     T.E.    M.A.C.    T/C
    NUMBER    AREA        RATIO     RATIO    SWEEP    SWEEP    CHORD    RATIO

      1      0.0019        0.047    1.000    0.000    0.000    0.200    0.050
    TOTAL    0.0019        0.047    1.000    0.000    0.000    0.200    0.050
 
 
 
1         ***** THE USAF AUTOMATED MISSILE DATCOM * REV 3/99 *****     CASE   1
               AERODYNAMIC METHODS FOR MISSILE CONFIGURATIONS          PAGE   5
                           FIN SET 1 SECTION AERODYNAMICS

                        IDEAL ANGLE OF ATTACK =    0.0000 DEG.
                    ZERO LIFT ANGLE OF ATTACK =    0.0000 DEG.
                       IDEAL LIFT COEFFICIENT =    0.0000
        ZERO LIFT PITCHING MOMENT COEFFICIENT =    0.0000
                   MACH ZERO LIFT-CURVE-SLOPE =    0.0963 /DEG.
                          LEADING EDGE RADIUS =    0.0000 FRACTION CHORD
                    MAXIMUM AIRFOIL THICKNESS =    0.0500 FRACTION CHORD
                                      DELTA-Y =    0.3656 PERCENT CHORD


    MACH = 0.300   CL-ALPHA = 0.1031 /DEG.   XAC = 0.2709   CL MAX = 0.7494

    MACH = 0.600   CL-ALPHA = 0.1269 /DEG.   XAC = 0.2700   CL MAX = 0.7647

                   *** CREST CRITICAL MACH NUMBER EXCEEDED ***

                           CREST CRITICAL MACH =    0.8070
                                      LOCATION =    0.4145 FRACTION CHORD
                              LIFT-CURVE-SLOPE =    0.1410 /DEG.
1         ***** THE USAF AUTOMATED MISSILE DATCOM * REV 3/99 *****     CASE   1
               AERODYNAMIC METHODS FOR MISSILE CONFIGURATIONS          PAGE   6
                             BODY ALONE PARTIAL OUTPUT

       ******* FLIGHT CONDITIONS AND REFERENCE QUANTITIES *******
     MACH NO  =       0.30                REYNOLDS NO = 6.955E+06 /M
     ALTITUDE =        0.0 M         DYNAMIC PRESSURE =   6383.49 N/M**2
     SIDESLIP =       0.00 DEG                   ROLL =      0.00 DEG     
     REF AREA =      0.001 M**2         MOMENT CENTER =     0.198 M
     REF LENGTH =     0.60 M           LAT REF LENGTH =      0.60 M

      ALPHA    CA-FRIC  CA-PRES/WAVE CA-BASE    CA-PROT     CA-SEP     CA-ALP
     -10.00     0.2106     0.0121     0.1368                           0.0014
      -8.00     0.2130     0.0122     0.1372                           0.0015
      -6.00     0.2148     0.0123     0.1374                           0.0010
      -4.00     0.2161     0.0124     0.1374                           0.0005
      -2.00     0.2169     0.0124     0.1373                           0.0001
       0.00     0.2172     0.0124     0.1370                           0.0000
       2.00     0.2169     0.0124     0.1373                           0.0001
       4.00     0.2161     0.0124     0.1374                           0.0005
       6.00     0.2148     0.0123     0.1374                           0.0010
       8.00     0.2130     0.0122     0.1372                           0.0015
      10.00     0.2106     0.0121     0.1368                           0.0014

                     CROSS FLOW DRAG PROPORTIONALITY FACTOR = 0.74620

      ALPHA    CN-POTEN  CN-VISC   CN-SEP    CM-POTEN  CM-VISC   CM-SEP    CDC
     -10.00    -0.457    -0.347              -0.033     0.069             0.772
      -8.00    -0.369    -0.221              -0.027     0.044             0.766
      -6.00    -0.278    -0.124              -0.020     0.024             0.759
      -4.00    -0.187    -0.055              -0.014     0.011             0.753
      -2.00    -0.094    -0.014              -0.007     0.003             0.746
       0.00     0.000     0.000               0.000     0.000             0.740
       2.00     0.094     0.014               0.007    -0.003             0.746
       4.00     0.187     0.055               0.014    -0.011             0.753
       6.00     0.278     0.124               0.020    -0.024             0.759
       8.00     0.369     0.221               0.027    -0.044             0.766
      10.00     0.457     0.347               0.033    -0.069             0.772
1         ***** THE USAF AUTOMATED MISSILE DATCOM * REV 3/99 *****     CASE   1
               AERODYNAMIC METHODS FOR MISSILE CONFIGURATIONS          PAGE   7
                        FIN SET 1 CA PARTIAL OUTPUT

       ******* FLIGHT CONDITIONS AND REFERENCE QUANTITIES *******
     MACH NO  =       0.30                REYNOLDS NO = 6.955E+06 /M
     ALTITUDE =        0.0 M         DYNAMIC PRESSURE =   6383.49 N/M**2
     SIDESLIP =       0.00 DEG                   ROLL =      0.00 DEG     
     REF AREA =      0.001 M**2         MOMENT CENTER =     0.198 M
     REF LENGTH =     0.60 M           LAT REF LENGTH =      0.60 M

    SINGLE FIN PANEL ZERO-LIFT AXIAL FORCE COMPONENTS

    SKIN FRICTION        0.0154
    SUBSONIC PRESSURE    0.0012
    TRANSONIC WAVE       0.0000
    SUPERSONIC WAVE      0.0000
    LEADING EDGE         0.0000
    TRAILING EDGE        0.0000
    TOTAL CAO            0.0166

    FIN AXIAL FORCE DUE TO ANGLE OF ATTACK

    ALPHA      CA DUE TO LIFT (SINGLE PANEL)   CA-TOTAL (8 FINS)

     -10.00              0.0000                      0.1309
      -8.00              0.0000                      0.1316
      -6.00              0.0000                      0.1322
      -4.00              0.0000                      0.1326
      -2.00              0.0000                      0.1328
       0.00              0.0000                      0.1329
       2.00              0.0000                      0.1328
       4.00              0.0000                      0.1326
       6.00              0.0000                      0.1322
       8.00              0.0000                      0.1316
      10.00              0.0000                      0.1309
1         ***** THE USAF AUTOMATED MISSILE DATCOM * REV 3/99 *****     CASE   1
               AERODYNAMIC METHODS FOR MISSILE CONFIGURATIONS          PAGE   8
                       FIN SET 1 CN, CM PARTIAL OUTPUT

       ******* FLIGHT CONDITIONS AND REFERENCE QUANTITIES *******
     MACH NO  =       0.30                REYNOLDS NO = 6.955E+06 /M
     ALTITUDE =        0.0 M         DYNAMIC PRESSURE =   6383.49 N/M**2
     SIDESLIP =       0.00 DEG                   ROLL =      0.00 DEG     
     REF AREA =      0.001 M**2         MOMENT CENTER =     0.198 M
     REF LENGTH =     0.60 M           LAT REF LENGTH =      0.60 M

    NORMAL FORCE SLOPE AT ALPHA ZERO, CNA =    0.00486/DEG (1 PANEL)
         CENTER OF PRESSURE FOR LINEAR CN =   -0.42667 (CALIBERS FROM C.G.)
     CENTER OF PRESSURE FOR NON-LINEAR CN =   -0.50333 (CALIBERS FROM C.G.)

      ALPHA      CN        CN        CN        CM        CM        CM
               LINEAR  NON-LINEAR  TOTAL     LINEAR  NON-LINEAR  TOTAL

     -10.00   -0.1919   -0.5325   -0.7244    0.0819    0.2680    0.3499
      -8.00   -0.1542   -0.3416   -0.4958    0.0658    0.1719    0.2377
      -6.00   -0.1161   -0.1925   -0.3085    0.0495    0.0969    0.1464
      -4.00   -0.0776   -0.0857   -0.1632    0.0331    0.0431    0.0762
      -2.00   -0.0388   -0.0214   -0.0603    0.0166    0.0108    0.0274
       0.00    0.0000    0.0000    0.0000    0.0000    0.0000    0.0000
       2.00    0.0388    0.0214    0.0603   -0.0166   -0.0108   -0.0274
       4.00    0.0776    0.0857    0.1632   -0.0331   -0.0431   -0.0762
       6.00    0.1161    0.1925    0.3085   -0.0495   -0.0969   -0.1464
       8.00    0.1542    0.3416    0.4958   -0.0658   -0.1719   -0.2377
      10.00    0.1919    0.5325    0.7244   -0.0819   -0.2680   -0.3499
1         ***** THE USAF AUTOMATED MISSILE DATCOM * REV 3/99 *****     CASE   1
               AERODYNAMIC METHODS FOR MISSILE CONFIGURATIONS          PAGE   9
                 AERODYNAMIC FORCE AND MOMENT SYNTHESIS

       ******* FLIGHT CONDITIONS AND REFERENCE QUANTITIES *******
     MACH NO  =       0.30                REYNOLDS NO = 6.955E+06 /M
     ALTITUDE =        0.0 M         DYNAMIC PRESSURE =   6383.49 N/M**2
     SIDESLIP =       0.00 DEG                   ROLL =      0.00 DEG     
     REF AREA =      0.001 M**2         MOMENT CENTER =     0.198 M
     REF LENGTH =     0.60 M           LAT REF LENGTH =      0.60 M

          ---------------FIN SET 1 IN PRESENCE OF THE BODY----------------

      ALPHA       CN         CM         CA         CY         CLN        CLL

     -10.00    -1.3729     0.5858     0.1426    -0.0081     0.0035    -0.0119
      -8.00    -0.9873     0.4212     0.1413    -0.0041     0.0018    -0.0104
      -6.00    -0.6397     0.2729     0.1399    -0.0012     0.0005    -0.0088
      -4.00    -0.3427     0.1462     0.1382    -0.0001     0.0000    -0.0071
      -2.00    -0.1302     0.0555     0.1364     0.0000     0.0000    -0.0049
       0.00     0.0000     0.0000     0.1352     0.0000     0.0000    -0.0032
       2.00     0.1302    -0.0555     0.1364     0.0000     0.0000    -0.0049
       4.00     0.3427    -0.1462     0.1382     0.0001     0.0000    -0.0071
       6.00     0.6397    -0.2729     0.1399     0.0012    -0.0005    -0.0088
       8.00     0.9873    -0.4212     0.1413     0.0041    -0.0018    -0.0104
      10.00     1.3729    -0.5858     0.1426     0.0081    -0.0035    -0.0119
1         ***** THE USAF AUTOMATED MISSILE DATCOM * REV 3/99 *****     CASE   1
               AERODYNAMIC METHODS FOR MISSILE CONFIGURATIONS          PAGE  10
                 AERODYNAMIC FORCE AND MOMENT SYNTHESIS

       ******* FLIGHT CONDITIONS AND REFERENCE QUANTITIES *******
     MACH NO  =       0.30                REYNOLDS NO = 6.955E+06 /M
     ALTITUDE =        0.0 M         DYNAMIC PRESSURE =   6383.49 N/M**2
     SIDESLIP =       0.00 DEG                   ROLL =      0.00 DEG     
     REF AREA =      0.001 M**2         MOMENT CENTER =     0.198 M
     REF LENGTH =     0.60 M           LAT REF LENGTH =      0.60 M

          ---------------FIN SET 1 PANEL CHARACTERISTICS------------------

      ALPHA      PANEL    AEQ (PANEL AXIS SYS.)    PANEL CN

     -10.00        1              0.9632           0.0064
     -10.00        2            -10.2498          -0.1880
     -10.00        3            -14.2648          -0.3335
     -10.00        4             -8.0503          -0.1249
     -10.00        5              1.4933           0.0105
     -10.00        6             11.8222           0.2404
     -10.00        7             17.1670           0.4616
     -10.00        8             12.4845           0.2643
 
      -8.00        1              1.0550           0.0071
      -8.00        2             -8.0430          -0.1247
      -8.00        3            -11.4136          -0.2262
      -8.00        4             -6.8213          -0.0949
      -8.00        5              1.6630           0.0119
      -8.00        6             10.3343           0.1907
      -8.00        7             14.3013           0.3350
      -8.00        8             10.3930           0.1925
 
      -6.00        1              1.1485           0.0078
      -6.00        2             -5.7613          -0.0721
      -6.00        3             -8.3979          -0.1340
      -6.00        4             -5.2466          -0.0622
      -6.00        5              1.7066           0.0123
      -6.00        6              8.5426           0.1379
      -6.00        7             11.2757           0.2215
      -6.00        8              8.2342           0.1297
 
      -4.00        1              1.2438           0.0085
      -4.00        2             -3.4052          -0.0319
      -4.00        3             -5.2036          -0.0613
      -4.00        4             -3.1325          -0.0282
      -4.00        5              1.6321           0.0117
      -4.00        6              6.2811           0.0829
      -4.00        7              8.0795           0.1256
      -4.00        8              6.0084           0.0772
 
      -2.00        1              1.3404           0.0093
      -2.00        2             -0.9993          -0.0067
      -2.00        3             -1.9096          -0.0142
      -2.00        4             -0.8616          -0.0057
      -2.00        5              1.5355           0.0109
      -2.00        6              3.8752           0.0388
      -2.00        7              4.7855           0.0538
      -2.00        8              3.7375           0.0368
 
       0.00        1              1.4379           0.0100
       0.00        2              1.4379           0.0100
       0.00        3              1.4379           0.0100
       0.00        4              1.4379           0.0100
       0.00        5              1.4379           0.0100
       0.00        6              1.4379           0.0100
       0.00        7              1.4379           0.0100
       0.00        8              1.4379           0.0100
 
       2.00        1              1.5355           0.0109
       2.00        2              3.8752           0.0388
       2.00        3              4.7855           0.0538
       2.00        4              3.7375           0.0368
       2.00        5              1.3404           0.0093
       2.00        6             -0.9993          -0.0067
       2.00        7             -1.9096          -0.0142
       2.00        8             -0.8616          -0.0057
 
       4.00        1              1.6321           0.0117
       4.00        2              6.2811           0.0829
       4.00        3              8.0795           0.1256
       4.00        4              6.0084           0.0772
       4.00        5              1.2438           0.0085
       4.00        6             -3.4052          -0.0319
       4.00        7             -5.2036          -0.0613
       4.00        8             -3.1325          -0.0282
 
       6.00        1              1.7066           0.0123
       6.00        2              8.5426           0.1379
       6.00        3             11.2757           0.2215
       6.00        4              8.2342           0.1297
       6.00        5              1.1485           0.0078
       6.00        6             -5.7613          -0.0721
       6.00        7             -8.3979          -0.1340
       6.00        8             -5.2466          -0.0622
 
       8.00        1              1.6630           0.0119
       8.00        2             10.3343           0.1907
       8.00        3             14.3013           0.3350
       8.00        4             10.3930           0.1925
       8.00        5              1.0550           0.0071
       8.00        6             -8.0430          -0.1247
       8.00        7            -11.4136          -0.2262
       8.00        8             -6.8213          -0.0949
 
      10.00        1              1.4933           0.0105
      10.00        2             11.8222           0.2404
      10.00        3             17.1670           0.4616
      10.00        4             12.4845           0.2643
      10.00        5              0.9632           0.0064
      10.00        6            -10.2498          -0.1880
      10.00        7            -14.2648          -0.3335
      10.00        8             -8.0503          -0.1249
 
1         ***** THE USAF AUTOMATED MISSILE DATCOM * REV 3/99 *****     CASE   1
               AERODYNAMIC METHODS FOR MISSILE CONFIGURATIONS          PAGE  11
                 AERODYNAMIC FORCE AND MOMENT SYNTHESIS

       ******* FLIGHT CONDITIONS AND REFERENCE QUANTITIES *******
     MACH NO  =       0.30                REYNOLDS NO = 6.955E+06 /M
     ALTITUDE =        0.0 M         DYNAMIC PRESSURE =   6383.49 N/M**2
     SIDESLIP =       0.00 DEG                   ROLL =      0.00 DEG     
     REF AREA =      0.001 M**2         MOMENT CENTER =     0.198 M
     REF LENGTH =     0.60 M           LAT REF LENGTH =      0.60 M

             CARRYOVER INTERFERENCE FACTORS - FIN SET 1

      ALPHA   K-W(B)   K-B(W)  KK-W(B)  KK-B(W)  XCP-W(B) XCP-B(W) Y-CP/(B/2)

     -10.00   1.6234   1.1241   0.9535   0.6600   0.4267   0.4200   0.4293
      -8.00   1.6395   1.1241   0.9535   0.6600   0.4267   0.4200   0.4622
      -6.00   1.6540   1.1241   0.9535   0.6600   0.4267   0.4200   0.5225
      -4.00   1.6666   1.1241   0.9535   0.6600   0.4267   0.4200   0.5728
      -2.00   1.6764   1.1241   0.9535   0.6600   0.4267   0.4200   0.6115
       0.00   1.6818   1.1241   0.9535   0.6600   0.4267   0.4200   0.6371
       2.00   1.6764   1.1241   0.9535   0.6600   0.4267   0.4200   0.6413
       4.00   1.6666   1.1241   0.9535   0.6600   0.4267   0.4200   0.6197
       6.00   1.6540   1.1241   0.9535   0.6600   0.4267   0.4200   0.5872
       8.00   1.6395   1.1241   0.9535   0.6600   0.4267   0.4200   0.5558
      10.00   1.6234   1.1241   0.9535   0.6600   0.4267   0.4200   0.5271

    NOTE - XCP-W(B) USED FOR STABILITY ONLY DIFFERENT VALUES USED FOR HINGE MOMENTS
1         ***** THE USAF AUTOMATED MISSILE DATCOM * REV 3/99 *****     CASE   1
               AERODYNAMIC METHODS FOR MISSILE CONFIGURATIONS          PAGE  12
        FIN SET 1 PANEL BENDING MOMENTS (ABOUT EXPOSED ROOT CHORD)

       ******* FLIGHT CONDITIONS AND REFERENCE QUANTITIES *******
     MACH NO  =       0.30                REYNOLDS NO = 6.955E+06 /M
     ALTITUDE =        0.0 M         DYNAMIC PRESSURE =   6383.49 N/M**2
     SIDESLIP =       0.00 DEG                   ROLL =      0.00 DEG     
     REF AREA =      0.001 M**2         MOMENT CENTER =     0.198 M
     REF LENGTH =     0.60 M           LAT REF LENGTH =      0.60 M

   ALPHA   PANL 1   PANL 2   PANL 3   PANL 4   PANL 5   PANL 6   PANL 7   PANL 8
 
   -10.0  4.36E-05 -1.28E-03 -2.27E-03 -8.49E-04  7.14E-05  1.63E-03  3.14E-03  1.80E-03
    -8.0  5.19E-05 -9.12E-04 -1.66E-03 -6.94E-04  8.74E-05  1.40E-03  2.45E-03  1.41E-03
    -6.0  6.44E-05 -5.97E-04 -1.11E-03 -5.14E-04  1.02E-04  1.14E-03  1.83E-03  1.07E-03
    -4.0  7.72E-05 -2.90E-04 -5.56E-04 -2.56E-04  1.06E-04  7.52E-04  1.14E-03  7.00E-04
    -2.0  8.97E-05 -6.47E-05 -1.37E-04 -5.52E-05  1.05E-04  3.76E-04  5.21E-04  3.56E-04
     0.0  1.01E-04  1.01E-04  1.01E-04  1.01E-04  1.01E-04  1.01E-04  1.01E-04  1.01E-04
     2.0  1.10E-04  3.94E-04  5.46E-04  3.73E-04  9.41E-05 -6.79E-05 -1.44E-04 -5.79E-05
     4.0  1.15E-04  8.14E-04  1.23E-03  7.57E-04  8.35E-05 -3.13E-04 -6.02E-04 -2.77E-04
     6.0  1.15E-04  1.28E-03  2.06E-03  1.21E-03  7.24E-05 -6.71E-04 -1.25E-03 -5.78E-04
     8.0  1.05E-04  1.68E-03  2.95E-03  1.69E-03  6.24E-05 -1.10E-03 -1.99E-03 -8.35E-04
    10.0  8.77E-05  2.01E-03  3.85E-03  2.21E-03  5.36E-05 -1.57E-03 -2.78E-03 -1.04E-03
1         ***** THE USAF AUTOMATED MISSILE DATCOM * REV 3/99 *****     CASE   1
               AERODYNAMIC METHODS FOR MISSILE CONFIGURATIONS          PAGE  13
            FIN SET 1 PANEL HINGE MOMENTS (ABOUT HINGE LINE)

       ******* FLIGHT CONDITIONS AND REFERENCE QUANTITIES *******
     MACH NO  =       0.30                REYNOLDS NO = 6.955E+06 /M
     ALTITUDE =        0.0 M         DYNAMIC PRESSURE =   6383.49 N/M**2
     SIDESLIP =       0.00 DEG                   ROLL =      0.00 DEG     
     REF AREA =      0.001 M**2         MOMENT CENTER =     0.198 M
     REF LENGTH =     0.60 M           LAT REF LENGTH =      0.60 M

   ALPHA   PANL 1   PANL 2   PANL 3   PANL 4   PANL 5   PANL 6   PANL 7   PANL 8
 
   -10.0  1.17E-03 -3.23E-02 -5.46E-02 -2.19E-02  1.91E-03  4.06E-02  7.22E-02  4.42E-02
    -8.0  1.29E-03 -2.18E-02 -3.84E-02 -1.68E-02  2.17E-03  3.27E-02  5.48E-02  3.30E-02
    -6.0  1.41E-03 -1.28E-02 -2.34E-02 -1.11E-02  2.24E-03  2.41E-02  3.76E-02  2.27E-02
    -4.0  1.55E-03 -5.76E-03 -1.10E-02 -5.09E-03  2.12E-03  1.47E-02  2.20E-02  1.37E-02
    -2.0  1.68E-03 -1.21E-03 -2.57E-03 -1.04E-03  1.97E-03  6.99E-03  9.64E-03  6.62E-03
     0.0  1.82E-03  1.82E-03  1.82E-03  1.82E-03  1.82E-03  1.82E-03  1.82E-03  1.82E-03
     2.0  1.97E-03  6.99E-03  9.64E-03  6.62E-03  1.68E-03 -1.21E-03 -2.57E-03 -1.04E-03
     4.0  2.12E-03  1.47E-02  2.20E-02  1.37E-02  1.55E-03 -5.76E-03 -1.10E-02 -5.09E-03
     6.0  2.24E-03  2.41E-02  3.76E-02  2.27E-02  1.41E-03 -1.28E-02 -2.34E-02 -1.11E-02
     8.0  2.17E-03  3.27E-02  5.48E-02  3.30E-02  1.29E-03 -2.18E-02 -3.84E-02 -1.68E-02
    10.0  1.91E-03  4.06E-02  7.22E-02  4.42E-02  1.17E-03 -3.23E-02 -5.46E-02 -2.19E-02
1         ***** THE USAF AUTOMATED MISSILE DATCOM * REV 3/99 *****     CASE   1
               AERODYNAMIC METHODS FOR MISSILE CONFIGURATIONS          PAGE  14
                   STATIC AERODYNAMICS FOR BODY-FIN SET 1

       ******* FLIGHT CONDITIONS AND REFERENCE QUANTITIES *******
     MACH NO  =       0.30                REYNOLDS NO = 6.955E+06 /M
     ALTITUDE =        0.0 M         DYNAMIC PRESSURE =   6383.49 N/M**2
     SIDESLIP =       0.00 DEG                   ROLL =      0.00 DEG     
     REF AREA =      0.001 M**2         MOMENT CENTER =     0.198 M
     REF LENGTH =     0.60 M           LAT REF LENGTH =      0.60 M

                   ----- LONGITUDINAL -----     -- LATERAL DIRECTIONAL --
         ALPHA       CN        CM        CA        CY       CLN       CLL

        -10.00    -3.128     1.021     0.504    -0.014     0.006    -0.012
         -8.00    -2.254     0.723     0.505    -0.007     0.003    -0.010
         -6.00    -1.477     0.460     0.505    -0.002     0.001    -0.009
         -4.00    -0.815     0.241     0.505     0.000     0.000    -0.007
         -2.00    -0.325     0.088     0.503     0.000     0.000    -0.005
          0.00     0.000     0.000     0.502     0.000     0.000    -0.003
          2.00     0.325    -0.088     0.503     0.000     0.000    -0.005
          4.00     0.815    -0.241     0.505     0.000     0.000    -0.007
          6.00     1.477    -0.460     0.505     0.002    -0.001    -0.009
          8.00     2.254    -0.723     0.505     0.007    -0.003    -0.010
         10.00     3.128    -1.021     0.504     0.014    -0.006    -0.012

         ALPHA       CL        CD      CL/CD     X-C.P.

        -10.00    -2.993     1.039    -2.880    -0.326
         -8.00    -2.162     0.814    -2.656    -0.321
         -6.00    -1.416     0.657    -2.155    -0.311
         -4.00    -0.778     0.560    -1.388    -0.295
         -2.00    -0.307     0.514    -0.597    -0.271
          0.00     0.000     0.502     0.000    -0.424
          2.00     0.307     0.514     0.597    -0.271
          4.00     0.778     0.560     1.388    -0.295
          6.00     1.416     0.657     2.155    -0.311
          8.00     2.162     0.814     2.656    -0.321
         10.00     2.993     1.039     2.880    -0.326

    X-C.P. MEAS. FROM MOMENT CENTER IN REF. LENGTHS, NEG. AFT OF MOMENT CENTER
1         ***** THE USAF AUTOMATED MISSILE DATCOM * REV 3/99 *****     CASE   1
               AERODYNAMIC METHODS FOR MISSILE CONFIGURATIONS          PAGE  15
                   STATIC AERODYNAMICS FOR BODY-FIN SET 1

       ******* FLIGHT CONDITIONS AND REFERENCE QUANTITIES *******
     MACH NO  =       0.30                REYNOLDS NO = 6.955E+06 /M
     ALTITUDE =        0.0 M         DYNAMIC PRESSURE =   6383.49 N/M**2
     SIDESLIP =       0.00 DEG                   ROLL =      0.00 DEG     
     REF AREA =      0.001 M**2         MOMENT CENTER =     0.198 M
     REF LENGTH =     0.60 M           LAT REF LENGTH =      0.60 M

                   ---------- DERIVATIVES (PER DEGREE) ----------
         ALPHA       CNA         CMA         CYB         CLNB        CLLB
        -10.00      0.4611     -0.1579     -0.3086      0.1006      0.0003
         -8.00      0.4126     -0.1402     -0.2781      0.0889      0.0001
         -6.00      0.3595     -0.1205     -0.2426      0.0752     -0.0001
         -4.00      0.2875     -0.0929     -0.2053      0.0607     -0.0002
         -2.00      0.2034     -0.0601     -0.1665      0.0456     -0.0003
          0.00      0.1623     -0.0441     -0.1489      0.0387     -0.0005
          2.00      0.2034     -0.0601     -0.1667      0.0457     -0.0003
          4.00      0.2875     -0.0929     -0.2058      0.0609     -0.0002
          6.00      0.3595     -0.1205     -0.2422      0.0750     -0.0002
          8.00      0.4126     -0.1402     -0.2715      0.0861     -0.0004
         10.00      0.4611     -0.1579     -0.2979      0.0960     -0.0004

    PANEL DEFLECTION ANGLES (DEGREES)
    SET    FIN 1   FIN 2   FIN 3   FIN 4   FIN 5   FIN 6   FIN 7   FIN 8
      1    1.67    1.67    1.67    1.67    1.67    1.67    1.67    1.67
1         ***** THE USAF AUTOMATED MISSILE DATCOM * REV 3/99 *****     CASE   1
               AERODYNAMIC METHODS FOR MISSILE CONFIGURATIONS          PAGE  16
                             BODY ALONE PARTIAL OUTPUT

       ******* FLIGHT CONDITIONS AND REFERENCE QUANTITIES *******
     MACH NO  =       0.60                REYNOLDS NO = 1.391E+07 /M
     ALTITUDE =        0.0 M         DYNAMIC PRESSURE =  25533.94 N/M**2
     SIDESLIP =       0.00 DEG                   ROLL =      0.00 DEG     
     REF AREA =      0.001 M**2         MOMENT CENTER =     0.198 M
     REF LENGTH =     0.60 M           LAT REF LENGTH =      0.60 M

      ALPHA    CA-FRIC  CA-PRES/WAVE CA-BASE    CA-PROT     CA-SEP     CA-ALP
     -10.00     0.1842     0.0126     0.1356                           0.0010
      -8.00     0.1862     0.0127     0.1360                           0.0012
      -6.00     0.1878     0.0128     0.1363                           0.0009
      -4.00     0.1890     0.0129     0.1364                           0.0005
      -2.00     0.1897     0.0130     0.1363                           0.0001
       0.00     0.1899     0.0130     0.1360                           0.0000
       2.00     0.1897     0.0130     0.1363                           0.0001
       4.00     0.1890     0.0129     0.1364                           0.0005
       6.00     0.1878     0.0128     0.1363                           0.0009
       8.00     0.1862     0.0127     0.1360                           0.0012
      10.00     0.1842     0.0126     0.1356                           0.0010

                     CROSS FLOW DRAG PROPORTIONALITY FACTOR = 0.74620

      ALPHA    CN-POTEN  CN-VISC   CN-SEP    CM-POTEN  CM-VISC   CM-SEP    CDC
     -10.00    -0.457    -0.362              -0.033     0.072             0.804
      -8.00    -0.369    -0.229              -0.027     0.045             0.791
      -6.00    -0.278    -0.127              -0.020     0.025             0.778
      -4.00    -0.187    -0.056              -0.014     0.011             0.766
      -2.00    -0.094    -0.014              -0.007     0.003             0.753
       0.00     0.000     0.000               0.000     0.000             0.740
       2.00     0.094     0.014               0.007    -0.003             0.753
       4.00     0.187     0.056               0.014    -0.011             0.766
       6.00     0.278     0.127               0.020    -0.025             0.778
       8.00     0.369     0.229               0.027    -0.045             0.791
      10.00     0.457     0.362               0.033    -0.072             0.804
1         ***** THE USAF AUTOMATED MISSILE DATCOM * REV 3/99 *****     CASE   1
               AERODYNAMIC METHODS FOR MISSILE CONFIGURATIONS          PAGE  17
                        FIN SET 1 CA PARTIAL OUTPUT

       ******* FLIGHT CONDITIONS AND REFERENCE QUANTITIES *******
     MACH NO  =       0.60                REYNOLDS NO = 1.391E+07 /M
     ALTITUDE =        0.0 M         DYNAMIC PRESSURE =  25533.94 N/M**2
     SIDESLIP =       0.00 DEG                   ROLL =      0.00 DEG     
     REF AREA =      0.001 M**2         MOMENT CENTER =     0.198 M
     REF LENGTH =     0.60 M           LAT REF LENGTH =      0.60 M

    SINGLE FIN PANEL ZERO-LIFT AXIAL FORCE COMPONENTS

    SKIN FRICTION        0.0133
    SUBSONIC PRESSURE    0.0011
    TRANSONIC WAVE       0.0000
    SUPERSONIC WAVE      0.0000
    LEADING EDGE         0.0000
    TRAILING EDGE        0.0000
    TOTAL CAO            0.0144

    FIN AXIAL FORCE DUE TO ANGLE OF ATTACK

    ALPHA      CA DUE TO LIFT (SINGLE PANEL)   CA-TOTAL (8 FINS)

     -10.00              0.0000                      0.1135
      -8.00              0.0000                      0.1141
      -6.00              0.0000                      0.1146
      -4.00              0.0000                      0.1149
      -2.00              0.0000                      0.1152
       0.00              0.0000                      0.1152
       2.00              0.0000                      0.1152
       4.00              0.0000                      0.1149
       6.00              0.0000                      0.1146
       8.00              0.0000                      0.1141
      10.00              0.0000                      0.1135
1         ***** THE USAF AUTOMATED MISSILE DATCOM * REV 3/99 *****     CASE   1
               AERODYNAMIC METHODS FOR MISSILE CONFIGURATIONS          PAGE  18
                       FIN SET 1 CN, CM PARTIAL OUTPUT

       ******* FLIGHT CONDITIONS AND REFERENCE QUANTITIES *******
     MACH NO  =       0.60                REYNOLDS NO = 1.391E+07 /M
     ALTITUDE =        0.0 M         DYNAMIC PRESSURE =  25533.94 N/M**2
     SIDESLIP =       0.00 DEG                   ROLL =      0.00 DEG     
     REF AREA =      0.001 M**2         MOMENT CENTER =     0.198 M
     REF LENGTH =     0.60 M           LAT REF LENGTH =      0.60 M

    NORMAL FORCE SLOPE AT ALPHA ZERO, CNA =    0.00486/DEG (1 PANEL)
         CENTER OF PRESSURE FOR LINEAR CN =   -0.42667 (CALIBERS FROM C.G.)
     CENTER OF PRESSURE FOR NON-LINEAR CN =   -0.50333 (CALIBERS FROM C.G.)

      ALPHA      CN        CN        CN        CM        CM        CM
               LINEAR  NON-LINEAR  TOTAL     LINEAR  NON-LINEAR  TOTAL

     -10.00   -0.1919   -0.5667   -0.7586    0.0819    0.2852    0.3671
      -8.00   -0.1542   -0.3635   -0.5178    0.0658    0.1830    0.2488
      -6.00   -0.1161   -0.2048   -0.3209    0.0495    0.1031    0.1526
      -4.00   -0.0776   -0.0912   -0.1688    0.0331    0.0459    0.0790
      -2.00   -0.0389   -0.0228   -0.0617    0.0166    0.0115    0.0281
       0.00    0.0000    0.0000    0.0000    0.0000    0.0000    0.0000
       2.00    0.0389    0.0228    0.0617   -0.0166   -0.0115   -0.0281
       4.00    0.0776    0.0912    0.1688   -0.0331   -0.0459   -0.0790
       6.00    0.1161    0.2048    0.3209   -0.0495   -0.1031   -0.1526
       8.00    0.1542    0.3635    0.5178   -0.0658   -0.1830   -0.2488
      10.00    0.1919    0.5667    0.7586   -0.0819   -0.2852   -0.3671
1         ***** THE USAF AUTOMATED MISSILE DATCOM * REV 3/99 *****     CASE   1
               AERODYNAMIC METHODS FOR MISSILE CONFIGURATIONS          PAGE  19
                 AERODYNAMIC FORCE AND MOMENT SYNTHESIS

       ******* FLIGHT CONDITIONS AND REFERENCE QUANTITIES *******
     MACH NO  =       0.60                REYNOLDS NO = 1.391E+07 /M
     ALTITUDE =        0.0 M         DYNAMIC PRESSURE =  25533.94 N/M**2
     SIDESLIP =       0.00 DEG                   ROLL =      0.00 DEG     
     REF AREA =      0.001 M**2         MOMENT CENTER =     0.198 M
     REF LENGTH =     0.60 M           LAT REF LENGTH =      0.60 M

          ---------------FIN SET 1 IN PRESENCE OF THE BODY----------------

      ALPHA       CN         CM         CA         CY         CLN        CLL

     -10.00    -1.4389     0.6139     0.1255    -0.0088     0.0038    -0.0128
      -8.00    -1.0341     0.4412     0.1241    -0.0044     0.0019    -0.0111
      -6.00    -0.6686     0.2853     0.1225    -0.0012     0.0005    -0.0093
      -4.00    -0.3565     0.1521     0.1208    -0.0001     0.0000    -0.0073
      -2.00    -0.1344     0.0573     0.1189     0.0000     0.0000    -0.0049
       0.00     0.0000     0.0000     0.1176     0.0000     0.0000    -0.0032
       2.00     0.1344    -0.0573     0.1189     0.0000     0.0000    -0.0049
       4.00     0.3565    -0.1521     0.1208     0.0001     0.0000    -0.0073
       6.00     0.6686    -0.2853     0.1225     0.0012    -0.0005    -0.0093
       8.00     1.0341    -0.4412     0.1241     0.0044    -0.0019    -0.0111
      10.00     1.4389    -0.6139     0.1255     0.0088    -0.0038    -0.0128
1         ***** THE USAF AUTOMATED MISSILE DATCOM * REV 3/99 *****     CASE   1
               AERODYNAMIC METHODS FOR MISSILE CONFIGURATIONS          PAGE  20
                 AERODYNAMIC FORCE AND MOMENT SYNTHESIS

       ******* FLIGHT CONDITIONS AND REFERENCE QUANTITIES *******
     MACH NO  =       0.60                REYNOLDS NO = 1.391E+07 /M
     ALTITUDE =        0.0 M         DYNAMIC PRESSURE =  25533.94 N/M**2
     SIDESLIP =       0.00 DEG                   ROLL =      0.00 DEG     
     REF AREA =      0.001 M**2         MOMENT CENTER =     0.198 M
     REF LENGTH =     0.60 M           LAT REF LENGTH =      0.60 M

          ---------------FIN SET 1 PANEL CHARACTERISTICS------------------

      ALPHA      PANEL    AEQ (PANEL AXIS SYS.)    PANEL CN

     -10.00        1              0.9633           0.0065
     -10.00        2            -10.2470          -0.1969
     -10.00        3            -14.2541          -0.3502
     -10.00        4             -7.9829          -0.1286
     -10.00        5              1.4759           0.0106
     -10.00        6             11.7651           0.2502
     -10.00        7             17.1574           0.4857
     -10.00        8             12.4819           0.2774
 
      -8.00        1              1.0550           0.0072
      -8.00        2             -8.0420          -0.1302
      -8.00        3            -11.4098          -0.2372
      -8.00        4             -6.7971          -0.0983
      -8.00        5              1.6577           0.0122
      -8.00        6             10.3137           0.1991
      -8.00        7             14.2979           0.3521
      -8.00        8             10.3921           0.2017
 
      -6.00        1              1.1485           0.0079
      -6.00        2             -5.7612          -0.0750
      -6.00        3             -8.3975          -0.1401
      -6.00        4             -5.2436          -0.0645
      -6.00        5              1.7061           0.0126
      -6.00        6              8.5401           0.1441
      -6.00        7             11.2753           0.2323
      -6.00        8              8.2341           0.1355
 
      -4.00        1              1.2438           0.0087
      -4.00        2             -3.4052          -0.0329
      -4.00        3             -5.2036          -0.0637
      -4.00        4             -3.1325          -0.0290
      -4.00        5              1.6321           0.0119
      -4.00        6              6.2811           0.0863
      -4.00        7              8.0795           0.1312
      -4.00        8              6.0084           0.0803
 
      -2.00        1              1.3404           0.0094
      -2.00        2             -0.9993          -0.0068
      -2.00        3             -1.9096          -0.0145
      -2.00        4             -0.8616          -0.0058
      -2.00        5              1.5355           0.0111
      -2.00        6              3.8752           0.0401
      -2.00        7              4.7855           0.0558
      -2.00        8              3.7375           0.0380
 
       0.00        1              1.4379           0.0102
       0.00        2              1.4379           0.0102
       0.00        3              1.4379           0.0102
       0.00        4              1.4379           0.0102
       0.00        5              1.4379           0.0102
       0.00        6              1.4379           0.0102
       0.00        7              1.4379           0.0102
       0.00        8              1.4379           0.0102
 
       2.00        1              1.5355           0.0111
       2.00        2              3.8752           0.0401
       2.00        3              4.7855           0.0558
       2.00        4              3.7375           0.0380
       2.00        5              1.3404           0.0094
       2.00        6             -0.9993          -0.0068
       2.00        7             -1.9096          -0.0145
       2.00        8             -0.8616          -0.0058
 
       4.00        1              1.6321           0.0119
       4.00        2              6.2811           0.0863
       4.00        3              8.0795           0.1312
       4.00        4              6.0084           0.0803
       4.00        5              1.2438           0.0087
       4.00        6             -3.4052          -0.0329
       4.00        7             -5.2036          -0.0637
       4.00        8             -3.1325          -0.0290
 
       6.00        1              1.7061           0.0126
       6.00        2              8.5401           0.1441
       6.00        3             11.2753           0.2323
       6.00        4              8.2341           0.1355
       6.00        5              1.1485           0.0079
       6.00        6             -5.7612          -0.0750
       6.00        7             -8.3975          -0.1401
       6.00        8             -5.2436          -0.0645
 
       8.00        1              1.6577           0.0122
       8.00        2             10.3137           0.1991
       8.00        3             14.2979           0.3521
       8.00        4             10.3921           0.2017
       8.00        5              1.0550           0.0072
       8.00        6             -8.0420          -0.1302
       8.00        7            -11.4098          -0.2372
       8.00        8             -6.7971          -0.0983
 
      10.00        1              1.4759           0.0106
      10.00        2             11.7651           0.2502
      10.00        3             17.1574           0.4857
      10.00        4             12.4819           0.2774
      10.00        5              0.9633           0.0065
      10.00        6            -10.2470          -0.1969
      10.00        7            -14.2541          -0.3502
      10.00        8             -7.9829          -0.1286
 
1         ***** THE USAF AUTOMATED MISSILE DATCOM * REV 3/99 *****     CASE   1
               AERODYNAMIC METHODS FOR MISSILE CONFIGURATIONS          PAGE  21
                 AERODYNAMIC FORCE AND MOMENT SYNTHESIS

       ******* FLIGHT CONDITIONS AND REFERENCE QUANTITIES *******
     MACH NO  =       0.60                REYNOLDS NO = 1.391E+07 /M
     ALTITUDE =        0.0 M         DYNAMIC PRESSURE =  25533.94 N/M**2
     SIDESLIP =       0.00 DEG                   ROLL =      0.00 DEG     
     REF AREA =      0.001 M**2         MOMENT CENTER =     0.198 M
     REF LENGTH =     0.60 M           LAT REF LENGTH =      0.60 M

             CARRYOVER INTERFERENCE FACTORS - FIN SET 1

      ALPHA   K-W(B)   K-B(W)  KK-W(B)  KK-B(W)  XCP-W(B) XCP-B(W) Y-CP/(B/2)

     -10.00   1.6234   1.1241   0.9535   0.6600   0.4267   0.4200   0.4376
      -8.00   1.6395   1.1241   0.9535   0.6600   0.4267   0.4200   0.4595
      -6.00   1.6540   1.1241   0.9535   0.6600   0.4267   0.4200   0.4997
      -4.00   1.6666   1.1241   0.9535   0.6600   0.4267   0.4200   0.5336
      -2.00   1.6764   1.1241   0.9535   0.6600   0.4267   0.4200   0.5595
       0.00   1.6818   1.1241   0.9535   0.6600   0.4267   0.4200   0.5766
       2.00   1.6764   1.1241   0.9535   0.6600   0.4267   0.4200   0.5793
       4.00   1.6666   1.1241   0.9535   0.6600   0.4267   0.4200   0.5650
       6.00   1.6540   1.1241   0.9535   0.6600   0.4267   0.4200   0.5433
       8.00   1.6395   1.1241   0.9535   0.6600   0.4267   0.4200   0.5225
      10.00   1.6234   1.1241   0.9535   0.6600   0.4267   0.4200   0.5039

    NOTE - XCP-W(B) USED FOR STABILITY ONLY DIFFERENT VALUES USED FOR HINGE MOMENTS
1         ***** THE USAF AUTOMATED MISSILE DATCOM * REV 3/99 *****     CASE   1
               AERODYNAMIC METHODS FOR MISSILE CONFIGURATIONS          PAGE  22
        FIN SET 1 PANEL BENDING MOMENTS (ABOUT EXPOSED ROOT CHORD)

       ******* FLIGHT CONDITIONS AND REFERENCE QUANTITIES *******
     MACH NO  =       0.60                REYNOLDS NO = 1.391E+07 /M
     ALTITUDE =        0.0 M         DYNAMIC PRESSURE =  25533.94 N/M**2
     SIDESLIP =       0.00 DEG                   ROLL =      0.00 DEG     
     REF AREA =      0.001 M**2         MOMENT CENTER =     0.198 M
     REF LENGTH =     0.60 M           LAT REF LENGTH =      0.60 M

   ALPHA   PANL 1   PANL 2   PANL 3   PANL 4   PANL 5   PANL 6   PANL 7   PANL 8
 
   -10.0  4.53E-05 -1.36E-03 -2.43E-03 -8.91E-04  7.32E-05  1.73E-03  3.37E-03  1.92E-03
    -8.0  5.25E-05 -9.47E-04 -1.73E-03 -7.15E-04  8.84E-05  1.45E-03  2.56E-03  1.47E-03
    -6.0  6.27E-05 -5.93E-04 -1.11E-03 -5.10E-04  9.96E-05  1.14E-03  1.84E-03  1.07E-03
    -4.0  7.32E-05 -2.78E-04 -5.38E-04 -2.45E-04  1.01E-04  7.29E-04  1.11E-03  6.78E-04
    -2.0  8.37E-05 -6.03E-05 -1.29E-04 -5.14E-05  9.81E-05  3.56E-04  4.94E-04  3.36E-04
     0.0  9.35E-05  9.35E-05  9.35E-05  9.35E-05  9.35E-05  9.35E-05  9.35E-05  9.35E-05
     2.0  1.02E-04  3.68E-04  5.11E-04  3.48E-04  8.66E-05 -6.24E-05 -1.33E-04 -5.32E-05
     4.0  1.07E-04  7.72E-04  1.17E-03  7.18E-04  7.76E-05 -2.95E-04 -5.70E-04 -2.60E-04
     6.0  1.08E-04  1.24E-03  2.00E-03  1.17E-03  6.82E-05 -6.45E-04 -1.20E-03 -5.54E-04
     8.0  1.01E-04  1.65E-03  2.91E-03  1.67E-03  5.97E-05 -1.08E-03 -1.96E-03 -8.13E-04
    10.0  8.43E-05  2.00E-03  3.88E-03  2.21E-03  5.21E-05 -1.57E-03 -2.79E-03 -1.03E-03
1         ***** THE USAF AUTOMATED MISSILE DATCOM * REV 3/99 *****     CASE   1
               AERODYNAMIC METHODS FOR MISSILE CONFIGURATIONS          PAGE  23
            FIN SET 1 PANEL HINGE MOMENTS (ABOUT HINGE LINE)

       ******* FLIGHT CONDITIONS AND REFERENCE QUANTITIES *******
     MACH NO  =       0.60                REYNOLDS NO = 1.391E+07 /M
     ALTITUDE =        0.0 M         DYNAMIC PRESSURE =  25533.94 N/M**2
     SIDESLIP =       0.00 DEG                   ROLL =      0.00 DEG     
     REF AREA =      0.001 M**2         MOMENT CENTER =     0.198 M
     REF LENGTH =     0.60 M           LAT REF LENGTH =      0.60 M

   ALPHA   PANL 1   PANL 2   PANL 3   PANL 4   PANL 5   PANL 6   PANL 7   PANL 8
 
   -10.0  1.18E-03 -3.36E-02 -5.69E-02 -2.24E-02  1.91E-03  4.20E-02  7.54E-02  4.61E-02
    -8.0  1.30E-03 -2.27E-02 -4.00E-02 -1.73E-02  2.19E-03  3.39E-02  5.72E-02  3.44E-02
    -6.0  1.43E-03 -1.33E-02 -2.43E-02 -1.15E-02  2.27E-03  2.50E-02  3.92E-02  2.36E-02
    -4.0  1.57E-03 -5.91E-03 -1.13E-02 -5.22E-03  2.15E-03  1.52E-02  2.28E-02  1.42E-02
    -2.0  1.71E-03 -1.23E-03 -2.62E-03 -1.05E-03  2.00E-03  7.18E-03  9.93E-03  6.80E-03
     0.0  1.85E-03  1.85E-03  1.85E-03  1.85E-03  1.85E-03  1.85E-03  1.85E-03  1.85E-03
     2.0  2.00E-03  7.18E-03  9.93E-03  6.80E-03  1.71E-03 -1.23E-03 -2.62E-03 -1.05E-03
     4.0  2.15E-03  1.52E-02  2.28E-02  1.42E-02  1.57E-03 -5.91E-03 -1.13E-02 -5.22E-03
     6.0  2.27E-03  2.50E-02  3.92E-02  2.36E-02  1.43E-03 -1.33E-02 -2.43E-02 -1.15E-02
     8.0  2.19E-03  3.39E-02  5.72E-02  3.44E-02  1.30E-03 -2.27E-02 -4.00E-02 -1.73E-02
    10.0  1.91E-03  4.20E-02  7.54E-02  4.61E-02  1.18E-03 -3.36E-02 -5.69E-02 -2.24E-02
1         ***** THE USAF AUTOMATED MISSILE DATCOM * REV 3/99 *****     CASE   1
               AERODYNAMIC METHODS FOR MISSILE CONFIGURATIONS          PAGE  24
                   STATIC AERODYNAMICS FOR BODY-FIN SET 1

       ******* FLIGHT CONDITIONS AND REFERENCE QUANTITIES *******
     MACH NO  =       0.60                REYNOLDS NO = 1.391E+07 /M
     ALTITUDE =        0.0 M         DYNAMIC PRESSURE =  25533.94 N/M**2
     SIDESLIP =       0.00 DEG                   ROLL =      0.00 DEG     
     REF AREA =      0.001 M**2         MOMENT CENTER =     0.198 M
     REF LENGTH =     0.60 M           LAT REF LENGTH =      0.60 M

                   ----- LONGITUDINAL -----     -- LATERAL DIRECTIONAL --
         ALPHA       CN        CM        CA        CY       CLN       CLL

        -10.00    -3.254     1.071     0.459    -0.015     0.006    -0.013
         -8.00    -2.340     0.757     0.460    -0.007     0.003    -0.011
         -6.00    -1.528     0.481     0.460    -0.002     0.001    -0.009
         -4.00    -0.839     0.251     0.459     0.000     0.000    -0.007
         -2.00    -0.332     0.091     0.458     0.000     0.000    -0.005
          0.00     0.000     0.000     0.456     0.000     0.000    -0.003
          2.00     0.332    -0.091     0.458     0.000     0.000    -0.005
          4.00     0.839    -0.251     0.459     0.000     0.000    -0.007
          6.00     1.528    -0.481     0.460     0.002    -0.001    -0.009
          8.00     2.340    -0.757     0.460     0.007    -0.003    -0.011
         10.00     3.254    -1.071     0.459     0.015    -0.006    -0.013

         ALPHA       CL        CD      CL/CD     X-C.P.

        -10.00    -3.125     1.017    -3.073    -0.329
         -8.00    -2.254     0.782    -2.884    -0.324
         -6.00    -1.472     0.618    -2.383    -0.315
         -4.00    -0.805     0.517    -1.557    -0.299
         -2.00    -0.316     0.469    -0.673    -0.275
          0.00     0.000     0.456     0.000    -0.424
          2.00     0.316     0.469     0.673    -0.275
          4.00     0.805     0.517     1.557    -0.299
          6.00     1.472     0.618     2.383    -0.315
          8.00     2.254     0.782     2.884    -0.324
         10.00     3.125     1.017     3.073    -0.329

    X-C.P. MEAS. FROM MOMENT CENTER IN REF. LENGTHS, NEG. AFT OF MOMENT CENTER
1         ***** THE USAF AUTOMATED MISSILE DATCOM * REV 3/99 *****     CASE   1
               AERODYNAMIC METHODS FOR MISSILE CONFIGURATIONS          PAGE  25
                   STATIC AERODYNAMICS FOR BODY-FIN SET 1

       ******* FLIGHT CONDITIONS AND REFERENCE QUANTITIES *******
     MACH NO  =       0.60                REYNOLDS NO = 1.391E+07 /M
     ALTITUDE =        0.0 M         DYNAMIC PRESSURE =  25533.94 N/M**2
     SIDESLIP =       0.00 DEG                   ROLL =      0.00 DEG     
     REF AREA =      0.001 M**2         MOMENT CENTER =     0.198 M
     REF LENGTH =     0.60 M           LAT REF LENGTH =      0.60 M

                   ---------- DERIVATIVES (PER DEGREE) ----------
         ALPHA       CNA         CMA         CYB         CLNB        CLLB
        -10.00      0.4822     -0.1659     -0.3219      0.1059      0.0004
         -8.00      0.4311     -0.1474     -0.2891      0.0934      0.0001
         -6.00      0.3750     -0.1267     -0.2511      0.0787     -0.0001
         -4.00      0.2986     -0.0974     -0.2114      0.0633     -0.0002
         -2.00      0.2094     -0.0626     -0.1703      0.0472     -0.0003
          0.00      0.1659     -0.0456     -0.1516      0.0399     -0.0005
          2.00      0.2094     -0.0626     -0.1705      0.0473     -0.0003
          4.00      0.2986     -0.0974     -0.2119      0.0635     -0.0002
          6.00      0.3750     -0.1267     -0.2506      0.0785     -0.0003
          8.00      0.4311     -0.1474     -0.2819      0.0903     -0.0004
         10.00      0.4822     -0.1659     -0.3103      0.1010     -0.0004

    PANEL DEFLECTION ANGLES (DEGREES)
    SET    FIN 1   FIN 2   FIN 3   FIN 4   FIN 5   FIN 6   FIN 7   FIN 8
      1    1.67    1.67    1.67    1.67    1.67    1.67    1.67    1.67
1         ***** THE USAF AUTOMATED MISSILE DATCOM * REV 3/99 *****     CASE   1
               AERODYNAMIC METHODS FOR MISSILE CONFIGURATIONS          PAGE  26
                             BODY ALONE PARTIAL OUTPUT

       ******* FLIGHT CONDITIONS AND REFERENCE QUANTITIES *******
     MACH NO  =       0.90                REYNOLDS NO = 2.087E+07 /M
     ALTITUDE =        0.0 M         DYNAMIC PRESSURE =  57451.37 N/M**2
     SIDESLIP =       0.00 DEG                   ROLL =      0.00 DEG     
     REF AREA =      0.001 M**2         MOMENT CENTER =     0.198 M
     REF LENGTH =     0.60 M           LAT REF LENGTH =      0.60 M

      ALPHA    CA-FRIC  CA-PRES/WAVE CA-BASE    CA-PROT     CA-SEP     CA-ALP
     -10.00     0.1677     0.0217     0.1315                           0.0008
      -8.00     0.1695     0.0219     0.1319                           0.0011
      -6.00     0.1710     0.0221     0.1322                           0.0008
      -4.00     0.1720     0.0222     0.1323                           0.0004
      -2.00     0.1727     0.0223     0.1322                           0.0001
       0.00     0.1729     0.0223     0.1320                           0.0000
       2.00     0.1727     0.0223     0.1322                           0.0001
       4.00     0.1720     0.0222     0.1323                           0.0004
       6.00     0.1710     0.0221     0.1322                           0.0008
       8.00     0.1695     0.0219     0.1319                           0.0011
      10.00     0.1677     0.0217     0.1315                           0.0008

                     CROSS FLOW DRAG PROPORTIONALITY FACTOR = 0.74880

      ALPHA    CN-POTEN  CN-VISC   CN-SEP    CM-POTEN  CM-VISC   CM-SEP    CDC
     -10.00    -0.475    -0.377              -0.025     0.075             0.836
      -8.00    -0.384    -0.237              -0.020     0.047             0.817
      -6.00    -0.290    -0.130              -0.015     0.026             0.798
      -4.00    -0.194    -0.057              -0.010     0.011             0.778
      -2.00    -0.097    -0.014              -0.005     0.003             0.759
       0.00     0.000     0.000               0.000     0.000             0.740
       2.00     0.097     0.014               0.005    -0.003             0.759
       4.00     0.194     0.057               0.010    -0.011             0.778
       6.00     0.290     0.130               0.015    -0.026             0.798
       8.00     0.384     0.237               0.020    -0.047             0.817
      10.00     0.475     0.377               0.025    -0.075             0.836
1         ***** THE USAF AUTOMATED MISSILE DATCOM * REV 3/99 *****     CASE   1
               AERODYNAMIC METHODS FOR MISSILE CONFIGURATIONS          PAGE  27
                        FIN SET 1 CA PARTIAL OUTPUT

       ******* FLIGHT CONDITIONS AND REFERENCE QUANTITIES *******
     MACH NO  =       0.90                REYNOLDS NO = 2.087E+07 /M
     ALTITUDE =        0.0 M         DYNAMIC PRESSURE =  57451.37 N/M**2
     SIDESLIP =       0.00 DEG                   ROLL =      0.00 DEG     
     REF AREA =      0.001 M**2         MOMENT CENTER =     0.198 M
     REF LENGTH =     0.60 M           LAT REF LENGTH =      0.60 M

    SINGLE FIN PANEL ZERO-LIFT AXIAL FORCE COMPONENTS

    SKIN FRICTION        0.0121
    SUBSONIC PRESSURE    0.0010
    TRANSONIC WAVE       0.0144
    SUPERSONIC WAVE      0.0000
    LEADING EDGE         0.0000
    TRAILING EDGE        0.0000
    TOTAL CAO            0.0275

    FIN AXIAL FORCE DUE TO ANGLE OF ATTACK

    ALPHA      CA DUE TO LIFT (SINGLE PANEL)   CA-TOTAL (8 FINS)

     -10.00              0.0000                      0.2166
      -8.00              0.0000                      0.2178
      -6.00              0.0000                      0.2188
      -4.00              0.0000                      0.2194
      -2.00              0.0000                      0.2198
       0.00              0.0000                      0.2200
       2.00              0.0000                      0.2198
       4.00              0.0000                      0.2194
       6.00              0.0000                      0.2188
       8.00              0.0000                      0.2178
      10.00              0.0000                      0.2166
1         ***** THE USAF AUTOMATED MISSILE DATCOM * REV 3/99 *****     CASE   1
               AERODYNAMIC METHODS FOR MISSILE CONFIGURATIONS          PAGE  28
                       FIN SET 1 CN, CM PARTIAL OUTPUT

       ******* FLIGHT CONDITIONS AND REFERENCE QUANTITIES *******
     MACH NO  =       0.90                REYNOLDS NO = 2.087E+07 /M
     ALTITUDE =        0.0 M         DYNAMIC PRESSURE =  57451.37 N/M**2
     SIDESLIP =       0.00 DEG                   ROLL =      0.00 DEG     
     REF AREA =      0.001 M**2         MOMENT CENTER =     0.198 M
     REF LENGTH =     0.60 M           LAT REF LENGTH =      0.60 M

    NORMAL FORCE SLOPE AT ALPHA ZERO, CNA =    0.00485/DEG (1 PANEL)
         CENTER OF PRESSURE FOR LINEAR CN =   -0.42667 (CALIBERS FROM C.G.)
     CENTER OF PRESSURE FOR NON-LINEAR CN =   -0.50333 (CALIBERS FROM C.G.)

      ALPHA      CN        CN        CN        CM        CM        CM
               LINEAR  NON-LINEAR  TOTAL     LINEAR  NON-LINEAR  TOTAL

     -10.00   -0.1914   -0.3902   -0.5816    0.0817    0.1964    0.2781
      -8.00   -0.1538   -0.2505   -0.4043    0.0656    0.1261    0.1917
      -6.00   -0.1158   -0.1412   -0.2570    0.0494    0.0711    0.1205
      -4.00   -0.0774   -0.0628   -0.1402    0.0330    0.0316    0.0646
      -2.00   -0.0387   -0.0157   -0.0545    0.0165    0.0079    0.0244
       0.00    0.0000    0.0000    0.0000    0.0000    0.0000    0.0000
       2.00    0.0387    0.0157    0.0545   -0.0165   -0.0079   -0.0244
       4.00    0.0774    0.0628    0.1402   -0.0330   -0.0316   -0.0646
       6.00    0.1158    0.1412    0.2570   -0.0494   -0.0711   -0.1205
       8.00    0.1538    0.2505    0.4043   -0.0656   -0.1261   -0.1917
      10.00    0.1914    0.3902    0.5816   -0.0817   -0.1964   -0.2781
1         ***** THE USAF AUTOMATED MISSILE DATCOM * REV 3/99 *****     CASE   1
               AERODYNAMIC METHODS FOR MISSILE CONFIGURATIONS          PAGE  29
                 AERODYNAMIC FORCE AND MOMENT SYNTHESIS

       ******* FLIGHT CONDITIONS AND REFERENCE QUANTITIES *******
     MACH NO  =       0.90                REYNOLDS NO = 2.087E+07 /M
     ALTITUDE =        0.0 M         DYNAMIC PRESSURE =  57451.37 N/M**2
     SIDESLIP =       0.00 DEG                   ROLL =      0.00 DEG     
     REF AREA =      0.001 M**2         MOMENT CENTER =     0.198 M
     REF LENGTH =     0.60 M           LAT REF LENGTH =      0.60 M

          ---------------FIN SET 1 IN PRESENCE OF THE BODY----------------

      ALPHA       CN         CM         CA         CY         CLN        CLL

     -10.00    -1.0761     0.4591     0.2274    -0.0064     0.0027    -0.0095
      -8.00    -0.7854     0.3351     0.2265    -0.0032     0.0014    -0.0084
      -6.00    -0.5185     0.2212     0.2254    -0.0009     0.0004    -0.0071
      -4.00    -0.2852     0.1217     0.2242    -0.0001     0.0000    -0.0056
      -2.00    -0.1126     0.0481     0.2229     0.0000     0.0000    -0.0039
       0.00     0.0000     0.0000     0.2220     0.0000     0.0000    -0.0028
       2.00     0.1126    -0.0481     0.2229     0.0000     0.0000    -0.0039
       4.00     0.2852    -0.1217     0.2242     0.0001     0.0000    -0.0056
       6.00     0.5185    -0.2212     0.2254     0.0009    -0.0004    -0.0071
       8.00     0.7854    -0.3351     0.2265     0.0032    -0.0014    -0.0084
      10.00     1.0761    -0.4591     0.2274     0.0064    -0.0027    -0.0095
1         ***** THE USAF AUTOMATED MISSILE DATCOM * REV 3/99 *****     CASE   1
               AERODYNAMIC METHODS FOR MISSILE CONFIGURATIONS          PAGE  30
                 AERODYNAMIC FORCE AND MOMENT SYNTHESIS

       ******* FLIGHT CONDITIONS AND REFERENCE QUANTITIES *******
     MACH NO  =       0.90                REYNOLDS NO = 2.087E+07 /M
     ALTITUDE =        0.0 M         DYNAMIC PRESSURE =  57451.37 N/M**2
     SIDESLIP =       0.00 DEG                   ROLL =      0.00 DEG     
     REF AREA =      0.001 M**2         MOMENT CENTER =     0.198 M
     REF LENGTH =     0.60 M           LAT REF LENGTH =      0.60 M

          ---------------FIN SET 1 PANEL CHARACTERISTICS------------------

      ALPHA      PANEL    AEQ (PANEL AXIS SYS.)    PANEL CN

     -10.00        1              0.9631           0.0059
     -10.00        2            -10.2502          -0.1506
     -10.00        3            -14.2514          -0.2612
     -10.00        4             -7.9213          -0.0991
     -10.00        5              1.4587           0.0094
     -10.00        6             11.7142           0.1879
     -10.00        7             17.1559           0.3578
     -10.00        8             12.4850           0.2090
 
      -8.00        1              1.0549           0.0066
      -8.00        2             -8.0446          -0.1016
      -8.00        3            -11.4108          -0.1799
      -8.00        4             -6.7763          -0.0774
      -8.00        5              1.6525           0.0108
      -8.00        6             10.2968           0.1517
      -8.00        7             14.2993           0.2627
      -8.00        8             10.3946           0.1541
 
      -6.00        1              1.1484           0.0072
      -6.00        2             -5.7629          -0.0603
      -6.00        3             -8.3994          -0.1089
      -6.00        4             -5.2424          -0.0522
      -6.00        5              1.7056           0.0112
      -6.00        6              8.5394           0.1118
      -6.00        7             11.2773           0.1764
      -6.00        8              8.2357           0.1055
 
      -4.00        1              1.2438           0.0078
      -4.00        2             -3.4059          -0.0278
      -4.00        3             -5.2045          -0.0517
      -4.00        4             -3.1331          -0.0247
      -4.00        5              1.6321           0.0107
      -4.00        6              6.2817           0.0688
      -4.00        7              8.0804           0.1023
      -4.00        8              6.0090           0.0643
 
      -2.00        1              1.3404           0.0085
      -2.00        2             -0.9994          -0.0062
      -2.00        3             -1.9097          -0.0129
      -2.00        4             -0.8617          -0.0053
      -2.00        5              1.5355           0.0099
      -2.00        6              3.8753           0.0334
      -2.00        7              4.7856           0.0456
      -2.00        8              3.7376           0.0317
 
       0.00        1              1.4379           0.0092
       0.00        2              1.4379           0.0092
       0.00        3              1.4379           0.0092
       0.00        4              1.4379           0.0092
       0.00        5              1.4379           0.0092
       0.00        6              1.4379           0.0092
       0.00        7              1.4379           0.0092
       0.00        8              1.4379           0.0092
 
       2.00        1              1.5355           0.0099
       2.00        2              3.8753           0.0334
       2.00        3              4.7856           0.0456
       2.00        4              3.7376           0.0317
       2.00        5              1.3404           0.0085
       2.00        6             -0.9994          -0.0062
       2.00        7             -1.9097          -0.0129
       2.00        8             -0.8617          -0.0053
 
       4.00        1              1.6321           0.0107
       4.00        2              6.2817           0.0688
       4.00        3              8.0804           0.1023
       4.00        4              6.0090           0.0643
       4.00        5              1.2438           0.0078
       4.00        6             -3.4059          -0.0278
       4.00        7             -5.2045          -0.0517
       4.00        8             -3.1331          -0.0247
 
       6.00        1              1.7056           0.0112
       6.00        2              8.5394           0.1118
       6.00        3             11.2773           0.1764
       6.00        4              8.2357           0.1055
       6.00        5              1.1484           0.0072
       6.00        6             -5.7629          -0.0603
       6.00        7             -8.3994          -0.1089
       6.00        8             -5.2424          -0.0522
 
       8.00        1              1.6525           0.0108
       8.00        2             10.2968           0.1517
       8.00        3             14.2993           0.2627
       8.00        4             10.3946           0.1541
       8.00        5              1.0549           0.0066
       8.00        6             -8.0446          -0.1016
       8.00        7            -11.4108          -0.1799
       8.00        8             -6.7763          -0.0774
 
      10.00        1              1.4587           0.0094
      10.00        2             11.7142           0.1879
      10.00        3             17.1559           0.3578
      10.00        4             12.4850           0.2090
      10.00        5              0.9631           0.0059
      10.00        6            -10.2502          -0.1506
      10.00        7            -14.2514          -0.2612
      10.00        8             -7.9213          -0.0991
 
1         ***** THE USAF AUTOMATED MISSILE DATCOM * REV 3/99 *****     CASE   1
               AERODYNAMIC METHODS FOR MISSILE CONFIGURATIONS          PAGE  31
                 AERODYNAMIC FORCE AND MOMENT SYNTHESIS

       ******* FLIGHT CONDITIONS AND REFERENCE QUANTITIES *******
     MACH NO  =       0.90                REYNOLDS NO = 2.087E+07 /M
     ALTITUDE =        0.0 M         DYNAMIC PRESSURE =  57451.37 N/M**2
     SIDESLIP =       0.00 DEG                   ROLL =      0.00 DEG     
     REF AREA =      0.001 M**2         MOMENT CENTER =     0.198 M
     REF LENGTH =     0.60 M           LAT REF LENGTH =      0.60 M

             CARRYOVER INTERFERENCE FACTORS - FIN SET 1

      ALPHA   K-W(B)   K-B(W)  KK-W(B)  KK-B(W)  XCP-W(B) XCP-B(W) Y-CP/(B/2)

     -10.00   1.6243   1.1241   0.9535   0.6600   0.4267   0.4200   0.4478
      -8.00   1.6402   1.1241   0.9535   0.6600   0.4267   0.4200   0.4577
      -6.00   1.6545   1.1241   0.9535   0.6600   0.4267   0.4200   0.4667
      -4.00   1.6668   1.1241   0.9535   0.6600   0.4267   0.4200   0.4744
      -2.00   1.6765   1.1241   0.9535   0.6600   0.4267   0.4200   0.4804
       0.00   1.6818   1.1241   0.9535   0.6600   0.4267   0.4200   0.4846
       2.00   1.6765   1.1241   0.9535   0.6600   0.4267   0.4200   0.4853
       4.00   1.6668   1.1241   0.9535   0.6600   0.4267   0.4200   0.4817
       6.00   1.6545   1.1241   0.9535   0.6600   0.4267   0.4200   0.4766
       8.00   1.6402   1.1241   0.9535   0.6600   0.4267   0.4200   0.4719
      10.00   1.6243   1.1241   0.9535   0.6600   0.4267   0.4200   0.4679

    NOTE - XCP-W(B) USED FOR STABILITY ONLY DIFFERENT VALUES USED FOR HINGE MOMENTS
1         ***** THE USAF AUTOMATED MISSILE DATCOM * REV 3/99 *****     CASE   1
               AERODYNAMIC METHODS FOR MISSILE CONFIGURATIONS          PAGE  32
        FIN SET 1 PANEL BENDING MOMENTS (ABOUT EXPOSED ROOT CHORD)

       ******* FLIGHT CONDITIONS AND REFERENCE QUANTITIES *******
     MACH NO  =       0.90                REYNOLDS NO = 2.087E+07 /M
     ALTITUDE =        0.0 M         DYNAMIC PRESSURE =  57451.37 N/M**2
     SIDESLIP =       0.00 DEG                   ROLL =      0.00 DEG     
     REF AREA =      0.001 M**2         MOMENT CENTER =     0.198 M
     REF LENGTH =     0.60 M           LAT REF LENGTH =      0.60 M

   ALPHA   PANL 1   PANL 2   PANL 3   PANL 4   PANL 5   PANL 6   PANL 7   PANL 8
 
   -10.0  4.22E-05 -1.07E-03 -1.85E-03 -7.03E-04  6.64E-05  1.33E-03  2.54E-03  1.48E-03
    -8.0  4.75E-05 -7.36E-04 -1.30E-03 -5.61E-04  7.84E-05  1.10E-03  1.90E-03  1.12E-03
    -6.0  5.31E-05 -4.45E-04 -8.05E-04 -3.86E-04  8.30E-05  8.26E-04  1.30E-03  7.80E-04
    -4.0  5.89E-05 -2.09E-04 -3.88E-04 -1.86E-04  8.01E-05  5.17E-04  7.69E-04  4.83E-04
    -2.0  6.48E-05 -4.70E-05 -9.78E-05 -4.02E-05  7.55E-05  2.54E-04  3.47E-04  2.41E-04
     0.0  7.07E-05  7.07E-05  7.07E-05  7.07E-05  7.07E-05  7.07E-05  7.07E-05  7.07E-05
     2.0  7.63E-05  2.57E-04  3.50E-04  2.44E-04  6.54E-05 -4.75E-05 -9.88E-05 -4.06E-05
     4.0  8.13E-05  5.25E-04  7.80E-04  4.90E-04  5.98E-05 -2.12E-04 -3.94E-04 -1.88E-04
     6.0  8.47E-05  8.44E-04  1.33E-03  7.96E-04  5.42E-05 -4.55E-04 -8.22E-04 -3.94E-04
     8.0  8.08E-05  1.13E-03  1.96E-03  1.15E-03  4.90E-05 -7.59E-04 -1.34E-03 -5.79E-04
    10.0  6.94E-05  1.39E-03  2.65E-03  1.55E-03  4.40E-05 -1.12E-03 -1.93E-03 -7.34E-04
1         ***** THE USAF AUTOMATED MISSILE DATCOM * REV 3/99 *****     CASE   1
               AERODYNAMIC METHODS FOR MISSILE CONFIGURATIONS          PAGE  33
            FIN SET 1 PANEL HINGE MOMENTS (ABOUT HINGE LINE)

       ******* FLIGHT CONDITIONS AND REFERENCE QUANTITIES *******
     MACH NO  =       0.90                REYNOLDS NO = 2.087E+07 /M
     ALTITUDE =        0.0 M         DYNAMIC PRESSURE =  57451.37 N/M**2
     SIDESLIP =       0.00 DEG                   ROLL =      0.00 DEG     
     REF AREA =      0.001 M**2         MOMENT CENTER =     0.198 M
     REF LENGTH =     0.60 M           LAT REF LENGTH =      0.60 M

   ALPHA   PANL 1   PANL 2   PANL 3   PANL 4   PANL 5   PANL 6   PANL 7   PANL 8
 
   -10.0  1.06E-03 -2.58E-02 -4.35E-02 -1.72E-02  1.66E-03  3.19E-02  5.81E-02  3.53E-02
    -8.0  1.16E-03 -1.76E-02 -3.06E-02 -1.35E-02  1.92E-03  2.60E-02  4.38E-02  2.64E-02
    -6.0  1.28E-03 -1.06E-02 -1.89E-02 -9.18E-03  1.99E-03  1.94E-02  3.01E-02  1.83E-02
    -4.0  1.39E-03 -4.91E-03 -9.08E-03 -4.37E-03  1.89E-03  1.20E-02  1.78E-02  1.13E-02
    -2.0  1.51E-03 -1.10E-03 -2.28E-03 -9.40E-04  1.76E-03  5.91E-03  8.02E-03  5.61E-03
     0.0  1.64E-03  1.64E-03  1.64E-03  1.64E-03  1.64E-03  1.64E-03  1.64E-03  1.64E-03
     2.0  1.76E-03  5.91E-03  8.02E-03  5.61E-03  1.51E-03 -1.10E-03 -2.28E-03 -9.40E-04
     4.0  1.89E-03  1.20E-02  1.78E-02  1.13E-02  1.39E-03 -4.91E-03 -9.08E-03 -4.37E-03
     6.0  1.99E-03  1.94E-02  3.01E-02  1.83E-02  1.28E-03 -1.06E-02 -1.89E-02 -9.18E-03
     8.0  1.92E-03  2.60E-02  4.38E-02  2.64E-02  1.16E-03 -1.76E-02 -3.06E-02 -1.35E-02
    10.0  1.66E-03  3.19E-02  5.81E-02  3.53E-02  1.06E-03 -2.58E-02 -4.35E-02 -1.72E-02
1         ***** THE USAF AUTOMATED MISSILE DATCOM * REV 3/99 *****     CASE   1
               AERODYNAMIC METHODS FOR MISSILE CONFIGURATIONS          PAGE  34
                   STATIC AERODYNAMICS FOR BODY-FIN SET 1

       ******* FLIGHT CONDITIONS AND REFERENCE QUANTITIES *******
     MACH NO  =       0.90                REYNOLDS NO = 2.087E+07 /M
     ALTITUDE =        0.0 M         DYNAMIC PRESSURE =  57451.37 N/M**2
     SIDESLIP =       0.00 DEG                   ROLL =      0.00 DEG     
     REF AREA =      0.001 M**2         MOMENT CENTER =     0.198 M
     REF LENGTH =     0.60 M           LAT REF LENGTH =      0.60 M

                   ----- LONGITUDINAL -----     -- LATERAL DIRECTIONAL --
         ALPHA       CN        CM        CA        CY       CLN       CLL

        -10.00    -2.674     0.822     0.549    -0.011     0.005    -0.009
         -8.00    -1.944     0.588     0.551    -0.005     0.002    -0.008
         -6.00    -1.291     0.380     0.552    -0.001     0.001    -0.007
         -4.00    -0.728     0.203     0.551     0.000     0.000    -0.006
         -2.00    -0.299     0.077     0.550     0.000     0.000    -0.004
          0.00     0.000     0.000     0.549     0.000     0.000    -0.003
          2.00     0.299    -0.077     0.550     0.000     0.000    -0.004
          4.00     0.728    -0.203     0.551     0.000     0.000    -0.006
          6.00     1.291    -0.380     0.552     0.001    -0.001    -0.007
          8.00     1.944    -0.588     0.551     0.005    -0.002    -0.008
         10.00     2.674    -0.822     0.549     0.011    -0.005    -0.009

         ALPHA       CL        CD      CL/CD     X-C.P.

        -10.00    -2.538     1.005    -2.525    -0.307
         -8.00    -1.849     0.816    -2.265    -0.302
         -6.00    -1.226     0.683    -1.794    -0.294
         -4.00    -0.688     0.601    -1.146    -0.279
         -2.00    -0.280     0.560    -0.500    -0.259
          0.00     0.000     0.549     0.000    -0.424
          2.00     0.280     0.560     0.500    -0.259
          4.00     0.688     0.601     1.146    -0.279
          6.00     1.226     0.683     1.794    -0.294
          8.00     1.849     0.816     2.265    -0.302
         10.00     2.538     1.005     2.525    -0.307

    X-C.P. MEAS. FROM MOMENT CENTER IN REF. LENGTHS, NEG. AFT OF MOMENT CENTER
1         ***** THE USAF AUTOMATED MISSILE DATCOM * REV 3/99 *****     CASE   1
               AERODYNAMIC METHODS FOR MISSILE CONFIGURATIONS          PAGE  35
                   STATIC AERODYNAMICS FOR BODY-FIN SET 1

       ******* FLIGHT CONDITIONS AND REFERENCE QUANTITIES *******
     MACH NO  =       0.90                REYNOLDS NO = 2.087E+07 /M
     ALTITUDE =        0.0 M         DYNAMIC PRESSURE =  57451.37 N/M**2
     SIDESLIP =       0.00 DEG                   ROLL =      0.00 DEG     
     REF AREA =      0.001 M**2         MOMENT CENTER =     0.198 M
     REF LENGTH =     0.60 M           LAT REF LENGTH =      0.60 M

                   ---------- DERIVATIVES (PER DEGREE) ----------
         ALPHA       CNA         CMA         CYB         CLNB        CLLB
        -10.00      0.3839     -0.1233     -0.2631      0.0806      0.0002
         -8.00      0.3455     -0.1105     -0.2400      0.0723      0.0001
         -6.00      0.3038     -0.0961     -0.2125      0.0622     -0.0001
         -4.00      0.2477     -0.0756     -0.1833      0.0513     -0.0001
         -2.00      0.1819     -0.0509     -0.1529      0.0399     -0.0002
          0.00      0.1497     -0.0387     -0.1393      0.0347     -0.0004
          2.00      0.1819     -0.0509     -0.1531      0.0400     -0.0002
          4.00      0.2477     -0.0756     -0.1836      0.0515     -0.0002
          6.00      0.3038     -0.0961     -0.2122      0.0621     -0.0002
          8.00      0.3455     -0.1105     -0.2348      0.0701     -0.0002
         10.00      0.3839     -0.1233     -0.2550      0.0772     -0.0003

    PANEL DEFLECTION ANGLES (DEGREES)
    SET    FIN 1   FIN 2   FIN 3   FIN 4   FIN 5   FIN 6   FIN 7   FIN 8
      1    1.67    1.67    1.67    1.67    1.67    1.67    1.67    1.67
1         ***** THE USAF AUTOMATED MISSILE DATCOM * REV 3/99 *****     CASE   1
               AERODYNAMIC METHODS FOR MISSILE CONFIGURATIONS          PAGE  36
                             BODY ALONE PARTIAL OUTPUT

       ******* FLIGHT CONDITIONS AND REFERENCE QUANTITIES *******
     MACH NO  =       1.10                REYNOLDS NO = 2.550E+07 /M
     ALTITUDE =        0.0 M         DYNAMIC PRESSURE =  85822.41 N/M**2
     SIDESLIP =       0.00 DEG                   ROLL =      0.00 DEG     
     REF AREA =      0.001 M**2         MOMENT CENTER =     0.198 M
     REF LENGTH =     0.60 M           LAT REF LENGTH =      0.60 M

      ALPHA    CA-FRIC  CA-PRES/WAVE CA-BASE    CA-PROT     CA-SEP     CA-ALP
     -10.00     0.1586     0.0942     0.2013                           0.0013
      -8.00     0.1603     0.0952     0.2021                           0.0016
      -6.00     0.1617     0.0961     0.2027                           0.0012
      -4.00     0.1627     0.0966     0.2031                           0.0006
      -2.00     0.1633     0.0970     0.2032                           0.0002
       0.00     0.1635     0.0971     0.2030                           0.0000
       2.00     0.1633     0.0970     0.2032                           0.0002
       4.00     0.1627     0.0966     0.2031                           0.0006
       6.00     0.1617     0.0961     0.2027                           0.0012
       8.00     0.1603     0.0952     0.2021                           0.0016
      10.00     0.1586     0.0942     0.2013                           0.0013

                     CROSS FLOW DRAG PROPORTIONALITY FACTOR = 0.97103

      ALPHA    CN-POTEN  CN-VISC   CN-SEP    CM-POTEN  CM-VISC   CM-SEP    CDC
     -10.00    -0.529    -0.502              -0.016     0.099             0.857
      -8.00    -0.427    -0.314              -0.013     0.062             0.834
      -6.00    -0.322    -0.172              -0.010     0.034             0.810
      -4.00    -0.216    -0.074              -0.007     0.015             0.787
      -2.00    -0.108    -0.018              -0.003     0.004             0.764
       0.00     0.000     0.000               0.000     0.000             0.740
       2.00     0.108     0.018               0.003    -0.004             0.764
       4.00     0.216     0.074               0.007    -0.015             0.787
       6.00     0.322     0.172               0.010    -0.034             0.810
       8.00     0.427     0.314               0.013    -0.062             0.834
      10.00     0.529     0.502               0.016    -0.099             0.857
1         ***** THE USAF AUTOMATED MISSILE DATCOM * REV 3/99 *****     CASE   1
               AERODYNAMIC METHODS FOR MISSILE CONFIGURATIONS          PAGE  37
                        FIN SET 1 CA PARTIAL OUTPUT

       ******* FLIGHT CONDITIONS AND REFERENCE QUANTITIES *******
     MACH NO  =       1.10                REYNOLDS NO = 2.550E+07 /M
     ALTITUDE =        0.0 M         DYNAMIC PRESSURE =  85822.41 N/M**2
     SIDESLIP =       0.00 DEG                   ROLL =      0.00 DEG     
     REF AREA =      0.001 M**2         MOMENT CENTER =     0.198 M
     REF LENGTH =     0.60 M           LAT REF LENGTH =      0.60 M

    SINGLE FIN PANEL ZERO-LIFT AXIAL FORCE COMPONENTS

    SKIN FRICTION        0.0114
    SUBSONIC PRESSURE    0.0005
    TRANSONIC WAVE       0.0000
    SUPERSONIC WAVE      0.0260
    LEADING EDGE         0.0000
    TRAILING EDGE        0.0000
    TOTAL CAO            0.0379

    FIN AXIAL FORCE DUE TO ANGLE OF ATTACK

    ALPHA      CA DUE TO LIFT (SINGLE PANEL)   CA-TOTAL (8 FINS)

     -10.00              0.0000                      0.2983
      -8.00              0.0000                      0.3000
      -6.00              0.0000                      0.3013
      -4.00              0.0000                      0.3022
      -2.00              0.0000                      0.3027
       0.00              0.0000                      0.3029
       2.00              0.0000                      0.3027
       4.00              0.0000                      0.3022
       6.00              0.0000                      0.3013
       8.00              0.0000                      0.3000
      10.00              0.0000                      0.2983
1         ***** THE USAF AUTOMATED MISSILE DATCOM * REV 3/99 *****     CASE   1
               AERODYNAMIC METHODS FOR MISSILE CONFIGURATIONS          PAGE  38
                       FIN SET 1 CN, CM PARTIAL OUTPUT

       ******* FLIGHT CONDITIONS AND REFERENCE QUANTITIES *******
     MACH NO  =       1.10                REYNOLDS NO = 2.550E+07 /M
     ALTITUDE =        0.0 M         DYNAMIC PRESSURE =  85822.41 N/M**2
     SIDESLIP =       0.00 DEG                   ROLL =      0.00 DEG     
     REF AREA =      0.001 M**2         MOMENT CENTER =     0.198 M
     REF LENGTH =     0.60 M           LAT REF LENGTH =      0.60 M

    NORMAL FORCE SLOPE AT ALPHA ZERO, CNA =    0.00492/DEG (1 PANEL)
         CENTER OF PRESSURE FOR LINEAR CN =   -0.51000 (CALIBERS FROM C.G.)
     CENTER OF PRESSURE FOR NON-LINEAR CN =   -0.50333 (CALIBERS FROM C.G.)

      ALPHA      CN        CN        CN        CM        CM        CM
               LINEAR  NON-LINEAR  TOTAL     LINEAR  NON-LINEAR  TOTAL

     -10.00   -0.1942   -0.2777   -0.4719    0.0991    0.1398    0.2388
      -8.00   -0.1561   -0.1784   -0.3345    0.0796    0.0898    0.1694
      -6.00   -0.1175   -0.1006   -0.2181    0.0599    0.0506    0.1106
      -4.00   -0.0785   -0.0448   -0.1233    0.0401    0.0225    0.0626
      -2.00   -0.0393   -0.0112   -0.0505    0.0201    0.0056    0.0257
       0.00    0.0000    0.0000    0.0000    0.0000    0.0000    0.0000
       2.00    0.0393    0.0112    0.0505   -0.0201   -0.0056   -0.0257
       4.00    0.0785    0.0448    0.1233   -0.0401   -0.0225   -0.0626
       6.00    0.1175    0.1006    0.2181   -0.0599   -0.0506   -0.1106
       8.00    0.1561    0.1784    0.3345   -0.0796   -0.0898   -0.1694
      10.00    0.1942    0.2777    0.4719   -0.0991   -0.1398   -0.2388
1         ***** THE USAF AUTOMATED MISSILE DATCOM * REV 3/99 *****     CASE   1
               AERODYNAMIC METHODS FOR MISSILE CONFIGURATIONS          PAGE  39
                 AERODYNAMIC FORCE AND MOMENT SYNTHESIS

       ******* FLIGHT CONDITIONS AND REFERENCE QUANTITIES *******
     MACH NO  =       1.10                REYNOLDS NO = 2.550E+07 /M
     ALTITUDE =        0.0 M         DYNAMIC PRESSURE =  85822.41 N/M**2
     SIDESLIP =       0.00 DEG                   ROLL =      0.00 DEG     
     REF AREA =      0.001 M**2         MOMENT CENTER =     0.198 M
     REF LENGTH =     0.60 M           LAT REF LENGTH =      0.60 M

          ---------------FIN SET 1 IN PRESENCE OF THE BODY----------------

      ALPHA       CN         CM         CA         CY         CLN        CLL

     -10.00    -0.8429     0.4299     0.3086    -0.0046     0.0024    -0.0073
      -8.00    -0.6271     0.3198     0.3080    -0.0023     0.0012    -0.0065
      -6.00    -0.4243     0.2164     0.3072    -0.0006     0.0003    -0.0056
      -4.00    -0.2415     0.1232     0.3064    -0.0001     0.0000    -0.0046
      -2.00    -0.0999     0.0509     0.3055     0.0000     0.0000    -0.0034
       0.00     0.0000     0.0000     0.3048     0.0000     0.0000    -0.0026
       2.00     0.0999    -0.0509     0.3055     0.0000     0.0000    -0.0034
       4.00     0.2415    -0.1232     0.3064     0.0001     0.0000    -0.0046
       6.00     0.4243    -0.2164     0.3072     0.0006    -0.0003    -0.0056
       8.00     0.6271    -0.3198     0.3080     0.0023    -0.0012    -0.0065
      10.00     0.8429    -0.4299     0.3086     0.0046    -0.0024    -0.0073
1         ***** THE USAF AUTOMATED MISSILE DATCOM * REV 3/99 *****     CASE   1
               AERODYNAMIC METHODS FOR MISSILE CONFIGURATIONS          PAGE  40
                 AERODYNAMIC FORCE AND MOMENT SYNTHESIS

       ******* FLIGHT CONDITIONS AND REFERENCE QUANTITIES *******
     MACH NO  =       1.10                REYNOLDS NO = 2.550E+07 /M
     ALTITUDE =        0.0 M         DYNAMIC PRESSURE =  85822.41 N/M**2
     SIDESLIP =       0.00 DEG                   ROLL =      0.00 DEG     
     REF AREA =      0.001 M**2         MOMENT CENTER =     0.198 M
     REF LENGTH =     0.60 M           LAT REF LENGTH =      0.60 M

          ---------------FIN SET 1 PANEL CHARACTERISTICS------------------

      ALPHA      PANEL    AEQ (PANEL AXIS SYS.)    PANEL CN

     -10.00        1              0.9738           0.0057
     -10.00        2            -10.1849          -0.1207
     -10.00        3            -14.1618          -0.2035
     -10.00        4             -7.7991          -0.0801
     -10.00        5              1.4860           0.0090
     -10.00        6             11.6163           0.1483
     -10.00        7             17.0838           0.2757
     -10.00        8             12.4394           0.1654
 
      -8.00        1              1.0646           0.0063
      -8.00        2             -8.0029          -0.0833
      -8.00        3            -11.3554          -0.1431
      -8.00        4             -6.7118          -0.0641
      -8.00        5              1.6679           0.0102
      -8.00        6             10.2512           0.1219
      -8.00        7             14.2609           0.2058
      -8.00        8             10.3714           0.1241
 
      -6.00        1              1.1574           0.0069
      -6.00        2             -5.7381          -0.0510
      -6.00        3             -8.3684          -0.0892
      -6.00        4             -5.2148          -0.0445
      -6.00        5              1.7146           0.0106
      -6.00        6              8.5281           0.0918
      -6.00        7             11.2630           0.1413
      -6.00        8              8.2285           0.0869
 
      -4.00        1              1.2524           0.0075
      -4.00        2             -3.3914          -0.0246
      -4.00        3             -5.1878          -0.0442
      -4.00        4             -3.1190          -0.0221
      -4.00        5              1.6402           0.0100
      -4.00        6              6.2840           0.0582
      -4.00        7              8.0804           0.0846
      -4.00        8              6.0116           0.0546
 
      -2.00        1              1.3488           0.0081
      -2.00        2             -0.9900          -0.0058
      -2.00        3             -1.8999          -0.0119
      -2.00        4             -0.8524          -0.0050
      -2.00        5              1.5437           0.0094
      -2.00        6              3.8825           0.0296
      -2.00        7              4.7924           0.0395
      -2.00        8              3.7449           0.0282
 
       0.00        1              1.4463           0.0087
       0.00        2              1.4463           0.0087
       0.00        3              1.4463           0.0087
       0.00        4              1.4463           0.0087
       0.00        5              1.4463           0.0087
       0.00        6              1.4463           0.0087
       0.00        7              1.4463           0.0087
       0.00        8              1.4463           0.0087
 
       2.00        1              1.5437           0.0094
       2.00        2              3.8825           0.0296
       2.00        3              4.7924           0.0395
       2.00        4              3.7449           0.0282
       2.00        5              1.3488           0.0081
       2.00        6             -0.9900          -0.0058
       2.00        7             -1.8999          -0.0119
       2.00        8             -0.8524          -0.0050
 
       4.00        1              1.6402           0.0100
       4.00        2              6.2840           0.0582
       4.00        3              8.0804           0.0846
       4.00        4              6.0116           0.0546
       4.00        5              1.2524           0.0075
       4.00        6             -3.3914          -0.0246
       4.00        7             -5.1878          -0.0442
       4.00        8             -3.1190          -0.0221
 
       6.00        1              1.7146           0.0106
       6.00        2              8.5281           0.0918
       6.00        3             11.2630           0.1413
       6.00        4              8.2285           0.0869
       6.00        5              1.1574           0.0069
       6.00        6             -5.7381          -0.0510
       6.00        7             -8.3684          -0.0892
       6.00        8             -5.2149          -0.0445
 
       8.00        1              1.6679           0.0102
       8.00        2             10.2512           0.1219
       8.00        3             14.2609           0.2058
       8.00        4             10.3714           0.1241
       8.00        5              1.0646           0.0063
       8.00        6             -8.0029          -0.0833
       8.00        7            -11.3554          -0.1431
       8.00        8             -6.7118          -0.0641
 
      10.00        1              1.4860           0.0090
      10.00        2             11.6163           0.1483
      10.00        3             17.0838           0.2757
      10.00        4             12.4394           0.1654
      10.00        5              0.9738           0.0057
      10.00        6            -10.1849          -0.1207
      10.00        7            -14.1618          -0.2035
      10.00        8             -7.7991          -0.0801
 
1         ***** THE USAF AUTOMATED MISSILE DATCOM * REV 3/99 *****     CASE   1
               AERODYNAMIC METHODS FOR MISSILE CONFIGURATIONS          PAGE  41
                 AERODYNAMIC FORCE AND MOMENT SYNTHESIS

       ******* FLIGHT CONDITIONS AND REFERENCE QUANTITIES *******
     MACH NO  =       1.10                REYNOLDS NO = 2.550E+07 /M
     ALTITUDE =        0.0 M         DYNAMIC PRESSURE =  85822.41 N/M**2
     SIDESLIP =       0.00 DEG                   ROLL =      0.00 DEG     
     REF AREA =      0.001 M**2         MOMENT CENTER =     0.198 M
     REF LENGTH =     0.60 M           LAT REF LENGTH =      0.60 M

             CARRYOVER INTERFERENCE FACTORS - FIN SET 1

      ALPHA   K-W(B)   K-B(W)  KK-W(B)  KK-B(W)  XCP-W(B) XCP-B(W) Y-CP/(B/2)

     -10.00   1.6165   1.1241   0.9535   0.6600   0.5100   0.4200   0.4425
      -8.00   1.6344   1.1241   0.9535   0.6600   0.5100   0.4200   0.4486
      -6.00   1.6507   1.1241   0.9535   0.6600   0.5100   0.4200   0.4542
      -4.00   1.6647   1.1241   0.9535   0.6600   0.5100   0.4200   0.4590
      -2.00   1.6757   1.1241   0.9535   0.6600   0.5100   0.4200   0.4629
       0.00   1.6818   1.1241   0.9535   0.6600   0.5100   0.4200   0.4658
       2.00   1.6757   1.1241   0.9535   0.6600   0.5100   0.4200   0.4663
       4.00   1.6647   1.1241   0.9535   0.6600   0.5100   0.4200   0.4638
       6.00   1.6507   1.1241   0.9535   0.6600   0.5100   0.4200   0.4605
       8.00   1.6344   1.1241   0.9535   0.6600   0.5100   0.4200   0.4576
      10.00   1.6165   1.1241   0.9535   0.6600   0.5100   0.4200   0.4552

    NOTE - XCP-W(B) USED FOR STABILITY ONLY DIFFERENT VALUES USED FOR HINGE MOMENTS
1         ***** THE USAF AUTOMATED MISSILE DATCOM * REV 3/99 *****     CASE   1
               AERODYNAMIC METHODS FOR MISSILE CONFIGURATIONS          PAGE  42
        FIN SET 1 PANEL BENDING MOMENTS (ABOUT EXPOSED ROOT CHORD)

       ******* FLIGHT CONDITIONS AND REFERENCE QUANTITIES *******
     MACH NO  =       1.10                REYNOLDS NO = 2.550E+07 /M
     ALTITUDE =        0.0 M         DYNAMIC PRESSURE =  85822.41 N/M**2
     SIDESLIP =       0.00 DEG                   ROLL =      0.00 DEG     
     REF AREA =      0.001 M**2         MOMENT CENTER =     0.198 M
     REF LENGTH =     0.60 M           LAT REF LENGTH =      0.60 M

   ALPHA   PANL 1   PANL 2   PANL 3   PANL 4   PANL 5   PANL 6   PANL 7   PANL 8
 
   -10.0  4.00E-05 -8.45E-04 -1.43E-03 -5.62E-04  6.30E-05  1.04E-03  1.93E-03  1.16E-03
    -8.0  4.46E-05 -5.92E-04 -1.02E-03 -4.55E-04  7.27E-05  8.66E-04  1.46E-03  8.82E-04
    -6.0  4.93E-05 -3.67E-04 -6.41E-04 -3.20E-04  7.59E-05  6.60E-04  1.02E-03  6.25E-04
    -4.0  5.42E-05 -1.79E-04 -3.21E-04 -1.60E-04  7.30E-05  4.23E-04  6.14E-04  3.96E-04
    -2.0  5.93E-05 -4.26E-05 -8.71E-05 -3.64E-05  6.88E-05  2.17E-04  2.90E-04  2.06E-04
     0.0  6.44E-05  6.44E-05  6.44E-05  6.44E-05  6.44E-05  6.44E-05  6.44E-05  6.44E-05
     2.0  6.93E-05  2.18E-04  2.92E-04  2.08E-04  5.97E-05 -4.29E-05 -8.78E-05 -3.67E-05
     4.0  7.37E-05  4.27E-04  6.21E-04  4.01E-04  5.48E-05 -1.81E-04 -3.25E-04 -1.62E-04
     6.0  7.70E-05  6.69E-04  1.03E-03  6.34E-04  5.00E-05 -3.72E-04 -6.50E-04 -3.25E-04
     8.0  7.41E-05  8.83E-04  1.49E-03  8.99E-04  4.55E-05 -6.04E-04 -1.04E-03 -4.64E-04
    10.0  6.48E-05  1.07E-03  1.99E-03  1.19E-03  4.12E-05 -8.70E-04 -1.47E-03 -5.78E-04
1         ***** THE USAF AUTOMATED MISSILE DATCOM * REV 3/99 *****     CASE   1
               AERODYNAMIC METHODS FOR MISSILE CONFIGURATIONS          PAGE  43
            FIN SET 1 PANEL HINGE MOMENTS (ABOUT HINGE LINE)

       ******* FLIGHT CONDITIONS AND REFERENCE QUANTITIES *******
     MACH NO  =       1.10                REYNOLDS NO = 2.550E+07 /M
     ALTITUDE =        0.0 M         DYNAMIC PRESSURE =  85822.41 N/M**2
     SIDESLIP =       0.00 DEG                   ROLL =      0.00 DEG     
     REF AREA =      0.001 M**2         MOMENT CENTER =     0.198 M
     REF LENGTH =     0.60 M           LAT REF LENGTH =      0.60 M

   ALPHA   PANL 1   PANL 2   PANL 3   PANL 4   PANL 5   PANL 6   PANL 7   PANL 8
 
   -10.0  9.77E-04 -2.01E-02 -3.34E-02 -1.35E-02  1.54E-03  2.46E-02  4.45E-02  2.74E-02
    -8.0  1.07E-03 -1.40E-02 -2.38E-02 -1.08E-02  1.75E-03  2.03E-02  3.37E-02  2.07E-02
    -6.0  1.17E-03 -8.64E-03 -1.50E-02 -7.55E-03  1.80E-03  1.54E-02  2.35E-02  1.46E-02
    -4.0  1.28E-03 -4.20E-03 -7.50E-03 -3.76E-03  1.72E-03  9.84E-03  1.42E-02  9.24E-03
    -2.0  1.38E-03 -9.94E-04 -2.03E-03 -8.51E-04  1.60E-03  5.03E-03  6.71E-03  4.79E-03
     0.0  1.49E-03  1.49E-03  1.49E-03  1.49E-03  1.49E-03  1.49E-03  1.49E-03  1.49E-03
     2.0  1.60E-03  5.03E-03  6.71E-03  4.79E-03  1.38E-03 -9.94E-04 -2.03E-03 -8.51E-04
     4.0  1.72E-03  9.84E-03  1.42E-02  9.24E-03  1.28E-03 -4.20E-03 -7.50E-03 -3.76E-03
     6.0  1.80E-03  1.54E-02  2.35E-02  1.46E-02  1.17E-03 -8.64E-03 -1.50E-02 -7.55E-03
     8.0  1.75E-03  2.03E-02  3.37E-02  2.07E-02  1.07E-03 -1.40E-02 -2.38E-02 -1.08E-02
    10.0  1.54E-03  2.46E-02  4.45E-02  2.74E-02  9.77E-04 -2.01E-02 -3.34E-02 -1.35E-02
1         ***** THE USAF AUTOMATED MISSILE DATCOM * REV 3/99 *****     CASE   1
               AERODYNAMIC METHODS FOR MISSILE CONFIGURATIONS          PAGE  44
                   STATIC AERODYNAMICS FOR BODY-FIN SET 1

       ******* FLIGHT CONDITIONS AND REFERENCE QUANTITIES *******
     MACH NO  =       1.10                REYNOLDS NO = 2.550E+07 /M
     ALTITUDE =        0.0 M         DYNAMIC PRESSURE =  85822.41 N/M**2
     SIDESLIP =       0.00 DEG                   ROLL =      0.00 DEG     
     REF AREA =      0.001 M**2         MOMENT CENTER =     0.198 M
     REF LENGTH =     0.60 M           LAT REF LENGTH =      0.60 M

                   ----- LONGITUDINAL -----     -- LATERAL DIRECTIONAL --
         ALPHA       CN        CM        CA        CY       CLN       CLL

        -10.00    -2.459     0.759     0.764    -0.008     0.004    -0.007
         -8.00    -1.798     0.550     0.767    -0.004     0.002    -0.007
         -6.00    -1.207     0.362     0.769    -0.001     0.000    -0.006
         -4.00    -0.695     0.200     0.769     0.000     0.000    -0.005
         -2.00    -0.293     0.079     0.769     0.000     0.000    -0.003
          0.00     0.000     0.000     0.768     0.000     0.000    -0.003
          2.00     0.293    -0.079     0.769     0.000     0.000    -0.003
          4.00     0.695    -0.200     0.769     0.000     0.000    -0.005
          6.00     1.207    -0.362     0.769     0.001     0.000    -0.006
          8.00     1.798    -0.550     0.767     0.004    -0.002    -0.007
         10.00     2.459    -0.759     0.764     0.008    -0.004    -0.007

         ALPHA       CL        CD      CL/CD     X-C.P.

        -10.00    -2.289     1.179    -1.941    -0.309
         -8.00    -1.674     1.010    -1.658    -0.306
         -6.00    -1.120     0.891    -1.258    -0.300
         -4.00    -0.639     0.816    -0.783    -0.288
         -2.00    -0.266     0.779    -0.342    -0.271
          0.00     0.000     0.768     0.000    -0.474
          2.00     0.266     0.779     0.342    -0.271
          4.00     0.639     0.816     0.783    -0.288
          6.00     1.120     0.891     1.258    -0.300
          8.00     1.674     1.010     1.658    -0.306
         10.00     2.289     1.179     1.941    -0.309

    X-C.P. MEAS. FROM MOMENT CENTER IN REF. LENGTHS, NEG. AFT OF MOMENT CENTER
1         ***** THE USAF AUTOMATED MISSILE DATCOM * REV 3/99 *****     CASE   1
               AERODYNAMIC METHODS FOR MISSILE CONFIGURATIONS          PAGE  45
                   STATIC AERODYNAMICS FOR BODY-FIN SET 1

       ******* FLIGHT CONDITIONS AND REFERENCE QUANTITIES *******
     MACH NO  =       1.10                REYNOLDS NO = 2.550E+07 /M
     ALTITUDE =        0.0 M         DYNAMIC PRESSURE =  85822.41 N/M**2
     SIDESLIP =       0.00 DEG                   ROLL =      0.00 DEG     
     REF AREA =      0.001 M**2         MOMENT CENTER =     0.198 M
     REF LENGTH =     0.60 M           LAT REF LENGTH =      0.60 M

                   ---------- DERIVATIVES (PER DEGREE) ----------
         ALPHA       CNA         CMA         CYB         CLNB        CLLB
        -10.00      0.3480     -0.1099     -0.2423      0.0746      0.0002
         -8.00      0.3129     -0.0993     -0.2226      0.0679      0.0001
         -6.00      0.2758     -0.0876     -0.1994      0.0595     -0.0001
         -4.00      0.2284     -0.0707     -0.1747      0.0503     -0.0001
         -2.00      0.1735     -0.0499     -0.1493      0.0407     -0.0001
          0.00      0.1465     -0.0397     -0.1382      0.0363     -0.0003
          2.00      0.1735     -0.0499     -0.1494      0.0408     -0.0001
          4.00      0.2284     -0.0707     -0.1749      0.0504     -0.0001
          6.00      0.2758     -0.0876     -0.1992      0.0594     -0.0001
          8.00      0.3129     -0.0993     -0.2190      0.0662     -0.0002
         10.00      0.3480     -0.1099     -0.2364      0.0718     -0.0002

    PANEL DEFLECTION ANGLES (DEGREES)
    SET    FIN 1   FIN 2   FIN 3   FIN 4   FIN 5   FIN 6   FIN 7   FIN 8
      1    1.67    1.67    1.67    1.67    1.67    1.67    1.67    1.67
1         ***** THE USAF AUTOMATED MISSILE DATCOM * REV 3/99 *****     CASE   1
               AERODYNAMIC METHODS FOR MISSILE CONFIGURATIONS          PAGE  46
                             BODY ALONE PARTIAL OUTPUT

       ******* FLIGHT CONDITIONS AND REFERENCE QUANTITIES *******
     MACH NO  =       1.40                REYNOLDS NO = 3.246E+07 /M
     ALTITUDE =        0.0 M         DYNAMIC PRESSURE = 139018.12 N/M**2
     SIDESLIP =       0.00 DEG                   ROLL =      0.00 DEG     
     REF AREA =      0.001 M**2         MOMENT CENTER =     0.198 M
     REF LENGTH =     0.60 M           LAT REF LENGTH =      0.60 M

      ALPHA    CA-FRIC  CA-PRES/WAVE CA-BASE    CA-PROT     CA-SEP     CA-ALP
     -10.00     0.1465     0.1125     0.1806                           0.0000
      -8.00     0.1481     0.1128     0.1816                           0.0000
      -6.00     0.1494     0.1130     0.1824                           0.0000
      -4.00     0.1503     0.1132     0.1829                           0.0000
      -2.00     0.1508     0.1133     0.1833                           0.0000
       0.00     0.1510     0.1133     0.1834                           0.0000
       2.00     0.1508     0.1133     0.1833                           0.0000
       4.00     0.1503     0.1132     0.1829                           0.0000
       6.00     0.1494     0.1130     0.1824                           0.0000
       8.00     0.1481     0.1128     0.1816                           0.0000
      10.00     0.1465     0.1125     0.1806                           0.0000

                     CROSS FLOW DRAG PROPORTIONALITY FACTOR = 1.00000

      ALPHA    CN-POTEN  CN-VISC   CN-SEP    CM-POTEN  CM-VISC   CM-SEP    CDC
     -10.00    -0.394    -0.557              -0.099     0.110             0.923
      -8.00    -0.318    -0.333              -0.080     0.066             0.859
      -6.00    -0.240    -0.181              -0.061     0.036             0.830
      -4.00    -0.161    -0.078              -0.041     0.015             0.800
      -2.00    -0.081    -0.019              -0.020     0.004             0.770
       0.00     0.000     0.000               0.000     0.000             0.740
       2.00     0.081     0.019               0.020    -0.004             0.770
       4.00     0.161     0.078               0.041    -0.015             0.800
       6.00     0.240     0.181               0.061    -0.036             0.830
       8.00     0.318     0.333               0.080    -0.066             0.859
      10.00     0.394     0.557               0.099    -0.110             0.923
1         ***** THE USAF AUTOMATED MISSILE DATCOM * REV 3/99 *****     CASE   1
               AERODYNAMIC METHODS FOR MISSILE CONFIGURATIONS          PAGE  47
                        FIN SET 1 CA PARTIAL OUTPUT

       ******* FLIGHT CONDITIONS AND REFERENCE QUANTITIES *******
     MACH NO  =       1.40                REYNOLDS NO = 3.246E+07 /M
     ALTITUDE =        0.0 M         DYNAMIC PRESSURE = 139018.12 N/M**2
     SIDESLIP =       0.00 DEG                   ROLL =      0.00 DEG     
     REF AREA =      0.001 M**2         MOMENT CENTER =     0.198 M
     REF LENGTH =     0.60 M           LAT REF LENGTH =      0.60 M

    SINGLE FIN PANEL ZERO-LIFT AXIAL FORCE COMPONENTS

    SKIN FRICTION        0.0105
    SUBSONIC PRESSURE    0.0000
    TRANSONIC WAVE       0.0000
    SUPERSONIC WAVE      0.0133
    LEADING EDGE         0.0000
    TRAILING EDGE        0.0000
    TOTAL CAO            0.0238

    FIN AXIAL FORCE DUE TO ANGLE OF ATTACK

    ALPHA      CA DUE TO LIFT (SINGLE PANEL)   CA-TOTAL (8 FINS)

     -10.00              0.0000                      0.1879
      -8.00              0.0000                      0.1889
      -6.00              0.0000                      0.1897
      -4.00              0.0000                      0.1903
      -2.00              0.0000                      0.1907
       0.00              0.0000                      0.1908
       2.00              0.0000                      0.1907
       4.00              0.0000                      0.1903
       6.00              0.0000                      0.1897
       8.00              0.0000                      0.1889
      10.00              0.0000                      0.1879
1         ***** THE USAF AUTOMATED MISSILE DATCOM * REV 3/99 *****     CASE   1
               AERODYNAMIC METHODS FOR MISSILE CONFIGURATIONS          PAGE  48
                       FIN SET 1 CN, CM PARTIAL OUTPUT

       ******* FLIGHT CONDITIONS AND REFERENCE QUANTITIES *******
     MACH NO  =       1.40                REYNOLDS NO = 3.246E+07 /M
     ALTITUDE =        0.0 M         DYNAMIC PRESSURE = 139018.12 N/M**2
     SIDESLIP =       0.00 DEG                   ROLL =      0.00 DEG     
     REF AREA =      0.001 M**2         MOMENT CENTER =     0.198 M
     REF LENGTH =     0.60 M           LAT REF LENGTH =      0.60 M

    NORMAL FORCE SLOPE AT ALPHA ZERO, CNA =    0.02636/DEG (1 PANEL)
         CENTER OF PRESSURE FOR LINEAR CN =   -0.51000 (CALIBERS FROM C.G.)
     CENTER OF PRESSURE FOR NON-LINEAR CN =   -0.50333 (CALIBERS FROM C.G.)

      ALPHA      CN        CN        CN        CM        CM        CM
               LINEAR  NON-LINEAR  TOTAL     LINEAR  NON-LINEAR  TOTAL

     -10.00   -1.0410   -0.5372   -1.5782    0.5309    0.2704    0.8013
      -8.00   -0.8367   -0.3466   -1.1833    0.4267    0.1745    0.6012
      -6.00   -0.6298   -0.1960   -0.8258    0.3212    0.0987    0.4198
      -4.00   -0.4209   -0.0872   -0.5082    0.2147    0.0439    0.2586
      -2.00   -0.2108   -0.0218   -0.2326    0.1075    0.0110    0.1185
       0.00    0.0000    0.0000    0.0000    0.0000    0.0000    0.0000
       2.00    0.2108    0.0218    0.2326   -0.1075   -0.0110   -0.1185
       4.00    0.4209    0.0872    0.5082   -0.2147   -0.0439   -0.2586
       6.00    0.6298    0.1960    0.8258   -0.3212   -0.0987   -0.4198
       8.00    0.8367    0.3466    1.1833   -0.4267   -0.1745   -0.6012
      10.00    1.0410    0.5372    1.5782   -0.5309   -0.2704   -0.8013
1         ***** THE USAF AUTOMATED MISSILE DATCOM * REV 3/99 *****     CASE   1
               AERODYNAMIC METHODS FOR MISSILE CONFIGURATIONS          PAGE  49
                 AERODYNAMIC FORCE AND MOMENT SYNTHESIS

       ******* FLIGHT CONDITIONS AND REFERENCE QUANTITIES *******
     MACH NO  =       1.40                REYNOLDS NO = 3.246E+07 /M
     ALTITUDE =        0.0 M         DYNAMIC PRESSURE = 139018.12 N/M**2
     SIDESLIP =       0.00 DEG                   ROLL =      0.00 DEG     
     REF AREA =      0.001 M**2         MOMENT CENTER =     0.198 M
     REF LENGTH =     0.60 M           LAT REF LENGTH =      0.60 M

          ---------------FIN SET 1 IN PRESENCE OF THE BODY----------------

      ALPHA       CN         CM         CA         CY         CLN        CLL

     -10.00    -2.5561     1.3036     0.2070    -0.0083     0.0043    -0.0209
      -8.00    -2.0160     1.0282     0.2060    -0.0038     0.0019    -0.0191
      -6.00    -1.4620     0.7456     0.2048    -0.0011     0.0005    -0.0174
      -4.00    -0.9097     0.4639     0.2033    -0.0001     0.0001    -0.0157
      -2.00    -0.4183     0.2134     0.2016     0.0000     0.0000    -0.0137
       0.00     0.0000     0.0000     0.2004     0.0000     0.0000    -0.0123
       2.00     0.4183    -0.2134     0.2016     0.0000     0.0000    -0.0137
       4.00     0.9097    -0.4639     0.2033     0.0001    -0.0001    -0.0157
       6.00     1.4620    -0.7456     0.2048     0.0011    -0.0005    -0.0174
       8.00     2.0160    -1.0282     0.2060     0.0038    -0.0019    -0.0191
      10.00     2.5561    -1.3036     0.2070     0.0083    -0.0043    -0.0209
1         ***** THE USAF AUTOMATED MISSILE DATCOM * REV 3/99 *****     CASE   1
               AERODYNAMIC METHODS FOR MISSILE CONFIGURATIONS          PAGE  50
                 AERODYNAMIC FORCE AND MOMENT SYNTHESIS

       ******* FLIGHT CONDITIONS AND REFERENCE QUANTITIES *******
     MACH NO  =       1.40                REYNOLDS NO = 3.246E+07 /M
     ALTITUDE =        0.0 M         DYNAMIC PRESSURE = 139018.12 N/M**2
     SIDESLIP =       0.00 DEG                   ROLL =      0.00 DEG     
     REF AREA =      0.001 M**2         MOMENT CENTER =     0.198 M
     REF LENGTH =     0.60 M           LAT REF LENGTH =      0.60 M

          ---------------FIN SET 1 PANEL CHARACTERISTICS------------------

      ALPHA      PANEL    AEQ (PANEL AXIS SYS.)    PANEL CN

     -10.00        1              0.9877           0.0279
     -10.00        2            -10.0664          -0.3947
     -10.00        3            -13.9898          -0.6085
     -10.00        4             -7.4940          -0.2711
     -10.00        5              1.5473           0.0443
     -10.00        6             11.3592           0.4620
     -10.00        7             16.9337           0.7858
     -10.00        8             12.3460           0.5155
 
      -8.00        1              1.0766           0.0304
      -8.00        2             -7.9310          -0.2911
      -8.00        3            -11.2577          -0.4566
      -8.00        4             -6.5902          -0.2310
      -8.00        5              1.7016           0.0489
      -8.00        6             10.1543           0.3992
      -8.00        7             14.1828           0.6197
      -8.00        8             10.3218           0.4078
 
      -6.00        1              1.1682           0.0331
      -6.00        2             -5.6976          -0.1934
      -6.00        3             -8.3160          -0.3090
      -6.00        4             -5.1676          -0.1719
      -6.00        5              1.7265           0.0497
      -6.00        6              8.4991           0.3177
      -6.00        7             11.2297           0.4551
      -6.00        8              8.2086           0.3040
 
      -4.00        1              1.2623           0.0358
      -4.00        2             -3.3704          -0.1040
      -4.00        3             -5.1626          -0.1717
      -4.00        4             -3.0987          -0.0945
      -4.00        5              1.6492           0.0473
      -4.00        6              6.2819           0.2178
      -4.00        7              8.0741           0.2977
      -4.00        8              6.0102           0.2064
 
      -2.00        1              1.3584           0.0387
      -2.00        2             -0.9784          -0.0276
      -2.00        3             -1.8875          -0.0546
      -2.00        4             -0.8409          -0.0237
      -2.00        5              1.5531           0.0445
      -2.00        6              3.8899           0.1228
      -2.00        7              4.7990           0.1573
      -2.00        8              3.7524           0.1178
 
       0.00        1              1.4557           0.0415
       0.00        2              1.4557           0.0415
       0.00        3              1.4557           0.0415
       0.00        4              1.4557           0.0415
       0.00        5              1.4557           0.0415
       0.00        6              1.4557           0.0415
       0.00        7              1.4557           0.0415
       0.00        8              1.4557           0.0415
 
       2.00        1              1.5531           0.0445
       2.00        2              3.8899           0.1228
       2.00        3              4.7990           0.1573
       2.00        4              3.7524           0.1178
       2.00        5              1.3584           0.0387
       2.00        6             -0.9784          -0.0276
       2.00        7             -1.8875          -0.0546
       2.00        8             -0.8409          -0.0237
 
       4.00        1              1.6492           0.0473
       4.00        2              6.2819           0.2178
       4.00        3              8.0741           0.2977
       4.00        4              6.0102           0.2064
       4.00        5              1.2623           0.0358
       4.00        6             -3.3704          -0.1040
       4.00        7             -5.1626          -0.1717
       4.00        8             -3.0987          -0.0945
 
       6.00        1              1.7265           0.0497
       6.00        2              8.4991           0.3177
       6.00        3             11.2297           0.4551
       6.00        4              8.2086           0.3040
       6.00        5              1.1682           0.0331
       6.00        6             -5.6976          -0.1934
       6.00        7             -8.3160          -0.3090
       6.00        8             -5.1676          -0.1719
 
       8.00        1              1.7016           0.0489
       8.00        2             10.1543           0.3992
       8.00        3             14.1828           0.6197
       8.00        4             10.3218           0.4078
       8.00        5              1.0766           0.0304
       8.00        6             -7.9310          -0.2911
       8.00        7            -11.2577          -0.4566
       8.00        8             -6.5902          -0.2310
 
      10.00        1              1.5473           0.0443
      10.00        2             11.3592           0.4620
      10.00        3             16.9337           0.7858
      10.00        4             12.3460           0.5155
      10.00        5              0.9877           0.0279
      10.00        6            -10.0664          -0.3947
      10.00        7            -13.9898          -0.6085
      10.00        8             -7.4940          -0.2711
 
1         ***** THE USAF AUTOMATED MISSILE DATCOM * REV 3/99 *****     CASE   1
               AERODYNAMIC METHODS FOR MISSILE CONFIGURATIONS          PAGE  51
                 AERODYNAMIC FORCE AND MOMENT SYNTHESIS

       ******* FLIGHT CONDITIONS AND REFERENCE QUANTITIES *******
     MACH NO  =       1.40                REYNOLDS NO = 3.246E+07 /M
     ALTITUDE =        0.0 M         DYNAMIC PRESSURE = 139018.12 N/M**2
     SIDESLIP =       0.00 DEG                   ROLL =      0.00 DEG     
     REF AREA =      0.001 M**2         MOMENT CENTER =     0.198 M
     REF LENGTH =     0.60 M           LAT REF LENGTH =      0.60 M

             CARRYOVER INTERFERENCE FACTORS - FIN SET 1

      ALPHA   K-W(B)   K-B(W)  KK-W(B)  KK-B(W)  XCP-W(B) XCP-B(W) Y-CP/(B/2)

     -10.00   1.6020   1.1241   0.9535   0.6600   0.5100   0.4200   0.3911
      -8.00   1.6237   1.1241   0.9535   0.6600   0.5100   0.4200   0.3752
      -6.00   1.6435   1.1241   0.9535   0.6600   0.5100   0.4200   0.3866
      -4.00   1.6607   1.1241   0.9535   0.6600   0.5100   0.4200   0.3994
      -2.00   1.6743   1.1241   0.9535   0.6600   0.5100   0.4200   0.4234
       0.00   1.6818   1.1241   0.9535   0.6600   0.5100   0.4200   0.4449
       2.00   1.6743   1.1241   0.9535   0.6600   0.5100   0.4200   0.4499
       4.00   1.6607   1.1241   0.9535   0.6600   0.5100   0.4200   0.4300
       6.00   1.6435   1.1241   0.9535   0.6600   0.5100   0.4200   0.4082
       8.00   1.6237   1.1241   0.9535   0.6600   0.5100   0.4200   0.3962
      10.00   1.6020   1.1241   0.9535   0.6600   0.5100   0.4200   0.3909

    NOTE - XCP-W(B) USED FOR STABILITY ONLY DIFFERENT VALUES USED FOR HINGE MOMENTS
1         ***** THE USAF AUTOMATED MISSILE DATCOM * REV 3/99 *****     CASE   1
               AERODYNAMIC METHODS FOR MISSILE CONFIGURATIONS          PAGE  52
        FIN SET 1 PANEL BENDING MOMENTS (ABOUT EXPOSED ROOT CHORD)

       ******* FLIGHT CONDITIONS AND REFERENCE QUANTITIES *******
     MACH NO  =       1.40                REYNOLDS NO = 3.246E+07 /M
     ALTITUDE =        0.0 M         DYNAMIC PRESSURE = 139018.12 N/M**2
     SIDESLIP =       0.00 DEG                   ROLL =      0.00 DEG     
     REF AREA =      0.001 M**2         MOMENT CENTER =     0.198 M
     REF LENGTH =     0.60 M           LAT REF LENGTH =      0.60 M

   ALPHA   PANL 1   PANL 2   PANL 3   PANL 4   PANL 5   PANL 6   PANL 7   PANL 8
 
   -10.0  1.73E-04 -2.44E-03 -3.77E-03 -1.68E-03  2.74E-04  2.86E-03  4.87E-03  3.19E-03
    -8.0  1.81E-04 -1.73E-03 -2.71E-03 -1.37E-03  2.91E-04  2.37E-03  3.68E-03  2.42E-03
    -6.0  2.03E-04 -1.18E-03 -1.89E-03 -1.05E-03  3.04E-04  1.94E-03  2.79E-03  1.86E-03
    -4.0  2.27E-04 -6.58E-04 -1.09E-03 -5.97E-04  2.99E-04  1.38E-03  1.88E-03  1.30E-03
    -2.0  2.59E-04 -1.85E-04 -3.66E-04 -1.59E-04  2.98E-04  8.23E-04  1.05E-03  7.90E-04
     0.0  2.93E-04  2.93E-04  2.93E-04  2.93E-04  2.93E-04  2.93E-04  2.93E-04  2.93E-04
     2.0  3.17E-04  8.75E-04  1.12E-03  8.39E-04  2.75E-04 -1.97E-04 -3.89E-04 -1.69E-04
     4.0  3.22E-04  1.48E-03  2.03E-03  1.40E-03  2.44E-04 -7.08E-04 -1.17E-03 -6.43E-04
     6.0  3.21E-04  2.05E-03  2.94E-03  1.96E-03  2.14E-04 -1.25E-03 -2.00E-03 -1.11E-03
     8.0  3.07E-04  2.50E-03  3.89E-03  2.56E-03  1.91E-04 -1.83E-03 -2.86E-03 -1.45E-03
    10.0  2.74E-04  2.86E-03  4.86E-03  3.19E-03  1.73E-04 -2.44E-03 -3.77E-03 -1.68E-03
1         ***** THE USAF AUTOMATED MISSILE DATCOM * REV 3/99 *****     CASE   1
               AERODYNAMIC METHODS FOR MISSILE CONFIGURATIONS          PAGE  53
            FIN SET 1 PANEL HINGE MOMENTS (ABOUT HINGE LINE)

       ******* FLIGHT CONDITIONS AND REFERENCE QUANTITIES *******
     MACH NO  =       1.40                REYNOLDS NO = 3.246E+07 /M
     ALTITUDE =        0.0 M         DYNAMIC PRESSURE = 139018.12 N/M**2
     SIDESLIP =       0.00 DEG                   ROLL =      0.00 DEG     
     REF AREA =      0.001 M**2         MOMENT CENTER =     0.198 M
     REF LENGTH =     0.60 M           LAT REF LENGTH =      0.60 M

   ALPHA   PANL 1   PANL 2   PANL 3   PANL 4   PANL 5   PANL 6   PANL 7   PANL 8
 
   -10.0  4.52E-03 -5.97E-02 -8.81E-02 -4.20E-02  7.16E-03  6.89E-02  1.10E-01  7.61E-02
    -8.0  4.94E-03 -4.49E-02 -6.82E-02 -3.61E-02  7.91E-03  6.03E-02  8.95E-02  6.15E-02
    -6.0  5.36E-03 -3.04E-02 -4.75E-02 -2.71E-02  8.03E-03  4.88E-02  6.80E-02  4.68E-02
    -4.0  5.81E-03 -1.66E-02 -2.71E-02 -1.51E-02  7.65E-03  3.41E-02  4.59E-02  3.24E-02
    -2.0  6.26E-03 -4.48E-03 -8.82E-03 -3.84E-03  7.19E-03  1.96E-02  2.49E-02  1.88E-02
     0.0  6.72E-03  6.72E-03  6.72E-03  6.72E-03  6.72E-03  6.72E-03  6.72E-03  6.72E-03
     2.0  7.19E-03  1.96E-02  2.49E-02  1.88E-02  6.26E-03 -4.48E-03 -8.82E-03 -3.84E-03
     4.0  7.65E-03  3.41E-02  4.59E-02  3.24E-02  5.81E-03 -1.66E-02 -2.71E-02 -1.51E-02
     6.0  8.03E-03  4.88E-02  6.80E-02  4.68E-02  5.36E-03 -3.04E-02 -4.75E-02 -2.71E-02
     8.0  7.91E-03  6.03E-02  8.95E-02  6.15E-02  4.94E-03 -4.49E-02 -6.82E-02 -3.61E-02
    10.0  7.16E-03  6.89E-02  1.10E-01  7.61E-02  4.52E-03 -5.97E-02 -8.81E-02 -4.20E-02
1         ***** THE USAF AUTOMATED MISSILE DATCOM * REV 3/99 *****     CASE   1
               AERODYNAMIC METHODS FOR MISSILE CONFIGURATIONS          PAGE  54
                   STATIC AERODYNAMICS FOR BODY-FIN SET 1

       ******* FLIGHT CONDITIONS AND REFERENCE QUANTITIES *******
     MACH NO  =       1.40                REYNOLDS NO = 3.246E+07 /M
     ALTITUDE =        0.0 M         DYNAMIC PRESSURE = 139018.12 N/M**2
     SIDESLIP =       0.00 DEG                   ROLL =      0.00 DEG     
     REF AREA =      0.001 M**2         MOMENT CENTER =     0.198 M
     REF LENGTH =     0.60 M           LAT REF LENGTH =      0.60 M

                   ----- LONGITUDINAL -----     -- LATERAL DIRECTIONAL --
         ALPHA       CN        CM        CA        CY       CLN       CLL

        -10.00    -5.300     2.068     0.647    -0.014     0.007    -0.021
         -8.00    -4.062     1.600     0.649    -0.006     0.003    -0.019
         -6.00    -2.883     1.141     0.650    -0.002     0.001    -0.017
         -4.00    -1.764     0.697     0.650     0.000     0.000    -0.016
         -2.00    -0.799     0.315     0.649     0.000     0.000    -0.014
          0.00     0.000     0.000     0.648     0.000     0.000    -0.012
          2.00     0.799    -0.315     0.649     0.000     0.000    -0.014
          4.00     1.764    -0.697     0.650     0.000     0.000    -0.016
          6.00     2.883    -1.141     0.650     0.002    -0.001    -0.017
          8.00     4.062    -1.600     0.649     0.006    -0.003    -0.019
         10.00     5.300    -2.068     0.647     0.014    -0.007    -0.021

         ALPHA       CL        CD      CL/CD     X-C.P.

        -10.00    -5.107     1.557    -3.280    -0.390
         -8.00    -3.932     1.208    -3.256    -0.394
         -6.00    -2.799     0.947    -2.955    -0.396
         -4.00    -1.714     0.771    -2.223    -0.395
         -2.00    -0.775     0.676    -1.146    -0.394
          0.00     0.000     0.648     0.000    -0.474
          2.00     0.775     0.676     1.146    -0.394
          4.00     1.714     0.771     2.223    -0.395
          6.00     2.799     0.947     2.955    -0.396
          8.00     3.932     1.208     3.256    -0.394
         10.00     5.107     1.557     3.280    -0.390

    X-C.P. MEAS. FROM MOMENT CENTER IN REF. LENGTHS, NEG. AFT OF MOMENT CENTER
1         ***** THE USAF AUTOMATED MISSILE DATCOM * REV 3/99 *****     CASE   1
               AERODYNAMIC METHODS FOR MISSILE CONFIGURATIONS          PAGE  55
                   STATIC AERODYNAMICS FOR BODY-FIN SET 1

       ******* FLIGHT CONDITIONS AND REFERENCE QUANTITIES *******
     MACH NO  =       1.40                REYNOLDS NO = 3.246E+07 /M
     ALTITUDE =        0.0 M         DYNAMIC PRESSURE = 139018.12 N/M**2
     SIDESLIP =       0.00 DEG                   ROLL =      0.00 DEG     
     REF AREA =      0.001 M**2         MOMENT CENTER =     0.198 M
     REF LENGTH =     0.60 M           LAT REF LENGTH =      0.60 M

                   ---------- DERIVATIVES (PER DEGREE) ----------
         ALPHA       CNA         CMA         CYB         CLNB        CLLB
        -10.00      0.6337     -0.2360     -0.5228      0.2038      0.0004
         -8.00      0.6041     -0.2317     -0.5048      0.1987      0.0001
         -6.00      0.5744     -0.2257     -0.4769      0.1885     -0.0001
         -4.00      0.5205     -0.2065     -0.4421      0.1748     -0.0002
         -2.00      0.4403     -0.1743     -0.4035      0.1590     -0.0003
          0.00      0.3993     -0.1574     -0.3858      0.1517     -0.0004
          2.00      0.4403     -0.1743     -0.4037      0.1591     -0.0003
          4.00      0.5205     -0.2065     -0.4425      0.1750     -0.0002
          6.00      0.5744     -0.2257     -0.4765      0.1883     -0.0002
          8.00      0.6041     -0.2317     -0.4987      0.1959     -0.0005
         10.00      0.6337     -0.2360     -0.5115      0.1984     -0.0004

    PANEL DEFLECTION ANGLES (DEGREES)
    SET    FIN 1   FIN 2   FIN 3   FIN 4   FIN 5   FIN 6   FIN 7   FIN 8
      1    1.67    1.67    1.67    1.67    1.67    1.67    1.67    1.67

    BODY ALONE LINEAR DATA GENERATED FROM VAN DYKE HYBRID THEORY

1         ***** THE USAF AUTOMATED MISSILE DATCOM * REV 3/99 *****     CASE   1
               AERODYNAMIC METHODS FOR MISSILE CONFIGURATIONS          PAGE  56
                             BODY ALONE PARTIAL OUTPUT

       ******* FLIGHT CONDITIONS AND REFERENCE QUANTITIES *******
     MACH NO  =       2.00                REYNOLDS NO = 4.637E+07 /M
     ALTITUDE =        0.0 M         DYNAMIC PRESSURE = 283710.47 N/M**2
     SIDESLIP =       0.00 DEG                   ROLL =      0.00 DEG     
     REF AREA =      0.001 M**2         MOMENT CENTER =     0.198 M
     REF LENGTH =     0.60 M           LAT REF LENGTH =      0.60 M

      ALPHA    CA-FRIC  CA-PRES/WAVE CA-BASE    CA-PROT     CA-SEP     CA-ALP
     -10.00     0.1257     0.1041     0.1448                           0.0000
      -8.00     0.1271     0.1044     0.1456                           0.0000
      -6.00     0.1281     0.1046     0.1462                           0.0000
      -4.00     0.1289     0.1047     0.1466                           0.0000
      -2.00     0.1294     0.1048     0.1469                           0.0000
       0.00     0.1296     0.1049     0.1470                           0.0000
       2.00     0.1294     0.1048     0.1469                           0.0000
       4.00     0.1289     0.1047     0.1466                           0.0000
       6.00     0.1281     0.1046     0.1462                           0.0000
       8.00     0.1271     0.1044     0.1456                           0.0000
      10.00     0.1257     0.1041     0.1448                           0.0000

                     CROSS FLOW DRAG PROPORTIONALITY FACTOR = 1.00000

      ALPHA    CN-POTEN  CN-VISC   CN-SEP    CM-POTEN  CM-VISC   CM-SEP    CDC
     -10.00    -0.451    -0.646              -0.114     0.128             1.071
      -8.00    -0.364    -0.377              -0.092     0.075             0.973
      -6.00    -0.275    -0.191              -0.069     0.038             0.875
      -4.00    -0.184    -0.080              -0.046     0.016             0.825
      -2.00    -0.092    -0.019              -0.023     0.004             0.783
       0.00     0.000     0.000               0.000     0.000             0.740
       2.00     0.092     0.019               0.023    -0.004             0.783
       4.00     0.184     0.080               0.046    -0.016             0.825
       6.00     0.275     0.191               0.069    -0.038             0.875
       8.00     0.364     0.377               0.092    -0.075             0.973
      10.00     0.451     0.646               0.114    -0.128             1.071
1         ***** THE USAF AUTOMATED MISSILE DATCOM * REV 3/99 *****     CASE   1
               AERODYNAMIC METHODS FOR MISSILE CONFIGURATIONS          PAGE  57
                        FIN SET 1 CA PARTIAL OUTPUT

       ******* FLIGHT CONDITIONS AND REFERENCE QUANTITIES *******
     MACH NO  =       2.00                REYNOLDS NO = 4.637E+07 /M
     ALTITUDE =        0.0 M         DYNAMIC PRESSURE = 283710.47 N/M**2
     SIDESLIP =       0.00 DEG                   ROLL =      0.00 DEG     
     REF AREA =      0.001 M**2         MOMENT CENTER =     0.198 M
     REF LENGTH =     0.60 M           LAT REF LENGTH =      0.60 M

    SINGLE FIN PANEL ZERO-LIFT AXIAL FORCE COMPONENTS

    SKIN FRICTION        0.0091
    SUBSONIC PRESSURE    0.0000
    TRANSONIC WAVE       0.0000
    SUPERSONIC WAVE      0.0082
    LEADING EDGE         0.0000
    TRAILING EDGE        0.0000
    TOTAL CAO            0.0172

    FIN AXIAL FORCE DUE TO ANGLE OF ATTACK

    ALPHA      CA DUE TO LIFT (SINGLE PANEL)   CA-TOTAL (8 FINS)

     -10.00              0.0000                      0.1359
      -8.00              0.0000                      0.1366
      -6.00              0.0000                      0.1372
      -4.00              0.0000                      0.1376
      -2.00              0.0000                      0.1379
       0.00              0.0000                      0.1379
       2.00              0.0000                      0.1379
       4.00              0.0000                      0.1376
       6.00              0.0000                      0.1372
       8.00              0.0000                      0.1366
      10.00              0.0000                      0.1359
1         ***** THE USAF AUTOMATED MISSILE DATCOM * REV 3/99 *****     CASE   1
               AERODYNAMIC METHODS FOR MISSILE CONFIGURATIONS          PAGE  58
                       FIN SET 1 CN, CM PARTIAL OUTPUT

       ******* FLIGHT CONDITIONS AND REFERENCE QUANTITIES *******
     MACH NO  =       2.00                REYNOLDS NO = 4.637E+07 /M
     ALTITUDE =        0.0 M         DYNAMIC PRESSURE = 283710.47 N/M**2
     SIDESLIP =       0.00 DEG                   ROLL =      0.00 DEG     
     REF AREA =      0.001 M**2         MOMENT CENTER =     0.198 M
     REF LENGTH =     0.60 M           LAT REF LENGTH =      0.60 M

    NORMAL FORCE SLOPE AT ALPHA ZERO, CNA =    0.01491/DEG (1 PANEL)
         CENTER OF PRESSURE FOR LINEAR CN =   -0.51000 (CALIBERS FROM C.G.)
     CENTER OF PRESSURE FOR NON-LINEAR CN =   -0.50333 (CALIBERS FROM C.G.)

      ALPHA      CN        CN        CN        CM        CM        CM
               LINEAR  NON-LINEAR  TOTAL     LINEAR  NON-LINEAR  TOTAL

     -10.00   -0.5889   -0.1138   -0.7027    0.3003    0.0573    0.3576
      -8.00   -0.4733   -0.0569   -0.5302    0.2414    0.0286    0.2700
      -6.00   -0.3562   -0.0234   -0.3796    0.1817    0.0118    0.1935
      -4.00   -0.2381   -0.0068   -0.2449    0.1214    0.0034    0.1248
      -2.00   -0.1192   -0.0008   -0.1201    0.0608    0.0004    0.0612
       0.00    0.0000    0.0000    0.0000    0.0000    0.0000    0.0000
       2.00    0.1192    0.0008    0.1201   -0.0608   -0.0004   -0.0612
       4.00    0.2381    0.0068    0.2449   -0.1214   -0.0034   -0.1248
       6.00    0.3562    0.0234    0.3796   -0.1817   -0.0118   -0.1935
       8.00    0.4733    0.0569    0.5302   -0.2414   -0.0286   -0.2700
      10.00    0.5889    0.1138    0.7027   -0.3003   -0.0573   -0.3576
1         ***** THE USAF AUTOMATED MISSILE DATCOM * REV 3/99 *****     CASE   1
               AERODYNAMIC METHODS FOR MISSILE CONFIGURATIONS          PAGE  59
                 AERODYNAMIC FORCE AND MOMENT SYNTHESIS

       ******* FLIGHT CONDITIONS AND REFERENCE QUANTITIES *******
     MACH NO  =       2.00                REYNOLDS NO = 4.637E+07 /M
     ALTITUDE =        0.0 M         DYNAMIC PRESSURE = 283710.47 N/M**2
     SIDESLIP =       0.00 DEG                   ROLL =      0.00 DEG     
     REF AREA =      0.001 M**2         MOMENT CENTER =     0.198 M
     REF LENGTH =     0.60 M           LAT REF LENGTH =      0.60 M

          ---------------FIN SET 1 IN PRESENCE OF THE BODY----------------

      ALPHA       CN         CM         CA         CY         CLN        CLL

     -10.00    -1.2280     0.6263     0.1469    -0.0062     0.0031    -0.0112
      -8.00    -0.9394     0.4791     0.1456    -0.0019     0.0010    -0.0096
      -6.00    -0.6741     0.3438     0.1445    -0.0002     0.0001    -0.0083
      -4.00    -0.4257     0.2171     0.1437     0.0000     0.0000    -0.0073
      -2.00    -0.2051     0.1046     0.1432     0.0000     0.0000    -0.0067
       0.00     0.0000     0.0000     0.1430     0.0000     0.0000    -0.0065
       2.00     0.2051    -0.1046     0.1432     0.0000     0.0000    -0.0067
       4.00     0.4257    -0.2171     0.1437     0.0000     0.0000    -0.0073
       6.00     0.6741    -0.3438     0.1445     0.0002    -0.0001    -0.0083
       8.00     0.9394    -0.4791     0.1456     0.0019    -0.0010    -0.0096
      10.00     1.2280    -0.6263     0.1469     0.0062    -0.0031    -0.0112
1         ***** THE USAF AUTOMATED MISSILE DATCOM * REV 3/99 *****     CASE   1
               AERODYNAMIC METHODS FOR MISSILE CONFIGURATIONS          PAGE  60
                 AERODYNAMIC FORCE AND MOMENT SYNTHESIS

       ******* FLIGHT CONDITIONS AND REFERENCE QUANTITIES *******
     MACH NO  =       2.00                REYNOLDS NO = 4.637E+07 /M
     ALTITUDE =        0.0 M         DYNAMIC PRESSURE = 283710.47 N/M**2
     SIDESLIP =       0.00 DEG                   ROLL =      0.00 DEG     
     REF AREA =      0.001 M**2         MOMENT CENTER =     0.198 M
     REF LENGTH =     0.60 M           LAT REF LENGTH =      0.60 M

          ---------------FIN SET 1 PANEL CHARACTERISTICS------------------

      ALPHA      PANEL    AEQ (PANEL AXIS SYS.)    PANEL CN

     -10.00        1              1.0024           0.0150
     -10.00        2            -10.0249          -0.1806
     -10.00        3            -13.8986          -0.2926
     -10.00        4             -6.9964          -0.1144
     -10.00        5              1.6441           0.0246
     -10.00        6             10.9761           0.2048
     -10.00        7             16.8763           0.4104
     -10.00        8             12.3339           0.2429
 
      -8.00        1              1.0908           0.0163
      -8.00        2             -7.9043          -0.1326
      -8.00        3            -11.2104          -0.2111
      -8.00        4             -6.3790          -0.1027
      -8.00        5              1.7476           0.0262
      -8.00        6             10.0025           0.1801
      -8.00        7             14.1656           0.3017
      -8.00        8             10.3234           0.1880
 
      -6.00        1              1.1820           0.0177
      -6.00        2             -5.6795          -0.0900
      -6.00        3             -8.2947          -0.1408
      -6.00        4             -5.1303          -0.0804
      -6.00        5              1.7453           0.0262
      -6.00        6              8.4909           0.1451
      -6.00        7             11.2360           0.2118
      -6.00        8              8.2182           0.1392
 
      -4.00        1              1.2760           0.0191
      -4.00        2             -3.3553          -0.0511
      -4.00        3             -5.1470          -0.0806
      -4.00        4             -3.0836          -0.0468
      -4.00        5              1.6628           0.0249
      -4.00        6              6.2941           0.1011
      -4.00        7              8.0858           0.1364
      -4.00        8              6.0225           0.0961
 
      -2.00        1              1.3720           0.0205
      -2.00        2             -0.9645          -0.0144
      -2.00        3             -1.8735          -0.0281
      -2.00        4             -0.8270          -0.0123
      -2.00        5              1.5668           0.0235
      -2.00        6              3.9033           0.0599
      -2.00        7              4.8124           0.0749
      -2.00        8              3.7658           0.0576
 
       0.00        1              1.4694           0.0220
       0.00        2              1.4694           0.0220
       0.00        3              1.4694           0.0220
       0.00        4              1.4694           0.0220
       0.00        5              1.4694           0.0220
       0.00        6              1.4694           0.0220
       0.00        7              1.4694           0.0220
       0.00        8              1.4694           0.0220
 
       2.00        1              1.5668           0.0235
       2.00        2              3.9033           0.0599
       2.00        3              4.8124           0.0749
       2.00        4              3.7658           0.0576
       2.00        5              1.3720           0.0205
       2.00        6             -0.9645          -0.0144
       2.00        7             -1.8735          -0.0281
       2.00        8             -0.8270          -0.0123
 
       4.00        1              1.6628           0.0249
       4.00        2              6.2941           0.1011
       4.00        3              8.0858           0.1364
       4.00        4              6.0225           0.0961
       4.00        5              1.2760           0.0191
       4.00        6             -3.3553          -0.0511
       4.00        7             -5.1470          -0.0806
       4.00        8             -3.0836          -0.0468
 
       6.00        1              1.7453           0.0262
       6.00        2              8.4909           0.1451
       6.00        3             11.2360           0.2118
       6.00        4              8.2182           0.1392
       6.00        5              1.1820           0.0177
       6.00        6             -5.6795          -0.0900
       6.00        7             -8.2947          -0.1408
       6.00        8             -5.1303          -0.0804
 
       8.00        1              1.7476           0.0262
       8.00        2             10.0025           0.1801
       8.00        3             14.1656           0.3017
       8.00        4             10.3234           0.1880
       8.00        5              1.0908           0.0163
       8.00        6             -7.9043          -0.1326
       8.00        7            -11.2104          -0.2111
       8.00        8             -6.3790          -0.1027
 
      10.00        1              1.6441           0.0246
      10.00        2             10.9761           0.2048
      10.00        3             16.8763           0.4104
      10.00        4             12.3339           0.2429
      10.00        5              1.0024           0.0150
      10.00        6            -10.0249          -0.1806
      10.00        7            -13.8986          -0.2926
      10.00        8             -6.9964          -0.1144
 
1         ***** THE USAF AUTOMATED MISSILE DATCOM * REV 3/99 *****     CASE   1
               AERODYNAMIC METHODS FOR MISSILE CONFIGURATIONS          PAGE  61
                 AERODYNAMIC FORCE AND MOMENT SYNTHESIS

       ******* FLIGHT CONDITIONS AND REFERENCE QUANTITIES *******
     MACH NO  =       2.00                REYNOLDS NO = 4.637E+07 /M
     ALTITUDE =        0.0 M         DYNAMIC PRESSURE = 283710.47 N/M**2
     SIDESLIP =       0.00 DEG                   ROLL =      0.00 DEG     
     REF AREA =      0.001 M**2         MOMENT CENTER =     0.198 M
     REF LENGTH =     0.60 M           LAT REF LENGTH =      0.60 M

             CARRYOVER INTERFERENCE FACTORS - FIN SET 1

      ALPHA   K-W(B)   K-B(W)  KK-W(B)  KK-B(W)  XCP-W(B) XCP-B(W) Y-CP/(B/2)

     -10.00   1.6002   1.1241   0.9535   0.6600   0.5100   0.4200   0.4073
      -8.00   1.6224   1.1241   0.9535   0.6600   0.5100   0.4200   0.4128
      -6.00   1.6426   1.1241   0.9535   0.6600   0.5100   0.4200   0.4257
      -4.00   1.6602   1.1241   0.9535   0.6600   0.5100   0.4200   0.4371
      -2.00   1.6741   1.1241   0.9535   0.6600   0.5100   0.4200   0.4474
       0.00   1.6818   1.1241   0.9535   0.6600   0.5100   0.4200   0.4568
       2.00   1.6741   1.1241   0.9535   0.6600   0.5100   0.4200   0.4594
       4.00   1.6602   1.1241   0.9535   0.6600   0.5100   0.4200   0.4502
       6.00   1.6426   1.1241   0.9535   0.6600   0.5100   0.4200   0.4413
       8.00   1.6224   1.1241   0.9535   0.6600   0.5100   0.4200   0.4354
      10.00   1.6002   1.1241   0.9535   0.6600   0.5100   0.4200   0.4323

    NOTE - XCP-W(B) USED FOR STABILITY ONLY DIFFERENT VALUES USED FOR HINGE MOMENTS
1         ***** THE USAF AUTOMATED MISSILE DATCOM * REV 3/99 *****     CASE   1
               AERODYNAMIC METHODS FOR MISSILE CONFIGURATIONS          PAGE  62
        FIN SET 1 PANEL BENDING MOMENTS (ABOUT EXPOSED ROOT CHORD)

       ******* FLIGHT CONDITIONS AND REFERENCE QUANTITIES *******
     MACH NO  =       2.00                REYNOLDS NO = 4.637E+07 /M
     ALTITUDE =        0.0 M         DYNAMIC PRESSURE = 283710.47 N/M**2
     SIDESLIP =       0.00 DEG                   ROLL =      0.00 DEG     
     REF AREA =      0.001 M**2         MOMENT CENTER =     0.198 M
     REF LENGTH =     0.60 M           LAT REF LENGTH =      0.60 M

   ALPHA   PANL 1   PANL 2   PANL 3   PANL 4   PANL 5   PANL 6   PANL 7   PANL 8
 
   -10.0  9.66E-05 -1.16E-03 -1.89E-03 -7.38E-04  1.59E-04  1.32E-03  2.65E-03  1.57E-03
    -8.0  1.07E-04 -8.67E-04 -1.38E-03 -6.71E-04  1.71E-04  1.18E-03  1.97E-03  1.23E-03
    -6.0  1.19E-04 -6.06E-04 -9.49E-04 -5.42E-04  1.76E-04  9.78E-04  1.43E-03  9.38E-04
    -4.0  1.32E-04 -3.54E-04 -5.58E-04 -3.24E-04  1.73E-04  7.00E-04  9.44E-04  6.65E-04
    -2.0  1.45E-04 -1.02E-04 -1.99E-04 -8.75E-05  1.66E-04  4.24E-04  5.31E-04  4.08E-04
     0.0  1.59E-04  1.59E-04  1.59E-04  1.59E-04  1.59E-04  1.59E-04  1.59E-04  1.59E-04
     2.0  1.71E-04  4.35E-04  5.45E-04  4.19E-04  1.49E-04 -1.05E-04 -2.05E-04 -8.98E-05
     4.0  1.78E-04  7.21E-04  9.72E-04  6.85E-04  1.36E-04 -3.64E-04 -5.75E-04 -3.34E-04
     6.0  1.83E-04  1.01E-03  1.48E-03  9.73E-04  1.23E-04 -6.29E-04 -9.84E-04 -5.62E-04
     8.0  1.81E-04  1.24E-03  2.08E-03  1.30E-03  1.12E-04 -9.14E-04 -1.46E-03 -7.08E-04
    10.0  1.69E-04  1.40E-03  2.81E-03  1.66E-03  1.03E-04 -1.24E-03 -2.00E-03 -7.83E-04
1         ***** THE USAF AUTOMATED MISSILE DATCOM * REV 3/99 *****     CASE   1
               AERODYNAMIC METHODS FOR MISSILE CONFIGURATIONS          PAGE  63
            FIN SET 1 PANEL HINGE MOMENTS (ABOUT HINGE LINE)

       ******* FLIGHT CONDITIONS AND REFERENCE QUANTITIES *******
     MACH NO  =       2.00                REYNOLDS NO = 4.637E+07 /M
     ALTITUDE =        0.0 M         DYNAMIC PRESSURE = 283710.47 N/M**2
     SIDESLIP =       0.00 DEG                   ROLL =      0.00 DEG     
     REF AREA =      0.001 M**2         MOMENT CENTER =     0.198 M
     REF LENGTH =     0.60 M           LAT REF LENGTH =      0.60 M

   ALPHA   PANL 1   PANL 2   PANL 3   PANL 4   PANL 5   PANL 6   PANL 7   PANL 8
 
   -10.0  2.39E-03 -2.72E-02 -4.23E-02 -1.77E-02  3.93E-03  3.06E-02  5.66E-02  3.58E-02
    -8.0  2.61E-03 -2.03E-02 -3.15E-02 -1.59E-02  4.17E-03  2.71E-02  4.34E-02  2.83E-02
    -6.0  2.82E-03 -1.40E-02 -2.15E-02 -1.26E-02  4.17E-03  2.21E-02  3.15E-02  2.13E-02
    -4.0  3.05E-03 -8.07E-03 -1.26E-02 -7.40E-03  3.97E-03  1.57E-02  2.09E-02  1.49E-02
    -2.0  3.28E-03 -2.30E-03 -4.48E-03 -1.98E-03  3.74E-03  9.42E-03  1.17E-02  9.08E-03
     0.0  3.51E-03  3.51E-03  3.51E-03  3.51E-03  3.51E-03  3.51E-03  3.51E-03  3.51E-03
     2.0  3.74E-03  9.42E-03  1.17E-02  9.08E-03  3.28E-03 -2.30E-03 -4.48E-03 -1.98E-03
     4.0  3.97E-03  1.57E-02  2.09E-02  1.49E-02  3.05E-03 -8.07E-03 -1.26E-02 -7.40E-03
     6.0  4.17E-03  2.21E-02  3.15E-02  2.13E-02  2.82E-03 -1.40E-02 -2.15E-02 -1.26E-02
     8.0  4.17E-03  2.71E-02  4.34E-02  2.83E-02  2.61E-03 -2.03E-02 -3.15E-02 -1.59E-02
    10.0  3.93E-03  3.06E-02  5.66E-02  3.58E-02  2.39E-03 -2.72E-02 -4.23E-02 -1.77E-02
1         ***** THE USAF AUTOMATED MISSILE DATCOM * REV 3/99 *****     CASE   1
               AERODYNAMIC METHODS FOR MISSILE CONFIGURATIONS          PAGE  64
                   STATIC AERODYNAMICS FOR BODY-FIN SET 1

       ******* FLIGHT CONDITIONS AND REFERENCE QUANTITIES *******
     MACH NO  =       2.00                REYNOLDS NO = 4.637E+07 /M
     ALTITUDE =        0.0 M         DYNAMIC PRESSURE = 283710.47 N/M**2
     SIDESLIP =       0.00 DEG                   ROLL =      0.00 DEG     
     REF AREA =      0.001 M**2         MOMENT CENTER =     0.198 M
     REF LENGTH =     0.60 M           LAT REF LENGTH =      0.60 M

                   ----- LONGITUDINAL -----     -- LATERAL DIRECTIONAL --
         ALPHA       CN        CM        CA        CY       CLN       CLL

        -10.00    -3.187     1.003     0.521    -0.011     0.005    -0.011
         -8.00    -2.331     0.735     0.523    -0.003     0.002    -0.010
         -6.00    -1.601     0.506     0.523     0.000     0.000    -0.008
         -4.00    -0.978     0.308     0.524     0.000     0.000    -0.007
         -2.00    -0.454     0.143     0.524     0.000     0.000    -0.007
          0.00     0.000     0.000     0.524     0.000     0.000    -0.007
          2.00     0.454    -0.143     0.524     0.000     0.000    -0.007
          4.00     0.978    -0.308     0.524     0.000     0.000    -0.007
          6.00     1.601    -0.506     0.523     0.000     0.000    -0.008
          8.00     2.331    -0.735     0.523     0.003    -0.002    -0.010
         10.00     3.187    -1.003     0.521     0.011    -0.005    -0.011

         ALPHA       CL        CD      CL/CD     X-C.P.

        -10.00    -3.048     1.067    -2.857    -0.315
         -8.00    -2.235     0.842    -2.655    -0.315
         -6.00    -1.538     0.688    -2.235    -0.316
         -4.00    -0.939     0.591    -1.590    -0.315
         -2.00    -0.436     0.540    -0.807    -0.315
          0.00     0.000     0.524     0.000    -0.474
          2.00     0.436     0.540     0.807    -0.315
          4.00     0.939     0.591     1.590    -0.315
          6.00     1.538     0.688     2.235    -0.316
          8.00     2.235     0.842     2.655    -0.315
         10.00     3.048     1.067     2.857    -0.315

    X-C.P. MEAS. FROM MOMENT CENTER IN REF. LENGTHS, NEG. AFT OF MOMENT CENTER
1         ***** THE USAF AUTOMATED MISSILE DATCOM * REV 3/99 *****     CASE   1
               AERODYNAMIC METHODS FOR MISSILE CONFIGURATIONS          PAGE  65
                   STATIC AERODYNAMICS FOR BODY-FIN SET 1

       ******* FLIGHT CONDITIONS AND REFERENCE QUANTITIES *******
     MACH NO  =       2.00                REYNOLDS NO = 4.637E+07 /M
     ALTITUDE =        0.0 M         DYNAMIC PRESSURE = 283710.47 N/M**2
     SIDESLIP =       0.00 DEG                   ROLL =      0.00 DEG     
     REF AREA =      0.001 M**2         MOMENT CENTER =     0.198 M
     REF LENGTH =     0.60 M           LAT REF LENGTH =      0.60 M

                   ---------- DERIVATIVES (PER DEGREE) ----------
         ALPHA       CNA         CMA         CYB         CLNB        CLLB
        -10.00      0.4598     -0.1432     -0.3330      0.1075      0.0004
         -8.00      0.3960     -0.1241     -0.3007      0.0965      0.0002
         -6.00      0.3379     -0.1069     -0.2691      0.0854      0.0000
         -4.00      0.2866     -0.0908     -0.2454      0.0772      0.0000
         -2.00      0.2445     -0.0769     -0.2287      0.0719      0.0000
          0.00      0.2270     -0.0715     -0.2228      0.0701      0.0000
          2.00      0.2445     -0.0769     -0.2287      0.0719      0.0000
          4.00      0.2866     -0.0908     -0.2454      0.0772      0.0000
          6.00      0.3379     -0.1069     -0.2685      0.0851     -0.0001
          8.00      0.3960     -0.1241     -0.2993      0.0958     -0.0003
         10.00      0.4598     -0.1432     -0.3309      0.1064     -0.0005

    PANEL DEFLECTION ANGLES (DEGREES)
    SET    FIN 1   FIN 2   FIN 3   FIN 4   FIN 5   FIN 6   FIN 7   FIN 8
      1    1.67    1.67    1.67    1.67    1.67    1.67    1.67    1.67

    BODY ALONE LINEAR DATA GENERATED FROM VAN DYKE HYBRID THEORY

    *** END OF JOB ***
