1         ***** THE USAF AUTOMATED MISSILE DATCOM * REV 3/99 *****
               AERODYNAMIC METHODS FOR MISSILE CONFIGURATIONS     

    CONERR - INPUT ERROR CHECKING

    ERROR CODES - N* DENOTES THE NUMBER OF OCCURENCES OF EACH ERROR
    A - UNKNOWN VARIABLE NAME
    B - MISSING EQUAL SIGN FOLLOWING VARIABLE NAME
    C - NON-ARRAY VARIABLE HAS AN ARRAY ELEMENTDESIGNATION - (N)
    D - NON-ARRAY VARIABLE HAS MULTIPLE VALUES ASSIGNED
    E - ASSIGNED VALUES EXCEED ARRAY DIMENSION
    F - SYNTAX ERROR

    ************************* INPUT DATA CARDS *************************

   1 DIM M                                                                           
      2 ** BLANK CARD - IGNORED
   3  $FLTCON  NALPHA=11.,NMACH=9.,                                                  
   4           MACH=0.1000,0.2000,0.3000,0.4000,0.8000,0.9000,1.0000,1.1000,2.3000,  
   5           ALPHA=-10.0,-8.0,-6.0,-4.0,-2.0,0.0,2.0,4.0,6.0,8.0,10.0,$            
      6 ** BLANK CARD - IGNORED
   7  $REFQ    XCG=0.7100,                                                           
   8           SREF=0.0038485,                                                       
   9           LREF=1.2850,                                                          
  10           RHR=0.,$                                                              
     11 ** BLANK CARD - IGNORED
  12  $AXIBOD  X0=0.00,                                                              
  13           TNOSE=OGIVE,                                                          
               ** SUBSTITUTING NUMERIC FOR NAME OGIVE
  14           LNOSE=0.2250,                                                         
  15           DNOSE=0.0700,                                                         
  16           BNOSE=0.0,                                                            
  17           TRUNC=.FALSE.,                                                        
  18           LCENTR=1.0160,                                                        
  19           DCENTR=0.0700,                                                        
  20           TAFT=CONE,                                                            
               ** SUBSTITUTING NUMERIC FOR NAME CONE
  21           LAFT=0.0440,                                                          
  22           DAFT=0.0520,                                                          
  23           DEXIT=0.0000,$                                                        
     24 ** BLANK CARD - IGNORED
  25  $FINSET1 XLE=1.1600,1.2003,NPANEL=4.,                                          
  26           SSPAN=0.0350,0.0925,                                                  
  27           CHORD=0.1200,0.0810,                                                  
  28           LER=2*0.0,                                                            
  29           PHIF=0.0,90.0,180.0,270.0,                                            
  30           GAM=0.6000,0.6000,0.6000,0.6000,                                      
  31           SECTYP=HEX,                                                           
               ** SUBSTITUTING NUMERIC FOR NAME HEX
  32           ZUPPER=0.025000,0.025000,                                             
  33           LMAXU=0.4,0.4,                                                        
  34           LFLATU=0.2,0.2,$                                                      
     35 ** BLANK CARD - IGNORED
  36  $DEFLCT  DELTA1=0.6000,0.6000,0.6000,0.6000,                                   
  37           XHINGE=1.2500,$                                                       
     38 ** BLANK CARD - IGNORED
  39 PART                                                                            
  40 NEXT CASE                                                                       
1         ***** THE USAF AUTOMATED MISSILE DATCOM * REV 3/99 *****     CASE   1
               AERODYNAMIC METHODS FOR MISSILE CONFIGURATIONS          PAGE   1
    CASE INPUTS
    FOLLOWING ARE THE CARDS INPUT FOR THIS CASE

 DIM M                                                                           
  $FLTCON  NALPHA=11.,NMACH=9.,                                                  
           MACH=0.1000,0.2000,0.3000,0.4000,0.8000,0.9000,1.0000,1.1000,2.3000,  
           ALPHA=-10.0,-8.0,-6.0,-4.0,-2.0,0.0,2.0,4.0,6.0,8.0,10.0,$            
  $REFQ    XCG=0.7100,                                                           
           SREF=0.0038485,                                                       
           LREF=1.2850,                                                          
           RHR=0.,$                                                              
  $AXIBOD  X0=0.00,                                                              
           TNOSE=1.,                                                             
           LNOSE=0.2250,                                                         
           DNOSE=0.0700,                                                         
           BNOSE=0.0,                                                            
           TRUNC=.FALSE.,                                                        
           LCENTR=1.0160,                                                        
           DCENTR=0.0700,                                                        
           TAFT=0.,                                                              
           LAFT=0.0440,                                                          
           DAFT=0.0520,                                                          
           DEXIT=0.0000,$                                                        
  $FINSET1 XLE=1.1600,1.2003,NPANEL=4.,                                          
           SSPAN=0.0350,0.0925,                                                  
           CHORD=0.1200,0.0810,                                                  
           LER=2*0.0,                                                            
           PHIF=0.0,90.0,180.0,270.0,                                            
           GAM=0.6000,0.6000,0.6000,0.6000,                                      
           SECTYP=0.,                                                            
           ZUPPER=0.025000,0.025000,                                             
           LMAXU=0.4,0.4,                                                        
           LFLATU=0.2,0.2,$                                                      
  $DEFLCT  DELTA1=0.6000,0.6000,0.6000,0.6000,                                   
           XHINGE=1.2500,$                                                       
 PART                                                                            
 NEXT CASE                                                                       
    * WARNING * THE REYNOLDS NUMBER IS NOT DEFINED, FOR INPUT SPEED  1
                SEA LEVEL ALTITUDE ASSUMED
    * WARNING * THE REYNOLDS NUMBER IS NOT DEFINED, FOR INPUT SPEED  2
                SEA LEVEL ALTITUDE ASSUMED
    * WARNING * THE REYNOLDS NUMBER IS NOT DEFINED, FOR INPUT SPEED  3
                SEA LEVEL ALTITUDE ASSUMED
    * WARNING * THE REYNOLDS NUMBER IS NOT DEFINED, FOR INPUT SPEED  4
                SEA LEVEL ALTITUDE ASSUMED
    * WARNING * THE REYNOLDS NUMBER IS NOT DEFINED, FOR INPUT SPEED  5
                SEA LEVEL ALTITUDE ASSUMED
    * WARNING * THE REYNOLDS NUMBER IS NOT DEFINED, FOR INPUT SPEED  6
                SEA LEVEL ALTITUDE ASSUMED
    * WARNING * THE REYNOLDS NUMBER IS NOT DEFINED, FOR INPUT SPEED  7
                SEA LEVEL ALTITUDE ASSUMED
    * WARNING * THE REYNOLDS NUMBER IS NOT DEFINED, FOR INPUT SPEED  8
                SEA LEVEL ALTITUDE ASSUMED
    * WARNING * THE REYNOLDS NUMBER IS NOT DEFINED, FOR INPUT SPEED  9
                SEA LEVEL ALTITUDE ASSUMED
    THE BOUNDARY LAYER IS ASSUMED TO BE TURBULENT
    THE INPUT UNITS ARE IN METERS, THE SCALE FACTOR IS   1.0000
1         ***** THE USAF AUTOMATED MISSILE DATCOM * REV 3/99 *****     CASE   1
               AERODYNAMIC METHODS FOR MISSILE CONFIGURATIONS          PAGE   2
                        AXISYMMETRIC BODY DEFINITION

                             NOSE   CENTERBODY     AFT BODY        TOTAL
    SHAPE                   OGIVE     CYLINDER        CONIC
    LENGTH                  0.225        1.016        0.044        1.285   M
    FINENESS RATIO          3.214       14.514        0.629       18.357
    PLANFORM AREA           0.011        0.071        0.003        0.084   M**2
    AREA CENTROID           0.140        0.733        1.262        0.676   M
    WETTED AREA             0.033        0.223        0.009        0.265   M**2
    VOLUME                  0.000        0.004        0.000        0.005   M**3
    VOL. CENTROID           0.154        0.733        1.261        0.688   M

                              MOLD LINE CONTOUR

     LONGITUDINAL STATIONS    0.0000     0.0225     0.0450     0.0675     0.0900 
        0.1125     0.1350     0.1575     0.1800     0.2025     0.2250     0.3266 
        0.4282     0.5298     0.6314     0.7330     0.8346     0.9362     1.0378 
        1.1394     1.2410*    1.2454     1.2498     1.2542     1.2586     1.2630 
        1.2674     1.2718     1.2762     1.2806     1.2850*

                BODY RADII    0.0000     0.0068     0.0128     0.0181     0.0226 
        0.0264     0.0295     0.0319     0.0336     0.0347     0.0350     0.0350 
        0.0350     0.0350     0.0350     0.0350     0.0350     0.0350     0.0350 
        0.0350     0.0350*    0.0341     0.0332     0.0323     0.0314     0.0305 
        0.0296     0.0287     0.0278     0.0269     0.0260*
    NOTE - * INDICATES SLOPE DISCONTINUOUS POINTS
1         ***** THE USAF AUTOMATED MISSILE DATCOM * REV 3/99 *****     CASE   1
               AERODYNAMIC METHODS FOR MISSILE CONFIGURATIONS          PAGE   3
                         FIN SET NUMBER 1 AIRFOIL SECTION

                                  NACA S-3-40.0-05.0-20.0

         X/C     X-UPPER   Y-UPPER   X-LOWER   Y-LOWER  MEAN LINE  THICKNESS

       0.00000   0.00000   0.00000   0.00000   0.00000   0.00000   0.00000
       0.00100   0.00100   0.00006   0.00100  -0.00006   0.00000   0.00013
       0.00200   0.00200   0.00013   0.00200  -0.00013   0.00000   0.00025
       0.00300   0.00300   0.00019   0.00300  -0.00019   0.00000   0.00038
       0.00400   0.00400   0.00025   0.00400  -0.00025   0.00000   0.00050
       0.00500   0.00500   0.00031   0.00500  -0.00031   0.00000   0.00063
       0.00600   0.00600   0.00038   0.00600  -0.00038   0.00000   0.00075
       0.00800   0.00800   0.00050   0.00800  -0.00050   0.00000   0.00100
       0.01000   0.01000   0.00063   0.01000  -0.00063   0.00000   0.00125
       0.02000   0.02000   0.00125   0.02000  -0.00125   0.00000   0.00250
       0.03000   0.03000   0.00187   0.03000  -0.00187   0.00000   0.00375
       0.04000   0.04000   0.00250   0.04000  -0.00250   0.00000   0.00500
       0.05000   0.05000   0.00312   0.05000  -0.00312   0.00000   0.00625
       0.06000   0.06000   0.00375   0.06000  -0.00375   0.00000   0.00750
       0.08000   0.08000   0.00500   0.08000  -0.00500   0.00000   0.01000
       0.10000   0.10000   0.00625   0.10000  -0.00625   0.00000   0.01250
       0.12000   0.12000   0.00750   0.12000  -0.00750   0.00000   0.01500
       0.14000   0.14000   0.00875   0.14000  -0.00875   0.00000   0.01750
       0.16000   0.16000   0.01000   0.16000  -0.01000   0.00000   0.02000
       0.18000   0.18000   0.01125   0.18000  -0.01125   0.00000   0.02250
       0.20000   0.20000   0.01250   0.20000  -0.01250   0.00000   0.02500
       0.22000   0.22000   0.01375   0.22000  -0.01375   0.00000   0.02750
       0.24000   0.24000   0.01500   0.24000  -0.01500   0.00000   0.03000
       0.26000   0.26000   0.01625   0.26000  -0.01625   0.00000   0.03250
       0.28000   0.28000   0.01750   0.28000  -0.01750   0.00000   0.03500
       0.30000   0.30000   0.01875   0.30000  -0.01875   0.00000   0.03750
       0.32000   0.32000   0.02000   0.32000  -0.02000   0.00000   0.04000
       0.34000   0.34000   0.02125   0.34000  -0.02125   0.00000   0.04250
       0.36000   0.36000   0.02250   0.36000  -0.02250   0.00000   0.04500
       0.38000   0.38000   0.02375   0.38000  -0.02375   0.00000   0.04750
       0.40000   0.40000   0.02500   0.40000  -0.02500   0.00000   0.05000
       0.42000   0.42000   0.02500   0.42000  -0.02500   0.00000   0.05000
       0.45000   0.45000   0.02500   0.45000  -0.02500   0.00000   0.05000
       0.50000   0.50000   0.02500   0.50000  -0.02500   0.00000   0.05000
       0.55000   0.55000   0.02500   0.55000  -0.02500   0.00000   0.05000
       0.60000   0.60000   0.02500   0.60000  -0.02500   0.00000   0.05000
       0.65000   0.65000   0.02187   0.65000  -0.02187   0.00000   0.04375
       0.70000   0.70000   0.01875   0.70000  -0.01875   0.00000   0.03750
       0.75000   0.75000   0.01562   0.75000  -0.01562   0.00000   0.03125
       0.80000   0.80000   0.01250   0.80000  -0.01250   0.00000   0.02500
       0.82000   0.82000   0.01125   0.82000  -0.01125   0.00000   0.02250
       0.84000   0.84000   0.01000   0.84000  -0.01000   0.00000   0.02000
       0.86000   0.86000   0.00875   0.86000  -0.00875   0.00000   0.01750
       0.88000   0.88000   0.00750   0.88000  -0.00750   0.00000   0.01500
       0.90000   0.90000   0.00625   0.90000  -0.00625   0.00000   0.01250
       0.92000   0.92000   0.00500   0.92000  -0.00500   0.00000   0.01000
       0.94000   0.94000   0.00375   0.94000  -0.00375   0.00000   0.00750
       0.96000   0.96000   0.00250   0.96000  -0.00250   0.00000   0.00500
       0.98000   0.98000   0.00125   0.98000  -0.00125   0.00000   0.00250
       1.00000   1.00000   0.00000   1.00000   0.00000   0.00000   0.00000
1         ***** THE USAF AUTOMATED MISSILE DATCOM * REV 3/99 *****     CASE   1
               AERODYNAMIC METHODS FOR MISSILE CONFIGURATIONS          PAGE   4
                      GEOMETRIC RESULTS FOR FIN SETS

                             FIN SET NUMBER  1
                          (DATA FOR ONE PANEL ONLY)

    SEGMENT   PLAN        ASPECT    TAPER     L.E.     T.E.    M.A.C.    T/C
    NUMBER    AREA        RATIO     RATIO    SWEEP    SWEEP    CHORD    RATIO

      1      0.0058        0.572    0.675   35.025    1.295    0.102    0.050
    TOTAL    0.0058        0.572    0.675   35.025    1.295    0.102    0.050
 
 
 
1         ***** THE USAF AUTOMATED MISSILE DATCOM * REV 3/99 *****     CASE   1
               AERODYNAMIC METHODS FOR MISSILE CONFIGURATIONS          PAGE   5
                           FIN SET 1 SECTION AERODYNAMICS

                        IDEAL ANGLE OF ATTACK =    0.0000 DEG.
                    ZERO LIFT ANGLE OF ATTACK =    0.0000 DEG.
                       IDEAL LIFT COEFFICIENT =    0.0000
        ZERO LIFT PITCHING MOMENT COEFFICIENT =    0.0000
                   MACH ZERO LIFT-CURVE-SLOPE =    0.0963 /DEG.
                          LEADING EDGE RADIUS =    0.0000 FRACTION CHORD
                    MAXIMUM AIRFOIL THICKNESS =    0.0500 FRACTION CHORD
                                      DELTA-Y =    0.3656 PERCENT CHORD


    MACH = 0.100   CL-ALPHA = 0.0968 /DEG.   XAC = 0.2715   CL MAX = 0.7368

    MACH = 0.200   CL-ALPHA = 0.0983 /DEG.   XAC = 0.2714   CL MAX = 0.7394

    MACH = 0.300   CL-ALPHA = 0.1010 /DEG.   XAC = 0.2713   CL MAX = 0.7420

    MACH = 0.400   CL-ALPHA = 0.1051 /DEG.   XAC = 0.2712   CL MAX = 0.7445

    MACH = 0.800   CL-ALPHA = 0.1674 /DEG.   XAC = 0.2713   CL MAX = 0.7549

                   *** CREST CRITICAL MACH NUMBER EXCEEDED ***

                           CREST CRITICAL MACH =    0.8070
                                      LOCATION =    0.4145 FRACTION CHORD
                              LIFT-CURVE-SLOPE =    0.1410 /DEG.
1         ***** THE USAF AUTOMATED MISSILE DATCOM * REV 3/99 *****     CASE   1
               AERODYNAMIC METHODS FOR MISSILE CONFIGURATIONS          PAGE   6
                             BODY ALONE PARTIAL OUTPUT

       ******* FLIGHT CONDITIONS AND REFERENCE QUANTITIES *******
     MACH NO  =       0.10                REYNOLDS NO = 2.318E+06 /M
     ALTITUDE =        0.0 M         DYNAMIC PRESSURE =    709.28 N/M**2
     SIDESLIP =       0.00 DEG                   ROLL =      0.00 DEG     
     REF AREA =      0.004 M**2         MOMENT CENTER =     0.710 M
     REF LENGTH =     1.28 M           LAT REF LENGTH =      1.28 M

      ALPHA    CA-FRIC  CA-PRES/WAVE CA-BASE    CA-PROT     CA-SEP     CA-ALP
     -10.00     0.2462     0.0591     0.0561                           0.0029
      -8.00     0.2490     0.0598     0.0563                           0.0024
      -6.00     0.2511     0.0603     0.0563                           0.0015
      -4.00     0.2527     0.0606     0.0564                           0.0007
      -2.00     0.2536     0.0609     0.0563                           0.0002
       0.00     0.2539     0.0609     0.0562                           0.0000
       2.00     0.2536     0.0609     0.0563                           0.0002
       4.00     0.2527     0.0606     0.0564                           0.0007
       6.00     0.2511     0.0603     0.0563                           0.0015
       8.00     0.2490     0.0598     0.0563                           0.0024
      10.00     0.2462     0.0591     0.0561                           0.0029

                     CROSS FLOW DRAG PROPORTIONALITY FACTOR = 0.76155

      ALPHA    CN-POTEN  CN-VISC   CN-SEP    CM-POTEN  CM-VISC   CM-SEP    CDC
     -10.00    -0.362    -0.378              -0.173    -0.010             0.751
      -8.00    -0.292    -0.242              -0.139    -0.006             0.749
      -6.00    -0.220    -0.136              -0.105    -0.004             0.746
      -4.00    -0.148    -0.060              -0.070    -0.002             0.744
      -2.00    -0.074    -0.015              -0.035     0.000             0.742
       0.00     0.000     0.000               0.000     0.000             0.740
       2.00     0.074     0.015               0.035     0.000             0.742
       4.00     0.148     0.060               0.070     0.002             0.744
       6.00     0.220     0.136               0.105     0.004             0.746
       8.00     0.292     0.242               0.139     0.006             0.749
      10.00     0.362     0.378               0.173     0.010             0.751
1         ***** THE USAF AUTOMATED MISSILE DATCOM * REV 3/99 *****     CASE   1
               AERODYNAMIC METHODS FOR MISSILE CONFIGURATIONS          PAGE   7
                        FIN SET 1 CA PARTIAL OUTPUT

       ******* FLIGHT CONDITIONS AND REFERENCE QUANTITIES *******
     MACH NO  =       0.10                REYNOLDS NO = 2.318E+06 /M
     ALTITUDE =        0.0 M         DYNAMIC PRESSURE =    709.28 N/M**2
     SIDESLIP =       0.00 DEG                   ROLL =      0.00 DEG     
     REF AREA =      0.004 M**2         MOMENT CENTER =     0.710 M
     REF LENGTH =     1.28 M           LAT REF LENGTH =      1.28 M

    SINGLE FIN PANEL ZERO-LIFT AXIAL FORCE COMPONENTS

    SKIN FRICTION        0.0178
    SUBSONIC PRESSURE    0.0014
    TRANSONIC WAVE       0.0000
    SUPERSONIC WAVE      0.0000
    LEADING EDGE         0.0000
    TRAILING EDGE        0.0000
    TOTAL CAO            0.0192

    FIN AXIAL FORCE DUE TO ANGLE OF ATTACK

    ALPHA      CA DUE TO LIFT (SINGLE PANEL)   CA-TOTAL (4 FINS)

     -10.00              0.0000                      0.0756
      -8.00              0.0000                      0.0760
      -6.00              0.0000                      0.0764
      -4.00              0.0000                      0.0766
      -2.00              0.0000                      0.0767
       0.00              0.0000                      0.0768
       2.00              0.0000                      0.0767
       4.00              0.0000                      0.0766
       6.00              0.0000                      0.0764
       8.00              0.0000                      0.0760
      10.00              0.0000                      0.0756
1         ***** THE USAF AUTOMATED MISSILE DATCOM * REV 3/99 *****     CASE   1
               AERODYNAMIC METHODS FOR MISSILE CONFIGURATIONS          PAGE   8
                       FIN SET 1 CN, CM PARTIAL OUTPUT

       ******* FLIGHT CONDITIONS AND REFERENCE QUANTITIES *******
     MACH NO  =       0.10                REYNOLDS NO = 2.318E+06 /M
     ALTITUDE =        0.0 M         DYNAMIC PRESSURE =    709.28 N/M**2
     SIDESLIP =       0.00 DEG                   ROLL =      0.00 DEG     
     REF AREA =      0.004 M**2         MOMENT CENTER =     0.710 M
     REF LENGTH =     1.28 M           LAT REF LENGTH =      1.28 M

    NORMAL FORCE SLOPE AT ALPHA ZERO, CNA =    0.04254/DEG (1 PANEL)
         CENTER OF PRESSURE FOR LINEAR CN =   -0.38162 (CALIBERS FROM C.G.)
     CENTER OF PRESSURE FOR NON-LINEAR CN =   -0.40446 (CALIBERS FROM C.G.)

      ALPHA      CN        CN        CN        CM        CM        CM
               LINEAR  NON-LINEAR  TOTAL     LINEAR  NON-LINEAR  TOTAL

     -10.00   -0.8336   -0.2904   -1.1240    0.3181    0.1174    0.4356
      -8.00   -0.6718   -0.1865   -0.8583    0.2564    0.0754    0.3318
      -6.00   -0.5067   -0.1052   -0.6119    0.1934    0.0426    0.2359
      -4.00   -0.3392   -0.0469   -0.3861    0.1294    0.0190    0.1484
      -2.00   -0.1700   -0.0117   -0.1817    0.0649    0.0047    0.0696
       0.00    0.0000    0.0000    0.0000    0.0000    0.0000    0.0000
       2.00    0.1700    0.0117    0.1817   -0.0649   -0.0047   -0.0696
       4.00    0.3392    0.0469    0.3861   -0.1294   -0.0190   -0.1484
       6.00    0.5067    0.1052    0.6119   -0.1934   -0.0426   -0.2359
       8.00    0.6718    0.1865    0.8583   -0.2564   -0.0754   -0.3318
      10.00    0.8336    0.2904    1.1240   -0.3181   -0.1174   -0.4356
1         ***** THE USAF AUTOMATED MISSILE DATCOM * REV 3/99 *****     CASE   1
               AERODYNAMIC METHODS FOR MISSILE CONFIGURATIONS          PAGE   9
                 AERODYNAMIC FORCE AND MOMENT SYNTHESIS

       ******* FLIGHT CONDITIONS AND REFERENCE QUANTITIES *******
     MACH NO  =       0.10                REYNOLDS NO = 2.318E+06 /M
     ALTITUDE =        0.0 M         DYNAMIC PRESSURE =    709.28 N/M**2
     SIDESLIP =       0.00 DEG                   ROLL =      0.00 DEG     
     REF AREA =      0.004 M**2         MOMENT CENTER =     0.710 M
     REF LENGTH =     1.28 M           LAT REF LENGTH =      1.28 M

          ---------------FIN SET 1 IN PRESENCE OF THE BODY----------------

      ALPHA       CN         CM         CA         CY         CLN        CLL

     -10.00    -1.5352     0.5859     0.0776    -0.0061     0.0023    -0.0038
      -8.00    -1.1879     0.4533     0.0776    -0.0043     0.0016    -0.0037
      -6.00    -0.8672     0.3309     0.0776    -0.0022     0.0009    -0.0035
      -4.00    -0.5598     0.2136     0.0775    -0.0007     0.0003    -0.0033
      -2.00    -0.2619     0.1000     0.0775    -0.0001     0.0000    -0.0031
       0.00     0.0000     0.0000     0.0774     0.0000     0.0000    -0.0028
       2.00     0.2619    -0.1000     0.0775     0.0001     0.0000    -0.0031
       4.00     0.5598    -0.2136     0.0775     0.0007    -0.0003    -0.0033
       6.00     0.8672    -0.3309     0.0776     0.0022    -0.0009    -0.0035
       8.00     1.1879    -0.4533     0.0776     0.0043    -0.0016    -0.0037
      10.00     1.5352    -0.5859     0.0776     0.0061    -0.0023    -0.0038
1         ***** THE USAF AUTOMATED MISSILE DATCOM * REV 3/99 *****     CASE   1
               AERODYNAMIC METHODS FOR MISSILE CONFIGURATIONS          PAGE  10
                 AERODYNAMIC FORCE AND MOMENT SYNTHESIS

       ******* FLIGHT CONDITIONS AND REFERENCE QUANTITIES *******
     MACH NO  =       0.10                REYNOLDS NO = 2.318E+06 /M
     ALTITUDE =        0.0 M         DYNAMIC PRESSURE =    709.28 N/M**2
     SIDESLIP =       0.00 DEG                   ROLL =      0.00 DEG     
     REF AREA =      0.004 M**2         MOMENT CENTER =     0.710 M
     REF LENGTH =     1.28 M           LAT REF LENGTH =      1.28 M

          ---------------FIN SET 1 PANEL CHARACTERISTICS------------------

      ALPHA      PANEL    AEQ (PANEL AXIS SYS.)    PANEL CN

     -10.00        1              0.2113           0.0093
     -10.00        2            -12.5081          -0.7410
     -10.00        3              0.4354           0.0193
     -10.00        4             13.2224           0.7943
 
      -8.00        1              0.2382           0.0105
      -8.00        2            -10.1029          -0.5691
      -8.00        3              0.4216           0.0187
      -8.00        4             10.8159           0.6188
 
      -6.00        1              0.2653           0.0117
      -6.00        2             -7.7128          -0.4109
      -6.00        3              0.4195           0.0186
      -6.00        4              8.4209           0.4563
 
      -4.00        1              0.2932           0.0130
      -4.00        2             -5.1997          -0.2595
      -4.00        3              0.4098           0.0181
      -4.00        4              5.9035           0.3003
 
      -2.00        1              0.3222           0.0143
      -2.00        2             -2.4584          -0.1132
      -2.00        3              0.3811           0.0169
      -2.00        4              3.1619           0.1487
 
       0.00        1              0.3517           0.0156
       0.00        2              0.3517           0.0156
       0.00        3              0.3517           0.0156
       0.00        4              0.3517           0.0156
 
       2.00        1              0.3811           0.0169
       2.00        2              3.1619           0.1487
       2.00        3              0.3222           0.0143
       2.00        4             -2.4584          -0.1132
 
       4.00        1              0.4098           0.0181
       4.00        2              5.9035           0.3003
       4.00        3              0.2932           0.0130
       4.00        4             -5.1997          -0.2595
 
       6.00        1              0.4195           0.0186
       6.00        2              8.4209           0.4563
       6.00        3              0.2653           0.0117
       6.00        4             -7.7128          -0.4109
 
       8.00        1              0.4216           0.0187
       8.00        2             10.8159           0.6188
       8.00        3              0.2382           0.0105
       8.00        4            -10.1029          -0.5691
 
      10.00        1              0.4354           0.0193
      10.00        2             13.2224           0.7943
      10.00        3              0.2113           0.0093
      10.00        4            -12.5081          -0.7410
 
1         ***** THE USAF AUTOMATED MISSILE DATCOM * REV 3/99 *****     CASE   1
               AERODYNAMIC METHODS FOR MISSILE CONFIGURATIONS          PAGE  11
                 AERODYNAMIC FORCE AND MOMENT SYNTHESIS

       ******* FLIGHT CONDITIONS AND REFERENCE QUANTITIES *******
     MACH NO  =       0.10                REYNOLDS NO = 2.318E+06 /M
     ALTITUDE =        0.0 M         DYNAMIC PRESSURE =    709.28 N/M**2
     SIDESLIP =       0.00 DEG                   ROLL =      0.00 DEG     
     REF AREA =      0.004 M**2         MOMENT CENTER =     0.710 M
     REF LENGTH =     1.28 M           LAT REF LENGTH =      1.28 M

             CARRYOVER INTERFERENCE FACTORS - FIN SET 1

      ALPHA   K-W(B)   K-B(W)  KK-W(B)  KK-B(W)  XCP-W(B) XCP-B(W) Y-CP/(B/2)

     -10.00   1.3261   0.5437   0.9354   0.3728   0.3816   0.3804   0.4624
      -8.00   1.3491   0.5437   0.9354   0.3728   0.3816   0.3804   0.4642
      -6.00   1.3708   0.5437   0.9354   0.3728   0.3816   0.3804   0.4614
      -4.00   1.3901   0.5437   0.9354   0.3728   0.3816   0.3804   0.4583
      -2.00   1.4057   0.5437   0.9354   0.3728   0.3816   0.3804   0.4532
       0.00   1.4145   0.5437   0.9354   0.3728   0.3816   0.3804   0.4446
       2.00   1.4057   0.5437   0.9354   0.3728   0.3816   0.3804   0.4509
       4.00   1.3901   0.5437   0.9354   0.3728   0.3816   0.3804   0.4576
       6.00   1.3708   0.5437   0.9354   0.3728   0.3816   0.3804   0.4604
       8.00   1.3491   0.5437   0.9354   0.3728   0.3816   0.3804   0.4638
      10.00   1.3261   0.5437   0.9354   0.3728   0.3816   0.3804   0.4630

    NOTE - XCP-W(B) USED FOR STABILITY ONLY DIFFERENT VALUES USED FOR HINGE MOMENTS
1         ***** THE USAF AUTOMATED MISSILE DATCOM * REV 3/99 *****     CASE   1
               AERODYNAMIC METHODS FOR MISSILE CONFIGURATIONS          PAGE  12
        FIN SET 1 PANEL BENDING MOMENTS (ABOUT EXPOSED ROOT CHORD)

       ******* FLIGHT CONDITIONS AND REFERENCE QUANTITIES *******
     MACH NO  =       0.10                REYNOLDS NO = 2.318E+06 /M
     ALTITUDE =        0.0 M         DYNAMIC PRESSURE =    709.28 N/M**2
     SIDESLIP =       0.00 DEG                   ROLL =      0.00 DEG     
     REF AREA =      0.004 M**2         MOMENT CENTER =     0.710 M
     REF LENGTH =     1.28 M           LAT REF LENGTH =      1.28 M

   ALPHA   PANL 1   PANL 2   PANL 3   PANL 4   PANL 5   PANL 6   PANL 7   PANL 8
 
   -10.0  1.93E-04 -1.53E-02  3.99E-04  1.64E-02
    -8.0  2.19E-04 -1.18E-02  3.88E-04  1.29E-02
    -6.0  2.42E-04 -8.48E-03  3.83E-04  9.42E-03
    -4.0  2.66E-04 -5.32E-03  3.72E-04  6.16E-03
    -2.0  2.89E-04 -2.30E-03  3.42E-04  3.02E-03
     0.0  3.10E-04  3.10E-04  3.10E-04  3.10E-04
     2.0  3.40E-04  3.00E-03  2.88E-04 -2.28E-03
     4.0  3.72E-04  6.15E-03  2.66E-04 -5.31E-03
     6.0  3.83E-04  9.40E-03  2.42E-04 -8.46E-03
     8.0  3.87E-04  1.28E-02  2.19E-04 -1.18E-02
    10.0  3.99E-04  1.65E-02  1.94E-04 -1.54E-02
1         ***** THE USAF AUTOMATED MISSILE DATCOM * REV 3/99 *****     CASE   1
               AERODYNAMIC METHODS FOR MISSILE CONFIGURATIONS          PAGE  13
            FIN SET 1 PANEL HINGE MOMENTS (ABOUT HINGE LINE)

       ******* FLIGHT CONDITIONS AND REFERENCE QUANTITIES *******
     MACH NO  =       0.10                REYNOLDS NO = 2.318E+06 /M
     ALTITUDE =        0.0 M         DYNAMIC PRESSURE =    709.28 N/M**2
     SIDESLIP =       0.00 DEG                   ROLL =      0.00 DEG     
     REF AREA =      0.004 M**2         MOMENT CENTER =     0.710 M
     REF LENGTH =     1.28 M           LAT REF LENGTH =      1.28 M

   ALPHA   PANL 1   PANL 2   PANL 3   PANL 4   PANL 5   PANL 6   PANL 7   PANL 8
 
   -10.0  3.61E-04 -2.86E-02  7.45E-04  3.07E-02
    -8.0  4.07E-04 -2.20E-02  7.21E-04  2.39E-02
    -6.0  4.53E-04 -1.59E-02  7.17E-04  1.76E-02
    -4.0  5.01E-04 -1.00E-02  7.01E-04  1.16E-02
    -2.0  5.51E-04 -4.37E-03  6.51E-04  5.74E-03
     0.0  6.01E-04  6.01E-04  6.01E-04  6.01E-04
     2.0  6.51E-04  5.74E-03  5.51E-04 -4.37E-03
     4.0  7.01E-04  1.16E-02  5.01E-04 -1.00E-02
     6.0  7.17E-04  1.76E-02  4.53E-04 -1.59E-02
     8.0  7.21E-04  2.39E-02  4.07E-04 -2.20E-02
    10.0  7.45E-04  3.07E-02  3.61E-04 -2.86E-02
1         ***** THE USAF AUTOMATED MISSILE DATCOM * REV 3/99 *****     CASE   1
               AERODYNAMIC METHODS FOR MISSILE CONFIGURATIONS          PAGE  14
                   STATIC AERODYNAMICS FOR BODY-FIN SET 1

       ******* FLIGHT CONDITIONS AND REFERENCE QUANTITIES *******
     MACH NO  =       0.10                REYNOLDS NO = 2.318E+06 /M
     ALTITUDE =        0.0 M         DYNAMIC PRESSURE =    709.28 N/M**2
     SIDESLIP =       0.00 DEG                   ROLL =      0.00 DEG     
     REF AREA =      0.004 M**2         MOMENT CENTER =     0.710 M
     REF LENGTH =     1.28 M           LAT REF LENGTH =      1.28 M

                   ----- LONGITUDINAL -----     -- LATERAL DIRECTIONAL --
         ALPHA       CN        CM        CA        CY       CLN       CLL

        -10.00    -2.904     0.643     0.442    -0.009     0.003    -0.004
         -8.00    -2.200     0.490     0.445    -0.006     0.002    -0.004
         -6.00    -1.568     0.353     0.447    -0.003     0.001    -0.004
         -4.00    -0.987     0.225     0.448    -0.001     0.000    -0.003
         -2.00    -0.452     0.103     0.448     0.000     0.000    -0.003
          0.00     0.000     0.000     0.448     0.000     0.000    -0.003
          2.00     0.452    -0.103     0.448     0.000     0.000    -0.003
          4.00     0.987    -0.225     0.448     0.001     0.000    -0.003
          6.00     1.568    -0.353     0.447     0.003    -0.001    -0.004
          8.00     2.200    -0.490     0.445     0.006    -0.002    -0.004
         10.00     2.904    -0.643     0.442     0.009    -0.003    -0.004

         ALPHA       CL        CD      CL/CD     X-C.P.

        -10.00    -2.783     0.940    -2.962    -0.221
         -8.00    -2.117     0.747    -2.834    -0.223
         -6.00    -1.512     0.608    -2.486    -0.225
         -4.00    -0.953     0.516    -1.849    -0.228
         -2.00    -0.436     0.464    -0.941    -0.227
          0.00     0.000     0.448     0.000    -0.381
          2.00     0.436     0.464     0.941    -0.227
          4.00     0.953     0.516     1.849    -0.228
          6.00     1.512     0.608     2.486    -0.225
          8.00     2.117     0.747     2.834    -0.223
         10.00     2.783     0.940     2.962    -0.221

    X-C.P. MEAS. FROM MOMENT CENTER IN REF. LENGTHS, NEG. AFT OF MOMENT CENTER
1         ***** THE USAF AUTOMATED MISSILE DATCOM * REV 3/99 *****     CASE   1
               AERODYNAMIC METHODS FOR MISSILE CONFIGURATIONS          PAGE  15
                   STATIC AERODYNAMICS FOR BODY-FIN SET 1

       ******* FLIGHT CONDITIONS AND REFERENCE QUANTITIES *******
     MACH NO  =       0.10                REYNOLDS NO = 2.318E+06 /M
     ALTITUDE =        0.0 M         DYNAMIC PRESSURE =    709.28 N/M**2
     SIDESLIP =       0.00 DEG                   ROLL =      0.00 DEG     
     REF AREA =      0.004 M**2         MOMENT CENTER =     0.710 M
     REF LENGTH =     1.28 M           LAT REF LENGTH =      1.28 M

                   ---------- DERIVATIVES (PER DEGREE) ----------
         ALPHA       CNA         CMA         CYB         CLNB        CLLB
        -10.00      0.3696     -0.0805     -0.2067      0.0328     -0.0008
         -8.00      0.3340     -0.0724     -0.2028      0.0339     -0.0007
         -6.00      0.3033     -0.0662     -0.2119      0.0400     -0.0004
         -4.00      0.2788     -0.0626     -0.2203      0.0460     -0.0002
         -2.00      0.2466     -0.0562     -0.2203      0.0488     -0.0001
          0.00      0.2262     -0.0514     -0.2184      0.0492     -0.0001
          2.00      0.2466     -0.0562     -0.2206      0.0489     -0.0001
          4.00      0.2788     -0.0626     -0.2202      0.0460      0.0001
          6.00      0.3033     -0.0662     -0.2118      0.0400      0.0004
          8.00      0.3340     -0.0724     -0.2025      0.0337      0.0007
         10.00      0.3696     -0.0805     -0.2065      0.0327      0.0007

    PANEL DEFLECTION ANGLES (DEGREES)
    SET    FIN 1   FIN 2   FIN 3   FIN 4   FIN 5   FIN 6   FIN 7   FIN 8
      1    0.60    0.60    0.60    0.60
1         ***** THE USAF AUTOMATED MISSILE DATCOM * REV 3/99 *****     CASE   1
               AERODYNAMIC METHODS FOR MISSILE CONFIGURATIONS          PAGE  16
                             BODY ALONE PARTIAL OUTPUT

       ******* FLIGHT CONDITIONS AND REFERENCE QUANTITIES *******
     MACH NO  =       0.20                REYNOLDS NO = 4.637E+06 /M
     ALTITUDE =        0.0 M         DYNAMIC PRESSURE =   2837.10 N/M**2
     SIDESLIP =       0.00 DEG                   ROLL =      0.00 DEG     
     REF AREA =      0.004 M**2         MOMENT CENTER =     0.710 M
     REF LENGTH =     1.28 M           LAT REF LENGTH =      1.28 M

      ALPHA    CA-FRIC  CA-PRES/WAVE CA-BASE    CA-PROT     CA-SEP     CA-ALP
     -10.00     0.2180     0.0577     0.0561                           0.0024
      -8.00     0.2204     0.0583     0.0563                           0.0021
      -6.00     0.2223     0.0588     0.0563                           0.0014
      -4.00     0.2237     0.0592     0.0563                           0.0007
      -2.00     0.2245     0.0594     0.0563                           0.0002
       0.00     0.2248     0.0595     0.0562                           0.0000
       2.00     0.2245     0.0594     0.0563                           0.0002
       4.00     0.2237     0.0592     0.0563                           0.0007
       6.00     0.2223     0.0588     0.0563                           0.0014
       8.00     0.2204     0.0583     0.0563                           0.0021
      10.00     0.2180     0.0577     0.0561                           0.0024

                     CROSS FLOW DRAG PROPORTIONALITY FACTOR = 0.76155

      ALPHA    CN-POTEN  CN-VISC   CN-SEP    CM-POTEN  CM-VISC   CM-SEP    CDC
     -10.00    -0.361    -0.383              -0.173    -0.010             0.761
      -8.00    -0.291    -0.245              -0.140    -0.007             0.757
      -6.00    -0.220    -0.137              -0.105    -0.004             0.753
      -4.00    -0.147    -0.061              -0.071    -0.002             0.749
      -2.00    -0.074    -0.015              -0.035     0.000             0.744
       0.00     0.000     0.000               0.000     0.000             0.740
       2.00     0.074     0.015               0.035     0.000             0.744
       4.00     0.147     0.061               0.071     0.002             0.749
       6.00     0.220     0.137               0.105     0.004             0.753
       8.00     0.291     0.245               0.140     0.007             0.757
      10.00     0.361     0.383               0.173     0.010             0.761
1         ***** THE USAF AUTOMATED MISSILE DATCOM * REV 3/99 *****     CASE   1
               AERODYNAMIC METHODS FOR MISSILE CONFIGURATIONS          PAGE  17
                        FIN SET 1 CA PARTIAL OUTPUT

       ******* FLIGHT CONDITIONS AND REFERENCE QUANTITIES *******
     MACH NO  =       0.20                REYNOLDS NO = 4.637E+06 /M
     ALTITUDE =        0.0 M         DYNAMIC PRESSURE =   2837.10 N/M**2
     SIDESLIP =       0.00 DEG                   ROLL =      0.00 DEG     
     REF AREA =      0.004 M**2         MOMENT CENTER =     0.710 M
     REF LENGTH =     1.28 M           LAT REF LENGTH =      1.28 M

    SINGLE FIN PANEL ZERO-LIFT AXIAL FORCE COMPONENTS

    SKIN FRICTION        0.0153
    SUBSONIC PRESSURE    0.0012
    TRANSONIC WAVE       0.0000
    SUPERSONIC WAVE      0.0000
    LEADING EDGE         0.0000
    TRAILING EDGE        0.0000
    TOTAL CAO            0.0166

    FIN AXIAL FORCE DUE TO ANGLE OF ATTACK

    ALPHA      CA DUE TO LIFT (SINGLE PANEL)   CA-TOTAL (4 FINS)

     -10.00              0.0000                      0.0652
      -8.00              0.0000                      0.0656
      -6.00              0.0000                      0.0659
      -4.00              0.0000                      0.0661
      -2.00              0.0000                      0.0662
       0.00              0.0000                      0.0663
       2.00              0.0000                      0.0662
       4.00              0.0000                      0.0661
       6.00              0.0000                      0.0659
       8.00              0.0000                      0.0656
      10.00              0.0000                      0.0652
1         ***** THE USAF AUTOMATED MISSILE DATCOM * REV 3/99 *****     CASE   1
               AERODYNAMIC METHODS FOR MISSILE CONFIGURATIONS          PAGE  18
                       FIN SET 1 CN, CM PARTIAL OUTPUT

       ******* FLIGHT CONDITIONS AND REFERENCE QUANTITIES *******
     MACH NO  =       0.20                REYNOLDS NO = 4.637E+06 /M
     ALTITUDE =        0.0 M         DYNAMIC PRESSURE =   2837.10 N/M**2
     SIDESLIP =       0.00 DEG                   ROLL =      0.00 DEG     
     REF AREA =      0.004 M**2         MOMENT CENTER =     0.710 M
     REF LENGTH =     1.28 M           LAT REF LENGTH =      1.28 M

    NORMAL FORCE SLOPE AT ALPHA ZERO, CNA =    0.04264/DEG (1 PANEL)
         CENTER OF PRESSURE FOR LINEAR CN =   -0.38157 (CALIBERS FROM C.G.)
     CENTER OF PRESSURE FOR NON-LINEAR CN =   -0.40446 (CALIBERS FROM C.G.)

      ALPHA      CN        CN        CN        CM        CM        CM
               LINEAR  NON-LINEAR  TOTAL     LINEAR  NON-LINEAR  TOTAL

     -10.00   -0.8356   -0.2889   -1.1245    0.3188    0.1168    0.4357
      -8.00   -0.6734   -0.1856   -0.8590    0.2569    0.0751    0.3320
      -6.00   -0.5079   -0.1047   -0.6126    0.1938    0.0423    0.2361
      -4.00   -0.3400   -0.0466   -0.3866    0.1297    0.0189    0.1486
      -2.00   -0.1704   -0.0117   -0.1821    0.0650    0.0047    0.0697
       0.00    0.0000    0.0000    0.0000    0.0000    0.0000    0.0000
       2.00    0.1704    0.0117    0.1821   -0.0650   -0.0047   -0.0697
       4.00    0.3400    0.0466    0.3866   -0.1297   -0.0189   -0.1486
       6.00    0.5079    0.1047    0.6126   -0.1938   -0.0423   -0.2361
       8.00    0.6734    0.1856    0.8590   -0.2569   -0.0751   -0.3320
      10.00    0.8356    0.2889    1.1245   -0.3188   -0.1168   -0.4357
1         ***** THE USAF AUTOMATED MISSILE DATCOM * REV 3/99 *****     CASE   1
               AERODYNAMIC METHODS FOR MISSILE CONFIGURATIONS          PAGE  19
                 AERODYNAMIC FORCE AND MOMENT SYNTHESIS

       ******* FLIGHT CONDITIONS AND REFERENCE QUANTITIES *******
     MACH NO  =       0.20                REYNOLDS NO = 4.637E+06 /M
     ALTITUDE =        0.0 M         DYNAMIC PRESSURE =   2837.10 N/M**2
     SIDESLIP =       0.00 DEG                   ROLL =      0.00 DEG     
     REF AREA =      0.004 M**2         MOMENT CENTER =     0.710 M
     REF LENGTH =     1.28 M           LAT REF LENGTH =      1.28 M

          ---------------FIN SET 1 IN PRESENCE OF THE BODY----------------

      ALPHA       CN         CM         CA         CY         CLN        CLL

     -10.00    -1.5353     0.5858     0.0671    -0.0061     0.0023    -0.0037
      -8.00    -1.1879     0.4533     0.0671    -0.0043     0.0016    -0.0037
      -6.00    -0.8677     0.3311     0.0670    -0.0022     0.0009    -0.0035
      -4.00    -0.5605     0.2139     0.0670    -0.0007     0.0003    -0.0033
      -2.00    -0.2624     0.1001     0.0669    -0.0001     0.0000    -0.0031
       0.00     0.0000     0.0000     0.0669     0.0000     0.0000    -0.0029
       2.00     0.2624    -0.1001     0.0669     0.0001     0.0000    -0.0031
       4.00     0.5605    -0.2139     0.0670     0.0007    -0.0003    -0.0033
       6.00     0.8677    -0.3311     0.0670     0.0022    -0.0009    -0.0035
       8.00     1.1879    -0.4533     0.0671     0.0043    -0.0016    -0.0037
      10.00     1.5353    -0.5858     0.0671     0.0061    -0.0023    -0.0037
1         ***** THE USAF AUTOMATED MISSILE DATCOM * REV 3/99 *****     CASE   1
               AERODYNAMIC METHODS FOR MISSILE CONFIGURATIONS          PAGE  20
                 AERODYNAMIC FORCE AND MOMENT SYNTHESIS

       ******* FLIGHT CONDITIONS AND REFERENCE QUANTITIES *******
     MACH NO  =       0.20                REYNOLDS NO = 4.637E+06 /M
     ALTITUDE =        0.0 M         DYNAMIC PRESSURE =   2837.10 N/M**2
     SIDESLIP =       0.00 DEG                   ROLL =      0.00 DEG     
     REF AREA =      0.004 M**2         MOMENT CENTER =     0.710 M
     REF LENGTH =     1.28 M           LAT REF LENGTH =      1.28 M

          ---------------FIN SET 1 PANEL CHARACTERISTICS------------------

      ALPHA      PANEL    AEQ (PANEL AXIS SYS.)    PANEL CN

     -10.00        1              0.2113           0.0094
     -10.00        2            -12.5081          -0.7411
     -10.00        3              0.4354           0.0193
     -10.00        4             13.2224           0.7943
 
      -8.00        1              0.2382           0.0106
      -8.00        2            -10.0997          -0.5691
      -8.00        3              0.4211           0.0187
      -8.00        4             10.8128           0.6188
 
      -6.00        1              0.2653           0.0118
      -6.00        2             -7.7117          -0.4111
      -6.00        3              0.4193           0.0186
      -6.00        4              8.4198           0.4566
 
      -4.00        1              0.2932           0.0130
      -4.00        2             -5.1997          -0.2599
      -4.00        3              0.4098           0.0182
      -4.00        4              5.9035           0.3006
 
      -2.00        1              0.3222           0.0143
      -2.00        2             -2.4584          -0.1134
      -2.00        3              0.3811           0.0169
      -2.00        4              3.1619           0.1490
 
       0.00        1              0.3517           0.0156
       0.00        2              0.3517           0.0156
       0.00        3              0.3517           0.0156
       0.00        4              0.3517           0.0156
 
       2.00        1              0.3811           0.0169
       2.00        2              3.1619           0.1490
       2.00        3              0.3222           0.0143
       2.00        4             -2.4584          -0.1134
 
       4.00        1              0.4098           0.0182
       4.00        2              5.9035           0.3006
       4.00        3              0.2932           0.0130
       4.00        4             -5.1997          -0.2599
 
       6.00        1              0.4193           0.0186
       6.00        2              8.4198           0.4566
       6.00        3              0.2653           0.0118
       6.00        4             -7.7117          -0.4111
 
       8.00        1              0.4211           0.0187
       8.00        2             10.8128           0.6188
       8.00        3              0.2382           0.0106
       8.00        4            -10.0997          -0.5691
 
      10.00        1              0.4354           0.0193
      10.00        2             13.2224           0.7943
      10.00        3              0.2113           0.0094
      10.00        4            -12.5081          -0.7411
 
1         ***** THE USAF AUTOMATED MISSILE DATCOM * REV 3/99 *****     CASE   1
               AERODYNAMIC METHODS FOR MISSILE CONFIGURATIONS          PAGE  21
                 AERODYNAMIC FORCE AND MOMENT SYNTHESIS

       ******* FLIGHT CONDITIONS AND REFERENCE QUANTITIES *******
     MACH NO  =       0.20                REYNOLDS NO = 4.637E+06 /M
     ALTITUDE =        0.0 M         DYNAMIC PRESSURE =   2837.10 N/M**2
     SIDESLIP =       0.00 DEG                   ROLL =      0.00 DEG     
     REF AREA =      0.004 M**2         MOMENT CENTER =     0.710 M
     REF LENGTH =     1.28 M           LAT REF LENGTH =      1.28 M

             CARRYOVER INTERFERENCE FACTORS - FIN SET 1

      ALPHA   K-W(B)   K-B(W)  KK-W(B)  KK-B(W)  XCP-W(B) XCP-B(W) Y-CP/(B/2)

     -10.00   1.3261   0.5437   0.9354   0.3728   0.3816   0.3804   0.4607
      -8.00   1.3491   0.5437   0.9354   0.3728   0.3816   0.3804   0.4653
      -6.00   1.3708   0.5437   0.9354   0.3728   0.3816   0.3804   0.4646
      -4.00   1.3901   0.5437   0.9354   0.3728   0.3816   0.3804   0.4616
      -2.00   1.4057   0.5437   0.9354   0.3728   0.3816   0.3804   0.4553
       0.00   1.4145   0.5437   0.9354   0.3728   0.3816   0.3804   0.4455
       2.00   1.4057   0.5437   0.9354   0.3728   0.3816   0.3804   0.4527
       4.00   1.3901   0.5437   0.9354   0.3728   0.3816   0.3804   0.4606
       6.00   1.3708   0.5437   0.9354   0.3728   0.3816   0.3804   0.4643
       8.00   1.3491   0.5437   0.9354   0.3728   0.3816   0.3804   0.4656
      10.00   1.3261   0.5437   0.9354   0.3728   0.3816   0.3804   0.4621

    NOTE - XCP-W(B) USED FOR STABILITY ONLY DIFFERENT VALUES USED FOR HINGE MOMENTS
1         ***** THE USAF AUTOMATED MISSILE DATCOM * REV 3/99 *****     CASE   1
               AERODYNAMIC METHODS FOR MISSILE CONFIGURATIONS          PAGE  22
        FIN SET 1 PANEL BENDING MOMENTS (ABOUT EXPOSED ROOT CHORD)

       ******* FLIGHT CONDITIONS AND REFERENCE QUANTITIES *******
     MACH NO  =       0.20                REYNOLDS NO = 4.637E+06 /M
     ALTITUDE =        0.0 M         DYNAMIC PRESSURE =   2837.10 N/M**2
     SIDESLIP =       0.00 DEG                   ROLL =      0.00 DEG     
     REF AREA =      0.004 M**2         MOMENT CENTER =     0.710 M
     REF LENGTH =     1.28 M           LAT REF LENGTH =      1.28 M

   ALPHA   PANL 1   PANL 2   PANL 3   PANL 4   PANL 5   PANL 6   PANL 7   PANL 8
 
   -10.0  1.93E-04 -1.53E-02  3.98E-04  1.64E-02
    -8.0  2.20E-04 -1.18E-02  3.89E-04  1.29E-02
    -6.0  2.45E-04 -8.55E-03  3.87E-04  9.49E-03
    -4.0  2.69E-04 -5.37E-03  3.76E-04  6.21E-03
    -2.0  2.91E-04 -2.31E-03  3.44E-04  3.04E-03
     0.0  3.11E-04  3.11E-04  3.11E-04  3.11E-04
     2.0  3.43E-04  3.02E-03  2.89E-04 -2.30E-03
     4.0  3.75E-04  6.20E-03  2.68E-04 -5.36E-03
     6.0  3.87E-04  9.48E-03  2.44E-04 -8.54E-03
     8.0  3.89E-04  1.29E-02  2.20E-04 -1.19E-02
    10.0  4.00E-04  1.64E-02  1.94E-04 -1.53E-02
1         ***** THE USAF AUTOMATED MISSILE DATCOM * REV 3/99 *****     CASE   1
               AERODYNAMIC METHODS FOR MISSILE CONFIGURATIONS          PAGE  23
            FIN SET 1 PANEL HINGE MOMENTS (ABOUT HINGE LINE)

       ******* FLIGHT CONDITIONS AND REFERENCE QUANTITIES *******
     MACH NO  =       0.20                REYNOLDS NO = 4.637E+06 /M
     ALTITUDE =        0.0 M         DYNAMIC PRESSURE =   2837.10 N/M**2
     SIDESLIP =       0.00 DEG                   ROLL =      0.00 DEG     
     REF AREA =      0.004 M**2         MOMENT CENTER =     0.710 M
     REF LENGTH =     1.28 M           LAT REF LENGTH =      1.28 M

   ALPHA   PANL 1   PANL 2   PANL 3   PANL 4   PANL 5   PANL 6   PANL 7   PANL 8
 
   -10.0  3.62E-04 -2.87E-02  7.47E-04  3.07E-02
    -8.0  4.08E-04 -2.20E-02  7.23E-04  2.39E-02
    -6.0  4.55E-04 -1.59E-02  7.19E-04  1.77E-02
    -4.0  5.03E-04 -1.00E-02  7.03E-04  1.16E-02
    -2.0  5.53E-04 -4.38E-03  6.54E-04  5.76E-03
     0.0  6.03E-04  6.03E-04  6.03E-04  6.03E-04
     2.0  6.54E-04  5.76E-03  5.53E-04 -4.38E-03
     4.0  7.03E-04  1.16E-02  5.03E-04 -1.00E-02
     6.0  7.19E-04  1.77E-02  4.55E-04 -1.59E-02
     8.0  7.23E-04  2.39E-02  4.08E-04 -2.20E-02
    10.0  7.47E-04  3.07E-02  3.62E-04 -2.87E-02
1         ***** THE USAF AUTOMATED MISSILE DATCOM * REV 3/99 *****     CASE   1
               AERODYNAMIC METHODS FOR MISSILE CONFIGURATIONS          PAGE  24
                   STATIC AERODYNAMICS FOR BODY-FIN SET 1

       ******* FLIGHT CONDITIONS AND REFERENCE QUANTITIES *******
     MACH NO  =       0.20                REYNOLDS NO = 4.637E+06 /M
     ALTITUDE =        0.0 M         DYNAMIC PRESSURE =   2837.10 N/M**2
     SIDESLIP =       0.00 DEG                   ROLL =      0.00 DEG     
     REF AREA =      0.004 M**2         MOMENT CENTER =     0.710 M
     REF LENGTH =     1.28 M           LAT REF LENGTH =      1.28 M

                   ----- LONGITUDINAL -----     -- LATERAL DIRECTIONAL --
         ALPHA       CN        CM        CA        CY       CLN       CLL

        -10.00    -2.908     0.642     0.401    -0.009     0.003    -0.004
         -8.00    -2.202     0.489     0.404    -0.006     0.002    -0.004
         -6.00    -1.569     0.353     0.406    -0.003     0.001    -0.004
         -4.00    -0.988     0.225     0.407    -0.001     0.000    -0.003
         -2.00    -0.453     0.103     0.407     0.000     0.000    -0.003
          0.00     0.000     0.000     0.407     0.000     0.000    -0.003
          2.00     0.453    -0.103     0.407     0.000     0.000    -0.003
          4.00     0.988    -0.225     0.407     0.001     0.000    -0.003
          6.00     1.569    -0.353     0.406     0.003    -0.001    -0.004
          8.00     2.202    -0.489     0.404     0.006    -0.002    -0.004
         10.00     2.908    -0.642     0.401     0.009    -0.003    -0.004

         ALPHA       CL        CD      CL/CD     X-C.P.

        -10.00    -2.795     0.900    -3.104    -0.221
         -8.00    -2.125     0.707    -3.006    -0.222
         -6.00    -1.518     0.568    -2.674    -0.225
         -4.00    -0.957     0.475    -2.015    -0.228
         -2.00    -0.438     0.423    -1.036    -0.227
          0.00     0.000     0.407     0.000    -0.381
          2.00     0.438     0.423     1.036    -0.227
          4.00     0.957     0.475     2.015    -0.228
          6.00     1.518     0.568     2.674    -0.225
          8.00     2.125     0.707     3.006    -0.222
         10.00     2.795     0.900     3.104    -0.221

    X-C.P. MEAS. FROM MOMENT CENTER IN REF. LENGTHS, NEG. AFT OF MOMENT CENTER
1         ***** THE USAF AUTOMATED MISSILE DATCOM * REV 3/99 *****     CASE   1
               AERODYNAMIC METHODS FOR MISSILE CONFIGURATIONS          PAGE  25
                   STATIC AERODYNAMICS FOR BODY-FIN SET 1

       ******* FLIGHT CONDITIONS AND REFERENCE QUANTITIES *******
     MACH NO  =       0.20                REYNOLDS NO = 4.637E+06 /M
     ALTITUDE =        0.0 M         DYNAMIC PRESSURE =   2837.10 N/M**2
     SIDESLIP =       0.00 DEG                   ROLL =      0.00 DEG     
     REF AREA =      0.004 M**2         MOMENT CENTER =     0.710 M
     REF LENGTH =     1.28 M           LAT REF LENGTH =      1.28 M

                   ---------- DERIVATIVES (PER DEGREE) ----------
         ALPHA       CNA         CMA         CYB         CLNB        CLLB
        -10.00      0.3713     -0.0805     -0.2074      0.0328     -0.0008
         -8.00      0.3348     -0.0723     -0.2030      0.0338     -0.0008
         -6.00      0.3036     -0.0660     -0.2121      0.0400     -0.0005
         -4.00      0.2790     -0.0625     -0.2206      0.0461     -0.0002
         -2.00      0.2468     -0.0562     -0.2206      0.0489     -0.0001
          0.00      0.2264     -0.0514     -0.2186      0.0492     -0.0001
          2.00      0.2468     -0.0562     -0.2209      0.0490     -0.0001
          4.00      0.2790     -0.0625     -0.2205      0.0460      0.0001
          6.00      0.3036     -0.0660     -0.2120      0.0400      0.0004
          8.00      0.3348     -0.0723     -0.2026      0.0336      0.0007
         10.00      0.3713     -0.0805     -0.2072      0.0327      0.0007

    PANEL DEFLECTION ANGLES (DEGREES)
    SET    FIN 1   FIN 2   FIN 3   FIN 4   FIN 5   FIN 6   FIN 7   FIN 8
      1    0.60    0.60    0.60    0.60
1         ***** THE USAF AUTOMATED MISSILE DATCOM * REV 3/99 *****     CASE   1
               AERODYNAMIC METHODS FOR MISSILE CONFIGURATIONS          PAGE  26
                             BODY ALONE PARTIAL OUTPUT

       ******* FLIGHT CONDITIONS AND REFERENCE QUANTITIES *******
     MACH NO  =       0.30                REYNOLDS NO = 6.955E+06 /M
     ALTITUDE =        0.0 M         DYNAMIC PRESSURE =   6383.49 N/M**2
     SIDESLIP =       0.00 DEG                   ROLL =      0.00 DEG     
     REF AREA =      0.004 M**2         MOMENT CENTER =     0.710 M
     REF LENGTH =     1.28 M           LAT REF LENGTH =      1.28 M

      ALPHA    CA-FRIC  CA-PRES/WAVE CA-BASE    CA-PROT     CA-SEP     CA-ALP
     -10.00     0.2031     0.0572     0.0561                           0.0022
      -8.00     0.2054     0.0578     0.0562                           0.0019
      -6.00     0.2071     0.0583     0.0563                           0.0013
      -4.00     0.2084     0.0587     0.0563                           0.0006
      -2.00     0.2092     0.0589     0.0563                           0.0002
       0.00     0.2094     0.0589     0.0562                           0.0000
       2.00     0.2092     0.0589     0.0563                           0.0002
       4.00     0.2084     0.0587     0.0563                           0.0006
       6.00     0.2071     0.0583     0.0563                           0.0013
       8.00     0.2054     0.0578     0.0562                           0.0019
      10.00     0.2031     0.0572     0.0561                           0.0022

                     CROSS FLOW DRAG PROPORTIONALITY FACTOR = 0.76155

      ALPHA    CN-POTEN  CN-VISC   CN-SEP    CM-POTEN  CM-VISC   CM-SEP    CDC
     -10.00    -0.359    -0.389              -0.174    -0.010             0.772
      -8.00    -0.289    -0.248              -0.140    -0.007             0.766
      -6.00    -0.219    -0.138              -0.106    -0.004             0.759
      -4.00    -0.146    -0.061              -0.071    -0.002             0.753
      -2.00    -0.073    -0.015              -0.036     0.000             0.746
       0.00     0.000     0.000               0.000     0.000             0.740
       2.00     0.073     0.015               0.036     0.000             0.746
       4.00     0.146     0.061               0.071     0.002             0.753
       6.00     0.219     0.138               0.106     0.004             0.759
       8.00     0.289     0.248               0.140     0.007             0.766
      10.00     0.359     0.389               0.174     0.010             0.772
1         ***** THE USAF AUTOMATED MISSILE DATCOM * REV 3/99 *****     CASE   1
               AERODYNAMIC METHODS FOR MISSILE CONFIGURATIONS          PAGE  27
                        FIN SET 1 CA PARTIAL OUTPUT

       ******* FLIGHT CONDITIONS AND REFERENCE QUANTITIES *******
     MACH NO  =       0.30                REYNOLDS NO = 6.955E+06 /M
     ALTITUDE =        0.0 M         DYNAMIC PRESSURE =   6383.49 N/M**2
     SIDESLIP =       0.00 DEG                   ROLL =      0.00 DEG     
     REF AREA =      0.004 M**2         MOMENT CENTER =     0.710 M
     REF LENGTH =     1.28 M           LAT REF LENGTH =      1.28 M

    SINGLE FIN PANEL ZERO-LIFT AXIAL FORCE COMPONENTS

    SKIN FRICTION        0.0141
    SUBSONIC PRESSURE    0.0011
    TRANSONIC WAVE       0.0000
    SUPERSONIC WAVE      0.0000
    LEADING EDGE         0.0000
    TRAILING EDGE        0.0000
    TOTAL CAO            0.0152

    FIN AXIAL FORCE DUE TO ANGLE OF ATTACK

    ALPHA      CA DUE TO LIFT (SINGLE PANEL)   CA-TOTAL (4 FINS)

     -10.00              0.0000                      0.0600
      -8.00              0.0000                      0.0603
      -6.00              0.0000                      0.0606
      -4.00              0.0000                      0.0608
      -2.00              0.0000                      0.0609
       0.00              0.0000                      0.0609
       2.00              0.0000                      0.0609
       4.00              0.0000                      0.0608
       6.00              0.0000                      0.0606
       8.00              0.0000                      0.0603
      10.00              0.0000                      0.0600
1         ***** THE USAF AUTOMATED MISSILE DATCOM * REV 3/99 *****     CASE   1
               AERODYNAMIC METHODS FOR MISSILE CONFIGURATIONS          PAGE  28
                       FIN SET 1 CN, CM PARTIAL OUTPUT

       ******* FLIGHT CONDITIONS AND REFERENCE QUANTITIES *******
     MACH NO  =       0.30                REYNOLDS NO = 6.955E+06 /M
     ALTITUDE =        0.0 M         DYNAMIC PRESSURE =   6383.49 N/M**2
     SIDESLIP =       0.00 DEG                   ROLL =      0.00 DEG     
     REF AREA =      0.004 M**2         MOMENT CENTER =     0.710 M
     REF LENGTH =     1.28 M           LAT REF LENGTH =      1.28 M

    NORMAL FORCE SLOPE AT ALPHA ZERO, CNA =    0.04281/DEG (1 PANEL)
         CENTER OF PRESSURE FOR LINEAR CN =   -0.38147 (CALIBERS FROM C.G.)
     CENTER OF PRESSURE FOR NON-LINEAR CN =   -0.40446 (CALIBERS FROM C.G.)

      ALPHA      CN        CN        CN        CM        CM        CM
               LINEAR  NON-LINEAR  TOTAL     LINEAR  NON-LINEAR  TOTAL

     -10.00   -0.8389   -0.2862   -1.1252    0.3200    0.1158    0.4358
      -8.00   -0.6761   -0.1839   -0.8600    0.2579    0.0744    0.3323
      -6.00   -0.5100   -0.1037   -0.6137    0.1945    0.0420    0.2365
      -4.00   -0.3414   -0.0462   -0.3876    0.1302    0.0187    0.1489
      -2.00   -0.1711   -0.0116   -0.1827    0.0653    0.0047    0.0699
       0.00    0.0000    0.0000    0.0000    0.0000    0.0000    0.0000
       2.00    0.1711    0.0116    0.1827   -0.0653   -0.0047   -0.0699
       4.00    0.3414    0.0462    0.3876   -0.1302   -0.0187   -0.1489
       6.00    0.5100    0.1037    0.6137   -0.1945   -0.0420   -0.2365
       8.00    0.6761    0.1839    0.8600   -0.2579   -0.0744   -0.3323
      10.00    0.8389    0.2862    1.1252   -0.3200   -0.1158   -0.4358
1         ***** THE USAF AUTOMATED MISSILE DATCOM * REV 3/99 *****     CASE   1
               AERODYNAMIC METHODS FOR MISSILE CONFIGURATIONS          PAGE  29
                 AERODYNAMIC FORCE AND MOMENT SYNTHESIS

       ******* FLIGHT CONDITIONS AND REFERENCE QUANTITIES *******
     MACH NO  =       0.30                REYNOLDS NO = 6.955E+06 /M
     ALTITUDE =        0.0 M         DYNAMIC PRESSURE =   6383.49 N/M**2
     SIDESLIP =       0.00 DEG                   ROLL =      0.00 DEG     
     REF AREA =      0.004 M**2         MOMENT CENTER =     0.710 M
     REF LENGTH =     1.28 M           LAT REF LENGTH =      1.28 M

          ---------------FIN SET 1 IN PRESENCE OF THE BODY----------------

      ALPHA       CN         CM         CA         CY         CLN        CLL

     -10.00    -1.5353     0.5857     0.0618    -0.0061     0.0023    -0.0037
      -8.00    -1.1881     0.4532     0.0617    -0.0043     0.0016    -0.0036
      -6.00    -0.8685     0.3313     0.0617    -0.0022     0.0009    -0.0035
      -4.00    -0.5616     0.2142     0.0617    -0.0007     0.0003    -0.0033
      -2.00    -0.2631     0.1004     0.0616    -0.0001     0.0000    -0.0031
       0.00     0.0000     0.0000     0.0616     0.0000     0.0000    -0.0029
       2.00     0.2631    -0.1004     0.0616     0.0001     0.0000    -0.0031
       4.00     0.5616    -0.2142     0.0617     0.0007    -0.0003    -0.0033
       6.00     0.8685    -0.3313     0.0617     0.0022    -0.0009    -0.0035
       8.00     1.1881    -0.4532     0.0617     0.0043    -0.0016    -0.0036
      10.00     1.5353    -0.5857     0.0618     0.0061    -0.0023    -0.0037
1         ***** THE USAF AUTOMATED MISSILE DATCOM * REV 3/99 *****     CASE   1
               AERODYNAMIC METHODS FOR MISSILE CONFIGURATIONS          PAGE  30
                 AERODYNAMIC FORCE AND MOMENT SYNTHESIS

       ******* FLIGHT CONDITIONS AND REFERENCE QUANTITIES *******
     MACH NO  =       0.30                REYNOLDS NO = 6.955E+06 /M
     ALTITUDE =        0.0 M         DYNAMIC PRESSURE =   6383.49 N/M**2
     SIDESLIP =       0.00 DEG                   ROLL =      0.00 DEG     
     REF AREA =      0.004 M**2         MOMENT CENTER =     0.710 M
     REF LENGTH =     1.28 M           LAT REF LENGTH =      1.28 M

          ---------------FIN SET 1 PANEL CHARACTERISTICS------------------

      ALPHA      PANEL    AEQ (PANEL AXIS SYS.)    PANEL CN

     -10.00        1              0.2113           0.0094
     -10.00        2            -12.5081          -0.7411
     -10.00        3              0.4354           0.0194
     -10.00        4             13.2224           0.7942
 
      -8.00        1              0.2382           0.0106
      -8.00        2            -10.0965          -0.5692
      -8.00        3              0.4206           0.0187
      -8.00        4             10.8097           0.6189
 
      -6.00        1              0.2653           0.0118
      -6.00        2             -7.7105          -0.4116
      -6.00        3              0.4191           0.0187
      -6.00        4              8.4187           0.4570
 
      -4.00        1              0.2932           0.0130
      -4.00        2             -5.1997          -0.2604
      -4.00        3              0.4098           0.0182
      -4.00        4              5.9035           0.3012
 
      -2.00        1              0.3222           0.0143
      -2.00        2             -2.4584          -0.1137
      -2.00        3              0.3811           0.0170
      -2.00        4              3.1619           0.1494
 
       0.00        1              0.3517           0.0157
       0.00        2              0.3517           0.0157
       0.00        3              0.3517           0.0157
       0.00        4              0.3517           0.0157
 
       2.00        1              0.3811           0.0170
       2.00        2              3.1619           0.1494
       2.00        3              0.3222           0.0143
       2.00        4             -2.4584          -0.1137
 
       4.00        1              0.4098           0.0182
       4.00        2              5.9035           0.3012
       4.00        3              0.2932           0.0130
       4.00        4             -5.1997          -0.2604
 
       6.00        1              0.4191           0.0187
       6.00        2              8.4187           0.4570
       6.00        3              0.2653           0.0118
       6.00        4             -7.7105          -0.4116
 
       8.00        1              0.4206           0.0187
       8.00        2             10.8097           0.6189
       8.00        3              0.2382           0.0106
       8.00        4            -10.0965          -0.5692
 
      10.00        1              0.4354           0.0194
      10.00        2             13.2224           0.7942
      10.00        3              0.2113           0.0094
      10.00        4            -12.5081          -0.7411
 
1         ***** THE USAF AUTOMATED MISSILE DATCOM * REV 3/99 *****     CASE   1
               AERODYNAMIC METHODS FOR MISSILE CONFIGURATIONS          PAGE  31
                 AERODYNAMIC FORCE AND MOMENT SYNTHESIS

       ******* FLIGHT CONDITIONS AND REFERENCE QUANTITIES *******
     MACH NO  =       0.30                REYNOLDS NO = 6.955E+06 /M
     ALTITUDE =        0.0 M         DYNAMIC PRESSURE =   6383.49 N/M**2
     SIDESLIP =       0.00 DEG                   ROLL =      0.00 DEG     
     REF AREA =      0.004 M**2         MOMENT CENTER =     0.710 M
     REF LENGTH =     1.28 M           LAT REF LENGTH =      1.28 M

             CARRYOVER INTERFERENCE FACTORS - FIN SET 1

      ALPHA   K-W(B)   K-B(W)  KK-W(B)  KK-B(W)  XCP-W(B) XCP-B(W) Y-CP/(B/2)

     -10.00   1.3261   0.5437   0.9354   0.3728   0.3815   0.3804   0.4590
      -8.00   1.3491   0.5437   0.9354   0.3728   0.3815   0.3804   0.4664
      -6.00   1.3708   0.5437   0.9354   0.3728   0.3815   0.3804   0.4679
      -4.00   1.3901   0.5437   0.9354   0.3728   0.3815   0.3804   0.4649
      -2.00   1.4057   0.5437   0.9354   0.3728   0.3815   0.3804   0.4574
       0.00   1.4145   0.5437   0.9354   0.3728   0.3815   0.3804   0.4463
       2.00   1.4057   0.5437   0.9354   0.3728   0.3815   0.3804   0.4545
       4.00   1.3901   0.5437   0.9354   0.3728   0.3815   0.3804   0.4636
       6.00   1.3708   0.5437   0.9354   0.3728   0.3815   0.3804   0.4681
       8.00   1.3491   0.5437   0.9354   0.3728   0.3815   0.3804   0.4673
      10.00   1.3261   0.5437   0.9354   0.3728   0.3815   0.3804   0.4613

    NOTE - XCP-W(B) USED FOR STABILITY ONLY DIFFERENT VALUES USED FOR HINGE MOMENTS
1         ***** THE USAF AUTOMATED MISSILE DATCOM * REV 3/99 *****     CASE   1
               AERODYNAMIC METHODS FOR MISSILE CONFIGURATIONS          PAGE  32
        FIN SET 1 PANEL BENDING MOMENTS (ABOUT EXPOSED ROOT CHORD)

       ******* FLIGHT CONDITIONS AND REFERENCE QUANTITIES *******
     MACH NO  =       0.30                REYNOLDS NO = 6.955E+06 /M
     ALTITUDE =        0.0 M         DYNAMIC PRESSURE =   6383.49 N/M**2
     SIDESLIP =       0.00 DEG                   ROLL =      0.00 DEG     
     REF AREA =      0.004 M**2         MOMENT CENTER =     0.710 M
     REF LENGTH =     1.28 M           LAT REF LENGTH =      1.28 M

   ALPHA   PANL 1   PANL 2   PANL 3   PANL 4   PANL 5   PANL 6   PANL 7   PANL 8
 
   -10.0  1.93E-04 -1.52E-02  3.98E-04  1.63E-02
    -8.0  2.21E-04 -1.19E-02  3.91E-04  1.29E-02
    -6.0  2.47E-04 -8.62E-03  3.91E-04  9.57E-03
    -4.0  2.71E-04 -5.42E-03  3.80E-04  6.27E-03
    -2.0  2.94E-04 -2.33E-03  3.47E-04  3.06E-03
     0.0  3.13E-04  3.13E-04  3.13E-04  3.13E-04
     2.0  3.45E-04  3.04E-03  2.92E-04 -2.31E-03
     4.0  3.79E-04  6.25E-03  2.71E-04 -5.40E-03
     6.0  3.91E-04  9.57E-03  2.47E-04 -8.62E-03
     8.0  3.92E-04  1.29E-02  2.22E-04 -1.19E-02
    10.0  4.00E-04  1.64E-02  1.94E-04 -1.53E-02
1         ***** THE USAF AUTOMATED MISSILE DATCOM * REV 3/99 *****     CASE   1
               AERODYNAMIC METHODS FOR MISSILE CONFIGURATIONS          PAGE  33
            FIN SET 1 PANEL HINGE MOMENTS (ABOUT HINGE LINE)

       ******* FLIGHT CONDITIONS AND REFERENCE QUANTITIES *******
     MACH NO  =       0.30                REYNOLDS NO = 6.955E+06 /M
     ALTITUDE =        0.0 M         DYNAMIC PRESSURE =   6383.49 N/M**2
     SIDESLIP =       0.00 DEG                   ROLL =      0.00 DEG     
     REF AREA =      0.004 M**2         MOMENT CENTER =     0.710 M
     REF LENGTH =     1.28 M           LAT REF LENGTH =      1.28 M

   ALPHA   PANL 1   PANL 2   PANL 3   PANL 4   PANL 5   PANL 6   PANL 7   PANL 8
 
   -10.0  3.64E-04 -2.87E-02  7.52E-04  3.08E-02
    -8.0  4.11E-04 -2.21E-02  7.26E-04  2.40E-02
    -6.0  4.58E-04 -1.60E-02  7.24E-04  1.77E-02
    -4.0  5.06E-04 -1.01E-02  7.07E-04  1.17E-02
    -2.0  5.56E-04 -4.41E-03  6.58E-04  5.79E-03
     0.0  6.07E-04  6.07E-04  6.07E-04  6.07E-04
     2.0  6.58E-04  5.79E-03  5.56E-04 -4.41E-03
     4.0  7.07E-04  1.17E-02  5.06E-04 -1.01E-02
     6.0  7.24E-04  1.77E-02  4.58E-04 -1.60E-02
     8.0  7.26E-04  2.40E-02  4.11E-04 -2.21E-02
    10.0  7.52E-04  3.08E-02  3.64E-04 -2.87E-02
1         ***** THE USAF AUTOMATED MISSILE DATCOM * REV 3/99 *****     CASE   1
               AERODYNAMIC METHODS FOR MISSILE CONFIGURATIONS          PAGE  34
                   STATIC AERODYNAMICS FOR BODY-FIN SET 1

       ******* FLIGHT CONDITIONS AND REFERENCE QUANTITIES *******
     MACH NO  =       0.30                REYNOLDS NO = 6.955E+06 /M
     ALTITUDE =        0.0 M         DYNAMIC PRESSURE =   6383.49 N/M**2
     SIDESLIP =       0.00 DEG                   ROLL =      0.00 DEG     
     REF AREA =      0.004 M**2         MOMENT CENTER =     0.710 M
     REF LENGTH =     1.28 M           LAT REF LENGTH =      1.28 M

                   ----- LONGITUDINAL -----     -- LATERAL DIRECTIONAL --
         ALPHA       CN        CM        CA        CY       CLN       CLL

        -10.00    -2.912     0.641     0.380    -0.009     0.003    -0.004
         -8.00    -2.204     0.488     0.383    -0.006     0.002    -0.004
         -6.00    -1.570     0.353     0.385    -0.003     0.001    -0.004
         -4.00    -0.989     0.225     0.386    -0.001     0.000    -0.003
         -2.00    -0.453     0.103     0.386     0.000     0.000    -0.003
          0.00     0.000     0.000     0.386     0.000     0.000    -0.003
          2.00     0.453    -0.103     0.386     0.000     0.000    -0.003
          4.00     0.989    -0.225     0.386     0.001     0.000    -0.003
          6.00     1.570    -0.353     0.385     0.003    -0.001    -0.004
          8.00     2.204    -0.488     0.383     0.006    -0.002    -0.004
         10.00     2.912    -0.641     0.380     0.009    -0.003    -0.004

         ALPHA       CL        CD      CL/CD     X-C.P.

        -10.00    -2.802     0.880    -3.183    -0.220
         -8.00    -2.129     0.686    -3.104    -0.222
         -6.00    -1.521     0.547    -2.782    -0.225
         -4.00    -0.959     0.454    -2.115    -0.228
         -2.00    -0.440     0.402    -1.095    -0.227
          0.00     0.000     0.386     0.000    -0.381
          2.00     0.440     0.402     1.095    -0.227
          4.00     0.959     0.454     2.115    -0.228
          6.00     1.521     0.547     2.782    -0.225
          8.00     2.129     0.686     3.104    -0.222
         10.00     2.802     0.880     3.183    -0.220

    X-C.P. MEAS. FROM MOMENT CENTER IN REF. LENGTHS, NEG. AFT OF MOMENT CENTER
1         ***** THE USAF AUTOMATED MISSILE DATCOM * REV 3/99 *****     CASE   1
               AERODYNAMIC METHODS FOR MISSILE CONFIGURATIONS          PAGE  35
                   STATIC AERODYNAMICS FOR BODY-FIN SET 1

       ******* FLIGHT CONDITIONS AND REFERENCE QUANTITIES *******
     MACH NO  =       0.30                REYNOLDS NO = 6.955E+06 /M
     ALTITUDE =        0.0 M         DYNAMIC PRESSURE =   6383.49 N/M**2
     SIDESLIP =       0.00 DEG                   ROLL =      0.00 DEG     
     REF AREA =      0.004 M**2         MOMENT CENTER =     0.710 M
     REF LENGTH =     1.28 M           LAT REF LENGTH =      1.28 M

                   ---------- DERIVATIVES (PER DEGREE) ----------
         ALPHA       CNA         CMA         CYB         CLNB        CLLB
        -10.00      0.3727     -0.0804     -0.2082      0.0329     -0.0008
         -8.00      0.3354     -0.0720     -0.2032      0.0337     -0.0008
         -6.00      0.3037     -0.0658     -0.2125      0.0401     -0.0005
         -4.00      0.2791     -0.0624     -0.2210      0.0462     -0.0002
         -2.00      0.2471     -0.0563     -0.2210      0.0490     -0.0001
          0.00      0.2267     -0.0515     -0.2190      0.0494     -0.0001
          2.00      0.2471     -0.0563     -0.2213      0.0491     -0.0001
          4.00      0.2791     -0.0624     -0.2209      0.0461      0.0001
          6.00      0.3037     -0.0658     -0.2124      0.0400      0.0004
          8.00      0.3354     -0.0720     -0.2029      0.0336      0.0007
         10.00      0.3727     -0.0804     -0.2080      0.0328      0.0007

    PANEL DEFLECTION ANGLES (DEGREES)
    SET    FIN 1   FIN 2   FIN 3   FIN 4   FIN 5   FIN 6   FIN 7   FIN 8
      1    0.60    0.60    0.60    0.60
1         ***** THE USAF AUTOMATED MISSILE DATCOM * REV 3/99 *****     CASE   1
               AERODYNAMIC METHODS FOR MISSILE CONFIGURATIONS          PAGE  36
                             BODY ALONE PARTIAL OUTPUT

       ******* FLIGHT CONDITIONS AND REFERENCE QUANTITIES *******
     MACH NO  =       0.40                REYNOLDS NO = 9.274E+06 /M
     ALTITUDE =        0.0 M         DYNAMIC PRESSURE =  11348.42 N/M**2
     SIDESLIP =       0.00 DEG                   ROLL =      0.00 DEG     
     REF AREA =      0.004 M**2         MOMENT CENTER =     0.710 M
     REF LENGTH =     1.28 M           LAT REF LENGTH =      1.28 M

      ALPHA    CA-FRIC  CA-PRES/WAVE CA-BASE    CA-PROT     CA-SEP     CA-ALP
     -10.00     0.1929     0.0570     0.0561                           0.0020
      -8.00     0.1951     0.0577     0.0562                           0.0018
      -6.00     0.1967     0.0582     0.0563                           0.0012
      -4.00     0.1979     0.0585     0.0563                           0.0006
      -2.00     0.1987     0.0587     0.0563                           0.0002
       0.00     0.1989     0.0588     0.0562                           0.0000
       2.00     0.1987     0.0587     0.0563                           0.0002
       4.00     0.1979     0.0585     0.0563                           0.0006
       6.00     0.1967     0.0582     0.0563                           0.0012
       8.00     0.1951     0.0577     0.0562                           0.0018
      10.00     0.1929     0.0570     0.0561                           0.0020

                     CROSS FLOW DRAG PROPORTIONALITY FACTOR = 0.76155

      ALPHA    CN-POTEN  CN-VISC   CN-SEP    CM-POTEN  CM-VISC   CM-SEP    CDC
     -10.00    -0.356    -0.394              -0.175    -0.011             0.783
      -8.00    -0.287    -0.250              -0.141    -0.007             0.774
      -6.00    -0.217    -0.140              -0.107    -0.004             0.766
      -4.00    -0.145    -0.061              -0.072    -0.002             0.757
      -2.00    -0.073    -0.015              -0.036     0.000             0.749
       0.00     0.000     0.000               0.000     0.000             0.740
       2.00     0.073     0.015               0.036     0.000             0.749
       4.00     0.145     0.061               0.072     0.002             0.757
       6.00     0.217     0.140               0.107     0.004             0.766
       8.00     0.287     0.250               0.141     0.007             0.774
      10.00     0.356     0.394               0.175     0.011             0.783
1         ***** THE USAF AUTOMATED MISSILE DATCOM * REV 3/99 *****     CASE   1
               AERODYNAMIC METHODS FOR MISSILE CONFIGURATIONS          PAGE  37
                        FIN SET 1 CA PARTIAL OUTPUT

       ******* FLIGHT CONDITIONS AND REFERENCE QUANTITIES *******
     MACH NO  =       0.40                REYNOLDS NO = 9.274E+06 /M
     ALTITUDE =        0.0 M         DYNAMIC PRESSURE =  11348.42 N/M**2
     SIDESLIP =       0.00 DEG                   ROLL =      0.00 DEG     
     REF AREA =      0.004 M**2         MOMENT CENTER =     0.710 M
     REF LENGTH =     1.28 M           LAT REF LENGTH =      1.28 M

    SINGLE FIN PANEL ZERO-LIFT AXIAL FORCE COMPONENTS

    SKIN FRICTION        0.0133
    SUBSONIC PRESSURE    0.0011
    TRANSONIC WAVE       0.0000
    SUPERSONIC WAVE      0.0000
    LEADING EDGE         0.0000
    TRAILING EDGE        0.0000
    TOTAL CAO            0.0143

    FIN AXIAL FORCE DUE TO ANGLE OF ATTACK

    ALPHA      CA DUE TO LIFT (SINGLE PANEL)   CA-TOTAL (4 FINS)

     -10.00              0.0000                      0.0565
      -8.00              0.0000                      0.0568
      -6.00              0.0000                      0.0570
      -4.00              0.0000                      0.0572
      -2.00              0.0000                      0.0573
       0.00              0.0000                      0.0573
       2.00              0.0000                      0.0573
       4.00              0.0000                      0.0572
       6.00              0.0000                      0.0570
       8.00              0.0000                      0.0568
      10.00              0.0000                      0.0565
1         ***** THE USAF AUTOMATED MISSILE DATCOM * REV 3/99 *****     CASE   1
               AERODYNAMIC METHODS FOR MISSILE CONFIGURATIONS          PAGE  38
                       FIN SET 1 CN, CM PARTIAL OUTPUT

       ******* FLIGHT CONDITIONS AND REFERENCE QUANTITIES *******
     MACH NO  =       0.40                REYNOLDS NO = 9.274E+06 /M
     ALTITUDE =        0.0 M         DYNAMIC PRESSURE =  11348.42 N/M**2
     SIDESLIP =       0.00 DEG                   ROLL =      0.00 DEG     
     REF AREA =      0.004 M**2         MOMENT CENTER =     0.710 M
     REF LENGTH =     1.28 M           LAT REF LENGTH =      1.28 M

    NORMAL FORCE SLOPE AT ALPHA ZERO, CNA =    0.04306/DEG (1 PANEL)
         CENTER OF PRESSURE FOR LINEAR CN =   -0.38131 (CALIBERS FROM C.G.)
     CENTER OF PRESSURE FOR NON-LINEAR CN =   -0.40446 (CALIBERS FROM C.G.)

      ALPHA      CN        CN        CN        CM        CM        CM
               LINEAR  NON-LINEAR  TOTAL     LINEAR  NON-LINEAR  TOTAL

     -10.00   -0.8437   -0.2822   -1.1259    0.3217    0.1141    0.4359
      -8.00   -0.6800   -0.1813   -0.8612    0.2593    0.0733    0.3326
      -6.00   -0.5129   -0.1022   -0.6151    0.1956    0.0414    0.2369
      -4.00   -0.3433   -0.0455   -0.3889    0.1309    0.0184    0.1493
      -2.00   -0.1721   -0.0114   -0.1835    0.0656    0.0046    0.0702
       0.00    0.0000    0.0000    0.0000    0.0000    0.0000    0.0000
       2.00    0.1721    0.0114    0.1835   -0.0656   -0.0046   -0.0702
       4.00    0.3433    0.0455    0.3889   -0.1309   -0.0184   -0.1493
       6.00    0.5129    0.1022    0.6151   -0.1956   -0.0414   -0.2369
       8.00    0.6800    0.1813    0.8612   -0.2593   -0.0733   -0.3326
      10.00    0.8437    0.2822    1.1259   -0.3217   -0.1141   -0.4359
1         ***** THE USAF AUTOMATED MISSILE DATCOM * REV 3/99 *****     CASE   1
               AERODYNAMIC METHODS FOR MISSILE CONFIGURATIONS          PAGE  39
                 AERODYNAMIC FORCE AND MOMENT SYNTHESIS

       ******* FLIGHT CONDITIONS AND REFERENCE QUANTITIES *******
     MACH NO  =       0.40                REYNOLDS NO = 9.274E+06 /M
     ALTITUDE =        0.0 M         DYNAMIC PRESSURE =  11348.42 N/M**2
     SIDESLIP =       0.00 DEG                   ROLL =      0.00 DEG     
     REF AREA =      0.004 M**2         MOMENT CENTER =     0.710 M
     REF LENGTH =     1.28 M           LAT REF LENGTH =      1.28 M

          ---------------FIN SET 1 IN PRESENCE OF THE BODY----------------

      ALPHA       CN         CM         CA         CY         CLN        CLL

     -10.00    -1.5349     0.5853     0.0582    -0.0060     0.0023    -0.0037
      -8.00    -1.1882     0.4531     0.0582    -0.0043     0.0016    -0.0036
      -6.00    -0.8696     0.3316     0.0581    -0.0022     0.0008    -0.0035
      -4.00    -0.5630     0.2147     0.0581    -0.0007     0.0003    -0.0034
      -2.00    -0.2642     0.1007     0.0580    -0.0001     0.0000    -0.0031
       0.00     0.0000     0.0000     0.0580     0.0000     0.0000    -0.0029
       2.00     0.2642    -0.1007     0.0580     0.0001     0.0000    -0.0031
       4.00     0.5630    -0.2147     0.0581     0.0007    -0.0003    -0.0034
       6.00     0.8696    -0.3316     0.0581     0.0022    -0.0008    -0.0035
       8.00     1.1882    -0.4531     0.0582     0.0043    -0.0016    -0.0036
      10.00     1.5349    -0.5853     0.0582     0.0060    -0.0023    -0.0037
1         ***** THE USAF AUTOMATED MISSILE DATCOM * REV 3/99 *****     CASE   1
               AERODYNAMIC METHODS FOR MISSILE CONFIGURATIONS          PAGE  40
                 AERODYNAMIC FORCE AND MOMENT SYNTHESIS

       ******* FLIGHT CONDITIONS AND REFERENCE QUANTITIES *******
     MACH NO  =       0.40                REYNOLDS NO = 9.274E+06 /M
     ALTITUDE =        0.0 M         DYNAMIC PRESSURE =  11348.42 N/M**2
     SIDESLIP =       0.00 DEG                   ROLL =      0.00 DEG     
     REF AREA =      0.004 M**2         MOMENT CENTER =     0.710 M
     REF LENGTH =     1.28 M           LAT REF LENGTH =      1.28 M

          ---------------FIN SET 1 PANEL CHARACTERISTICS------------------

      ALPHA      PANEL    AEQ (PANEL AXIS SYS.)    PANEL CN

     -10.00        1              0.2113           0.0094
     -10.00        2            -12.5081          -0.7410
     -10.00        3              0.4354           0.0195
     -10.00        4             13.2224           0.7939
 
      -8.00        1              0.2382           0.0107
      -8.00        2            -10.0933          -0.5694
      -8.00        3              0.4201           0.0188
      -8.00        4             10.8066           0.6188
 
      -6.00        1              0.2653           0.0119
      -6.00        2             -7.7094          -0.4121
      -6.00        3              0.4190           0.0188
      -6.00        4              8.4176           0.4575
 
      -4.00        1              0.2932           0.0131
      -4.00        2             -5.1997          -0.2611
      -4.00        3              0.4098           0.0183
      -4.00        4              5.9035           0.3019
 
      -2.00        1              0.3222           0.0144
      -2.00        2             -2.4584          -0.1142
      -2.00        3              0.3811           0.0171
      -2.00        4              3.1619           0.1500
 
       0.00        1              0.3517           0.0157
       0.00        2              0.3517           0.0157
       0.00        3              0.3517           0.0157
       0.00        4              0.3517           0.0157
 
       2.00        1              0.3811           0.0171
       2.00        2              3.1619           0.1500
       2.00        3              0.3222           0.0144
       2.00        4             -2.4584          -0.1142
 
       4.00        1              0.4098           0.0183
       4.00        2              5.9035           0.3019
       4.00        3              0.2932           0.0131
       4.00        4             -5.1997          -0.2611
 
       6.00        1              0.4190           0.0188
       6.00        2              8.4176           0.4575
       6.00        3              0.2653           0.0119
       6.00        4             -7.7094          -0.4121
 
       8.00        1              0.4201           0.0188
       8.00        2             10.8066           0.6188
       8.00        3              0.2382           0.0107
       8.00        4            -10.0933          -0.5694
 
      10.00        1              0.4354           0.0195
      10.00        2             13.2224           0.7939
      10.00        3              0.2113           0.0094
      10.00        4            -12.5081          -0.7410
 
1         ***** THE USAF AUTOMATED MISSILE DATCOM * REV 3/99 *****     CASE   1
               AERODYNAMIC METHODS FOR MISSILE CONFIGURATIONS          PAGE  41
                 AERODYNAMIC FORCE AND MOMENT SYNTHESIS

       ******* FLIGHT CONDITIONS AND REFERENCE QUANTITIES *******
     MACH NO  =       0.40                REYNOLDS NO = 9.274E+06 /M
     ALTITUDE =        0.0 M         DYNAMIC PRESSURE =  11348.42 N/M**2
     SIDESLIP =       0.00 DEG                   ROLL =      0.00 DEG     
     REF AREA =      0.004 M**2         MOMENT CENTER =     0.710 M
     REF LENGTH =     1.28 M           LAT REF LENGTH =      1.28 M

             CARRYOVER INTERFERENCE FACTORS - FIN SET 1

      ALPHA   K-W(B)   K-B(W)  KK-W(B)  KK-B(W)  XCP-W(B) XCP-B(W) Y-CP/(B/2)

     -10.00   1.3261   0.5437   0.9354   0.3728   0.3813   0.3804   0.4574
      -8.00   1.3491   0.5437   0.9354   0.3728   0.3813   0.3804   0.4674
      -6.00   1.3708   0.5437   0.9354   0.3728   0.3813   0.3804   0.4711
      -4.00   1.3901   0.5437   0.9354   0.3728   0.3813   0.3804   0.4683
      -2.00   1.4057   0.5437   0.9354   0.3728   0.3813   0.3804   0.4596
       0.00   1.4145   0.5437   0.9354   0.3728   0.3813   0.3804   0.4472
       2.00   1.4057   0.5437   0.9354   0.3728   0.3813   0.3804   0.4563
       4.00   1.3901   0.5437   0.9354   0.3728   0.3813   0.3804   0.4666
       6.00   1.3708   0.5437   0.9354   0.3728   0.3813   0.3804   0.4720
       8.00   1.3491   0.5437   0.9354   0.3728   0.3813   0.3804   0.4691
      10.00   1.3261   0.5437   0.9354   0.3728   0.3813   0.3804   0.4604

    NOTE - XCP-W(B) USED FOR STABILITY ONLY DIFFERENT VALUES USED FOR HINGE MOMENTS
1         ***** THE USAF AUTOMATED MISSILE DATCOM * REV 3/99 *****     CASE   1
               AERODYNAMIC METHODS FOR MISSILE CONFIGURATIONS          PAGE  42
        FIN SET 1 PANEL BENDING MOMENTS (ABOUT EXPOSED ROOT CHORD)

       ******* FLIGHT CONDITIONS AND REFERENCE QUANTITIES *******
     MACH NO  =       0.40                REYNOLDS NO = 9.274E+06 /M
     ALTITUDE =        0.0 M         DYNAMIC PRESSURE =  11348.42 N/M**2
     SIDESLIP =       0.00 DEG                   ROLL =      0.00 DEG     
     REF AREA =      0.004 M**2         MOMENT CENTER =     0.710 M
     REF LENGTH =     1.28 M           LAT REF LENGTH =      1.28 M

   ALPHA   PANL 1   PANL 2   PANL 3   PANL 4   PANL 5   PANL 6   PANL 7   PANL 8
 
   -10.0  1.93E-04 -1.52E-02  3.99E-04  1.62E-02
    -8.0  2.23E-04 -1.19E-02  3.93E-04  1.29E-02
    -6.0  2.50E-04 -8.69E-03  3.95E-04  9.64E-03
    -4.0  2.75E-04 -5.47E-03  3.84E-04  6.33E-03
    -2.0  2.96E-04 -2.35E-03  3.51E-04  3.08E-03
     0.0  3.15E-04  3.15E-04  3.15E-04  3.15E-04
     2.0  3.48E-04  3.06E-03  2.94E-04 -2.33E-03
     4.0  3.83E-04  6.30E-03  2.74E-04 -5.45E-03
     6.0  3.96E-04  9.66E-03  2.51E-04 -8.70E-03
     8.0  3.95E-04  1.30E-02  2.24E-04 -1.20E-02
    10.0  4.01E-04  1.64E-02  1.95E-04 -1.53E-02
1         ***** THE USAF AUTOMATED MISSILE DATCOM * REV 3/99 *****     CASE   1
               AERODYNAMIC METHODS FOR MISSILE CONFIGURATIONS          PAGE  43
            FIN SET 1 PANEL HINGE MOMENTS (ABOUT HINGE LINE)

       ******* FLIGHT CONDITIONS AND REFERENCE QUANTITIES *******
     MACH NO  =       0.40                REYNOLDS NO = 9.274E+06 /M
     ALTITUDE =        0.0 M         DYNAMIC PRESSURE =  11348.42 N/M**2
     SIDESLIP =       0.00 DEG                   ROLL =      0.00 DEG     
     REF AREA =      0.004 M**2         MOMENT CENTER =     0.710 M
     REF LENGTH =     1.28 M           LAT REF LENGTH =      1.28 M

   ALPHA   PANL 1   PANL 2   PANL 3   PANL 4   PANL 5   PANL 6   PANL 7   PANL 8
 
   -10.0  3.68E-04 -2.88E-02  7.58E-04  3.09E-02
    -8.0  4.15E-04 -2.22E-02  7.32E-04  2.41E-02
    -6.0  4.62E-04 -1.60E-02  7.30E-04  1.78E-02
    -4.0  5.10E-04 -1.02E-02  7.14E-04  1.17E-02
    -2.0  5.61E-04 -4.44E-03  6.64E-04  5.84E-03
     0.0  6.12E-04  6.12E-04  6.12E-04  6.12E-04
     2.0  6.64E-04  5.84E-03  5.61E-04 -4.44E-03
     4.0  7.14E-04  1.17E-02  5.10E-04 -1.02E-02
     6.0  7.30E-04  1.78E-02  4.62E-04 -1.60E-02
     8.0  7.32E-04  2.41E-02  4.15E-04 -2.22E-02
    10.0  7.58E-04  3.09E-02  3.68E-04 -2.88E-02
1         ***** THE USAF AUTOMATED MISSILE DATCOM * REV 3/99 *****     CASE   1
               AERODYNAMIC METHODS FOR MISSILE CONFIGURATIONS          PAGE  44
                   STATIC AERODYNAMICS FOR BODY-FIN SET 1

       ******* FLIGHT CONDITIONS AND REFERENCE QUANTITIES *******
     MACH NO  =       0.40                REYNOLDS NO = 9.274E+06 /M
     ALTITUDE =        0.0 M         DYNAMIC PRESSURE =  11348.42 N/M**2
     SIDESLIP =       0.00 DEG                   ROLL =      0.00 DEG     
     REF AREA =      0.004 M**2         MOMENT CENTER =     0.710 M
     REF LENGTH =     1.28 M           LAT REF LENGTH =      1.28 M

                   ----- LONGITUDINAL -----     -- LATERAL DIRECTIONAL --
         ALPHA       CN        CM        CA        CY       CLN       CLL

        -10.00    -2.914     0.639     0.366    -0.009     0.003    -0.004
         -8.00    -2.204     0.487     0.369    -0.006     0.002    -0.004
         -6.00    -1.571     0.352     0.371    -0.003     0.001    -0.004
         -4.00    -0.990     0.225     0.371    -0.001     0.000    -0.003
         -2.00    -0.454     0.103     0.372     0.000     0.000    -0.003
          0.00     0.000     0.000     0.372     0.000     0.000    -0.003
          2.00     0.454    -0.103     0.372     0.000     0.000    -0.003
          4.00     0.990    -0.225     0.371     0.001     0.000    -0.003
          6.00     1.571    -0.352     0.371     0.003    -0.001    -0.004
          8.00     2.204    -0.487     0.369     0.006    -0.002    -0.004
         10.00     2.914    -0.639     0.366     0.009    -0.003    -0.004

         ALPHA       CL        CD      CL/CD     X-C.P.

        -10.00    -2.806     0.867    -3.238    -0.219
         -8.00    -2.132     0.672    -3.171    -0.221
         -6.00    -1.524     0.533    -2.860    -0.224
         -4.00    -0.962     0.440    -2.187    -0.228
         -2.00    -0.441     0.388    -1.138    -0.227
          0.00     0.000     0.372     0.000    -0.381
          2.00     0.441     0.388     1.138    -0.227
          4.00     0.962     0.440     2.187    -0.228
          6.00     1.524     0.533     2.860    -0.224
          8.00     2.132     0.672     3.171    -0.221
         10.00     2.806     0.867     3.238    -0.219

    X-C.P. MEAS. FROM MOMENT CENTER IN REF. LENGTHS, NEG. AFT OF MOMENT CENTER
1         ***** THE USAF AUTOMATED MISSILE DATCOM * REV 3/99 *****     CASE   1
               AERODYNAMIC METHODS FOR MISSILE CONFIGURATIONS          PAGE  45
                   STATIC AERODYNAMICS FOR BODY-FIN SET 1

       ******* FLIGHT CONDITIONS AND REFERENCE QUANTITIES *******
     MACH NO  =       0.40                REYNOLDS NO = 9.274E+06 /M
     ALTITUDE =        0.0 M         DYNAMIC PRESSURE =  11348.42 N/M**2
     SIDESLIP =       0.00 DEG                   ROLL =      0.00 DEG     
     REF AREA =      0.004 M**2         MOMENT CENTER =     0.710 M
     REF LENGTH =     1.28 M           LAT REF LENGTH =      1.28 M

                   ---------- DERIVATIVES (PER DEGREE) ----------
         ALPHA       CNA         CMA         CYB         CLNB        CLLB
        -10.00      0.3738     -0.0802     -0.2091      0.0330     -0.0008
         -8.00      0.3356     -0.0717     -0.2035      0.0337     -0.0008
         -6.00      0.3036     -0.0655     -0.2129      0.0401     -0.0005
         -4.00      0.2791     -0.0623     -0.2216      0.0463     -0.0002
         -2.00      0.2474     -0.0563     -0.2216      0.0492     -0.0001
          0.00      0.2272     -0.0517     -0.2196      0.0495     -0.0001
          2.00      0.2474     -0.0563     -0.2218      0.0493     -0.0001
          4.00      0.2791     -0.0623     -0.2214      0.0463      0.0001
          6.00      0.3036     -0.0655     -0.2128      0.0401      0.0004
          8.00      0.3356     -0.0717     -0.2032      0.0335      0.0007
         10.00      0.3738     -0.0802     -0.2089      0.0329      0.0008

    PANEL DEFLECTION ANGLES (DEGREES)
    SET    FIN 1   FIN 2   FIN 3   FIN 4   FIN 5   FIN 6   FIN 7   FIN 8
      1    0.60    0.60    0.60    0.60
1         ***** THE USAF AUTOMATED MISSILE DATCOM * REV 3/99 *****     CASE   1
               AERODYNAMIC METHODS FOR MISSILE CONFIGURATIONS          PAGE  46
                             BODY ALONE PARTIAL OUTPUT

       ******* FLIGHT CONDITIONS AND REFERENCE QUANTITIES *******
     MACH NO  =       0.80                REYNOLDS NO = 1.855E+07 /M
     ALTITUDE =        0.0 M         DYNAMIC PRESSURE =  45393.68 N/M**2
     SIDESLIP =       0.00 DEG                   ROLL =      0.00 DEG     
     REF AREA =      0.004 M**2         MOMENT CENTER =     0.710 M
     REF LENGTH =     1.28 M           LAT REF LENGTH =      1.28 M

      ALPHA    CA-FRIC  CA-PRES/WAVE CA-BASE    CA-PROT     CA-SEP     CA-ALP
     -10.00     0.1676     0.0712     0.0547                           0.0020
      -8.00     0.1695     0.0720     0.0549                           0.0018
      -6.00     0.1710     0.0726     0.0550                           0.0012
      -4.00     0.1720     0.0731     0.0551                           0.0006
      -2.00     0.1726     0.0733     0.0550                           0.0001
       0.00     0.1728     0.0734     0.0549                           0.0000
       2.00     0.1726     0.0733     0.0550                           0.0001
       4.00     0.1720     0.0731     0.0551                           0.0006
       6.00     0.1710     0.0726     0.0550                           0.0012
       8.00     0.1695     0.0720     0.0549                           0.0018
      10.00     0.1676     0.0712     0.0547                           0.0020

                     CROSS FLOW DRAG PROPORTIONALITY FACTOR = 0.76155

      ALPHA    CN-POTEN  CN-VISC   CN-SEP    CM-POTEN  CM-VISC   CM-SEP    CDC
     -10.00    -0.261    -0.415              -0.216    -0.011             0.825
      -8.00    -0.211    -0.261              -0.174    -0.007             0.808
      -6.00    -0.159    -0.144              -0.131    -0.004             0.791
      -4.00    -0.107    -0.063              -0.088    -0.002             0.774
      -2.00    -0.053    -0.015              -0.044     0.000             0.757
       0.00     0.000     0.000               0.000     0.000             0.740
       2.00     0.053     0.015               0.044     0.000             0.757
       4.00     0.107     0.063               0.088     0.002             0.774
       6.00     0.159     0.144               0.131     0.004             0.791
       8.00     0.211     0.261               0.174     0.007             0.808
      10.00     0.261     0.415               0.216     0.011             0.825
1         ***** THE USAF AUTOMATED MISSILE DATCOM * REV 3/99 *****     CASE   1
               AERODYNAMIC METHODS FOR MISSILE CONFIGURATIONS          PAGE  47
                        FIN SET 1 CA PARTIAL OUTPUT

       ******* FLIGHT CONDITIONS AND REFERENCE QUANTITIES *******
     MACH NO  =       0.80                REYNOLDS NO = 1.855E+07 /M
     ALTITUDE =        0.0 M         DYNAMIC PRESSURE =  45393.68 N/M**2
     SIDESLIP =       0.00 DEG                   ROLL =      0.00 DEG     
     REF AREA =      0.004 M**2         MOMENT CENTER =     0.710 M
     REF LENGTH =     1.28 M           LAT REF LENGTH =      1.28 M

    SINGLE FIN PANEL ZERO-LIFT AXIAL FORCE COMPONENTS

    SKIN FRICTION        0.0113
    SUBSONIC PRESSURE    0.0009
    TRANSONIC WAVE       0.0000
    SUPERSONIC WAVE      0.0000
    LEADING EDGE         0.0000
    TRAILING EDGE        0.0000
    TOTAL CAO            0.0122

    FIN AXIAL FORCE DUE TO ANGLE OF ATTACK

    ALPHA      CA DUE TO LIFT (SINGLE PANEL)   CA-TOTAL (4 FINS)

     -10.00              0.0000                      0.0483
      -8.00              0.0000                      0.0485
      -6.00              0.0000                      0.0487
      -4.00              0.0000                      0.0489
      -2.00              0.0000                      0.0490
       0.00              0.0000                      0.0490
       2.00              0.0000                      0.0490
       4.00              0.0000                      0.0489
       6.00              0.0000                      0.0487
       8.00              0.0000                      0.0485
      10.00              0.0000                      0.0483
1         ***** THE USAF AUTOMATED MISSILE DATCOM * REV 3/99 *****     CASE   1
               AERODYNAMIC METHODS FOR MISSILE CONFIGURATIONS          PAGE  48
                       FIN SET 1 CN, CM PARTIAL OUTPUT

       ******* FLIGHT CONDITIONS AND REFERENCE QUANTITIES *******
     MACH NO  =       0.80                REYNOLDS NO = 1.855E+07 /M
     ALTITUDE =        0.0 M         DYNAMIC PRESSURE =  45393.68 N/M**2
     SIDESLIP =       0.00 DEG                   ROLL =      0.00 DEG     
     REF AREA =      0.004 M**2         MOMENT CENTER =     0.710 M
     REF LENGTH =     1.28 M           LAT REF LENGTH =      1.28 M

    NORMAL FORCE SLOPE AT ALPHA ZERO, CNA =    0.04470/DEG (1 PANEL)
         CENTER OF PRESSURE FOR LINEAR CN =   -0.37955 (CALIBERS FROM C.G.)
     CENTER OF PRESSURE FOR NON-LINEAR CN =   -0.40446 (CALIBERS FROM C.G.)

      ALPHA      CN        CN        CN        CM        CM        CM
               LINEAR  NON-LINEAR  TOTAL     LINEAR  NON-LINEAR  TOTAL

     -10.00   -0.8760   -0.2265   -1.1025    0.3325    0.0916    0.4241
      -8.00   -0.7060   -0.1460   -0.8520    0.2680    0.0590    0.3270
      -6.00   -0.5325   -0.0826   -0.6152    0.2021    0.0334    0.2355
      -4.00   -0.3565   -0.0369   -0.3934    0.1353    0.0149    0.1502
      -2.00   -0.1787   -0.0093   -0.1879    0.0678    0.0038    0.0716
       0.00    0.0000    0.0000    0.0000    0.0000    0.0000    0.0000
       2.00    0.1787    0.0093    0.1879   -0.0678   -0.0038   -0.0716
       4.00    0.3565    0.0369    0.3934   -0.1353   -0.0149   -0.1502
       6.00    0.5325    0.0826    0.6152   -0.2021   -0.0334   -0.2355
       8.00    0.7060    0.1460    0.8520   -0.2680   -0.0590   -0.3270
      10.00    0.8760    0.2265    1.1025   -0.3325   -0.0916   -0.4241
1         ***** THE USAF AUTOMATED MISSILE DATCOM * REV 3/99 *****     CASE   1
               AERODYNAMIC METHODS FOR MISSILE CONFIGURATIONS          PAGE  49
                 AERODYNAMIC FORCE AND MOMENT SYNTHESIS

       ******* FLIGHT CONDITIONS AND REFERENCE QUANTITIES *******
     MACH NO  =       0.80                REYNOLDS NO = 1.855E+07 /M
     ALTITUDE =        0.0 M         DYNAMIC PRESSURE =  45393.68 N/M**2
     SIDESLIP =       0.00 DEG                   ROLL =      0.00 DEG     
     REF AREA =      0.004 M**2         MOMENT CENTER =     0.710 M
     REF LENGTH =     1.28 M           LAT REF LENGTH =      1.28 M

          ---------------FIN SET 1 IN PRESENCE OF THE BODY----------------

      ALPHA       CN         CM         CA         CY         CLN        CLL

     -10.00    -1.4842     0.5633     0.0498    -0.0052     0.0020    -0.0034
      -8.00    -1.1596     0.4401     0.0498    -0.0038     0.0015    -0.0035
      -6.00    -0.8597     0.3263     0.0498    -0.0019     0.0007    -0.0034
      -4.00    -0.5645     0.2142     0.0497    -0.0005     0.0002    -0.0034
      -2.00    -0.2692     0.1022     0.0497    -0.0001     0.0000    -0.0032
       0.00     0.0000     0.0000     0.0497     0.0000     0.0000    -0.0030
       2.00     0.2692    -0.1022     0.0497     0.0001     0.0000    -0.0032
       4.00     0.5645    -0.2142     0.0497     0.0005    -0.0002    -0.0034
       6.00     0.8597    -0.3263     0.0498     0.0019    -0.0007    -0.0034
       8.00     1.1596    -0.4401     0.0498     0.0038    -0.0015    -0.0035
      10.00     1.4842    -0.5633     0.0498     0.0052    -0.0020    -0.0034
1         ***** THE USAF AUTOMATED MISSILE DATCOM * REV 3/99 *****     CASE   1
               AERODYNAMIC METHODS FOR MISSILE CONFIGURATIONS          PAGE  50
                 AERODYNAMIC FORCE AND MOMENT SYNTHESIS

       ******* FLIGHT CONDITIONS AND REFERENCE QUANTITIES *******
     MACH NO  =       0.80                REYNOLDS NO = 1.855E+07 /M
     ALTITUDE =        0.0 M         DYNAMIC PRESSURE =  45393.68 N/M**2
     SIDESLIP =       0.00 DEG                   ROLL =      0.00 DEG     
     REF AREA =      0.004 M**2         MOMENT CENTER =     0.710 M
     REF LENGTH =     1.28 M           LAT REF LENGTH =      1.28 M

          ---------------FIN SET 1 PANEL CHARACTERISTICS------------------

      ALPHA      PANEL    AEQ (PANEL AXIS SYS.)    PANEL CN

     -10.00        1              0.2112           0.0097
     -10.00        2            -12.5158          -0.7177
     -10.00        3              0.4355           0.0201
     -10.00        4             13.2301           0.7666
 
      -8.00        1              0.2382           0.0110
      -8.00        2            -10.0853          -0.5567
      -8.00        3              0.4182           0.0193
      -8.00        4             10.7990           0.6029
 
      -6.00        1              0.2653           0.0122
      -6.00        2             -7.7073          -0.4082
      -6.00        3              0.4184           0.0193
      -6.00        4              8.4157           0.4515
 
      -4.00        1              0.2932           0.0135
      -4.00        2             -5.2007          -0.2624
      -4.00        3              0.4098           0.0189
      -4.00        4              5.9045           0.3021
 
      -2.00        1              0.3222           0.0148
      -2.00        2             -2.4585          -0.1167
      -2.00        3              0.3811           0.0176
      -2.00        4              3.1620           0.1525
 
       0.00        1              0.3517           0.0162
       0.00        2              0.3517           0.0162
       0.00        3              0.3517           0.0162
       0.00        4              0.3517           0.0162
 
       2.00        1              0.3811           0.0176
       2.00        2              3.1620           0.1525
       2.00        3              0.3222           0.0148
       2.00        4             -2.4585          -0.1167
 
       4.00        1              0.4098           0.0189
       4.00        2              5.9045           0.3021
       4.00        3              0.2932           0.0135
       4.00        4             -5.2007          -0.2624
 
       6.00        1              0.4184           0.0193
       6.00        2              8.4157           0.4515
       6.00        3              0.2653           0.0122
       6.00        4             -7.7073          -0.4082
 
       8.00        1              0.4182           0.0193
       8.00        2             10.7990           0.6029
       8.00        3              0.2382           0.0110
       8.00        4            -10.0853          -0.5567
 
      10.00        1              0.4355           0.0201
      10.00        2             13.2301           0.7666
      10.00        3              0.2112           0.0097
      10.00        4            -12.5158          -0.7177
 
1         ***** THE USAF AUTOMATED MISSILE DATCOM * REV 3/99 *****     CASE   1
               AERODYNAMIC METHODS FOR MISSILE CONFIGURATIONS          PAGE  51
                 AERODYNAMIC FORCE AND MOMENT SYNTHESIS

       ******* FLIGHT CONDITIONS AND REFERENCE QUANTITIES *******
     MACH NO  =       0.80                REYNOLDS NO = 1.855E+07 /M
     ALTITUDE =        0.0 M         DYNAMIC PRESSURE =  45393.68 N/M**2
     SIDESLIP =       0.00 DEG                   ROLL =      0.00 DEG     
     REF AREA =      0.004 M**2         MOMENT CENTER =     0.710 M
     REF LENGTH =     1.28 M           LAT REF LENGTH =      1.28 M

             CARRYOVER INTERFERENCE FACTORS - FIN SET 1

      ALPHA   K-W(B)   K-B(W)  KK-W(B)  KK-B(W)  XCP-W(B) XCP-B(W) Y-CP/(B/2)

     -10.00   1.3269   0.5437   0.9354   0.3728   0.3795   0.3804   0.4539
      -8.00   1.3498   0.5437   0.9354   0.3728   0.3795   0.3804   0.4736
      -6.00   1.3712   0.5437   0.9354   0.3728   0.3795   0.3804   0.4845
      -4.00   1.3904   0.5437   0.9354   0.3728   0.3795   0.3804   0.4815
      -2.00   1.4058   0.5437   0.9354   0.3728   0.3795   0.3804   0.4683
       0.00   1.4145   0.5437   0.9354   0.3728   0.3795   0.3804   0.4507
       2.00   1.4058   0.5437   0.9354   0.3728   0.3795   0.3804   0.4637
       4.00   1.3904   0.5437   0.9354   0.3728   0.3795   0.3804   0.4788
       6.00   1.3712   0.5437   0.9354   0.3728   0.3795   0.3804   0.4876
       8.00   1.3498   0.5437   0.9354   0.3728   0.3795   0.3804   0.4771
      10.00   1.3269   0.5437   0.9354   0.3728   0.3795   0.3804   0.4598

    NOTE - XCP-W(B) USED FOR STABILITY ONLY DIFFERENT VALUES USED FOR HINGE MOMENTS
1         ***** THE USAF AUTOMATED MISSILE DATCOM * REV 3/99 *****     CASE   1
               AERODYNAMIC METHODS FOR MISSILE CONFIGURATIONS          PAGE  52
        FIN SET 1 PANEL BENDING MOMENTS (ABOUT EXPOSED ROOT CHORD)

       ******* FLIGHT CONDITIONS AND REFERENCE QUANTITIES *******
     MACH NO  =       0.80                REYNOLDS NO = 1.855E+07 /M
     ALTITUDE =        0.0 M         DYNAMIC PRESSURE =  45393.68 N/M**2
     SIDESLIP =       0.00 DEG                   ROLL =      0.00 DEG     
     REF AREA =      0.004 M**2         MOMENT CENTER =     0.710 M
     REF LENGTH =     1.28 M           LAT REF LENGTH =      1.28 M

   ALPHA   PANL 1   PANL 2   PANL 3   PANL 4   PANL 5   PANL 6   PANL 7   PANL 8
 
   -10.0  1.98E-04 -1.46E-02  4.08E-04  1.56E-02
    -8.0  2.33E-04 -1.18E-02  4.08E-04  1.28E-02
    -6.0  2.65E-04 -8.85E-03  4.18E-04  9.79E-03
    -4.0  2.91E-04 -5.65E-03  4.07E-04  6.51E-03
    -2.0  3.11E-04 -2.44E-03  3.68E-04  3.20E-03
     0.0  3.27E-04  3.27E-04  3.27E-04  3.27E-04
     2.0  3.64E-04  3.16E-03  3.08E-04 -2.42E-03
     4.0  4.05E-04  6.47E-03  2.89E-04 -5.62E-03
     6.0  4.21E-04  9.85E-03  2.67E-04 -8.91E-03
     8.0  4.11E-04  1.29E-02  2.34E-04 -1.19E-02
    10.0  4.13E-04  1.58E-02  2.00E-04 -1.48E-02
1         ***** THE USAF AUTOMATED MISSILE DATCOM * REV 3/99 *****     CASE   1
               AERODYNAMIC METHODS FOR MISSILE CONFIGURATIONS          PAGE  53
            FIN SET 1 PANEL HINGE MOMENTS (ABOUT HINGE LINE)

       ******* FLIGHT CONDITIONS AND REFERENCE QUANTITIES *******
     MACH NO  =       0.80                REYNOLDS NO = 1.855E+07 /M
     ALTITUDE =        0.0 M         DYNAMIC PRESSURE =  45393.68 N/M**2
     SIDESLIP =       0.00 DEG                   ROLL =      0.00 DEG     
     REF AREA =      0.004 M**2         MOMENT CENTER =     0.710 M
     REF LENGTH =     1.28 M           LAT REF LENGTH =      1.28 M

   ALPHA   PANL 1   PANL 2   PANL 3   PANL 4   PANL 5   PANL 6   PANL 7   PANL 8
 
   -10.0  3.96E-04 -2.92E-02  8.17E-04  3.12E-02
    -8.0  4.46E-04 -2.26E-02  7.84E-04  2.45E-02
    -6.0  4.97E-04 -1.66E-02  7.85E-04  1.84E-02
    -4.0  5.49E-04 -1.07E-02  7.68E-04  1.23E-02
    -2.0  6.04E-04 -4.75E-03  7.15E-04  6.21E-03
     0.0  6.59E-04  6.59E-04  6.59E-04  6.59E-04
     2.0  7.15E-04  6.21E-03  6.04E-04 -4.75E-03
     4.0  7.68E-04  1.23E-02  5.49E-04 -1.07E-02
     6.0  7.85E-04  1.84E-02  4.97E-04 -1.66E-02
     8.0  7.84E-04  2.45E-02  4.46E-04 -2.26E-02
    10.0  8.17E-04  3.12E-02  3.96E-04 -2.92E-02
1         ***** THE USAF AUTOMATED MISSILE DATCOM * REV 3/99 *****     CASE   1
               AERODYNAMIC METHODS FOR MISSILE CONFIGURATIONS          PAGE  54
                   STATIC AERODYNAMICS FOR BODY-FIN SET 1

       ******* FLIGHT CONDITIONS AND REFERENCE QUANTITIES *******
     MACH NO  =       0.80                REYNOLDS NO = 1.855E+07 /M
     ALTITUDE =        0.0 M         DYNAMIC PRESSURE =  45393.68 N/M**2
     SIDESLIP =       0.00 DEG                   ROLL =      0.00 DEG     
     REF AREA =      0.004 M**2         MOMENT CENTER =     0.710 M
     REF LENGTH =     1.28 M           LAT REF LENGTH =      1.28 M

                   ----- LONGITUDINAL -----     -- LATERAL DIRECTIONAL --
         ALPHA       CN        CM        CA        CY       CLN       CLL

        -10.00    -2.769     0.568     0.345    -0.007     0.003    -0.003
         -8.00    -2.099     0.437     0.348    -0.005     0.002    -0.003
         -6.00    -1.504     0.321     0.350    -0.003     0.001    -0.003
         -4.00    -0.955     0.208     0.350    -0.001     0.000    -0.003
         -2.00    -0.442     0.097     0.351     0.000     0.000    -0.003
          0.00     0.000     0.000     0.351     0.000     0.000    -0.003
          2.00     0.442    -0.097     0.351     0.000     0.000    -0.003
          4.00     0.955    -0.208     0.350     0.001     0.000    -0.003
          6.00     1.504    -0.321     0.350     0.003    -0.001    -0.003
          8.00     2.099    -0.437     0.348     0.005    -0.002    -0.003
         10.00     2.769    -0.568     0.345     0.007    -0.003    -0.003

         ALPHA       CL        CD      CL/CD     X-C.P.

        -10.00    -2.667     0.821    -3.248    -0.205
         -8.00    -2.030     0.637    -3.188    -0.208
         -6.00    -1.459     0.505    -2.891    -0.213
         -4.00    -0.928     0.416    -2.230    -0.218
         -2.00    -0.430     0.366    -1.174    -0.220
          0.00     0.000     0.351     0.000    -0.380
          2.00     0.430     0.366     1.174    -0.220
          4.00     0.928     0.416     2.230    -0.218
          6.00     1.459     0.505     2.891    -0.213
          8.00     2.030     0.637     3.188    -0.208
         10.00     2.667     0.821     3.248    -0.205

    X-C.P. MEAS. FROM MOMENT CENTER IN REF. LENGTHS, NEG. AFT OF MOMENT CENTER
1         ***** THE USAF AUTOMATED MISSILE DATCOM * REV 3/99 *****     CASE   1
               AERODYNAMIC METHODS FOR MISSILE CONFIGURATIONS          PAGE  55
                   STATIC AERODYNAMICS FOR BODY-FIN SET 1

       ******* FLIGHT CONDITIONS AND REFERENCE QUANTITIES *******
     MACH NO  =       0.80                REYNOLDS NO = 1.855E+07 /M
     ALTITUDE =        0.0 M         DYNAMIC PRESSURE =  45393.68 N/M**2
     SIDESLIP =       0.00 DEG                   ROLL =      0.00 DEG     
     REF AREA =      0.004 M**2         MOMENT CENTER =     0.710 M
     REF LENGTH =     1.28 M           LAT REF LENGTH =      1.28 M

                   ---------- DERIVATIVES (PER DEGREE) ----------
         ALPHA       CNA         CMA         CYB         CLNB        CLLB
        -10.00      0.3539     -0.0693     -0.2057      0.0301     -0.0009
         -8.00      0.3161     -0.0618     -0.1977      0.0302     -0.0009
         -6.00      0.2860     -0.0571     -0.2077      0.0372     -0.0005
         -4.00      0.2655     -0.0559     -0.2168      0.0437     -0.0002
         -2.00      0.2386     -0.0521     -0.2168      0.0466     -0.0001
          0.00      0.2211     -0.0486     -0.2146      0.0469     -0.0001
          2.00      0.2386     -0.0521     -0.2170      0.0467     -0.0001
          4.00      0.2655     -0.0559     -0.2166      0.0436      0.0001
          6.00      0.2860     -0.0571     -0.2076      0.0371      0.0004
          8.00      0.3161     -0.0618     -0.1974      0.0301      0.0008
         10.00      0.3539     -0.0693     -0.2055      0.0301      0.0008

    PANEL DEFLECTION ANGLES (DEGREES)
    SET    FIN 1   FIN 2   FIN 3   FIN 4   FIN 5   FIN 6   FIN 7   FIN 8
      1    0.60    0.60    0.60    0.60
1         ***** THE USAF AUTOMATED MISSILE DATCOM * REV 3/99 *****     CASE   1
               AERODYNAMIC METHODS FOR MISSILE CONFIGURATIONS          PAGE  56
                             BODY ALONE PARTIAL OUTPUT

       ******* FLIGHT CONDITIONS AND REFERENCE QUANTITIES *******
     MACH NO  =       0.90                REYNOLDS NO = 2.087E+07 /M
     ALTITUDE =        0.0 M         DYNAMIC PRESSURE =  57451.37 N/M**2
     SIDESLIP =       0.00 DEG                   ROLL =      0.00 DEG     
     REF AREA =      0.004 M**2         MOMENT CENTER =     0.710 M
     REF LENGTH =     1.28 M           LAT REF LENGTH =      1.28 M

      ALPHA    CA-FRIC  CA-PRES/WAVE CA-BASE    CA-PROT     CA-SEP     CA-ALP
     -10.00     0.1629     0.1009     0.0539                           0.0025
      -8.00     0.1647     0.1021     0.0541                           0.0021
      -6.00     0.1661     0.1029     0.0542                           0.0013
      -4.00     0.1671     0.1036     0.0542                           0.0006
      -2.00     0.1677     0.1040     0.0542                           0.0002
       0.00     0.1679     0.1041     0.0541                           0.0000
       2.00     0.1677     0.1040     0.0542                           0.0002
       4.00     0.1671     0.1036     0.0542                           0.0006
       6.00     0.1661     0.1029     0.0542                           0.0013
       8.00     0.1647     0.1021     0.0541                           0.0021
      10.00     0.1629     0.1009     0.0539                           0.0025

                     CROSS FLOW DRAG PROPORTIONALITY FACTOR = 0.76398

      ALPHA    CN-POTEN  CN-VISC   CN-SEP    CM-POTEN  CM-VISC   CM-SEP    CDC
     -10.00    -0.212    -0.422              -0.242    -0.011             0.836
      -8.00    -0.171    -0.265              -0.195    -0.007             0.817
      -6.00    -0.129    -0.146              -0.148    -0.004             0.798
      -4.00    -0.087    -0.063              -0.099    -0.002             0.778
      -2.00    -0.043    -0.015              -0.050     0.000             0.759
       0.00     0.000     0.000               0.000     0.000             0.740
       2.00     0.043     0.015               0.050     0.000             0.759
       4.00     0.087     0.063               0.099     0.002             0.778
       6.00     0.129     0.146               0.148     0.004             0.798
       8.00     0.171     0.265               0.195     0.007             0.817
      10.00     0.212     0.422               0.242     0.011             0.836
1         ***** THE USAF AUTOMATED MISSILE DATCOM * REV 3/99 *****     CASE   1
               AERODYNAMIC METHODS FOR MISSILE CONFIGURATIONS          PAGE  57
                        FIN SET 1 CA PARTIAL OUTPUT

       ******* FLIGHT CONDITIONS AND REFERENCE QUANTITIES *******
     MACH NO  =       0.90                REYNOLDS NO = 2.087E+07 /M
     ALTITUDE =        0.0 M         DYNAMIC PRESSURE =  57451.37 N/M**2
     SIDESLIP =       0.00 DEG                   ROLL =      0.00 DEG     
     REF AREA =      0.004 M**2         MOMENT CENTER =     0.710 M
     REF LENGTH =     1.28 M           LAT REF LENGTH =      1.28 M

    SINGLE FIN PANEL ZERO-LIFT AXIAL FORCE COMPONENTS

    SKIN FRICTION        0.0110
    SUBSONIC PRESSURE    0.0009
    TRANSONIC WAVE       0.0135
    SUPERSONIC WAVE      0.0000
    LEADING EDGE         0.0000
    TRAILING EDGE        0.0000
    TOTAL CAO            0.0254

    FIN AXIAL FORCE DUE TO ANGLE OF ATTACK

    ALPHA      CA DUE TO LIFT (SINGLE PANEL)   CA-TOTAL (4 FINS)

     -10.00              0.0000                      0.1001
      -8.00              0.0000                      0.1007
      -6.00              0.0000                      0.1011
      -4.00              0.0000                      0.1014
      -2.00              0.0000                      0.1016
       0.00              0.0000                      0.1017
       2.00              0.0000                      0.1016
       4.00              0.0000                      0.1014
       6.00              0.0000                      0.1011
       8.00              0.0000                      0.1007
      10.00              0.0000                      0.1001
1         ***** THE USAF AUTOMATED MISSILE DATCOM * REV 3/99 *****     CASE   1
               AERODYNAMIC METHODS FOR MISSILE CONFIGURATIONS          PAGE  58
                       FIN SET 1 CN, CM PARTIAL OUTPUT

       ******* FLIGHT CONDITIONS AND REFERENCE QUANTITIES *******
     MACH NO  =       0.90                REYNOLDS NO = 2.087E+07 /M
     ALTITUDE =        0.0 M         DYNAMIC PRESSURE =  57451.37 N/M**2
     SIDESLIP =       0.00 DEG                   ROLL =      0.00 DEG     
     REF AREA =      0.004 M**2         MOMENT CENTER =     0.710 M
     REF LENGTH =     1.28 M           LAT REF LENGTH =      1.28 M

    NORMAL FORCE SLOPE AT ALPHA ZERO, CNA =    0.04566/DEG (1 PANEL)
         CENTER OF PRESSURE FOR LINEAR CN =   -0.37874 (CALIBERS FROM C.G.)
     CENTER OF PRESSURE FOR NON-LINEAR CN =   -0.40446 (CALIBERS FROM C.G.)

      ALPHA      CN        CN        CN        CM        CM        CM
               LINEAR  NON-LINEAR  TOTAL     LINEAR  NON-LINEAR  TOTAL

     -10.00   -0.8947   -0.2154   -1.1101    0.3389    0.0871    0.4260
      -8.00   -0.7211   -0.1392   -0.8602    0.2731    0.0563    0.3294
      -6.00   -0.5439   -0.0789   -0.6228    0.2060    0.0319    0.2379
      -4.00   -0.3641   -0.0353   -0.3994    0.1379    0.0143    0.1522
      -2.00   -0.1825   -0.0089   -0.1914    0.0691    0.0036    0.0727
       0.00    0.0000    0.0000    0.0000    0.0000    0.0000    0.0000
       2.00    0.1825    0.0089    0.1914   -0.0691   -0.0036   -0.0727
       4.00    0.3641    0.0353    0.3994   -0.1379   -0.0143   -0.1522
       6.00    0.5439    0.0789    0.6228   -0.2060   -0.0319   -0.2379
       8.00    0.7211    0.1392    0.8602   -0.2731   -0.0563   -0.3294
      10.00    0.8947    0.2154    1.1101   -0.3389   -0.0871   -0.4260
1         ***** THE USAF AUTOMATED MISSILE DATCOM * REV 3/99 *****     CASE   1
               AERODYNAMIC METHODS FOR MISSILE CONFIGURATIONS          PAGE  59
                 AERODYNAMIC FORCE AND MOMENT SYNTHESIS

       ******* FLIGHT CONDITIONS AND REFERENCE QUANTITIES *******
     MACH NO  =       0.90                REYNOLDS NO = 2.087E+07 /M
     ALTITUDE =        0.0 M         DYNAMIC PRESSURE =  57451.37 N/M**2
     SIDESLIP =       0.00 DEG                   ROLL =      0.00 DEG     
     REF AREA =      0.004 M**2         MOMENT CENTER =     0.710 M
     REF LENGTH =     1.28 M           LAT REF LENGTH =      1.28 M

          ---------------FIN SET 1 IN PRESENCE OF THE BODY----------------

      ALPHA       CN         CM         CA         CY         CLN        CLL

     -10.00    -1.4892     0.5640     0.1025    -0.0050     0.0019    -0.0035
      -8.00    -1.1669     0.4419     0.1025    -0.0038     0.0014    -0.0035
      -6.00    -0.8679     0.3287     0.1025    -0.0019     0.0007    -0.0035
      -4.00    -0.5719     0.2166     0.1024    -0.0005     0.0002    -0.0034
      -2.00    -0.2738     0.1037     0.1024    -0.0001     0.0000    -0.0032
       0.00     0.0000     0.0000     0.1024     0.0000     0.0000    -0.0030
       2.00     0.2738    -0.1037     0.1024     0.0001     0.0000    -0.0032
       4.00     0.5719    -0.2166     0.1024     0.0005    -0.0002    -0.0034
       6.00     0.8679    -0.3287     0.1025     0.0019    -0.0007    -0.0035
       8.00     1.1669    -0.4419     0.1025     0.0038    -0.0014    -0.0035
      10.00     1.4892    -0.5640     0.1025     0.0050    -0.0019    -0.0035
1         ***** THE USAF AUTOMATED MISSILE DATCOM * REV 3/99 *****     CASE   1
               AERODYNAMIC METHODS FOR MISSILE CONFIGURATIONS          PAGE  60
                 AERODYNAMIC FORCE AND MOMENT SYNTHESIS

       ******* FLIGHT CONDITIONS AND REFERENCE QUANTITIES *******
     MACH NO  =       0.90                REYNOLDS NO = 2.087E+07 /M
     ALTITUDE =        0.0 M         DYNAMIC PRESSURE =  57451.37 N/M**2
     SIDESLIP =       0.00 DEG                   ROLL =      0.00 DEG     
     REF AREA =      0.004 M**2         MOMENT CENTER =     0.710 M
     REF LENGTH =     1.28 M           LAT REF LENGTH =      1.28 M

          ---------------FIN SET 1 PANEL CHARACTERISTICS------------------

      ALPHA      PANEL    AEQ (PANEL AXIS SYS.)    PANEL CN

     -10.00        1              0.2111           0.0099
     -10.00        2            -12.5196          -0.7204
     -10.00        3              0.4355           0.0205
     -10.00        4             13.2340           0.7688
 
      -8.00        1              0.2382           0.0112
      -8.00        2            -10.0845          -0.5605
      -8.00        3              0.4177           0.0196
      -8.00        4             10.7982           0.6064
 
      -6.00        1              0.2653           0.0125
      -6.00        2             -7.7074          -0.4123
      -6.00        3              0.4183           0.0197
      -6.00        4              8.4158           0.4556
 
      -4.00        1              0.2932           0.0138
      -4.00        2             -5.2012          -0.2659
      -4.00        3              0.4098           0.0193
      -4.00        4              5.9050           0.3059
 
      -2.00        1              0.3222           0.0151
      -2.00        2             -2.4586          -0.1187
      -2.00        3              0.3811           0.0179
      -2.00        4              3.1621           0.1551
 
       0.00        1              0.3517           0.0165
       0.00        2              0.3517           0.0165
       0.00        3              0.3517           0.0165
       0.00        4              0.3517           0.0165
 
       2.00        1              0.3811           0.0179
       2.00        2              3.1621           0.1551
       2.00        3              0.3222           0.0151
       2.00        4             -2.4586          -0.1187
 
       4.00        1              0.4098           0.0193
       4.00        2              5.9050           0.3059
       4.00        3              0.2932           0.0138
       4.00        4             -5.2012          -0.2659
 
       6.00        1              0.4183           0.0197
       6.00        2              8.4158           0.4556
       6.00        3              0.2653           0.0125
       6.00        4             -7.7074          -0.4123
 
       8.00        1              0.4177           0.0196
       8.00        2             10.7982           0.6064
       8.00        3              0.2382           0.0112
       8.00        4            -10.0845          -0.5605
 
      10.00        1              0.4355           0.0205
      10.00        2             13.2340           0.7688
      10.00        3              0.2111           0.0099
      10.00        4            -12.5196          -0.7204
 
1         ***** THE USAF AUTOMATED MISSILE DATCOM * REV 3/99 *****     CASE   1
               AERODYNAMIC METHODS FOR MISSILE CONFIGURATIONS          PAGE  61
                 AERODYNAMIC FORCE AND MOMENT SYNTHESIS

       ******* FLIGHT CONDITIONS AND REFERENCE QUANTITIES *******
     MACH NO  =       0.90                REYNOLDS NO = 2.087E+07 /M
     ALTITUDE =        0.0 M         DYNAMIC PRESSURE =  57451.37 N/M**2
     SIDESLIP =       0.00 DEG                   ROLL =      0.00 DEG     
     REF AREA =      0.004 M**2         MOMENT CENTER =     0.710 M
     REF LENGTH =     1.28 M           LAT REF LENGTH =      1.28 M

             CARRYOVER INTERFERENCE FACTORS - FIN SET 1

      ALPHA   K-W(B)   K-B(W)  KK-W(B)  KK-B(W)  XCP-W(B) XCP-B(W) Y-CP/(B/2)

     -10.00   1.3273   0.5437   0.9354   0.3728   0.3787   0.3804   0.4569
      -8.00   1.3501   0.5437   0.9354   0.3728   0.3787   0.3804   0.4748
      -6.00   1.3714   0.5437   0.9354   0.3728   0.3787   0.3804   0.4832
      -4.00   1.3905   0.5437   0.9354   0.3728   0.3787   0.3804   0.4778
      -2.00   1.4059   0.5437   0.9354   0.3728   0.3787   0.3804   0.4632
       0.00   1.4145   0.5437   0.9354   0.3728   0.3787   0.3804   0.4472
       2.00   1.4059   0.5437   0.9354   0.3728   0.3787   0.3804   0.4590
       4.00   1.3905   0.5437   0.9354   0.3728   0.3787   0.3804   0.4743
       6.00   1.3714   0.5437   0.9354   0.3728   0.3787   0.3804   0.4855
       8.00   1.3501   0.5437   0.9354   0.3728   0.3787   0.3804   0.4776
      10.00   1.3273   0.5437   0.9354   0.3728   0.3787   0.3804   0.4622

    NOTE - XCP-W(B) USED FOR STABILITY ONLY DIFFERENT VALUES USED FOR HINGE MOMENTS
1         ***** THE USAF AUTOMATED MISSILE DATCOM * REV 3/99 *****     CASE   1
               AERODYNAMIC METHODS FOR MISSILE CONFIGURATIONS          PAGE  62
        FIN SET 1 PANEL BENDING MOMENTS (ABOUT EXPOSED ROOT CHORD)

       ******* FLIGHT CONDITIONS AND REFERENCE QUANTITIES *******
     MACH NO  =       0.90                REYNOLDS NO = 2.087E+07 /M
     ALTITUDE =        0.0 M         DYNAMIC PRESSURE =  57451.37 N/M**2
     SIDESLIP =       0.00 DEG                   ROLL =      0.00 DEG     
     REF AREA =      0.004 M**2         MOMENT CENTER =     0.710 M
     REF LENGTH =     1.28 M           LAT REF LENGTH =      1.28 M

   ALPHA   PANL 1   PANL 2   PANL 3   PANL 4   PANL 5   PANL 6   PANL 7   PANL 8
 
   -10.0  2.03E-04 -1.47E-02  4.18E-04  1.57E-02
    -8.0  2.38E-04 -1.19E-02  4.17E-04  1.29E-02
    -6.0  2.69E-04 -8.91E-03  4.25E-04  9.85E-03
    -4.0  2.94E-04 -5.69E-03  4.12E-04  6.54E-03
    -2.0  3.14E-04 -2.46E-03  3.71E-04  3.21E-03
     0.0  3.31E-04  3.31E-04  3.31E-04  3.31E-04
     2.0  3.68E-04  3.18E-03  3.11E-04 -2.44E-03
     4.0  4.09E-04  6.49E-03  2.92E-04 -5.64E-03
     6.0  4.27E-04  9.90E-03  2.71E-04 -8.96E-03
     8.0  4.19E-04  1.30E-02  2.39E-04 -1.20E-02
    10.0  4.23E-04  1.59E-02  2.05E-04 -1.49E-02
1         ***** THE USAF AUTOMATED MISSILE DATCOM * REV 3/99 *****     CASE   1
               AERODYNAMIC METHODS FOR MISSILE CONFIGURATIONS          PAGE  63
            FIN SET 1 PANEL HINGE MOMENTS (ABOUT HINGE LINE)

       ******* FLIGHT CONDITIONS AND REFERENCE QUANTITIES *******
     MACH NO  =       0.90                REYNOLDS NO = 2.087E+07 /M
     ALTITUDE =        0.0 M         DYNAMIC PRESSURE =  57451.37 N/M**2
     SIDESLIP =       0.00 DEG                   ROLL =      0.00 DEG     
     REF AREA =      0.004 M**2         MOMENT CENTER =     0.710 M
     REF LENGTH =     1.28 M           LAT REF LENGTH =      1.28 M

   ALPHA   PANL 1   PANL 2   PANL 3   PANL 4   PANL 5   PANL 6   PANL 7   PANL 8
 
   -10.0  4.11E-04 -2.99E-02  8.49E-04  3.19E-02
    -8.0  4.64E-04 -2.33E-02  8.14E-04  2.52E-02
    -6.0  5.17E-04 -1.71E-02  8.16E-04  1.89E-02
    -4.0  5.71E-04 -1.10E-02  7.99E-04  1.27E-02
    -2.0  6.28E-04 -4.93E-03  7.43E-04  6.43E-03
     0.0  6.86E-04  6.86E-04  6.86E-04  6.86E-04
     2.0  7.43E-04  6.43E-03  6.28E-04 -4.93E-03
     4.0  7.99E-04  1.27E-02  5.71E-04 -1.10E-02
     6.0  8.16E-04  1.89E-02  5.17E-04 -1.71E-02
     8.0  8.14E-04  2.52E-02  4.64E-04 -2.33E-02
    10.0  8.49E-04  3.19E-02  4.11E-04 -2.99E-02
1         ***** THE USAF AUTOMATED MISSILE DATCOM * REV 3/99 *****     CASE   1
               AERODYNAMIC METHODS FOR MISSILE CONFIGURATIONS          PAGE  64
                   STATIC AERODYNAMICS FOR BODY-FIN SET 1

       ******* FLIGHT CONDITIONS AND REFERENCE QUANTITIES *******
     MACH NO  =       0.90                REYNOLDS NO = 2.087E+07 /M
     ALTITUDE =        0.0 M         DYNAMIC PRESSURE =  57451.37 N/M**2
     SIDESLIP =       0.00 DEG                   ROLL =      0.00 DEG     
     REF AREA =      0.004 M**2         MOMENT CENTER =     0.710 M
     REF LENGTH =     1.28 M           LAT REF LENGTH =      1.28 M

                   ----- LONGITUDINAL -----     -- LATERAL DIRECTIONAL --
         ALPHA       CN        CM        CA        CY       CLN       CLL

        -10.00    -2.733     0.543     0.423    -0.007     0.003    -0.003
         -8.00    -2.073     0.418     0.425    -0.005     0.002    -0.004
         -6.00    -1.487     0.308     0.427    -0.003     0.001    -0.003
         -4.00    -0.946     0.201     0.428    -0.001     0.000    -0.003
         -2.00    -0.439     0.094     0.428     0.000     0.000    -0.003
          0.00     0.000     0.000     0.428     0.000     0.000    -0.003
          2.00     0.439    -0.094     0.428     0.000     0.000    -0.003
          4.00     0.946    -0.201     0.428     0.001     0.000    -0.003
          6.00     1.487    -0.308     0.427     0.003    -0.001    -0.003
          8.00     2.073    -0.418     0.425     0.005    -0.002    -0.004
         10.00     2.733    -0.543     0.423     0.007    -0.003    -0.003

         ALPHA       CL        CD      CL/CD     X-C.P.

        -10.00    -2.618     0.891    -2.939    -0.199
         -8.00    -1.994     0.710    -2.809    -0.202
         -6.00    -1.434     0.580    -2.472    -0.207
         -4.00    -0.913     0.493    -1.853    -0.213
         -2.00    -0.423     0.444    -0.955    -0.214
          0.00     0.000     0.428     0.000    -0.379
          2.00     0.423     0.444     0.955    -0.214
          4.00     0.913     0.493     1.853    -0.213
          6.00     1.434     0.580     2.472    -0.207
          8.00     1.994     0.710     2.809    -0.202
         10.00     2.618     0.891     2.939    -0.199

    X-C.P. MEAS. FROM MOMENT CENTER IN REF. LENGTHS, NEG. AFT OF MOMENT CENTER
1         ***** THE USAF AUTOMATED MISSILE DATCOM * REV 3/99 *****     CASE   1
               AERODYNAMIC METHODS FOR MISSILE CONFIGURATIONS          PAGE  65
                   STATIC AERODYNAMICS FOR BODY-FIN SET 1

       ******* FLIGHT CONDITIONS AND REFERENCE QUANTITIES *******
     MACH NO  =       0.90                REYNOLDS NO = 2.087E+07 /M
     ALTITUDE =        0.0 M         DYNAMIC PRESSURE =  57451.37 N/M**2
     SIDESLIP =       0.00 DEG                   ROLL =      0.00 DEG     
     REF AREA =      0.004 M**2         MOMENT CENTER =     0.710 M
     REF LENGTH =     1.28 M           LAT REF LENGTH =      1.28 M

                   ---------- DERIVATIVES (PER DEGREE) ----------
         ALPHA       CNA         CMA         CYB         CLNB        CLLB
        -10.00      0.3490     -0.0658     -0.2041      0.0284     -0.0009
         -8.00      0.3114     -0.0586     -0.1955      0.0283     -0.0009
         -6.00      0.2818     -0.0543     -0.2059      0.0354     -0.0005
         -4.00      0.2621     -0.0535     -0.2152      0.0421     -0.0002
         -2.00      0.2363     -0.0503     -0.2152      0.0451     -0.0001
          0.00      0.2193     -0.0470     -0.2131      0.0454     -0.0001
          2.00      0.2363     -0.0503     -0.2154      0.0452     -0.0001
          4.00      0.2621     -0.0535     -0.2150      0.0420      0.0001
          6.00      0.2818     -0.0543     -0.2057      0.0354      0.0004
          8.00      0.3114     -0.0586     -0.1952      0.0282      0.0009
         10.00      0.3490     -0.0658     -0.2040      0.0284      0.0009

    PANEL DEFLECTION ANGLES (DEGREES)
    SET    FIN 1   FIN 2   FIN 3   FIN 4   FIN 5   FIN 6   FIN 7   FIN 8
      1    0.60    0.60    0.60    0.60
1         ***** THE USAF AUTOMATED MISSILE DATCOM * REV 3/99 *****     CASE   1
               AERODYNAMIC METHODS FOR MISSILE CONFIGURATIONS          PAGE  66
                             BODY ALONE PARTIAL OUTPUT

       ******* FLIGHT CONDITIONS AND REFERENCE QUANTITIES *******
     MACH NO  =       1.00                REYNOLDS NO = 2.318E+07 /M
     ALTITUDE =        0.0 M         DYNAMIC PRESSURE =  70927.62 N/M**2
     SIDESLIP =       0.00 DEG                   ROLL =      0.00 DEG     
     REF AREA =      0.004 M**2         MOMENT CENTER =     0.710 M
     REF LENGTH =     1.28 M           LAT REF LENGTH =      1.28 M

      ALPHA    CA-FRIC  CA-PRES/WAVE CA-BASE    CA-PROT     CA-SEP     CA-ALP
     -10.00     0.1584     0.1815     0.0743                           0.0034
      -8.00     0.1601     0.1835     0.0746                           0.0027
      -6.00     0.1615     0.1851     0.0748                           0.0017
      -4.00     0.1625     0.1862     0.0749                           0.0008
      -2.00     0.1631     0.1869     0.0749                           0.0002
       0.00     0.1633     0.1871     0.0748                           0.0000
       2.00     0.1631     0.1869     0.0749                           0.0002
       4.00     0.1625     0.1862     0.0749                           0.0008
       6.00     0.1615     0.1851     0.0748                           0.0017
       8.00     0.1601     0.1835     0.0746                           0.0027
      10.00     0.1584     0.1815     0.0743                           0.0034

                     CROSS FLOW DRAG PROPORTIONALITY FACTOR = 0.88077

      ALPHA    CN-POTEN  CN-VISC   CN-SEP    CM-POTEN  CM-VISC   CM-SEP    CDC
     -10.00    -0.274    -0.493              -0.220    -0.013             0.846
      -8.00    -0.221    -0.309              -0.177    -0.008             0.825
      -6.00    -0.167    -0.170              -0.134    -0.005             0.804
      -4.00    -0.112    -0.074              -0.090    -0.002             0.783
      -2.00    -0.056    -0.018              -0.045     0.000             0.761
       0.00     0.000     0.000               0.000     0.000             0.740
       2.00     0.056     0.018               0.045     0.000             0.761
       4.00     0.112     0.074               0.090     0.002             0.783
       6.00     0.167     0.170               0.134     0.005             0.804
       8.00     0.221     0.309               0.177     0.008             0.825
      10.00     0.274     0.493               0.220     0.013             0.846
1         ***** THE USAF AUTOMATED MISSILE DATCOM * REV 3/99 *****     CASE   1
               AERODYNAMIC METHODS FOR MISSILE CONFIGURATIONS          PAGE  67
                        FIN SET 1 CA PARTIAL OUTPUT

       ******* FLIGHT CONDITIONS AND REFERENCE QUANTITIES *******
     MACH NO  =       1.00                REYNOLDS NO = 2.318E+07 /M
     ALTITUDE =        0.0 M         DYNAMIC PRESSURE =  70927.62 N/M**2
     SIDESLIP =       0.00 DEG                   ROLL =      0.00 DEG     
     REF AREA =      0.004 M**2         MOMENT CENTER =     0.710 M
     REF LENGTH =     1.28 M           LAT REF LENGTH =      1.28 M

    SINGLE FIN PANEL ZERO-LIFT AXIAL FORCE COMPONENTS

    SKIN FRICTION        0.0107
    SUBSONIC PRESSURE    0.0009
    TRANSONIC WAVE       0.0271
    SUPERSONIC WAVE      0.0000
    LEADING EDGE         0.0000
    TRAILING EDGE        0.0000
    TOTAL CAO            0.0386

    FIN AXIAL FORCE DUE TO ANGLE OF ATTACK

    ALPHA      CA DUE TO LIFT (SINGLE PANEL)   CA-TOTAL (4 FINS)

     -10.00              0.0000                      0.1522
      -8.00              0.0000                      0.1530
      -6.00              0.0000                      0.1537
      -4.00              0.0000                      0.1541
      -2.00              0.0000                      0.1544
       0.00              0.0000                      0.1545
       2.00              0.0000                      0.1544
       4.00              0.0000                      0.1541
       6.00              0.0000                      0.1537
       8.00              0.0000                      0.1530
      10.00              0.0000                      0.1522
1         ***** THE USAF AUTOMATED MISSILE DATCOM * REV 3/99 *****     CASE   1
               AERODYNAMIC METHODS FOR MISSILE CONFIGURATIONS          PAGE  68
                       FIN SET 1 CN, CM PARTIAL OUTPUT

       ******* FLIGHT CONDITIONS AND REFERENCE QUANTITIES *******
     MACH NO  =       1.00                REYNOLDS NO = 2.318E+07 /M
     ALTITUDE =        0.0 M         DYNAMIC PRESSURE =  70927.62 N/M**2
     SIDESLIP =       0.00 DEG                   ROLL =      0.00 DEG     
     REF AREA =      0.004 M**2         MOMENT CENTER =     0.710 M
     REF LENGTH =     1.28 M           LAT REF LENGTH =      1.28 M

    NORMAL FORCE SLOPE AT ALPHA ZERO, CNA =    0.04728/DEG (1 PANEL)
         CENTER OF PRESSURE FOR LINEAR CN =   -0.37128 (CALIBERS FROM C.G.)
     CENTER OF PRESSURE FOR NON-LINEAR CN =   -0.40446 (CALIBERS FROM C.G.)

      ALPHA      CN        CN        CN        CM        CM        CM
               LINEAR  NON-LINEAR  TOTAL     LINEAR  NON-LINEAR  TOTAL

     -10.00   -0.9264   -0.2006   -1.1271    0.3440    0.0811    0.4251
      -8.00   -0.7466   -0.1299   -0.8766    0.2772    0.0526    0.3298
      -6.00   -0.5632   -0.0739   -0.6371    0.2091    0.0299    0.2390
      -4.00   -0.3770   -0.0332   -0.4102    0.1400    0.0134    0.1534
      -2.00   -0.1890   -0.0084   -0.1973    0.0702    0.0034    0.0735
       0.00    0.0000    0.0000    0.0000    0.0000    0.0000    0.0000
       2.00    0.1890    0.0084    0.1973   -0.0702   -0.0034   -0.0735
       4.00    0.3770    0.0332    0.4102   -0.1400   -0.0134   -0.1534
       6.00    0.5632    0.0739    0.6371   -0.2091   -0.0299   -0.2390
       8.00    0.7466    0.1299    0.8766   -0.2772   -0.0526   -0.3298
      10.00    0.9264    0.2006    1.1271   -0.3440   -0.0811   -0.4251
1         ***** THE USAF AUTOMATED MISSILE DATCOM * REV 3/99 *****     CASE   1
               AERODYNAMIC METHODS FOR MISSILE CONFIGURATIONS          PAGE  69
                 AERODYNAMIC FORCE AND MOMENT SYNTHESIS

       ******* FLIGHT CONDITIONS AND REFERENCE QUANTITIES *******
     MACH NO  =       1.00                REYNOLDS NO = 2.318E+07 /M
     ALTITUDE =        0.0 M         DYNAMIC PRESSURE =  70927.62 N/M**2
     SIDESLIP =       0.00 DEG                   ROLL =      0.00 DEG     
     REF AREA =      0.004 M**2         MOMENT CENTER =     0.710 M
     REF LENGTH =     1.28 M           LAT REF LENGTH =      1.28 M

          ---------------FIN SET 1 IN PRESENCE OF THE BODY----------------

      ALPHA       CN         CM         CA         CY         CLN        CLL

     -10.00    -1.4973     0.5559     0.1553    -0.0048     0.0018    -0.0035
      -8.00    -1.1793     0.4379     0.1553    -0.0037     0.0014    -0.0036
      -6.00    -0.8822     0.3275     0.1553    -0.0018     0.0007    -0.0035
      -4.00    -0.5847     0.2171     0.1553    -0.0005     0.0002    -0.0035
      -2.00    -0.2817     0.1046     0.1552    -0.0001     0.0000    -0.0033
       0.00     0.0000     0.0000     0.1552     0.0000     0.0000    -0.0031
       2.00     0.2817    -0.1046     0.1552     0.0001     0.0000    -0.0033
       4.00     0.5847    -0.2171     0.1553     0.0005    -0.0002    -0.0035
       6.00     0.8822    -0.3275     0.1553     0.0018    -0.0007    -0.0035
       8.00     1.1793    -0.4379     0.1553     0.0037    -0.0014    -0.0036
      10.00     1.4973    -0.5559     0.1553     0.0048    -0.0018    -0.0035
1         ***** THE USAF AUTOMATED MISSILE DATCOM * REV 3/99 *****     CASE   1
               AERODYNAMIC METHODS FOR MISSILE CONFIGURATIONS          PAGE  70
                 AERODYNAMIC FORCE AND MOMENT SYNTHESIS

       ******* FLIGHT CONDITIONS AND REFERENCE QUANTITIES *******
     MACH NO  =       1.00                REYNOLDS NO = 2.318E+07 /M
     ALTITUDE =        0.0 M         DYNAMIC PRESSURE =  70927.62 N/M**2
     SIDESLIP =       0.00 DEG                   ROLL =      0.00 DEG     
     REF AREA =      0.004 M**2         MOMENT CENTER =     0.710 M
     REF LENGTH =     1.28 M           LAT REF LENGTH =      1.28 M

          ---------------FIN SET 1 PANEL CHARACTERISTICS------------------

      ALPHA      PANEL    AEQ (PANEL AXIS SYS.)    PANEL CN

     -10.00        1              0.2117           0.0103
     -10.00        2            -12.4701          -0.7247
     -10.00        3              0.4350           0.0211
     -10.00        4             13.1845           0.7726
 
      -8.00        1              0.2385           0.0116
      -8.00        2            -10.0505          -0.5668
      -8.00        3              0.4169           0.0202
      -8.00        4             10.7643           0.6126
 
      -6.00        1              0.2655           0.0129
      -6.00        2             -7.6902          -0.4193
      -6.00        3              0.4179           0.0203
      -6.00        4              8.3986           0.4628
 
      -4.00        1              0.2932           0.0142
      -4.00        2             -5.1949          -0.2721
      -4.00        3              0.4098           0.0199
      -4.00        4              5.8988           0.3126
 
      -2.00        1              0.3222           0.0156
      -2.00        2             -2.4575          -0.1222
      -2.00        3              0.3811           0.0185
      -2.00        4              3.1610           0.1594
 
       0.00        1              0.3517           0.0171
       0.00        2              0.3517           0.0171
       0.00        3              0.3517           0.0171
       0.00        4              0.3517           0.0171
 
       2.00        1              0.3811           0.0185
       2.00        2              3.1610           0.1594
       2.00        3              0.3222           0.0156
       2.00        4             -2.4575          -0.1222
 
       4.00        1              0.4098           0.0199
       4.00        2              5.8988           0.3126
       4.00        3              0.2932           0.0142
       4.00        4             -5.1949          -0.2721
 
       6.00        1              0.4179           0.0203
       6.00        2              8.3986           0.4628
       6.00        3              0.2655           0.0129
       6.00        4             -7.6902          -0.4193
 
       8.00        1              0.4169           0.0202
       8.00        2             10.7643           0.6126
       8.00        3              0.2385           0.0116
       8.00        4            -10.0505          -0.5668
 
      10.00        1              0.4350           0.0211
      10.00        2             13.1845           0.7726
      10.00        3              0.2117           0.0103
      10.00        4            -12.4701          -0.7247
 
1         ***** THE USAF AUTOMATED MISSILE DATCOM * REV 3/99 *****     CASE   1
               AERODYNAMIC METHODS FOR MISSILE CONFIGURATIONS          PAGE  71
                 AERODYNAMIC FORCE AND MOMENT SYNTHESIS

       ******* FLIGHT CONDITIONS AND REFERENCE QUANTITIES *******
     MACH NO  =       1.00                REYNOLDS NO = 2.318E+07 /M
     ALTITUDE =        0.0 M         DYNAMIC PRESSURE =  70927.62 N/M**2
     SIDESLIP =       0.00 DEG                   ROLL =      0.00 DEG     
     REF AREA =      0.004 M**2         MOMENT CENTER =     0.710 M
     REF LENGTH =     1.28 M           LAT REF LENGTH =      1.28 M

             CARRYOVER INTERFERENCE FACTORS - FIN SET 1

      ALPHA   K-W(B)   K-B(W)  KK-W(B)  KK-B(W)  XCP-W(B) XCP-B(W) Y-CP/(B/2)

     -10.00   1.3222   0.5437   0.9354   0.3728   0.3713   0.3804   0.4614
      -8.00   1.3461   0.5437   0.9354   0.3728   0.3713   0.3804   0.4762
      -6.00   1.3687   0.5437   0.9354   0.3728   0.3713   0.3804   0.4823
      -4.00   1.3889   0.5437   0.9354   0.3728   0.3713   0.3804   0.4761
      -2.00   1.4053   0.5437   0.9354   0.3728   0.3713   0.3804   0.4607
       0.00   1.4145   0.5437   0.9354   0.3728   0.3713   0.3804   0.4446
       2.00   1.4053   0.5437   0.9354   0.3728   0.3713   0.3804   0.4565
       4.00   1.3889   0.5437   0.9354   0.3728   0.3713   0.3804   0.4722
       6.00   1.3687   0.5437   0.9354   0.3728   0.3713   0.3804   0.4838
       8.00   1.3461   0.5437   0.9354   0.3728   0.3713   0.3804   0.4785
      10.00   1.3222   0.5437   0.9354   0.3728   0.3713   0.3804   0.4658

    NOTE - XCP-W(B) USED FOR STABILITY ONLY DIFFERENT VALUES USED FOR HINGE MOMENTS
1         ***** THE USAF AUTOMATED MISSILE DATCOM * REV 3/99 *****     CASE   1
               AERODYNAMIC METHODS FOR MISSILE CONFIGURATIONS          PAGE  72
        FIN SET 1 PANEL BENDING MOMENTS (ABOUT EXPOSED ROOT CHORD)

       ******* FLIGHT CONDITIONS AND REFERENCE QUANTITIES *******
     MACH NO  =       1.00                REYNOLDS NO = 2.318E+07 /M
     ALTITUDE =        0.0 M         DYNAMIC PRESSURE =  70927.62 N/M**2
     SIDESLIP =       0.00 DEG                   ROLL =      0.00 DEG     
     REF AREA =      0.004 M**2         MOMENT CENTER =     0.710 M
     REF LENGTH =     1.28 M           LAT REF LENGTH =      1.28 M

   ALPHA   PANL 1   PANL 2   PANL 3   PANL 4   PANL 5   PANL 6   PANL 7   PANL 8
 
   -10.0  2.12E-04 -1.50E-02  4.36E-04  1.60E-02
    -8.0  2.47E-04 -1.21E-02  4.31E-04  1.31E-02
    -6.0  2.78E-04 -9.05E-03  4.38E-04  9.99E-03
    -4.0  3.03E-04 -5.80E-03  4.24E-04  6.66E-03
    -2.0  3.22E-04 -2.52E-03  3.81E-04  3.29E-03
     0.0  3.39E-04  3.39E-04  3.39E-04  3.39E-04
     2.0  3.78E-04  3.26E-03  3.19E-04 -2.50E-03
     4.0  4.20E-04  6.61E-03  3.01E-04 -5.75E-03
     6.0  4.39E-04  1.00E-02  2.79E-04 -9.08E-03
     8.0  4.33E-04  1.31E-02  2.48E-04 -1.21E-02
    10.0  4.40E-04  1.61E-02  2.14E-04 -1.51E-02
1         ***** THE USAF AUTOMATED MISSILE DATCOM * REV 3/99 *****     CASE   1
               AERODYNAMIC METHODS FOR MISSILE CONFIGURATIONS          PAGE  73
            FIN SET 1 PANEL HINGE MOMENTS (ABOUT HINGE LINE)

       ******* FLIGHT CONDITIONS AND REFERENCE QUANTITIES *******
     MACH NO  =       1.00                REYNOLDS NO = 2.318E+07 /M
     ALTITUDE =        0.0 M         DYNAMIC PRESSURE =  70927.62 N/M**2
     SIDESLIP =       0.00 DEG                   ROLL =      0.00 DEG     
     REF AREA =      0.004 M**2         MOMENT CENTER =     0.710 M
     REF LENGTH =     1.28 M           LAT REF LENGTH =      1.28 M

   ALPHA   PANL 1   PANL 2   PANL 3   PANL 4   PANL 5   PANL 6   PANL 7   PANL 8
 
   -10.0  5.03E-04 -3.55E-02  1.03E-03  3.78E-02
    -8.0  5.66E-04 -2.77E-02  9.91E-04  3.00E-02
    -6.0  6.30E-04 -2.05E-02  9.93E-04  2.27E-02
    -4.0  6.96E-04 -1.33E-02  9.74E-04  1.53E-02
    -2.0  7.65E-04 -5.98E-03  9.05E-04  7.81E-03
     0.0  8.35E-04  8.35E-04  8.35E-04  8.35E-04
     2.0  9.05E-04  7.81E-03  7.65E-04 -5.98E-03
     4.0  9.74E-04  1.53E-02  6.96E-04 -1.33E-02
     6.0  9.93E-04  2.27E-02  6.30E-04 -2.05E-02
     8.0  9.91E-04  3.00E-02  5.66E-04 -2.77E-02
    10.0  1.03E-03  3.78E-02  5.03E-04 -3.55E-02
1         ***** THE USAF AUTOMATED MISSILE DATCOM * REV 3/99 *****     CASE   1
               AERODYNAMIC METHODS FOR MISSILE CONFIGURATIONS          PAGE  74
                   STATIC AERODYNAMICS FOR BODY-FIN SET 1

       ******* FLIGHT CONDITIONS AND REFERENCE QUANTITIES *******
     MACH NO  =       1.00                REYNOLDS NO = 2.318E+07 /M
     ALTITUDE =        0.0 M         DYNAMIC PRESSURE =  70927.62 N/M**2
     SIDESLIP =       0.00 DEG                   ROLL =      0.00 DEG     
     REF AREA =      0.004 M**2         MOMENT CENTER =     0.710 M
     REF LENGTH =     1.28 M           LAT REF LENGTH =      1.28 M

                   ----- LONGITUDINAL -----     -- LATERAL DIRECTIONAL --
         ALPHA       CN        CM        CA        CY       CLN       CLL

        -10.00    -2.879     0.557     0.573    -0.007     0.003    -0.004
         -8.00    -2.185     0.433     0.576    -0.005     0.002    -0.004
         -6.00    -1.569     0.322     0.578    -0.003     0.001    -0.004
         -4.00    -0.999     0.212     0.580    -0.001     0.000    -0.004
         -2.00    -0.465     0.101     0.580     0.000     0.000    -0.003
          0.00     0.000     0.000     0.580     0.000     0.000    -0.003
          2.00     0.465    -0.101     0.580     0.000     0.000    -0.003
          4.00     0.999    -0.212     0.580     0.001     0.000    -0.004
          6.00     1.569    -0.322     0.578     0.003    -0.001    -0.004
          8.00     2.185    -0.433     0.576     0.005    -0.002    -0.004
         10.00     2.879    -0.557     0.573     0.007    -0.003    -0.004

         ALPHA       CL        CD      CL/CD     X-C.P.

        -10.00    -2.736     1.064    -2.571    -0.194
         -8.00    -2.084     0.875    -2.382    -0.198
         -6.00    -1.500     0.739    -2.029    -0.205
         -4.00    -0.956     0.648    -1.475    -0.213
         -2.00    -0.444     0.596    -0.745    -0.216
          0.00     0.000     0.580     0.000    -0.374
          2.00     0.444     0.596     0.745    -0.216
          4.00     0.956     0.648     1.475    -0.213
          6.00     1.500     0.739     2.029    -0.205
          8.00     2.084     0.875     2.382    -0.198
         10.00     2.736     1.064     2.571    -0.194

    X-C.P. MEAS. FROM MOMENT CENTER IN REF. LENGTHS, NEG. AFT OF MOMENT CENTER
1         ***** THE USAF AUTOMATED MISSILE DATCOM * REV 3/99 *****     CASE   1
               AERODYNAMIC METHODS FOR MISSILE CONFIGURATIONS          PAGE  75
                   STATIC AERODYNAMICS FOR BODY-FIN SET 1

       ******* FLIGHT CONDITIONS AND REFERENCE QUANTITIES *******
     MACH NO  =       1.00                REYNOLDS NO = 2.318E+07 /M
     ALTITUDE =        0.0 M         DYNAMIC PRESSURE =  70927.62 N/M**2
     SIDESLIP =       0.00 DEG                   ROLL =      0.00 DEG     
     REF AREA =      0.004 M**2         MOMENT CENTER =     0.710 M
     REF LENGTH =     1.28 M           LAT REF LENGTH =      1.28 M

                   ---------- DERIVATIVES (PER DEGREE) ----------
         ALPHA       CNA         CMA         CYB         CLNB        CLLB
        -10.00      0.3668     -0.0650     -0.2212      0.0312     -0.0009
         -8.00      0.3275     -0.0587     -0.2108      0.0311     -0.0010
         -6.00      0.2965     -0.0552     -0.2207      0.0385     -0.0005
         -4.00      0.2761     -0.0554     -0.2296      0.0454     -0.0002
         -2.00      0.2496     -0.0531     -0.2287      0.0485     -0.0001
          0.00      0.2323     -0.0503     -0.2261      0.0489     -0.0001
          2.00      0.2496     -0.0531     -0.2289      0.0486     -0.0001
          4.00      0.2761     -0.0554     -0.2293      0.0453      0.0001
          6.00      0.2965     -0.0552     -0.2206      0.0384      0.0005
          8.00      0.3275     -0.0587     -0.2105      0.0310      0.0009
         10.00      0.3668     -0.0650     -0.2211      0.0312      0.0009

    PANEL DEFLECTION ANGLES (DEGREES)
    SET    FIN 1   FIN 2   FIN 3   FIN 4   FIN 5   FIN 6   FIN 7   FIN 8
      1    0.60    0.60    0.60    0.60
1         ***** THE USAF AUTOMATED MISSILE DATCOM * REV 3/99 *****     CASE   1
               AERODYNAMIC METHODS FOR MISSILE CONFIGURATIONS          PAGE  76
                             BODY ALONE PARTIAL OUTPUT

       ******* FLIGHT CONDITIONS AND REFERENCE QUANTITIES *******
     MACH NO  =       1.10                REYNOLDS NO = 2.550E+07 /M
     ALTITUDE =        0.0 M         DYNAMIC PRESSURE =  85822.41 N/M**2
     SIDESLIP =       0.00 DEG                   ROLL =      0.00 DEG     
     REF AREA =      0.004 M**2         MOMENT CENTER =     0.710 M
     REF LENGTH =     1.28 M           LAT REF LENGTH =      1.28 M

      ALPHA    CA-FRIC  CA-PRES/WAVE CA-BASE    CA-PROT     CA-SEP     CA-ALP
     -10.00     0.1541     0.2175     0.0825                           0.0036
      -8.00     0.1558     0.2199     0.0829                           0.0029
      -6.00     0.1572     0.2218     0.0831                           0.0019
      -4.00     0.1581     0.2232     0.0832                           0.0009
      -2.00     0.1587     0.2240     0.0833                           0.0002
       0.00     0.1589     0.2243     0.0832                           0.0000
       2.00     0.1587     0.2240     0.0833                           0.0002
       4.00     0.1581     0.2232     0.0832                           0.0009
       6.00     0.1572     0.2218     0.0831                           0.0019
       8.00     0.1558     0.2199     0.0829                           0.0029
      10.00     0.1541     0.2175     0.0825                           0.0036

                     CROSS FLOW DRAG PROPORTIONALITY FACTOR = 0.97278

      ALPHA    CN-POTEN  CN-VISC   CN-SEP    CM-POTEN  CM-VISC   CM-SEP    CDC
     -10.00    -0.338    -0.551              -0.210    -0.015             0.857
      -8.00    -0.272    -0.344              -0.169    -0.009             0.834
      -6.00    -0.206    -0.189              -0.128    -0.005             0.810
      -4.00    -0.138    -0.082              -0.086    -0.002             0.787
      -2.00    -0.069    -0.020              -0.043    -0.001             0.764
       0.00     0.000     0.000               0.000     0.000             0.740
       2.00     0.069     0.020               0.043     0.001             0.764
       4.00     0.138     0.082               0.086     0.002             0.787
       6.00     0.206     0.189               0.128     0.005             0.810
       8.00     0.272     0.344               0.169     0.009             0.834
      10.00     0.338     0.551               0.210     0.015             0.857
1         ***** THE USAF AUTOMATED MISSILE DATCOM * REV 3/99 *****     CASE   1
               AERODYNAMIC METHODS FOR MISSILE CONFIGURATIONS          PAGE  77
                        FIN SET 1 CA PARTIAL OUTPUT

       ******* FLIGHT CONDITIONS AND REFERENCE QUANTITIES *******
     MACH NO  =       1.10                REYNOLDS NO = 2.550E+07 /M
     ALTITUDE =        0.0 M         DYNAMIC PRESSURE =  85822.41 N/M**2
     SIDESLIP =       0.00 DEG                   ROLL =      0.00 DEG     
     REF AREA =      0.004 M**2         MOMENT CENTER =     0.710 M
     REF LENGTH =     1.28 M           LAT REF LENGTH =      1.28 M

    SINGLE FIN PANEL ZERO-LIFT AXIAL FORCE COMPONENTS

    SKIN FRICTION        0.0104
    SUBSONIC PRESSURE    0.0004
    TRANSONIC WAVE       0.0000
    SUPERSONIC WAVE      0.0299
    LEADING EDGE         0.0000
    TRAILING EDGE        0.0000
    TOTAL CAO            0.0407

    FIN AXIAL FORCE DUE TO ANGLE OF ATTACK

    ALPHA      CA DUE TO LIFT (SINGLE PANEL)   CA-TOTAL (4 FINS)

     -10.00              0.0000                      0.1603
      -8.00              0.0000                      0.1612
      -6.00              0.0000                      0.1619
      -4.00              0.0000                      0.1624
      -2.00              0.0000                      0.1627
       0.00              0.0000                      0.1628
       2.00              0.0000                      0.1627
       4.00              0.0000                      0.1624
       6.00              0.0000                      0.1619
       8.00              0.0000                      0.1612
      10.00              0.0000                      0.1603
1         ***** THE USAF AUTOMATED MISSILE DATCOM * REV 3/99 *****     CASE   1
               AERODYNAMIC METHODS FOR MISSILE CONFIGURATIONS          PAGE  78
                       FIN SET 1 CN, CM PARTIAL OUTPUT

       ******* FLIGHT CONDITIONS AND REFERENCE QUANTITIES *******
     MACH NO  =       1.10                REYNOLDS NO = 2.550E+07 /M
     ALTITUDE =        0.0 M         DYNAMIC PRESSURE =  85822.41 N/M**2
     SIDESLIP =       0.00 DEG                   ROLL =      0.00 DEG     
     REF AREA =      0.004 M**2         MOMENT CENTER =     0.710 M
     REF LENGTH =     1.28 M           LAT REF LENGTH =      1.28 M

    NORMAL FORCE SLOPE AT ALPHA ZERO, CNA =    0.05417/DEG (1 PANEL)
         CENTER OF PRESSURE FOR LINEAR CN =   -0.38443 (CALIBERS FROM C.G.)
     CENTER OF PRESSURE FOR NON-LINEAR CN =   -0.40446 (CALIBERS FROM C.G.)

      ALPHA      CN        CN        CN        CM        CM        CM
               LINEAR  NON-LINEAR  TOTAL     LINEAR  NON-LINEAR  TOTAL

     -10.00   -1.0616   -0.2041   -1.2657    0.4081    0.0826    0.4907
      -8.00   -0.8555   -0.1327   -0.9882    0.3289    0.0537    0.3825
      -6.00   -0.6453   -0.0757   -0.7210    0.2481    0.0306    0.2787
      -4.00   -0.4320   -0.0341   -0.4661    0.1661    0.0138    0.1799
      -2.00   -0.2165   -0.0086   -0.2251    0.0832    0.0035    0.0867
       0.00    0.0000    0.0000    0.0000    0.0000    0.0000    0.0000
       2.00    0.2165    0.0086    0.2251   -0.0832   -0.0035   -0.0867
       4.00    0.4320    0.0341    0.4661   -0.1661   -0.0138   -0.1799
       6.00    0.6453    0.0757    0.7210   -0.2481   -0.0306   -0.2787
       8.00    0.8555    0.1327    0.9882   -0.3289   -0.0537   -0.3825
      10.00    1.0616    0.2041    1.2657   -0.4081   -0.0826   -0.4907
1         ***** THE USAF AUTOMATED MISSILE DATCOM * REV 3/99 *****     CASE   1
               AERODYNAMIC METHODS FOR MISSILE CONFIGURATIONS          PAGE  79
                 AERODYNAMIC FORCE AND MOMENT SYNTHESIS

       ******* FLIGHT CONDITIONS AND REFERENCE QUANTITIES *******
     MACH NO  =       1.10                REYNOLDS NO = 2.550E+07 /M
     ALTITUDE =        0.0 M         DYNAMIC PRESSURE =  85822.41 N/M**2
     SIDESLIP =       0.00 DEG                   ROLL =      0.00 DEG     
     REF AREA =      0.004 M**2         MOMENT CENTER =     0.710 M
     REF LENGTH =     1.28 M           LAT REF LENGTH =      1.28 M

          ---------------FIN SET 1 IN PRESENCE OF THE BODY----------------

      ALPHA       CN         CM         CA         CY         CLN        CLL

     -10.00    -1.6587     0.6376     0.1638    -0.0053     0.0020    -0.0043
      -8.00    -1.3181     0.5067     0.1638    -0.0039     0.0015    -0.0043
      -6.00    -0.9918     0.3813     0.1638    -0.0019     0.0007    -0.0044
      -4.00    -0.6615     0.2543     0.1637    -0.0005     0.0002    -0.0044
      -2.00    -0.3208     0.1233     0.1637    -0.0001     0.0000    -0.0041
       0.00     0.0000     0.0000     0.1637     0.0000     0.0000    -0.0039
       2.00     0.3208    -0.1233     0.1637     0.0001     0.0000    -0.0041
       4.00     0.6615    -0.2543     0.1637     0.0005    -0.0002    -0.0044
       6.00     0.9918    -0.3813     0.1638     0.0019    -0.0007    -0.0044
       8.00     1.3181    -0.5067     0.1638     0.0039    -0.0015    -0.0043
      10.00     1.6587    -0.6376     0.1638     0.0053    -0.0020    -0.0043
1         ***** THE USAF AUTOMATED MISSILE DATCOM * REV 3/99 *****     CASE   1
               AERODYNAMIC METHODS FOR MISSILE CONFIGURATIONS          PAGE  80
                 AERODYNAMIC FORCE AND MOMENT SYNTHESIS

       ******* FLIGHT CONDITIONS AND REFERENCE QUANTITIES *******
     MACH NO  =       1.10                REYNOLDS NO = 2.550E+07 /M
     ALTITUDE =        0.0 M         DYNAMIC PRESSURE =  85822.41 N/M**2
     SIDESLIP =       0.00 DEG                   ROLL =      0.00 DEG     
     REF AREA =      0.004 M**2         MOMENT CENTER =     0.710 M
     REF LENGTH =     1.28 M           LAT REF LENGTH =      1.28 M

          ---------------FIN SET 1 PANEL CHARACTERISTICS------------------

      ALPHA      PANEL    AEQ (PANEL AXIS SYS.)    PANEL CN

     -10.00        1              0.2465           0.0137
     -10.00        2            -12.3418          -0.8007
     -10.00        3              0.4635           0.0257
     -10.00        4             13.1254           0.8580
 
      -8.00        1              0.2729           0.0151
      -8.00        2             -9.9791          -0.6314
      -8.00        3              0.4519           0.0251
      -8.00        4             10.7610           0.6867
 
      -6.00        1              0.2997           0.0166
      -6.00        2             -7.6371          -0.4694
      -6.00        3              0.4525           0.0251
      -6.00        4              8.4136           0.5224
 
      -4.00        1              0.3273           0.0182
      -4.00        2             -5.1540          -0.3058
      -4.00        3              0.4437           0.0246
      -4.00        4              5.9259           0.3557
 
      -2.00        1              0.3563           0.0198
      -2.00        2             -2.4222          -0.1373
      -2.00        3              0.4151           0.0230
      -2.00        4              3.1937           0.1835
 
       0.00        1              0.3857           0.0214
       0.00        2              0.3857           0.0214
       0.00        3              0.3857           0.0214
       0.00        4              0.3857           0.0214
 
       2.00        1              0.4151           0.0230
       2.00        2              3.1937           0.1835
       2.00        3              0.3563           0.0198
       2.00        4             -2.4222          -0.1373
 
       4.00        1              0.4437           0.0246
       4.00        2              5.9259           0.3557
       4.00        3              0.3273           0.0182
       4.00        4             -5.1540          -0.3058
 
       6.00        1              0.4525           0.0251
       6.00        2              8.4136           0.5224
       6.00        3              0.2997           0.0166
       6.00        4             -7.6371          -0.4694
 
       8.00        1              0.4519           0.0251
       8.00        2             10.7610           0.6867
       8.00        3              0.2729           0.0151
       8.00        4             -9.9791          -0.6314
 
      10.00        1              0.4635           0.0257
      10.00        2             13.1254           0.8580
      10.00        3              0.2465           0.0137
      10.00        4            -12.3418          -0.8007
 
1         ***** THE USAF AUTOMATED MISSILE DATCOM * REV 3/99 *****     CASE   1
               AERODYNAMIC METHODS FOR MISSILE CONFIGURATIONS          PAGE  81
                 AERODYNAMIC FORCE AND MOMENT SYNTHESIS

       ******* FLIGHT CONDITIONS AND REFERENCE QUANTITIES *******
     MACH NO  =       1.10                REYNOLDS NO = 2.550E+07 /M
     ALTITUDE =        0.0 M         DYNAMIC PRESSURE =  85822.41 N/M**2
     SIDESLIP =       0.00 DEG                   ROLL =      0.00 DEG     
     REF AREA =      0.004 M**2         MOMENT CENTER =     0.710 M
     REF LENGTH =     1.28 M           LAT REF LENGTH =      1.28 M

             CARRYOVER INTERFERENCE FACTORS - FIN SET 1

      ALPHA   K-W(B)   K-B(W)  KK-W(B)  KK-B(W)  XCP-W(B) XCP-B(W) Y-CP/(B/2)

     -10.00   1.3165   0.5437   0.9354   0.3728   0.3844   0.3804   0.4592
      -8.00   1.3417   0.5437   0.9354   0.3728   0.3844   0.3804   0.4727
      -6.00   1.3657   0.5437   0.9354   0.3728   0.3844   0.3804   0.4806
      -4.00   1.3872   0.5437   0.9354   0.3728   0.3844   0.3804   0.4783
      -2.00   1.4046   0.5437   0.9354   0.3728   0.3844   0.3804   0.4603
       0.00   1.4145   0.5437   0.9354   0.3728   0.3844   0.3804   0.4424
       2.00   1.4046   0.5437   0.9354   0.3728   0.3844   0.3804   0.4552
       4.00   1.3872   0.5437   0.9354   0.3728   0.3844   0.3804   0.4731
       6.00   1.3657   0.5437   0.9354   0.3728   0.3844   0.3804   0.4816
       8.00   1.3417   0.5437   0.9354   0.3728   0.3844   0.3804   0.4769
      10.00   1.3165   0.5437   0.9354   0.3728   0.3844   0.3804   0.4642

    NOTE - XCP-W(B) USED FOR STABILITY ONLY DIFFERENT VALUES USED FOR HINGE MOMENTS
1         ***** THE USAF AUTOMATED MISSILE DATCOM * REV 3/99 *****     CASE   1
               AERODYNAMIC METHODS FOR MISSILE CONFIGURATIONS          PAGE  82
        FIN SET 1 PANEL BENDING MOMENTS (ABOUT EXPOSED ROOT CHORD)

       ******* FLIGHT CONDITIONS AND REFERENCE QUANTITIES *******
     MACH NO  =       1.10                REYNOLDS NO = 2.550E+07 /M
     ALTITUDE =        0.0 M         DYNAMIC PRESSURE =  85822.41 N/M**2
     SIDESLIP =       0.00 DEG                   ROLL =      0.00 DEG     
     REF AREA =      0.004 M**2         MOMENT CENTER =     0.710 M
     REF LENGTH =     1.28 M           LAT REF LENGTH =      1.28 M

   ALPHA   PANL 1   PANL 2   PANL 3   PANL 4   PANL 5   PANL 6   PANL 7   PANL 8
 
   -10.0  2.81E-04 -1.65E-02  5.28E-04  1.76E-02
    -8.0  3.20E-04 -1.34E-02  5.30E-04  1.45E-02
    -6.0  3.57E-04 -1.01E-02  5.40E-04  1.12E-02
    -4.0  3.88E-04 -6.54E-03  5.27E-04  7.61E-03
    -2.0  4.07E-04 -2.83E-03  4.74E-04  3.78E-03
     0.0  4.24E-04  4.24E-04  4.24E-04  4.24E-04
     2.0  4.69E-04  3.74E-03  4.02E-04 -2.80E-03
     4.0  5.21E-04  7.53E-03  3.84E-04 -6.47E-03
     6.0  5.41E-04  1.13E-02  3.58E-04 -1.01E-02
     8.0  5.35E-04  1.47E-02  3.23E-04 -1.35E-02
    10.0  5.34E-04  1.78E-02  2.84E-04 -1.66E-02
1         ***** THE USAF AUTOMATED MISSILE DATCOM * REV 3/99 *****     CASE   1
               AERODYNAMIC METHODS FOR MISSILE CONFIGURATIONS          PAGE  83
            FIN SET 1 PANEL HINGE MOMENTS (ABOUT HINGE LINE)

       ******* FLIGHT CONDITIONS AND REFERENCE QUANTITIES *******
     MACH NO  =       1.10                REYNOLDS NO = 2.550E+07 /M
     ALTITUDE =        0.0 M         DYNAMIC PRESSURE =  85822.41 N/M**2
     SIDESLIP =       0.00 DEG                   ROLL =      0.00 DEG     
     REF AREA =      0.004 M**2         MOMENT CENTER =     0.710 M
     REF LENGTH =     1.28 M           LAT REF LENGTH =      1.28 M

   ALPHA   PANL 1   PANL 2   PANL 3   PANL 4   PANL 5   PANL 6   PANL 7   PANL 8
 
   -10.0  4.89E-04 -2.87E-02  9.21E-04  3.07E-02
    -8.0  5.42E-04 -2.26E-02  8.98E-04  2.46E-02
    -6.0  5.95E-04 -1.68E-02  8.99E-04  1.87E-02
    -4.0  6.50E-04 -1.09E-02  8.81E-04  1.27E-02
    -2.0  7.07E-04 -4.92E-03  8.24E-04  6.57E-03
     0.0  7.66E-04  7.66E-04  7.66E-04  7.66E-04
     2.0  8.24E-04  6.57E-03  7.07E-04 -4.92E-03
     4.0  8.81E-04  1.27E-02  6.50E-04 -1.09E-02
     6.0  8.99E-04  1.87E-02  5.95E-04 -1.68E-02
     8.0  8.98E-04  2.46E-02  5.42E-04 -2.26E-02
    10.0  9.21E-04  3.07E-02  4.89E-04 -2.87E-02
1         ***** THE USAF AUTOMATED MISSILE DATCOM * REV 3/99 *****     CASE   1
               AERODYNAMIC METHODS FOR MISSILE CONFIGURATIONS          PAGE  84
                   STATIC AERODYNAMICS FOR BODY-FIN SET 1

       ******* FLIGHT CONDITIONS AND REFERENCE QUANTITIES *******
     MACH NO  =       1.10                REYNOLDS NO = 2.550E+07 /M
     ALTITUDE =        0.0 M         DYNAMIC PRESSURE =  85822.41 N/M**2
     SIDESLIP =       0.00 DEG                   ROLL =      0.00 DEG     
     REF AREA =      0.004 M**2         MOMENT CENTER =     0.710 M
     REF LENGTH =     1.28 M           LAT REF LENGTH =      1.28 M

                   ----- LONGITUDINAL -----     -- LATERAL DIRECTIONAL --
         ALPHA       CN        CM        CA        CY       CLN       CLL

        -10.00    -3.232     0.674     0.622    -0.008     0.003    -0.004
         -8.00    -2.469     0.532     0.625    -0.005     0.002    -0.004
         -6.00    -1.781     0.399     0.628    -0.003     0.001    -0.004
         -4.00    -1.140     0.265     0.629    -0.001     0.000    -0.004
         -2.00    -0.534     0.127     0.630     0.000     0.000    -0.004
          0.00     0.000     0.000     0.630     0.000     0.000    -0.004
          2.00     0.534    -0.127     0.630     0.000     0.000    -0.004
          4.00     1.140    -0.265     0.629     0.001     0.000    -0.004
          6.00     1.781    -0.399     0.628     0.003    -0.001    -0.004
          8.00     2.469    -0.532     0.625     0.005    -0.002    -0.004
         10.00     3.232    -0.674     0.622     0.008    -0.003    -0.004

         ALPHA       CL        CD      CL/CD     X-C.P.

        -10.00    -3.075     1.173    -2.621    -0.209
         -8.00    -2.358     0.963    -2.449    -0.215
         -6.00    -1.706     0.811    -2.105    -0.224
         -4.00    -1.094     0.707    -1.546    -0.233
         -2.00    -0.512     0.648    -0.789    -0.238
          0.00     0.000     0.630     0.000    -0.383
          2.00     0.512     0.648     0.789    -0.238
          4.00     1.094     0.707     1.546    -0.233
          6.00     1.706     0.811     2.105    -0.224
          8.00     2.358     0.963     2.449    -0.215
         10.00     3.075     1.173     2.621    -0.209

    X-C.P. MEAS. FROM MOMENT CENTER IN REF. LENGTHS, NEG. AFT OF MOMENT CENTER
1         ***** THE USAF AUTOMATED MISSILE DATCOM * REV 3/99 *****     CASE   1
               AERODYNAMIC METHODS FOR MISSILE CONFIGURATIONS          PAGE  85
                   STATIC AERODYNAMICS FOR BODY-FIN SET 1

       ******* FLIGHT CONDITIONS AND REFERENCE QUANTITIES *******
     MACH NO  =       1.10                REYNOLDS NO = 2.550E+07 /M
     ALTITUDE =        0.0 M         DYNAMIC PRESSURE =  85822.41 N/M**2
     SIDESLIP =       0.00 DEG                   ROLL =      0.00 DEG     
     REF AREA =      0.004 M**2         MOMENT CENTER =     0.710 M
     REF LENGTH =     1.28 M           LAT REF LENGTH =      1.28 M

                   ---------- DERIVATIVES (PER DEGREE) ----------
         ALPHA       CNA         CMA         CYB         CLNB        CLLB
        -10.00      0.4006     -0.0736     -0.2496      0.0396     -0.0012
         -8.00      0.3626     -0.0688     -0.2430      0.0415     -0.0011
         -6.00      0.3322     -0.0666     -0.2544      0.0502     -0.0006
         -4.00      0.3118     -0.0679     -0.2644      0.0582     -0.0002
         -2.00      0.2850     -0.0663     -0.2633      0.0617     -0.0001
          0.00      0.2669     -0.0636     -0.2606      0.0622     -0.0001
          2.00      0.2850     -0.0663     -0.2635      0.0618     -0.0001
          4.00      0.3118     -0.0679     -0.2641      0.0581      0.0001
          6.00      0.3322     -0.0666     -0.2542      0.0501      0.0005
          8.00      0.3626     -0.0688     -0.2426      0.0414      0.0010
         10.00      0.4006     -0.0736     -0.2493      0.0395      0.0011

    PANEL DEFLECTION ANGLES (DEGREES)
    SET    FIN 1   FIN 2   FIN 3   FIN 4   FIN 5   FIN 6   FIN 7   FIN 8
      1    0.60    0.60    0.60    0.60
1         ***** THE USAF AUTOMATED MISSILE DATCOM * REV 3/99 *****     CASE   1
               AERODYNAMIC METHODS FOR MISSILE CONFIGURATIONS          PAGE  86
                             BODY ALONE PARTIAL OUTPUT

       ******* FLIGHT CONDITIONS AND REFERENCE QUANTITIES *******
     MACH NO  =       2.30                REYNOLDS NO = 5.332E+07 /M
     ALTITUDE =        0.0 M         DYNAMIC PRESSURE = 375207.06 N/M**2
     SIDESLIP =       0.00 DEG                   ROLL =      0.00 DEG     
     REF AREA =      0.004 M**2         MOMENT CENTER =     0.710 M
     REF LENGTH =     1.28 M           LAT REF LENGTH =      1.28 M

      ALPHA    CA-FRIC  CA-PRES/WAVE CA-BASE    CA-PROT     CA-SEP     CA-ALP
     -10.00     0.1132     0.1586     0.0521                           0.0000
      -8.00     0.1145     0.1591     0.0524                           0.0000
      -6.00     0.1155     0.1594     0.0526                           0.0000
      -4.00     0.1162     0.1597     0.0528                           0.0000
      -2.00     0.1166     0.1598     0.0528                           0.0000
       0.00     0.1167     0.1599     0.0529                           0.0000
       2.00     0.1166     0.1598     0.0528                           0.0000
       4.00     0.1162     0.1597     0.0528                           0.0000
       6.00     0.1155     0.1594     0.0526                           0.0000
       8.00     0.1145     0.1591     0.0524                           0.0000
      10.00     0.1132     0.1586     0.0521                           0.0000

                     CROSS FLOW DRAG PROPORTIONALITY FACTOR = 1.00000

      ALPHA    CN-POTEN  CN-VISC   CN-SEP    CM-POTEN  CM-VISC   CM-SEP    CDC
     -10.00    -0.431    -0.756              -0.235    -0.020             1.144
      -8.00    -0.348    -0.438              -0.189    -0.012             1.032
      -6.00    -0.262    -0.220              -0.143    -0.006             0.920
      -4.00    -0.176    -0.089              -0.096    -0.002             0.838
      -2.00    -0.088    -0.021              -0.048    -0.001             0.789
       0.00     0.000     0.000               0.000     0.000             0.740
       2.00     0.088     0.021               0.048     0.001             0.789
       4.00     0.176     0.089               0.096     0.002             0.838
       6.00     0.262     0.220               0.143     0.006             0.920
       8.00     0.348     0.438               0.189     0.012             1.032
      10.00     0.431     0.756               0.235     0.020             1.144
1         ***** THE USAF AUTOMATED MISSILE DATCOM * REV 3/99 *****     CASE   1
               AERODYNAMIC METHODS FOR MISSILE CONFIGURATIONS          PAGE  87
                        FIN SET 1 CA PARTIAL OUTPUT

       ******* FLIGHT CONDITIONS AND REFERENCE QUANTITIES *******
     MACH NO  =       2.30                REYNOLDS NO = 5.332E+07 /M
     ALTITUDE =        0.0 M         DYNAMIC PRESSURE = 375207.06 N/M**2
     SIDESLIP =       0.00 DEG                   ROLL =      0.00 DEG     
     REF AREA =      0.004 M**2         MOMENT CENTER =     0.710 M
     REF LENGTH =     1.28 M           LAT REF LENGTH =      1.28 M

    SINGLE FIN PANEL ZERO-LIFT AXIAL FORCE COMPONENTS

    SKIN FRICTION        0.0077
    SUBSONIC PRESSURE    0.0000
    TRANSONIC WAVE       0.0000
    SUPERSONIC WAVE      0.0092
    LEADING EDGE         0.0000
    TRAILING EDGE        0.0000
    TOTAL CAO            0.0169

    FIN AXIAL FORCE DUE TO ANGLE OF ATTACK

    ALPHA      CA DUE TO LIFT (SINGLE PANEL)   CA-TOTAL (4 FINS)

     -10.00              0.0000                      0.0664
      -8.00              0.0000                      0.0667
      -6.00              0.0000                      0.0670
      -4.00              0.0000                      0.0672
      -2.00              0.0000                      0.0674
       0.00              0.0000                      0.0674
       2.00              0.0000                      0.0674
       4.00              0.0000                      0.0672
       6.00              0.0000                      0.0670
       8.00              0.0000                      0.0667
      10.00              0.0000                      0.0664
1         ***** THE USAF AUTOMATED MISSILE DATCOM * REV 3/99 *****     CASE   1
               AERODYNAMIC METHODS FOR MISSILE CONFIGURATIONS          PAGE  88
                       FIN SET 1 CN, CM PARTIAL OUTPUT

       ******* FLIGHT CONDITIONS AND REFERENCE QUANTITIES *******
     MACH NO  =       2.30                REYNOLDS NO = 5.332E+07 /M
     ALTITUDE =        0.0 M         DYNAMIC PRESSURE = 375207.06 N/M**2
     SIDESLIP =       0.00 DEG                   ROLL =      0.00 DEG     
     REF AREA =      0.004 M**2         MOMENT CENTER =     0.710 M
     REF LENGTH =     1.28 M           LAT REF LENGTH =      1.28 M

    NORMAL FORCE SLOPE AT ALPHA ZERO, CNA =    0.03970/DEG (1 PANEL)
         CENTER OF PRESSURE FOR LINEAR CN =   -0.40148 (CALIBERS FROM C.G.)
     CENTER OF PRESSURE FOR NON-LINEAR CN =   -0.40446 (CALIBERS FROM C.G.)

      ALPHA      CN        CN        CN        CM        CM        CM
               LINEAR  NON-LINEAR  TOTAL     LINEAR  NON-LINEAR  TOTAL

     -10.00   -0.7780   -0.0472   -0.8252    0.3123    0.0191    0.3314
      -8.00   -0.6270   -0.0241   -0.6510    0.2517    0.0097    0.2614
      -6.00   -0.4729   -0.0102   -0.4831    0.1899    0.0041    0.1940
      -4.00   -0.3166   -0.0030   -0.3196    0.1271    0.0012    0.1283
      -2.00   -0.1587   -0.0004   -0.1590    0.0637    0.0002    0.0639
       0.00    0.0000    0.0000    0.0000    0.0000    0.0000    0.0000
       2.00    0.1587    0.0004    0.1590   -0.0637   -0.0002   -0.0639
       4.00    0.3166    0.0030    0.3196   -0.1271   -0.0012   -0.1283
       6.00    0.4729    0.0102    0.4831   -0.1899   -0.0041   -0.1940
       8.00    0.6270    0.0241    0.6510   -0.2517   -0.0097   -0.2614
      10.00    0.7780    0.0472    0.8252   -0.3123   -0.0191   -0.3314
1         ***** THE USAF AUTOMATED MISSILE DATCOM * REV 3/99 *****     CASE   1
               AERODYNAMIC METHODS FOR MISSILE CONFIGURATIONS          PAGE  89
                 AERODYNAMIC FORCE AND MOMENT SYNTHESIS

       ******* FLIGHT CONDITIONS AND REFERENCE QUANTITIES *******
     MACH NO  =       2.30                REYNOLDS NO = 5.332E+07 /M
     ALTITUDE =        0.0 M         DYNAMIC PRESSURE = 375207.06 N/M**2
     SIDESLIP =       0.00 DEG                   ROLL =      0.00 DEG     
     REF AREA =      0.004 M**2         MOMENT CENTER =     0.710 M
     REF LENGTH =     1.28 M           LAT REF LENGTH =      1.28 M

          ---------------FIN SET 1 IN PRESENCE OF THE BODY----------------

      ALPHA       CN         CM         CA         CY         CLN        CLL

     -10.00    -1.0046     0.4033     0.0683    -0.0040     0.0016    -0.0041
      -8.00    -0.8343     0.3349     0.0683    -0.0016     0.0007    -0.0041
      -6.00    -0.6429     0.2581     0.0683    -0.0006     0.0002    -0.0040
      -4.00    -0.4420     0.1774     0.0683     0.0000     0.0000    -0.0039
      -2.00    -0.2231     0.0896     0.0683     0.0000     0.0000    -0.0039
       0.00     0.0000     0.0000     0.0683     0.0000     0.0000    -0.0039
       2.00     0.2231    -0.0896     0.0683     0.0000     0.0000    -0.0039
       4.00     0.4420    -0.1774     0.0683     0.0000     0.0000    -0.0039
       6.00     0.6429    -0.2581     0.0683     0.0006    -0.0002    -0.0040
       8.00     0.8343    -0.3349     0.0683     0.0016    -0.0007    -0.0041
      10.00     1.0046    -0.4033     0.0683     0.0040    -0.0016    -0.0041
1         ***** THE USAF AUTOMATED MISSILE DATCOM * REV 3/99 *****     CASE   1
               AERODYNAMIC METHODS FOR MISSILE CONFIGURATIONS          PAGE  90
                 AERODYNAMIC FORCE AND MOMENT SYNTHESIS

       ******* FLIGHT CONDITIONS AND REFERENCE QUANTITIES *******
     MACH NO  =       2.30                REYNOLDS NO = 5.332E+07 /M
     ALTITUDE =        0.0 M         DYNAMIC PRESSURE = 375207.06 N/M**2
     SIDESLIP =       0.00 DEG                   ROLL =      0.00 DEG     
     REF AREA =      0.004 M**2         MOMENT CENTER =     0.710 M
     REF LENGTH =     1.28 M           LAT REF LENGTH =      1.28 M

          ---------------FIN SET 1 PANEL CHARACTERISTICS------------------

      ALPHA      PANEL    AEQ (PANEL AXIS SYS.)    PANEL CN

     -10.00        1              0.3968           0.0158
     -10.00        2            -11.4211          -0.4767
     -10.00        3              0.5618           0.0223
     -10.00        4             12.5083           0.5279
 
      -8.00        1              0.4205           0.0167
      -8.00        2             -9.5625          -0.3933
      -8.00        3              0.5992           0.0238
      -8.00        4             10.6369           0.4410
 
      -6.00        1              0.4460           0.0177
      -6.00        2             -7.3685          -0.2987
      -6.00        3              0.6004           0.0238
      -6.00        4              8.4358           0.3442
 
      -4.00        1              0.4729           0.0188
      -4.00        2             -4.9683          -0.1992
      -4.00        3              0.5884           0.0234
      -4.00        4              6.0305           0.2428
 
      -2.00        1              0.5015           0.0199
      -2.00        2             -2.2694          -0.0903
      -2.00        3              0.5602           0.0222
      -2.00        4              3.3313           0.1328
 
       0.00        1              0.5309           0.0211
       0.00        2              0.5309           0.0211
       0.00        3              0.5309           0.0211
       0.00        4              0.5309           0.0211
 
       2.00        1              0.5602           0.0222
       2.00        2              3.3313           0.1328
       2.00        3              0.5015           0.0199
       2.00        4             -2.2694          -0.0903
 
       4.00        1              0.5884           0.0234
       4.00        2              6.0305           0.2428
       4.00        3              0.4729           0.0188
       4.00        4             -4.9683          -0.1992
 
       6.00        1              0.6003           0.0238
       6.00        2              8.4358           0.3442
       6.00        3              0.4460           0.0177
       6.00        4             -7.3685          -0.2987
 
       8.00        1              0.5992           0.0238
       8.00        2             10.6369           0.4410
       8.00        3              0.4205           0.0167
       8.00        4             -9.5625          -0.3933
 
      10.00        1              0.5618           0.0223
      10.00        2             12.5083           0.5279
      10.00        3              0.3968           0.0158
      10.00        4            -11.4211          -0.4767
 
1         ***** THE USAF AUTOMATED MISSILE DATCOM * REV 3/99 *****     CASE   1
               AERODYNAMIC METHODS FOR MISSILE CONFIGURATIONS          PAGE  91
                 AERODYNAMIC FORCE AND MOMENT SYNTHESIS

       ******* FLIGHT CONDITIONS AND REFERENCE QUANTITIES *******
     MACH NO  =       2.30                REYNOLDS NO = 5.332E+07 /M
     ALTITUDE =        0.0 M         DYNAMIC PRESSURE = 375207.06 N/M**2
     SIDESLIP =       0.00 DEG                   ROLL =      0.00 DEG     
     REF AREA =      0.004 M**2         MOMENT CENTER =     0.710 M
     REF LENGTH =     1.28 M           LAT REF LENGTH =      1.28 M

             CARRYOVER INTERFERENCE FACTORS - FIN SET 1

      ALPHA   K-W(B)   K-B(W)  KK-W(B)  KK-B(W)  XCP-W(B) XCP-B(W) Y-CP/(B/2)

     -10.00   1.2848   0.2073   0.9354   0.3728   0.4015   0.4150   0.4535
      -8.00   1.3169   0.2073   0.9354   0.3728   0.4015   0.4150   0.4536
      -6.00   1.3481   0.2073   0.9354   0.3728   0.4015   0.4150   0.4512
      -4.00   1.3770   0.2073   0.9354   0.3728   0.4015   0.4150   0.4469
      -2.00   1.4008   0.2073   0.9354   0.3728   0.4015   0.4150   0.4462
       0.00   1.4145   0.2073   0.9354   0.3728   0.4015   0.4150   0.4479
       2.00   1.4008   0.2073   0.9354   0.3728   0.4015   0.4150   0.4468
       4.00   1.3770   0.2073   0.9354   0.3728   0.4015   0.4150   0.4451
       6.00   1.3481   0.2073   0.9354   0.3728   0.4015   0.4150   0.4493
       8.00   1.3169   0.2073   0.9354   0.3728   0.4015   0.4150   0.4533
      10.00   1.2848   0.2073   0.9354   0.3728   0.4015   0.4150   0.4535

    NOTE - XCP-W(B) USED FOR STABILITY ONLY DIFFERENT VALUES USED FOR HINGE MOMENTS
1         ***** THE USAF AUTOMATED MISSILE DATCOM * REV 3/99 *****     CASE   1
               AERODYNAMIC METHODS FOR MISSILE CONFIGURATIONS          PAGE  92
        FIN SET 1 PANEL BENDING MOMENTS (ABOUT EXPOSED ROOT CHORD)

       ******* FLIGHT CONDITIONS AND REFERENCE QUANTITIES *******
     MACH NO  =       2.30                REYNOLDS NO = 5.332E+07 /M
     ALTITUDE =        0.0 M         DYNAMIC PRESSURE = 375207.06 N/M**2
     SIDESLIP =       0.00 DEG                   ROLL =      0.00 DEG     
     REF AREA =      0.004 M**2         MOMENT CENTER =     0.710 M
     REF LENGTH =     1.28 M           LAT REF LENGTH =      1.28 M

   ALPHA   PANL 1   PANL 2   PANL 3   PANL 4   PANL 5   PANL 6   PANL 7   PANL 8
 
   -10.0  3.20E-04 -9.67E-03  4.53E-04  1.07E-02
    -8.0  3.39E-04 -7.98E-03  4.83E-04  8.95E-03
    -6.0  3.58E-04 -6.03E-03  4.81E-04  6.95E-03
    -4.0  3.75E-04 -3.98E-03  4.67E-04  4.86E-03
    -2.0  3.97E-04 -1.80E-03  4.44E-04  2.65E-03
     0.0  4.22E-04  4.22E-04  4.22E-04  4.22E-04
     2.0  4.45E-04  2.66E-03  3.98E-04 -1.81E-03
     4.0  4.65E-04  4.84E-03  3.74E-04 -3.97E-03
     6.0  4.79E-04  6.92E-03  3.56E-04 -6.01E-03
     8.0  4.83E-04  8.95E-03  3.39E-04 -7.98E-03
    10.0  4.53E-04  1.07E-02  3.20E-04 -9.67E-03
1         ***** THE USAF AUTOMATED MISSILE DATCOM * REV 3/99 *****     CASE   1
               AERODYNAMIC METHODS FOR MISSILE CONFIGURATIONS          PAGE  93
            FIN SET 1 PANEL HINGE MOMENTS (ABOUT HINGE LINE)

       ******* FLIGHT CONDITIONS AND REFERENCE QUANTITIES *******
     MACH NO  =       2.30                REYNOLDS NO = 5.332E+07 /M
     ALTITUDE =        0.0 M         DYNAMIC PRESSURE = 375207.06 N/M**2
     SIDESLIP =       0.00 DEG                   ROLL =      0.00 DEG     
     REF AREA =      0.004 M**2         MOMENT CENTER =     0.710 M
     REF LENGTH =     1.28 M           LAT REF LENGTH =      1.28 M

   ALPHA   PANL 1   PANL 2   PANL 3   PANL 4   PANL 5   PANL 6   PANL 7   PANL 8
 
   -10.0  2.95E-04 -8.94E-03  4.18E-04  9.90E-03
    -8.0  3.13E-04 -7.38E-03  4.46E-04  8.27E-03
    -6.0  3.32E-04 -5.60E-03  4.47E-04  6.46E-03
    -4.0  3.52E-04 -3.74E-03  4.38E-04  4.55E-03
    -2.0  3.73E-04 -1.69E-03  4.17E-04  2.49E-03
     0.0  3.95E-04  3.95E-04  3.95E-04  3.95E-04
     2.0  4.17E-04  2.49E-03  3.73E-04 -1.69E-03
     4.0  4.38E-04  4.55E-03  3.52E-04 -3.74E-03
     6.0  4.47E-04  6.46E-03  3.32E-04 -5.60E-03
     8.0  4.46E-04  8.27E-03  3.13E-04 -7.38E-03
    10.0  4.18E-04  9.90E-03  2.95E-04 -8.94E-03
1         ***** THE USAF AUTOMATED MISSILE DATCOM * REV 3/99 *****     CASE   1
               AERODYNAMIC METHODS FOR MISSILE CONFIGURATIONS          PAGE  94
                   STATIC AERODYNAMICS FOR BODY-FIN SET 1

       ******* FLIGHT CONDITIONS AND REFERENCE QUANTITIES *******
     MACH NO  =       2.30                REYNOLDS NO = 5.332E+07 /M
     ALTITUDE =        0.0 M         DYNAMIC PRESSURE = 375207.06 N/M**2
     SIDESLIP =       0.00 DEG                   ROLL =      0.00 DEG     
     REF AREA =      0.004 M**2         MOMENT CENTER =     0.710 M
     REF LENGTH =     1.28 M           LAT REF LENGTH =      1.28 M

                   ----- LONGITUDINAL -----     -- LATERAL DIRECTIONAL --
         ALPHA       CN        CM        CA        CY       CLN       CLL

        -10.00    -2.354     0.216     0.392    -0.005     0.002    -0.004
         -8.00    -1.751     0.188     0.394    -0.002     0.001    -0.004
         -6.00    -1.224     0.150     0.396    -0.001     0.000    -0.004
         -4.00    -0.774     0.107     0.397     0.000     0.000    -0.004
         -2.00    -0.365     0.055     0.398     0.000     0.000    -0.004
          0.00     0.000     0.000     0.398     0.000     0.000    -0.004
          2.00     0.365    -0.055     0.398     0.000     0.000    -0.004
          4.00     0.774    -0.107     0.397     0.000     0.000    -0.004
          6.00     1.224    -0.150     0.396     0.001     0.000    -0.004
          8.00     1.751    -0.188     0.394     0.002    -0.001    -0.004
         10.00     2.354    -0.216     0.392     0.005    -0.002    -0.004

         ALPHA       CL        CD      CL/CD     X-C.P.

        -10.00    -2.250     0.795    -2.830    -0.092
         -8.00    -1.679     0.634    -2.648    -0.107
         -6.00    -1.176     0.522    -2.255    -0.123
         -4.00    -0.744     0.450    -1.654    -0.138
         -2.00    -0.351     0.410    -0.857    -0.150
          0.00     0.000     0.398     0.000    -0.403
          2.00     0.351     0.410     0.857    -0.150
          4.00     0.744     0.450     1.654    -0.138
          6.00     1.176     0.522     2.255    -0.123
          8.00     1.679     0.634     2.648    -0.107
         10.00     2.250     0.795     2.830    -0.092

    X-C.P. MEAS. FROM MOMENT CENTER IN REF. LENGTHS, NEG. AFT OF MOMENT CENTER
1         ***** THE USAF AUTOMATED MISSILE DATCOM * REV 3/99 *****     CASE   1
               AERODYNAMIC METHODS FOR MISSILE CONFIGURATIONS          PAGE  95
                   STATIC AERODYNAMICS FOR BODY-FIN SET 1

       ******* FLIGHT CONDITIONS AND REFERENCE QUANTITIES *******
     MACH NO  =       2.30                REYNOLDS NO = 5.332E+07 /M
     ALTITUDE =        0.0 M         DYNAMIC PRESSURE = 375207.06 N/M**2
     SIDESLIP =       0.00 DEG                   ROLL =      0.00 DEG     
     REF AREA =      0.004 M**2         MOMENT CENTER =     0.710 M
     REF LENGTH =     1.28 M           LAT REF LENGTH =      1.28 M

                   ---------- DERIVATIVES (PER DEGREE) ----------
         ALPHA       CNA         CMA         CYB         CLNB        CLLB
        -10.00      0.3200     -0.0110     -0.1895      0.0036     -0.0013
         -8.00      0.2822     -0.0164     -0.1953      0.0142     -0.0006
         -6.00      0.2443     -0.0204     -0.1926      0.0203     -0.0003
         -4.00      0.2147     -0.0239     -0.1902      0.0251     -0.0001
         -2.00      0.1934     -0.0267     -0.1835      0.0271      0.0000
          0.00      0.1827     -0.0273     -0.1802      0.0276      0.0000
          2.00      0.1934     -0.0267     -0.1835      0.0271      0.0000
          4.00      0.2147     -0.0239     -0.1900      0.0251      0.0001
          6.00      0.2443     -0.0204     -0.1926      0.0203      0.0003
          8.00      0.2822     -0.0164     -0.1952      0.0141      0.0006
         10.00      0.3200     -0.0110     -0.1894      0.0036      0.0013

    PANEL DEFLECTION ANGLES (DEGREES)
    SET    FIN 1   FIN 2   FIN 3   FIN 4   FIN 5   FIN 6   FIN 7   FIN 8
      1    0.60    0.60    0.60    0.60

    BODY ALONE LINEAR DATA GENERATED FROM VAN DYKE HYBRID THEORY

    *** END OF JOB ***
