1         ***** THE USAF AUTOMATED MISSILE DATCOM * REV 3/99 *****
               AERODYNAMIC METHODS FOR MISSILE CONFIGURATIONS     

    CONERR - INPUT ERROR CHECKING

    ERROR CODES - N* DENOTES THE NUMBER OF OCCURENCES OF EACH ERROR
    A - UNKNOWN VARIABLE NAME
    B - MISSING EQUAL SIGN FOLLOWING VARIABLE NAME
    C - NON-ARRAY VARIABLE HAS AN ARRAY ELEMENTDESIGNATION - (N)
    D - NON-ARRAY VARIABLE HAS MULTIPLE VALUES ASSIGNED
    E - ASSIGNED VALUES EXCEED ARRAY DIMENSION
    F - SYNTAX ERROR

    ************************* INPUT DATA CARDS *************************

   1 DIM M                                                                           
      2 ** BLANK CARD - IGNORED
   3  $FLTCON  NALPHA=11.,NMACH=6.,                                                  
   4           MACH=0.3000,0.6000,0.9000,1.1000,1.4000,2.0000,                       
   5           ALPHA=-10.0,-8.0,-6.0,-4.0,-2.0,0.0,2.0,4.0,6.0,8.0,10.0,$            
      6 ** BLANK CARD - IGNORED
   7  $REFQ    XCG=0.2500,                                                           
   8           SREF=0.0010179,                                                       
   9           LREF=0.6500,                                                          
  10           RHR=0.,$                                                              
     11 ** BLANK CARD - IGNORED
  12  $AXIBOD  X0=0.00,                                                              
  13           TNOSE=CONE,                                                           
               ** SUBSTITUTING NUMERIC FOR NAME CONE
  14           LNOSE=0.1000,                                                         
  15           DNOSE=0.0360,                                                         
  16           BNOSE=0.0,                                                            
  17           TRUNC=.FALSE.,                                                        
  18           LCENTR=0.5500,                                                        
  19           DCENTR=0.0360,                                                        
  20           TAFT=CONE,                                                            
               ** SUBSTITUTING NUMERIC FOR NAME CONE
  21           LAFT=0.0000,                                                          
  22           DAFT=0.0360,                                                          
  23           DEXIT=0.0000,$                                                        
     24 ** BLANK CARD - IGNORED
  25  $FINSET1 XLE=0.4300,0.4300,NPANEL=4.,                                          
  26           SSPAN=0.0180,0.0275,                                                  
  27           CHORD=0.2200,0.2200,                                                  
  28           LER=2*0.0,                                                            
  29           PHIF=0.0,90.0,180.0,270.0,                                            
  30           SECTYP=HEX,                                                           
               ** SUBSTITUTING NUMERIC FOR NAME HEX
  31           ZUPPER=0.025000,0.025000,                                             
  32           LMAXU=0.4,0.4,                                                        
  33           LFLATU=0.2,0.2,$                                                      
     34 ** BLANK CARD - IGNORED
  35  $DEFLCT  DELTA1=0.0000,0.0000,0.0000,0.0000,                                   
  36           XHINGE=0.5950,$                                                       
     37 ** BLANK CARD - IGNORED
  38 PART                                                                            
  39 NEXT CASE                                                                       
1         ***** THE USAF AUTOMATED MISSILE DATCOM * REV 3/99 *****     CASE   1
               AERODYNAMIC METHODS FOR MISSILE CONFIGURATIONS          PAGE   1
    CASE INPUTS
    FOLLOWING ARE THE CARDS INPUT FOR THIS CASE

 DIM M                                                                           
  $FLTCON  NALPHA=11.,NMACH=6.,                                                  
           MACH=0.3000,0.6000,0.9000,1.1000,1.4000,2.0000,                       
           ALPHA=-10.0,-8.0,-6.0,-4.0,-2.0,0.0,2.0,4.0,6.0,8.0,10.0,$            
  $REFQ    XCG=0.2500,                                                           
           SREF=0.0010179,                                                       
           LREF=0.6500,                                                          
           RHR=0.,$                                                              
  $AXIBOD  X0=0.00,                                                              
           TNOSE=0.,                                                             
           LNOSE=0.1000,                                                         
           DNOSE=0.0360,                                                         
           BNOSE=0.0,                                                            
           TRUNC=.FALSE.,                                                        
           LCENTR=0.5500,                                                        
           DCENTR=0.0360,                                                        
           TAFT=0.,                                                              
           LAFT=0.0000,                                                          
           DAFT=0.0360,                                                          
           DEXIT=0.0000,$                                                        
  $FINSET1 XLE=0.4300,0.4300,NPANEL=4.,                                          
           SSPAN=0.0180,0.0275,                                                  
           CHORD=0.2200,0.2200,                                                  
           LER=2*0.0,                                                            
           PHIF=0.0,90.0,180.0,270.0,                                            
           SECTYP=0.,                                                            
           ZUPPER=0.025000,0.025000,                                             
           LMAXU=0.4,0.4,                                                        
           LFLATU=0.2,0.2,$                                                      
  $DEFLCT  DELTA1=0.0000,0.0000,0.0000,0.0000,                                   
           XHINGE=0.5950,$                                                       
 PART                                                                            
 NEXT CASE                                                                       
    * WARNING * THE REYNOLDS NUMBER IS NOT DEFINED, FOR INPUT SPEED  1
                SEA LEVEL ALTITUDE ASSUMED
    * WARNING * THE REYNOLDS NUMBER IS NOT DEFINED, FOR INPUT SPEED  2
                SEA LEVEL ALTITUDE ASSUMED
    * WARNING * THE REYNOLDS NUMBER IS NOT DEFINED, FOR INPUT SPEED  3
                SEA LEVEL ALTITUDE ASSUMED
    * WARNING * THE REYNOLDS NUMBER IS NOT DEFINED, FOR INPUT SPEED  4
                SEA LEVEL ALTITUDE ASSUMED
    * WARNING * THE REYNOLDS NUMBER IS NOT DEFINED, FOR INPUT SPEED  5
                SEA LEVEL ALTITUDE ASSUMED
    * WARNING * THE REYNOLDS NUMBER IS NOT DEFINED, FOR INPUT SPEED  6
                SEA LEVEL ALTITUDE ASSUMED
    THE BOUNDARY LAYER IS ASSUMED TO BE TURBULENT
    THE INPUT UNITS ARE IN METERS, THE SCALE FACTOR IS   1.0000
1         ***** THE USAF AUTOMATED MISSILE DATCOM * REV 3/99 *****     CASE   1
               AERODYNAMIC METHODS FOR MISSILE CONFIGURATIONS          PAGE   2
                        AXISYMMETRIC BODY DEFINITION

                             NOSE   CENTERBODY     AFT BODY        TOTAL
    SHAPE                   CONIC     CYLINDER     --------
    LENGTH                  0.100        0.550        0.000        0.650   M
    FINENESS RATIO          2.778       15.278        0.000       18.056
    PLANFORM AREA           0.002        0.020        0.000        0.022   M**2
    AREA CENTROID           0.067        0.375        0.000        0.349   M
    WETTED AREA             0.006        0.062        0.000        0.068   M**2
    VOLUME                  0.000        0.001        0.000        0.001   M**3
    VOL. CENTROID           0.075        0.375        0.000        0.358   M

                              MOLD LINE CONTOUR

     LONGITUDINAL STATIONS    0.0000     0.0100     0.0200     0.0300     0.0400 
        0.0500     0.0600     0.0700     0.0800     0.0900     0.1000*    0.1550 
        0.2100     0.2650     0.3200     0.3750     0.4300     0.4850     0.5400 
        0.5950     0.6500*

                BODY RADII    0.0000     0.0018     0.0036     0.0054     0.0072 
        0.0090     0.0108     0.0126     0.0144     0.0162     0.0180*    0.0180 
        0.0180     0.0180     0.0180     0.0180     0.0180     0.0180     0.0180 
        0.0180     0.0180*
    NOTE - * INDICATES SLOPE DISCONTINUOUS POINTS
1         ***** THE USAF AUTOMATED MISSILE DATCOM * REV 3/99 *****     CASE   1
               AERODYNAMIC METHODS FOR MISSILE CONFIGURATIONS          PAGE   3
                         FIN SET NUMBER 1 AIRFOIL SECTION

                                  NACA S-3-40.0-05.0-20.0

         X/C     X-UPPER   Y-UPPER   X-LOWER   Y-LOWER  MEAN LINE  THICKNESS

       0.00000   0.00000   0.00000   0.00000   0.00000   0.00000   0.00000
       0.00100   0.00100   0.00006   0.00100  -0.00006   0.00000   0.00013
       0.00200   0.00200   0.00013   0.00200  -0.00013   0.00000   0.00025
       0.00300   0.00300   0.00019   0.00300  -0.00019   0.00000   0.00038
       0.00400   0.00400   0.00025   0.00400  -0.00025   0.00000   0.00050
       0.00500   0.00500   0.00031   0.00500  -0.00031   0.00000   0.00063
       0.00600   0.00600   0.00038   0.00600  -0.00038   0.00000   0.00075
       0.00800   0.00800   0.00050   0.00800  -0.00050   0.00000   0.00100
       0.01000   0.01000   0.00063   0.01000  -0.00063   0.00000   0.00125
       0.02000   0.02000   0.00125   0.02000  -0.00125   0.00000   0.00250
       0.03000   0.03000   0.00187   0.03000  -0.00187   0.00000   0.00375
       0.04000   0.04000   0.00250   0.04000  -0.00250   0.00000   0.00500
       0.05000   0.05000   0.00312   0.05000  -0.00312   0.00000   0.00625
       0.06000   0.06000   0.00375   0.06000  -0.00375   0.00000   0.00750
       0.08000   0.08000   0.00500   0.08000  -0.00500   0.00000   0.01000
       0.10000   0.10000   0.00625   0.10000  -0.00625   0.00000   0.01250
       0.12000   0.12000   0.00750   0.12000  -0.00750   0.00000   0.01500
       0.14000   0.14000   0.00875   0.14000  -0.00875   0.00000   0.01750
       0.16000   0.16000   0.01000   0.16000  -0.01000   0.00000   0.02000
       0.18000   0.18000   0.01125   0.18000  -0.01125   0.00000   0.02250
       0.20000   0.20000   0.01250   0.20000  -0.01250   0.00000   0.02500
       0.22000   0.22000   0.01375   0.22000  -0.01375   0.00000   0.02750
       0.24000   0.24000   0.01500   0.24000  -0.01500   0.00000   0.03000
       0.26000   0.26000   0.01625   0.26000  -0.01625   0.00000   0.03250
       0.28000   0.28000   0.01750   0.28000  -0.01750   0.00000   0.03500
       0.30000   0.30000   0.01875   0.30000  -0.01875   0.00000   0.03750
       0.32000   0.32000   0.02000   0.32000  -0.02000   0.00000   0.04000
       0.34000   0.34000   0.02125   0.34000  -0.02125   0.00000   0.04250
       0.36000   0.36000   0.02250   0.36000  -0.02250   0.00000   0.04500
       0.38000   0.38000   0.02375   0.38000  -0.02375   0.00000   0.04750
       0.40000   0.40000   0.02500   0.40000  -0.02500   0.00000   0.05000
       0.42000   0.42000   0.02500   0.42000  -0.02500   0.00000   0.05000
       0.45000   0.45000   0.02500   0.45000  -0.02500   0.00000   0.05000
       0.50000   0.50000   0.02500   0.50000  -0.02500   0.00000   0.05000
       0.55000   0.55000   0.02500   0.55000  -0.02500   0.00000   0.05000
       0.60000   0.60000   0.02500   0.60000  -0.02500   0.00000   0.05000
       0.65000   0.65000   0.02187   0.65000  -0.02187   0.00000   0.04375
       0.70000   0.70000   0.01875   0.70000  -0.01875   0.00000   0.03750
       0.75000   0.75000   0.01562   0.75000  -0.01562   0.00000   0.03125
       0.80000   0.80000   0.01250   0.80000  -0.01250   0.00000   0.02500
       0.82000   0.82000   0.01125   0.82000  -0.01125   0.00000   0.02250
       0.84000   0.84000   0.01000   0.84000  -0.01000   0.00000   0.02000
       0.86000   0.86000   0.00875   0.86000  -0.00875   0.00000   0.01750
       0.88000   0.88000   0.00750   0.88000  -0.00750   0.00000   0.01500
       0.90000   0.90000   0.00625   0.90000  -0.00625   0.00000   0.01250
       0.92000   0.92000   0.00500   0.92000  -0.00500   0.00000   0.01000
       0.94000   0.94000   0.00375   0.94000  -0.00375   0.00000   0.00750
       0.96000   0.96000   0.00250   0.96000  -0.00250   0.00000   0.00500
       0.98000   0.98000   0.00125   0.98000  -0.00125   0.00000   0.00250
       1.00000   1.00000   0.00000   1.00000   0.00000   0.00000   0.00000
1         ***** THE USAF AUTOMATED MISSILE DATCOM * REV 3/99 *****     CASE   1
               AERODYNAMIC METHODS FOR MISSILE CONFIGURATIONS          PAGE   4
                      GEOMETRIC RESULTS FOR FIN SETS

                             FIN SET NUMBER  1
                          (DATA FOR ONE PANEL ONLY)

    SEGMENT   PLAN        ASPECT    TAPER     L.E.     T.E.    M.A.C.    T/C
    NUMBER    AREA        RATIO     RATIO    SWEEP    SWEEP    CHORD    RATIO

      1      0.0021        0.043    1.000    0.000    0.000    0.220    0.050
    TOTAL    0.0021        0.043    1.000    0.000    0.000    0.220    0.050
 
 
 
1         ***** THE USAF AUTOMATED MISSILE DATCOM * REV 3/99 *****     CASE   1
               AERODYNAMIC METHODS FOR MISSILE CONFIGURATIONS          PAGE   5
                           FIN SET 1 SECTION AERODYNAMICS

                        IDEAL ANGLE OF ATTACK =    0.0000 DEG.
                    ZERO LIFT ANGLE OF ATTACK =    0.0000 DEG.
                       IDEAL LIFT COEFFICIENT =    0.0000
        ZERO LIFT PITCHING MOMENT COEFFICIENT =    0.0000
                   MACH ZERO LIFT-CURVE-SLOPE =    0.0963 /DEG.
                          LEADING EDGE RADIUS =    0.0000 FRACTION CHORD
                    MAXIMUM AIRFOIL THICKNESS =    0.0500 FRACTION CHORD
                                      DELTA-Y =    0.3656 PERCENT CHORD


    MACH = 0.300   CL-ALPHA = 0.1036 /DEG.   XAC = 0.2708   CL MAX = 0.7510

    MACH = 0.600   CL-ALPHA = 0.1273 /DEG.   XAC = 0.2699   CL MAX = 0.7678

                   *** CREST CRITICAL MACH NUMBER EXCEEDED ***

                           CREST CRITICAL MACH =    0.8070
                                      LOCATION =    0.4145 FRACTION CHORD
                              LIFT-CURVE-SLOPE =    0.1410 /DEG.
1         ***** THE USAF AUTOMATED MISSILE DATCOM * REV 3/99 *****     CASE   1
               AERODYNAMIC METHODS FOR MISSILE CONFIGURATIONS          PAGE   6
                             BODY ALONE PARTIAL OUTPUT

       ******* FLIGHT CONDITIONS AND REFERENCE QUANTITIES *******
     MACH NO  =       0.30                REYNOLDS NO = 6.955E+06 /M
     ALTITUDE =        0.0 M         DYNAMIC PRESSURE =   6383.49 N/M**2
     SIDESLIP =       0.00 DEG                   ROLL =      0.00 DEG     
     REF AREA =      0.001 M**2         MOMENT CENTER =     0.250 M
     REF LENGTH =     0.65 M           LAT REF LENGTH =      0.65 M

      ALPHA    CA-FRIC  CA-PRES/WAVE CA-BASE    CA-PROT     CA-SEP     CA-ALP
     -10.00     0.2204     0.0128     0.1368                           0.0016
      -8.00     0.2229     0.0129     0.1372                           0.0016
      -6.00     0.2248     0.0130     0.1374                           0.0011
      -4.00     0.2262     0.0131     0.1374                           0.0005
      -2.00     0.2270     0.0132     0.1373                           0.0001
       0.00     0.2273     0.0132     0.1370                           0.0000
       2.00     0.2270     0.0132     0.1373                           0.0001
       4.00     0.2262     0.0131     0.1374                           0.0005
       6.00     0.2248     0.0130     0.1374                           0.0011
       8.00     0.2229     0.0129     0.1372                           0.0016
      10.00     0.2204     0.0128     0.1368                           0.0016

                     CROSS FLOW DRAG PROPORTIONALITY FACTOR = 0.76143

      ALPHA    CN-POTEN  CN-VISC   CN-SEP    CM-POTEN  CM-VISC   CM-SEP    CDC
     -10.00    -0.449    -0.376              -0.046     0.057             0.772
      -8.00    -0.363    -0.240              -0.037     0.037             0.766
      -6.00    -0.274    -0.134              -0.028     0.020             0.759
      -4.00    -0.183    -0.059              -0.019     0.009             0.753
      -2.00    -0.092    -0.015              -0.009     0.002             0.746
       0.00     0.000     0.000               0.000     0.000             0.740
       2.00     0.092     0.015               0.009    -0.002             0.746
       4.00     0.183     0.059               0.019    -0.009             0.753
       6.00     0.274     0.134               0.028    -0.020             0.759
       8.00     0.363     0.240               0.037    -0.037             0.766
      10.00     0.449     0.376               0.046    -0.057             0.772
1         ***** THE USAF AUTOMATED MISSILE DATCOM * REV 3/99 *****     CASE   1
               AERODYNAMIC METHODS FOR MISSILE CONFIGURATIONS          PAGE   7
                        FIN SET 1 CA PARTIAL OUTPUT

       ******* FLIGHT CONDITIONS AND REFERENCE QUANTITIES *******
     MACH NO  =       0.30                REYNOLDS NO = 6.955E+06 /M
     ALTITUDE =        0.0 M         DYNAMIC PRESSURE =   6383.49 N/M**2
     SIDESLIP =       0.00 DEG                   ROLL =      0.00 DEG     
     REF AREA =      0.001 M**2         MOMENT CENTER =     0.250 M
     REF LENGTH =     0.65 M           LAT REF LENGTH =      0.65 M

    SINGLE FIN PANEL ZERO-LIFT AXIAL FORCE COMPONENTS

    SKIN FRICTION        0.0166
    SUBSONIC PRESSURE    0.0013
    TRANSONIC WAVE       0.0000
    SUPERSONIC WAVE      0.0000
    LEADING EDGE         0.0000
    TRAILING EDGE        0.0000
    TOTAL CAO            0.0180

    FIN AXIAL FORCE DUE TO ANGLE OF ATTACK

    ALPHA      CA DUE TO LIFT (SINGLE PANEL)   CA-TOTAL (4 FINS)

     -10.00              0.0000                      0.0707
      -8.00              0.0000                      0.0711
      -6.00              0.0000                      0.0714
      -4.00              0.0000                      0.0716
      -2.00              0.0000                      0.0718
       0.00              0.0000                      0.0718
       2.00              0.0000                      0.0718
       4.00              0.0000                      0.0716
       6.00              0.0000                      0.0714
       8.00              0.0000                      0.0711
      10.00              0.0000                      0.0707
1         ***** THE USAF AUTOMATED MISSILE DATCOM * REV 3/99 *****     CASE   1
               AERODYNAMIC METHODS FOR MISSILE CONFIGURATIONS          PAGE   8
                       FIN SET 1 CN, CM PARTIAL OUTPUT

       ******* FLIGHT CONDITIONS AND REFERENCE QUANTITIES *******
     MACH NO  =       0.30                REYNOLDS NO = 6.955E+06 /M
     ALTITUDE =        0.0 M         DYNAMIC PRESSURE =   6383.49 N/M**2
     SIDESLIP =       0.00 DEG                   ROLL =      0.00 DEG     
     REF AREA =      0.001 M**2         MOMENT CENTER =     0.250 M
     REF LENGTH =     0.65 M           LAT REF LENGTH =      0.65 M

    NORMAL FORCE SLOPE AT ALPHA ZERO, CNA =    0.00486/DEG (1 PANEL)
         CENTER OF PRESSURE FOR LINEAR CN =   -0.36831 (CALIBERS FROM C.G.)
     CENTER OF PRESSURE FOR NON-LINEAR CN =   -0.44615 (CALIBERS FROM C.G.)

      ALPHA      CN        CN        CN        CM        CM        CM
               LINEAR  NON-LINEAR  TOTAL     LINEAR  NON-LINEAR  TOTAL

     -10.00   -0.0952   -0.2845   -0.3797    0.0351    0.1269    0.1620
      -8.00   -0.0767   -0.1827   -0.2595    0.0283    0.0815    0.1098
      -6.00   -0.0579   -0.1031   -0.1610    0.0213    0.0460    0.0673
      -4.00   -0.0387   -0.0459   -0.0847    0.0143    0.0205    0.0348
      -2.00   -0.0194   -0.0115   -0.0309    0.0072    0.0051    0.0123
       0.00    0.0000    0.0000    0.0000    0.0000    0.0000    0.0000
       2.00    0.0194    0.0115    0.0309   -0.0072   -0.0051   -0.0123
       4.00    0.0387    0.0459    0.0847   -0.0143   -0.0205   -0.0348
       6.00    0.0579    0.1031    0.1610   -0.0213   -0.0460   -0.0673
       8.00    0.0767    0.1827    0.2595   -0.0283   -0.0815   -0.1098
      10.00    0.0952    0.2845    0.3797   -0.0351   -0.1269   -0.1620
1         ***** THE USAF AUTOMATED MISSILE DATCOM * REV 3/99 *****     CASE   1
               AERODYNAMIC METHODS FOR MISSILE CONFIGURATIONS          PAGE   9
                 AERODYNAMIC FORCE AND MOMENT SYNTHESIS

       ******* FLIGHT CONDITIONS AND REFERENCE QUANTITIES *******
     MACH NO  =       0.30                REYNOLDS NO = 6.955E+06 /M
     ALTITUDE =        0.0 M         DYNAMIC PRESSURE =   6383.49 N/M**2
     SIDESLIP =       0.00 DEG                   ROLL =      0.00 DEG     
     REF AREA =      0.001 M**2         MOMENT CENTER =     0.250 M
     REF LENGTH =     0.65 M           LAT REF LENGTH =      0.65 M

          ---------------FIN SET 1 IN PRESENCE OF THE BODY----------------

      ALPHA       CN         CM         CA         CY         CLN        CLL

     -10.00    -0.8365     0.3081     0.0718     0.0000     0.0000     0.0000
      -8.00    -0.5874     0.2163     0.0718     0.0000     0.0000     0.0000
      -6.00    -0.3688     0.1358     0.0718     0.0000     0.0000     0.0000
      -4.00    -0.1904     0.0701     0.0718     0.0000     0.0000     0.0000
      -2.00    -0.0645     0.0238     0.0718     0.0000     0.0000     0.0000
       0.00     0.0000     0.0000     0.0718     0.0000     0.0000     0.0000
       2.00     0.0645    -0.0238     0.0718     0.0000     0.0000     0.0000
       4.00     0.1904    -0.0701     0.0718     0.0000     0.0000     0.0000
       6.00     0.3688    -0.1358     0.0718     0.0000     0.0000     0.0000
       8.00     0.5874    -0.2163     0.0718     0.0000     0.0000     0.0000
      10.00     0.8365    -0.3081     0.0718     0.0000     0.0000     0.0000
1         ***** THE USAF AUTOMATED MISSILE DATCOM * REV 3/99 *****     CASE   1
               AERODYNAMIC METHODS FOR MISSILE CONFIGURATIONS          PAGE  10
                 AERODYNAMIC FORCE AND MOMENT SYNTHESIS

       ******* FLIGHT CONDITIONS AND REFERENCE QUANTITIES *******
     MACH NO  =       0.30                REYNOLDS NO = 6.955E+06 /M
     ALTITUDE =        0.0 M         DYNAMIC PRESSURE =   6383.49 N/M**2
     SIDESLIP =       0.00 DEG                   ROLL =      0.00 DEG     
     REF AREA =      0.001 M**2         MOMENT CENTER =     0.250 M
     REF LENGTH =     0.65 M           LAT REF LENGTH =      0.65 M

          ---------------FIN SET 1 PANEL CHARACTERISTICS------------------

      ALPHA      PANEL    AEQ (PANEL AXIS SYS.)    PANEL CN

     -10.00        1              0.0000           0.0000
     -10.00        2            -15.7060          -0.4182
     -10.00        3              0.0000           0.0000
     -10.00        4             15.7060           0.4182
 
      -8.00        1              0.0000           0.0000
      -8.00        2            -12.8500          -0.2937
      -8.00        3              0.0000           0.0000
      -8.00        4             12.8500           0.2937
 
      -6.00        1              0.0000           0.0000
      -6.00        2             -9.8322          -0.1844
      -6.00        3              0.0000           0.0000
      -6.00        4              9.8322           0.1844
 
      -4.00        1              0.0000           0.0000
      -4.00        2             -6.6471          -0.0952
      -4.00        3              0.0000           0.0000
      -4.00        4              6.6471           0.0952
 
      -2.00        1              0.0000           0.0000
      -2.00        2             -3.3503          -0.0323
      -2.00        3              0.0000           0.0000
      -2.00        4              3.3503           0.0323
 
       0.00        1              0.0000           0.0000
       0.00        2              0.0000           0.0000
       0.00        3              0.0000           0.0000
       0.00        4              0.0000           0.0000
 
       2.00        1              0.0000           0.0000
       2.00        2              3.3503           0.0323
       2.00        3              0.0000           0.0000
       2.00        4             -3.3503          -0.0323
 
       4.00        1              0.0000           0.0000
       4.00        2              6.6471           0.0952
       4.00        3              0.0000           0.0000
       4.00        4             -6.6471          -0.0952
 
       6.00        1              0.0000           0.0000
       6.00        2              9.8322           0.1844
       6.00        3              0.0000           0.0000
       6.00        4             -9.8322          -0.1844
 
       8.00        1              0.0000           0.0000
       8.00        2             12.8500           0.2937
       8.00        3              0.0000           0.0000
       8.00        4            -12.8500          -0.2937
 
      10.00        1              0.0000           0.0000
      10.00        2             15.7060           0.4182
      10.00        3              0.0000           0.0000
      10.00        4            -15.7060          -0.4182
 
1         ***** THE USAF AUTOMATED MISSILE DATCOM * REV 3/99 *****     CASE   1
               AERODYNAMIC METHODS FOR MISSILE CONFIGURATIONS          PAGE  11
                 AERODYNAMIC FORCE AND MOMENT SYNTHESIS

       ******* FLIGHT CONDITIONS AND REFERENCE QUANTITIES *******
     MACH NO  =       0.30                REYNOLDS NO = 6.955E+06 /M
     ALTITUDE =        0.0 M         DYNAMIC PRESSURE =   6383.49 N/M**2
     SIDESLIP =       0.00 DEG                   ROLL =      0.00 DEG     
     REF AREA =      0.001 M**2         MOMENT CENTER =     0.250 M
     REF LENGTH =     0.65 M           LAT REF LENGTH =      0.65 M

             CARRYOVER INTERFERENCE FACTORS - FIN SET 1

      ALPHA   K-W(B)   K-B(W)  KK-W(B)  KK-B(W)  XCP-W(B) XCP-B(W) Y-CP/(B/2)

     -10.00   1.6234   1.1241   0.9535   0.6600   0.3683   0.3615   0.3699
      -8.00   1.6395   1.1241   0.9535   0.6600   0.3683   0.3615   0.4149
      -6.00   1.6540   1.1241   0.9535   0.6600   0.3683   0.3615   0.4688
      -4.00   1.6666   1.1241   0.9535   0.6600   0.3683   0.3615   0.5565
      -2.00   1.6764   1.1241   0.9535   0.6600   0.3683   0.3615   0.6185
       0.00   1.6818   1.1241   0.9535   0.6600   0.3683   0.3615   0.6502
       2.00   1.6764   1.1241   0.9535   0.6600   0.3683   0.3615   0.6185
       4.00   1.6666   1.1241   0.9535   0.6600   0.3683   0.3615   0.5565
       6.00   1.6540   1.1241   0.9535   0.6600   0.3683   0.3615   0.4688
       8.00   1.6395   1.1241   0.9535   0.6600   0.3683   0.3615   0.4149
      10.00   1.6234   1.1241   0.9535   0.6600   0.3683   0.3615   0.3699

    NOTE - XCP-W(B) USED FOR STABILITY ONLY DIFFERENT VALUES USED FOR HINGE MOMENTS
1         ***** THE USAF AUTOMATED MISSILE DATCOM * REV 3/99 *****     CASE   1
               AERODYNAMIC METHODS FOR MISSILE CONFIGURATIONS          PAGE  12
        FIN SET 1 PANEL BENDING MOMENTS (ABOUT EXPOSED ROOT CHORD)

       ******* FLIGHT CONDITIONS AND REFERENCE QUANTITIES *******
     MACH NO  =       0.30                REYNOLDS NO = 6.955E+06 /M
     ALTITUDE =        0.0 M         DYNAMIC PRESSURE =   6383.49 N/M**2
     SIDESLIP =       0.00 DEG                   ROLL =      0.00 DEG     
     REF AREA =      0.001 M**2         MOMENT CENTER =     0.250 M
     REF LENGTH =     0.65 M           LAT REF LENGTH =      0.65 M

   ALPHA   PANL 1   PANL 2   PANL 3   PANL 4   PANL 5   PANL 6   PANL 7   PANL 8
 
   -10.0  0.00E+00 -2.26E-03 -8.83E-11  2.26E-03
    -8.0  1.27E-12 -1.78E-03 -7.50E-11  1.78E-03
    -6.0  0.00E+00 -1.26E-03 -6.50E-11  1.26E-03
    -4.0  0.00E+00 -7.74E-04 -5.35E-11  7.74E-04
    -2.0  0.00E+00 -2.92E-04 -2.98E-11  2.92E-04
     0.0  0.00E+00  0.00E+00  0.00E+00  0.00E+00
     2.0  0.00E+00  2.92E-04  2.98E-11 -2.92E-04
     4.0  0.00E+00  7.74E-04  5.35E-11 -7.74E-04
     6.0  2.22E-12  1.26E-03  6.72E-11 -1.26E-03
     8.0  3.82E-12  1.78E-03  8.01E-11 -1.78E-03
    10.0 -9.93E-13  2.26E-03  8.73E-11 -2.26E-03
1         ***** THE USAF AUTOMATED MISSILE DATCOM * REV 3/99 *****     CASE   1
               AERODYNAMIC METHODS FOR MISSILE CONFIGURATIONS          PAGE  13
            FIN SET 1 PANEL HINGE MOMENTS (ABOUT HINGE LINE)

       ******* FLIGHT CONDITIONS AND REFERENCE QUANTITIES *******
     MACH NO  =       0.30                REYNOLDS NO = 6.955E+06 /M
     ALTITUDE =        0.0 M         DYNAMIC PRESSURE =   6383.49 N/M**2
     SIDESLIP =       0.00 DEG                   ROLL =      0.00 DEG     
     REF AREA =      0.001 M**2         MOMENT CENTER =     0.250 M
     REF LENGTH =     0.65 M           LAT REF LENGTH =      0.65 M

   ALPHA   PANL 1   PANL 2   PANL 3   PANL 4   PANL 5   PANL 6   PANL 7   PANL 8
 
   -10.0  0.00E+00 -6.82E-02 -3.02E-09  6.82E-02
    -8.0  3.88E-11 -4.98E-02 -2.28E-09  4.98E-02
    -6.0  0.00E+00 -3.23E-02 -1.75E-09  3.23E-02
    -4.0  0.00E+00 -1.71E-02 -1.21E-09  1.71E-02
    -2.0  0.00E+00 -5.91E-03 -6.10E-10  5.91E-03
     0.0  0.00E+00  0.00E+00  0.00E+00  0.00E+00
     2.0  0.00E+00  5.91E-03  6.10E-10 -5.91E-03
     4.0  0.00E+00  1.71E-02  1.21E-09 -1.71E-02
     6.0  5.98E-11  3.23E-02  1.81E-09 -3.23E-02
     8.0  1.16E-10  4.98E-02  2.44E-09 -4.98E-02
    10.0 -3.39E-11  6.82E-02  2.98E-09 -6.82E-02
1         ***** THE USAF AUTOMATED MISSILE DATCOM * REV 3/99 *****     CASE   1
               AERODYNAMIC METHODS FOR MISSILE CONFIGURATIONS          PAGE  14
                   STATIC AERODYNAMICS FOR BODY-FIN SET 1

       ******* FLIGHT CONDITIONS AND REFERENCE QUANTITIES *******
     MACH NO  =       0.30                REYNOLDS NO = 6.955E+06 /M
     ALTITUDE =        0.0 M         DYNAMIC PRESSURE =   6383.49 N/M**2
     SIDESLIP =       0.00 DEG                   ROLL =      0.00 DEG     
     REF AREA =      0.001 M**2         MOMENT CENTER =     0.250 M
     REF LENGTH =     0.65 M           LAT REF LENGTH =      0.65 M

                   ----- LONGITUDINAL -----     -- LATERAL DIRECTIONAL --
         ALPHA       CN        CM        CA        CY       CLN       CLL

        -10.00    -2.241     0.529     0.443     0.000     0.000     0.000
         -8.00    -1.592     0.361     0.446     0.000     0.000     0.000
         -6.00    -1.027     0.219     0.448     0.000     0.000     0.000
         -4.00    -0.561     0.107     0.449     0.000     0.000     0.000
         -2.00    -0.214     0.032     0.449     0.000     0.000     0.000
          0.00     0.000     0.000     0.449     0.000     0.000     0.000
          2.00     0.214    -0.032     0.449     0.000     0.000     0.000
          4.00     0.561    -0.107     0.449     0.000     0.000     0.000
          6.00     1.027    -0.219     0.448     0.000     0.000     0.000
          8.00     1.592    -0.361     0.446     0.000     0.000     0.000
         10.00     2.241    -0.529     0.443     0.000     0.000     0.000

         ALPHA       CL        CD      CL/CD     X-C.P.

        -10.00    -2.130     0.826    -2.579    -0.236
         -8.00    -1.515     0.664    -2.282    -0.227
         -6.00    -0.975     0.553    -1.763    -0.213
         -4.00    -0.529     0.487    -1.085    -0.190
         -2.00    -0.199     0.457    -0.435    -0.150
          0.00     0.000     0.449     0.000    -0.150
          2.00     0.199     0.457     0.435    -0.150
          4.00     0.529     0.487     1.085    -0.190
          6.00     0.975     0.553     1.763    -0.213
          8.00     1.515     0.664     2.282    -0.227
         10.00     2.130     0.826     2.579    -0.236

    X-C.P. MEAS. FROM MOMENT CENTER IN REF. LENGTHS, NEG. AFT OF MOMENT CENTER
1         ***** THE USAF AUTOMATED MISSILE DATCOM * REV 3/99 *****     CASE   1
               AERODYNAMIC METHODS FOR MISSILE CONFIGURATIONS          PAGE  15
                   STATIC AERODYNAMICS FOR BODY-FIN SET 1

       ******* FLIGHT CONDITIONS AND REFERENCE QUANTITIES *******
     MACH NO  =       0.30                REYNOLDS NO = 6.955E+06 /M
     ALTITUDE =        0.0 M         DYNAMIC PRESSURE =   6383.49 N/M**2
     SIDESLIP =       0.00 DEG                   ROLL =      0.00 DEG     
     REF AREA =      0.001 M**2         MOMENT CENTER =     0.250 M
     REF LENGTH =     0.65 M           LAT REF LENGTH =      0.65 M

                   ---------- DERIVATIVES (PER DEGREE) ----------
         ALPHA       CNA         CMA         CYB         CLNB        CLLB
        -10.00      0.3454     -0.0900     -0.1014      0.0083     -0.0003
         -8.00      0.3033     -0.0775     -0.1041      0.0106     -0.0002
         -6.00      0.2575     -0.0636     -0.1054      0.0124     -0.0001
         -4.00      0.2030     -0.0466     -0.1020      0.0126      0.0000
         -2.00      0.1402     -0.0267     -0.0954      0.0116      0.0000
          0.00      0.1072     -0.0161     -0.0928      0.0112      0.0000
          2.00      0.1402     -0.0267     -0.0954      0.0116      0.0000
          4.00      0.2030     -0.0466     -0.1020      0.0126      0.0000
          6.00      0.2575     -0.0636     -0.1054      0.0124      0.0001
          8.00      0.3033     -0.0775     -0.1041      0.0106      0.0002
         10.00      0.3454     -0.0900     -0.1014      0.0083      0.0003

    PANEL DEFLECTION ANGLES (DEGREES)
    SET    FIN 1   FIN 2   FIN 3   FIN 4   FIN 5   FIN 6   FIN 7   FIN 8
      1    0.00    0.00    0.00    0.00
1         ***** THE USAF AUTOMATED MISSILE DATCOM * REV 3/99 *****     CASE   1
               AERODYNAMIC METHODS FOR MISSILE CONFIGURATIONS          PAGE  16
                             BODY ALONE PARTIAL OUTPUT

       ******* FLIGHT CONDITIONS AND REFERENCE QUANTITIES *******
     MACH NO  =       0.60                REYNOLDS NO = 1.391E+07 /M
     ALTITUDE =        0.0 M         DYNAMIC PRESSURE =  25533.94 N/M**2
     SIDESLIP =       0.00 DEG                   ROLL =      0.00 DEG     
     REF AREA =      0.001 M**2         MOMENT CENTER =     0.250 M
     REF LENGTH =     0.65 M           LAT REF LENGTH =      0.65 M

      ALPHA    CA-FRIC  CA-PRES/WAVE CA-BASE    CA-PROT     CA-SEP     CA-ALP
     -10.00     0.1929     0.0133     0.1356                           0.0011
      -8.00     0.1950     0.0135     0.1360                           0.0013
      -6.00     0.1967     0.0136     0.1363                           0.0009
      -4.00     0.1979     0.0137     0.1364                           0.0005
      -2.00     0.1986     0.0137     0.1363                           0.0001
       0.00     0.1988     0.0138     0.1360                           0.0000
       2.00     0.1986     0.0137     0.1363                           0.0001
       4.00     0.1979     0.0137     0.1364                           0.0005
       6.00     0.1967     0.0136     0.1363                           0.0009
       8.00     0.1950     0.0135     0.1360                           0.0013
      10.00     0.1929     0.0133     0.1356                           0.0011

                     CROSS FLOW DRAG PROPORTIONALITY FACTOR = 0.76143

      ALPHA    CN-POTEN  CN-VISC   CN-SEP    CM-POTEN  CM-VISC   CM-SEP    CDC
     -10.00    -0.449    -0.392              -0.046     0.060             0.804
      -8.00    -0.363    -0.248              -0.037     0.038             0.791
      -6.00    -0.274    -0.137              -0.028     0.021             0.778
      -4.00    -0.183    -0.060              -0.019     0.009             0.766
      -2.00    -0.092    -0.015              -0.009     0.002             0.753
       0.00     0.000     0.000               0.000     0.000             0.740
       2.00     0.092     0.015               0.009    -0.002             0.753
       4.00     0.183     0.060               0.019    -0.009             0.766
       6.00     0.274     0.137               0.028    -0.021             0.778
       8.00     0.363     0.248               0.037    -0.038             0.791
      10.00     0.449     0.392               0.046    -0.060             0.804
1         ***** THE USAF AUTOMATED MISSILE DATCOM * REV 3/99 *****     CASE   1
               AERODYNAMIC METHODS FOR MISSILE CONFIGURATIONS          PAGE  17
                        FIN SET 1 CA PARTIAL OUTPUT

       ******* FLIGHT CONDITIONS AND REFERENCE QUANTITIES *******
     MACH NO  =       0.60                REYNOLDS NO = 1.391E+07 /M
     ALTITUDE =        0.0 M         DYNAMIC PRESSURE =  25533.94 N/M**2
     SIDESLIP =       0.00 DEG                   ROLL =      0.00 DEG     
     REF AREA =      0.001 M**2         MOMENT CENTER =     0.250 M
     REF LENGTH =     0.65 M           LAT REF LENGTH =      0.65 M

    SINGLE FIN PANEL ZERO-LIFT AXIAL FORCE COMPONENTS

    SKIN FRICTION        0.0144
    SUBSONIC PRESSURE    0.0012
    TRANSONIC WAVE       0.0000
    SUPERSONIC WAVE      0.0000
    LEADING EDGE         0.0000
    TRAILING EDGE        0.0000
    TOTAL CAO            0.0156

    FIN AXIAL FORCE DUE TO ANGLE OF ATTACK

    ALPHA      CA DUE TO LIFT (SINGLE PANEL)   CA-TOTAL (4 FINS)

     -10.00              0.0000                      0.0614
      -8.00              0.0000                      0.0617
      -6.00              0.0000                      0.0620
      -4.00              0.0000                      0.0622
      -2.00              0.0000                      0.0623
       0.00              0.0000                      0.0623
       2.00              0.0000                      0.0623
       4.00              0.0000                      0.0622
       6.00              0.0000                      0.0620
       8.00              0.0000                      0.0617
      10.00              0.0000                      0.0614
1         ***** THE USAF AUTOMATED MISSILE DATCOM * REV 3/99 *****     CASE   1
               AERODYNAMIC METHODS FOR MISSILE CONFIGURATIONS          PAGE  18
                       FIN SET 1 CN, CM PARTIAL OUTPUT

       ******* FLIGHT CONDITIONS AND REFERENCE QUANTITIES *******
     MACH NO  =       0.60                REYNOLDS NO = 1.391E+07 /M
     ALTITUDE =        0.0 M         DYNAMIC PRESSURE =  25533.94 N/M**2
     SIDESLIP =       0.00 DEG                   ROLL =      0.00 DEG     
     REF AREA =      0.001 M**2         MOMENT CENTER =     0.250 M
     REF LENGTH =     0.65 M           LAT REF LENGTH =      0.65 M

    NORMAL FORCE SLOPE AT ALPHA ZERO, CNA =    0.00486/DEG (1 PANEL)
         CENTER OF PRESSURE FOR LINEAR CN =   -0.36831 (CALIBERS FROM C.G.)
     CENTER OF PRESSURE FOR NON-LINEAR CN =   -0.44615 (CALIBERS FROM C.G.)

      ALPHA      CN        CN        CN        CM        CM        CM
               LINEAR  NON-LINEAR  TOTAL     LINEAR  NON-LINEAR  TOTAL

     -10.00   -0.0952   -0.3015   -0.3967    0.0351    0.1345    0.1696
      -8.00   -0.0768   -0.1937   -0.2704    0.0283    0.0864    0.1147
      -6.00   -0.0579   -0.1093   -0.1671    0.0213    0.0487    0.0701
      -4.00   -0.0388   -0.0487   -0.0874    0.0143    0.0217    0.0360
      -2.00   -0.0194   -0.0122   -0.0316    0.0072    0.0054    0.0126
       0.00    0.0000    0.0000    0.0000    0.0000    0.0000    0.0000
       2.00    0.0194    0.0122    0.0316   -0.0072   -0.0054   -0.0126
       4.00    0.0388    0.0487    0.0874   -0.0143   -0.0217   -0.0360
       6.00    0.0579    0.1093    0.1671   -0.0213   -0.0487   -0.0701
       8.00    0.0768    0.1937    0.2704   -0.0283   -0.0864   -0.1147
      10.00    0.0952    0.3015    0.3967   -0.0351   -0.1345   -0.1696
1         ***** THE USAF AUTOMATED MISSILE DATCOM * REV 3/99 *****     CASE   1
               AERODYNAMIC METHODS FOR MISSILE CONFIGURATIONS          PAGE  19
                 AERODYNAMIC FORCE AND MOMENT SYNTHESIS

       ******* FLIGHT CONDITIONS AND REFERENCE QUANTITIES *******
     MACH NO  =       0.60                REYNOLDS NO = 1.391E+07 /M
     ALTITUDE =        0.0 M         DYNAMIC PRESSURE =  25533.94 N/M**2
     SIDESLIP =       0.00 DEG                   ROLL =      0.00 DEG     
     REF AREA =      0.001 M**2         MOMENT CENTER =     0.250 M
     REF LENGTH =     0.65 M           LAT REF LENGTH =      0.65 M

          ---------------FIN SET 1 IN PRESENCE OF THE BODY----------------

      ALPHA       CN         CM         CA         CY         CLN        CLL

     -10.00    -0.8768     0.3229     0.0623     0.0000     0.0000     0.0000
      -8.00    -0.6150     0.2265     0.0623     0.0000     0.0000     0.0000
      -6.00    -0.3852     0.1419     0.0623     0.0000     0.0000     0.0000
      -4.00    -0.1980     0.0729     0.0623     0.0000     0.0000     0.0000
      -2.00    -0.0664     0.0245     0.0623     0.0000     0.0000     0.0000
       0.00     0.0000     0.0000     0.0623     0.0000     0.0000     0.0000
       2.00     0.0664    -0.0245     0.0623     0.0000     0.0000     0.0000
       4.00     0.1980    -0.0729     0.0623     0.0000     0.0000     0.0000
       6.00     0.3852    -0.1419     0.0623     0.0000     0.0000     0.0000
       8.00     0.6150    -0.2265     0.0623     0.0000     0.0000     0.0000
      10.00     0.8768    -0.3229     0.0623     0.0000     0.0000     0.0000
1         ***** THE USAF AUTOMATED MISSILE DATCOM * REV 3/99 *****     CASE   1
               AERODYNAMIC METHODS FOR MISSILE CONFIGURATIONS          PAGE  20
                 AERODYNAMIC FORCE AND MOMENT SYNTHESIS

       ******* FLIGHT CONDITIONS AND REFERENCE QUANTITIES *******
     MACH NO  =       0.60                REYNOLDS NO = 1.391E+07 /M
     ALTITUDE =        0.0 M         DYNAMIC PRESSURE =  25533.94 N/M**2
     SIDESLIP =       0.00 DEG                   ROLL =      0.00 DEG     
     REF AREA =      0.001 M**2         MOMENT CENTER =     0.250 M
     REF LENGTH =     0.65 M           LAT REF LENGTH =      0.65 M

          ---------------FIN SET 1 PANEL CHARACTERISTICS------------------

      ALPHA      PANEL    AEQ (PANEL AXIS SYS.)    PANEL CN

     -10.00        1              0.0000           0.0000
     -10.00        2            -15.6949          -0.4384
     -10.00        3              0.0000           0.0000
     -10.00        4             15.6949           0.4384
 
      -8.00        1              0.0000           0.0000
      -8.00        2            -12.8458          -0.3075
      -8.00        3              0.0000           0.0000
      -8.00        4             12.8458           0.3075
 
      -6.00        1              0.0000           0.0000
      -6.00        2             -9.8315          -0.1926
      -6.00        3              0.0000           0.0000
      -6.00        4              9.8315           0.1926
 
      -4.00        1              0.0000           0.0000
      -4.00        2             -6.6471          -0.0990
      -4.00        3              0.0000           0.0000
      -4.00        4              6.6471           0.0990
 
      -2.00        1              0.0000           0.0000
      -2.00        2             -3.3503          -0.0332
      -2.00        3              0.0000           0.0000
      -2.00        4              3.3503           0.0332
 
       0.00        1              0.0000           0.0000
       0.00        2              0.0000           0.0000
       0.00        3              0.0000           0.0000
       0.00        4              0.0000           0.0000
 
       2.00        1              0.0000           0.0000
       2.00        2              3.3503           0.0332
       2.00        3              0.0000           0.0000
       2.00        4             -3.3503          -0.0332
 
       4.00        1              0.0000           0.0000
       4.00        2              6.6471           0.0990
       4.00        3              0.0000           0.0000
       4.00        4             -6.6471          -0.0990
 
       6.00        1              0.0000           0.0000
       6.00        2              9.8315           0.1926
       6.00        3              0.0000           0.0000
       6.00        4             -9.8315          -0.1926
 
       8.00        1              0.0000           0.0000
       8.00        2             12.8458           0.3075
       8.00        3              0.0000           0.0000
       8.00        4            -12.8458          -0.3075
 
      10.00        1              0.0000           0.0000
      10.00        2             15.6949           0.4384
      10.00        3              0.0000           0.0000
      10.00        4            -15.6949          -0.4384
 
1         ***** THE USAF AUTOMATED MISSILE DATCOM * REV 3/99 *****     CASE   1
               AERODYNAMIC METHODS FOR MISSILE CONFIGURATIONS          PAGE  21
                 AERODYNAMIC FORCE AND MOMENT SYNTHESIS

       ******* FLIGHT CONDITIONS AND REFERENCE QUANTITIES *******
     MACH NO  =       0.60                REYNOLDS NO = 1.391E+07 /M
     ALTITUDE =        0.0 M         DYNAMIC PRESSURE =  25533.94 N/M**2
     SIDESLIP =       0.00 DEG                   ROLL =      0.00 DEG     
     REF AREA =      0.001 M**2         MOMENT CENTER =     0.250 M
     REF LENGTH =     0.65 M           LAT REF LENGTH =      0.65 M

             CARRYOVER INTERFERENCE FACTORS - FIN SET 1

      ALPHA   K-W(B)   K-B(W)  KK-W(B)  KK-B(W)  XCP-W(B) XCP-B(W) Y-CP/(B/2)

     -10.00   1.6234   1.1241   0.9535   0.6600   0.3683   0.3615   0.3965
      -8.00   1.6395   1.1241   0.9535   0.6600   0.3683   0.3615   0.4265
      -6.00   1.6540   1.1241   0.9535   0.6600   0.3683   0.3615   0.4632
      -4.00   1.6666   1.1241   0.9535   0.6600   0.3683   0.3615   0.5223
      -2.00   1.6764   1.1241   0.9535   0.6600   0.3683   0.3615   0.5638
       0.00   1.6818   1.1241   0.9535   0.6600   0.3683   0.3615   0.5848
       2.00   1.6764   1.1241   0.9535   0.6600   0.3683   0.3615   0.5638
       4.00   1.6666   1.1241   0.9535   0.6600   0.3683   0.3615   0.5223
       6.00   1.6540   1.1241   0.9535   0.6600   0.3683   0.3615   0.4632
       8.00   1.6395   1.1241   0.9535   0.6600   0.3683   0.3615   0.4265
      10.00   1.6234   1.1241   0.9535   0.6600   0.3683   0.3615   0.3965

    NOTE - XCP-W(B) USED FOR STABILITY ONLY DIFFERENT VALUES USED FOR HINGE MOMENTS
1         ***** THE USAF AUTOMATED MISSILE DATCOM * REV 3/99 *****     CASE   1
               AERODYNAMIC METHODS FOR MISSILE CONFIGURATIONS          PAGE  22
        FIN SET 1 PANEL BENDING MOMENTS (ABOUT EXPOSED ROOT CHORD)

       ******* FLIGHT CONDITIONS AND REFERENCE QUANTITIES *******
     MACH NO  =       0.60                REYNOLDS NO = 1.391E+07 /M
     ALTITUDE =        0.0 M         DYNAMIC PRESSURE =  25533.94 N/M**2
     SIDESLIP =       0.00 DEG                   ROLL =      0.00 DEG     
     REF AREA =      0.001 M**2         MOMENT CENTER =     0.250 M
     REF LENGTH =     0.65 M           LAT REF LENGTH =      0.65 M

   ALPHA   PANL 1   PANL 2   PANL 3   PANL 4   PANL 5   PANL 6   PANL 7   PANL 8
 
   -10.0  0.00E+00 -2.54E-03 -9.61E-11  2.54E-03
    -8.0  1.37E-12 -1.92E-03 -7.81E-11  1.92E-03
    -6.0  0.00E+00 -1.30E-03 -6.51E-11  1.30E-03
    -4.0  0.00E+00 -7.56E-04 -5.09E-11  7.56E-04
    -2.0  0.00E+00 -2.74E-04 -2.76E-11  2.74E-04
     0.0  0.00E+00  0.00E+00  0.00E+00  0.00E+00
     2.0  0.00E+00  2.74E-04  2.76E-11 -2.74E-04
     4.0  0.00E+00  7.56E-04  5.09E-11 -7.56E-04
     6.0  2.28E-12  1.30E-03  6.74E-11 -1.30E-03
     8.0  4.12E-12  1.92E-03  8.36E-11 -1.92E-03
    10.0 -1.13E-12  2.54E-03  9.50E-11 -2.54E-03
1         ***** THE USAF AUTOMATED MISSILE DATCOM * REV 3/99 *****     CASE   1
               AERODYNAMIC METHODS FOR MISSILE CONFIGURATIONS          PAGE  23
            FIN SET 1 PANEL HINGE MOMENTS (ABOUT HINGE LINE)

       ******* FLIGHT CONDITIONS AND REFERENCE QUANTITIES *******
     MACH NO  =       0.60                REYNOLDS NO = 1.391E+07 /M
     ALTITUDE =        0.0 M         DYNAMIC PRESSURE =  25533.94 N/M**2
     SIDESLIP =       0.00 DEG                   ROLL =      0.00 DEG     
     REF AREA =      0.001 M**2         MOMENT CENTER =     0.250 M
     REF LENGTH =     0.65 M           LAT REF LENGTH =      0.65 M

   ALPHA   PANL 1   PANL 2   PANL 3   PANL 4   PANL 5   PANL 6   PANL 7   PANL 8
 
   -10.0  0.00E+00 -7.10E-02 -3.05E-09  7.10E-02
    -8.0  4.04E-11 -5.18E-02 -2.30E-09  5.18E-02
    -6.0  0.00E+00 -3.35E-02 -1.77E-09  3.35E-02
    -4.0  0.00E+00 -1.77E-02 -1.23E-09  1.77E-02
    -2.0  0.00E+00 -6.04E-03 -6.15E-10  6.04E-03
     0.0  0.00E+00  0.00E+00  0.00E+00  0.00E+00
     2.0  0.00E+00  6.04E-03  6.15E-10 -6.04E-03
     4.0  0.00E+00  1.77E-02  1.23E-09 -1.77E-02
     6.0  6.19E-11  3.35E-02  1.83E-09 -3.35E-02
     8.0  1.21E-10  5.18E-02  2.46E-09 -5.18E-02
    10.0 -3.57E-11  7.10E-02  3.01E-09 -7.10E-02
1         ***** THE USAF AUTOMATED MISSILE DATCOM * REV 3/99 *****     CASE   1
               AERODYNAMIC METHODS FOR MISSILE CONFIGURATIONS          PAGE  24
                   STATIC AERODYNAMICS FOR BODY-FIN SET 1

       ******* FLIGHT CONDITIONS AND REFERENCE QUANTITIES *******
     MACH NO  =       0.60                REYNOLDS NO = 1.391E+07 /M
     ALTITUDE =        0.0 M         DYNAMIC PRESSURE =  25533.94 N/M**2
     SIDESLIP =       0.00 DEG                   ROLL =      0.00 DEG     
     REF AREA =      0.001 M**2         MOMENT CENTER =     0.250 M
     REF LENGTH =     0.65 M           LAT REF LENGTH =      0.65 M

                   ----- LONGITUDINAL -----     -- LATERAL DIRECTIONAL --
         ALPHA       CN        CM        CA        CY       CLN       CLL

        -10.00    -2.325     0.556     0.405     0.000     0.000     0.000
         -8.00    -1.647     0.379     0.408     0.000     0.000     0.000
         -6.00    -1.058     0.229     0.410     0.000     0.000     0.000
         -4.00    -0.575     0.112     0.411     0.000     0.000     0.000
         -2.00    -0.218     0.033     0.411     0.000     0.000     0.000
          0.00     0.000     0.000     0.411     0.000     0.000     0.000
          2.00     0.218    -0.033     0.411     0.000     0.000     0.000
          4.00     0.575    -0.112     0.411     0.000     0.000     0.000
          6.00     1.058    -0.229     0.410     0.000     0.000     0.000
          8.00     1.647    -0.379     0.408     0.000     0.000     0.000
         10.00     2.325    -0.556     0.405     0.000     0.000     0.000

         ALPHA       CL        CD      CL/CD     X-C.P.

        -10.00    -2.219     0.803    -2.764    -0.239
         -8.00    -1.574     0.633    -2.485    -0.230
         -6.00    -1.010     0.518    -1.948    -0.217
         -4.00    -0.545     0.450    -1.212    -0.194
         -2.00    -0.203     0.418    -0.486    -0.153
          0.00     0.000     0.411     0.000    -0.153
          2.00     0.203     0.418     0.486    -0.153
          4.00     0.545     0.450     1.212    -0.194
          6.00     1.010     0.518     1.948    -0.217
          8.00     1.574     0.633     2.485    -0.230
         10.00     2.219     0.803     2.764    -0.239

    X-C.P. MEAS. FROM MOMENT CENTER IN REF. LENGTHS, NEG. AFT OF MOMENT CENTER
1         ***** THE USAF AUTOMATED MISSILE DATCOM * REV 3/99 *****     CASE   1
               AERODYNAMIC METHODS FOR MISSILE CONFIGURATIONS          PAGE  25
                   STATIC AERODYNAMICS FOR BODY-FIN SET 1

       ******* FLIGHT CONDITIONS AND REFERENCE QUANTITIES *******
     MACH NO  =       0.60                REYNOLDS NO = 1.391E+07 /M
     ALTITUDE =        0.0 M         DYNAMIC PRESSURE =  25533.94 N/M**2
     SIDESLIP =       0.00 DEG                   ROLL =      0.00 DEG     
     REF AREA =      0.001 M**2         MOMENT CENTER =     0.250 M
     REF LENGTH =     0.65 M           LAT REF LENGTH =      0.65 M

                   ---------- DERIVATIVES (PER DEGREE) ----------
         ALPHA       CNA         CMA         CYB         CLNB        CLLB
        -10.00      0.3615     -0.0949     -0.1026      0.0084     -0.0003
         -8.00      0.3165     -0.0817     -0.1053      0.0108     -0.0002
         -6.00      0.2677     -0.0670     -0.1066      0.0128     -0.0001
         -4.00      0.2099     -0.0490     -0.1032      0.0130      0.0000
         -2.00      0.1436     -0.0279     -0.0963      0.0119      0.0000
          0.00      0.1089     -0.0167     -0.0937      0.0115      0.0000
          2.00      0.1436     -0.0279     -0.0963      0.0119      0.0000
          4.00      0.2099     -0.0490     -0.1032      0.0130      0.0000
          6.00      0.2677     -0.0670     -0.1066      0.0128      0.0001
          8.00      0.3165     -0.0817     -0.1053      0.0108      0.0002
         10.00      0.3615     -0.0949     -0.1026      0.0084      0.0003

    PANEL DEFLECTION ANGLES (DEGREES)
    SET    FIN 1   FIN 2   FIN 3   FIN 4   FIN 5   FIN 6   FIN 7   FIN 8
      1    0.00    0.00    0.00    0.00
1         ***** THE USAF AUTOMATED MISSILE DATCOM * REV 3/99 *****     CASE   1
               AERODYNAMIC METHODS FOR MISSILE CONFIGURATIONS          PAGE  26
                             BODY ALONE PARTIAL OUTPUT

       ******* FLIGHT CONDITIONS AND REFERENCE QUANTITIES *******
     MACH NO  =       0.90                REYNOLDS NO = 2.087E+07 /M
     ALTITUDE =        0.0 M         DYNAMIC PRESSURE =  57451.37 N/M**2
     SIDESLIP =       0.00 DEG                   ROLL =      0.00 DEG     
     REF AREA =      0.001 M**2         MOMENT CENTER =     0.250 M
     REF LENGTH =     0.65 M           LAT REF LENGTH =      0.65 M

      ALPHA    CA-FRIC  CA-PRES/WAVE CA-BASE    CA-PROT     CA-SEP     CA-ALP
     -10.00     0.1756     0.0411     0.1315                           0.0012
      -8.00     0.1775     0.0415     0.1319                           0.0014
      -6.00     0.1791     0.0419     0.1322                           0.0010
      -4.00     0.1802     0.0422     0.1323                           0.0005
      -2.00     0.1808     0.0423     0.1322                           0.0001
       0.00     0.1810     0.0424     0.1320                           0.0000
       2.00     0.1808     0.0423     0.1322                           0.0001
       4.00     0.1802     0.0422     0.1323                           0.0005
       6.00     0.1791     0.0419     0.1322                           0.0010
       8.00     0.1775     0.0415     0.1319                           0.0014
      10.00     0.1756     0.0411     0.1315                           0.0012

                     CROSS FLOW DRAG PROPORTIONALITY FACTOR = 0.76387

      ALPHA    CN-POTEN  CN-VISC   CN-SEP    CM-POTEN  CM-VISC   CM-SEP    CDC
     -10.00    -0.461    -0.408              -0.041     0.062             0.836
      -8.00    -0.372    -0.256              -0.033     0.039             0.817
      -6.00    -0.281    -0.141              -0.025     0.022             0.798
      -4.00    -0.188    -0.061              -0.017     0.009             0.778
      -2.00    -0.094    -0.015              -0.008     0.002             0.759
       0.00     0.000     0.000               0.000     0.000             0.740
       2.00     0.094     0.015               0.008    -0.002             0.759
       4.00     0.188     0.061               0.017    -0.009             0.778
       6.00     0.281     0.141               0.025    -0.022             0.798
       8.00     0.372     0.256               0.033    -0.039             0.817
      10.00     0.461     0.408               0.041    -0.062             0.836
1         ***** THE USAF AUTOMATED MISSILE DATCOM * REV 3/99 *****     CASE   1
               AERODYNAMIC METHODS FOR MISSILE CONFIGURATIONS          PAGE  27
                        FIN SET 1 CA PARTIAL OUTPUT

       ******* FLIGHT CONDITIONS AND REFERENCE QUANTITIES *******
     MACH NO  =       0.90                REYNOLDS NO = 2.087E+07 /M
     ALTITUDE =        0.0 M         DYNAMIC PRESSURE =  57451.37 N/M**2
     SIDESLIP =       0.00 DEG                   ROLL =      0.00 DEG     
     REF AREA =      0.001 M**2         MOMENT CENTER =     0.250 M
     REF LENGTH =     0.65 M           LAT REF LENGTH =      0.65 M

    SINGLE FIN PANEL ZERO-LIFT AXIAL FORCE COMPONENTS

    SKIN FRICTION        0.0131
    SUBSONIC PRESSURE    0.0011
    TRANSONIC WAVE       0.0158
    SUPERSONIC WAVE      0.0000
    LEADING EDGE         0.0000
    TRAILING EDGE        0.0000
    TOTAL CAO            0.0299

    FIN AXIAL FORCE DUE TO ANGLE OF ATTACK

    ALPHA      CA DUE TO LIFT (SINGLE PANEL)   CA-TOTAL (4 FINS)

     -10.00              0.0000                      0.1179
      -8.00              0.0000                      0.1186
      -6.00              0.0000                      0.1191
      -4.00              0.0000                      0.1195
      -2.00              0.0000                      0.1197
       0.00              0.0000                      0.1198
       2.00              0.0000                      0.1197
       4.00              0.0000                      0.1195
       6.00              0.0000                      0.1191
       8.00              0.0000                      0.1186
      10.00              0.0000                      0.1179
1         ***** THE USAF AUTOMATED MISSILE DATCOM * REV 3/99 *****     CASE   1
               AERODYNAMIC METHODS FOR MISSILE CONFIGURATIONS          PAGE  28
                       FIN SET 1 CN, CM PARTIAL OUTPUT

       ******* FLIGHT CONDITIONS AND REFERENCE QUANTITIES *******
     MACH NO  =       0.90                REYNOLDS NO = 2.087E+07 /M
     ALTITUDE =        0.0 M         DYNAMIC PRESSURE =  57451.37 N/M**2
     SIDESLIP =       0.00 DEG                   ROLL =      0.00 DEG     
     REF AREA =      0.001 M**2         MOMENT CENTER =     0.250 M
     REF LENGTH =     0.65 M           LAT REF LENGTH =      0.65 M

    NORMAL FORCE SLOPE AT ALPHA ZERO, CNA =    0.00485/DEG (1 PANEL)
         CENTER OF PRESSURE FOR LINEAR CN =   -0.36831 (CALIBERS FROM C.G.)
     CENTER OF PRESSURE FOR NON-LINEAR CN =   -0.44615 (CALIBERS FROM C.G.)

      ALPHA      CN        CN        CN        CM        CM        CM
               LINEAR  NON-LINEAR  TOTAL     LINEAR  NON-LINEAR  TOTAL

     -10.00   -0.0950   -0.2063   -0.3013    0.0350    0.0920    0.1270
      -8.00   -0.0766   -0.1326   -0.2092    0.0282    0.0592    0.0874
      -6.00   -0.0577   -0.0749   -0.1326    0.0213    0.0334    0.0547
      -4.00   -0.0387   -0.0333   -0.0720    0.0142    0.0149    0.0291
      -2.00   -0.0194   -0.0083   -0.0277    0.0071    0.0037    0.0109
       0.00    0.0000    0.0000    0.0000    0.0000    0.0000    0.0000
       2.00    0.0194    0.0083    0.0277   -0.0071   -0.0037   -0.0109
       4.00    0.0387    0.0333    0.0720   -0.0142   -0.0149   -0.0291
       6.00    0.0577    0.0749    0.1326   -0.0213   -0.0334   -0.0547
       8.00    0.0766    0.1326    0.2092   -0.0282   -0.0592   -0.0874
      10.00    0.0950    0.2063    0.3013   -0.0350   -0.0920   -0.1270
1         ***** THE USAF AUTOMATED MISSILE DATCOM * REV 3/99 *****     CASE   1
               AERODYNAMIC METHODS FOR MISSILE CONFIGURATIONS          PAGE  29
                 AERODYNAMIC FORCE AND MOMENT SYNTHESIS

       ******* FLIGHT CONDITIONS AND REFERENCE QUANTITIES *******
     MACH NO  =       0.90                REYNOLDS NO = 2.087E+07 /M
     ALTITUDE =        0.0 M         DYNAMIC PRESSURE =  57451.37 N/M**2
     SIDESLIP =       0.00 DEG                   ROLL =      0.00 DEG     
     REF AREA =      0.001 M**2         MOMENT CENTER =     0.250 M
     REF LENGTH =     0.65 M           LAT REF LENGTH =      0.65 M

          ---------------FIN SET 1 IN PRESENCE OF THE BODY----------------

      ALPHA       CN         CM         CA         CY         CLN        CLL

     -10.00    -0.6442     0.2373     0.1198     0.0000     0.0000     0.0000
      -8.00    -0.4583     0.1688     0.1198     0.0000     0.0000     0.0000
      -6.00    -0.2930     0.1079     0.1198     0.0000     0.0000     0.0000
      -4.00    -0.1557     0.0573     0.1198     0.0000     0.0000     0.0000
      -2.00    -0.0557     0.0205     0.1198     0.0000     0.0000     0.0000
       0.00     0.0000     0.0000     0.1198     0.0000     0.0000     0.0000
       2.00     0.0557    -0.0205     0.1198     0.0000     0.0000     0.0000
       4.00     0.1557    -0.0573     0.1198     0.0000     0.0000     0.0000
       6.00     0.2930    -0.1079     0.1198     0.0000     0.0000     0.0000
       8.00     0.4583    -0.1688     0.1198     0.0000     0.0000     0.0000
      10.00     0.6442    -0.2373     0.1198     0.0000     0.0000     0.0000
1         ***** THE USAF AUTOMATED MISSILE DATCOM * REV 3/99 *****     CASE   1
               AERODYNAMIC METHODS FOR MISSILE CONFIGURATIONS          PAGE  30
                 AERODYNAMIC FORCE AND MOMENT SYNTHESIS

       ******* FLIGHT CONDITIONS AND REFERENCE QUANTITIES *******
     MACH NO  =       0.90                REYNOLDS NO = 2.087E+07 /M
     ALTITUDE =        0.0 M         DYNAMIC PRESSURE =  57451.37 N/M**2
     SIDESLIP =       0.00 DEG                   ROLL =      0.00 DEG     
     REF AREA =      0.001 M**2         MOMENT CENTER =     0.250 M
     REF LENGTH =     0.65 M           LAT REF LENGTH =      0.65 M

          ---------------FIN SET 1 PANEL CHARACTERISTICS------------------

      ALPHA      PANEL    AEQ (PANEL AXIS SYS.)    PANEL CN

     -10.00        1              0.0000           0.0000
     -10.00        2            -15.6919          -0.3221
     -10.00        3              0.0000           0.0000
     -10.00        4             15.6919           0.3221
 
      -8.00        1              0.0000           0.0000
      -8.00        2            -12.8464          -0.2292
      -8.00        3              0.0000           0.0000
      -8.00        4             12.8464           0.2292
 
      -6.00        1              0.0000           0.0000
      -6.00        2             -9.8331          -0.1465
      -6.00        3              0.0000           0.0000
      -6.00        4              9.8331           0.1465
 
      -4.00        1              0.0000           0.0000
      -4.00        2             -6.6481          -0.0778
      -4.00        3              0.0000           0.0000
      -4.00        4              6.6481           0.0778
 
      -2.00        1              0.0000           0.0000
      -2.00        2             -3.3505          -0.0278
      -2.00        3              0.0000           0.0000
      -2.00        4              3.3505           0.0278
 
       0.00        1              0.0000           0.0000
       0.00        2              0.0000           0.0000
       0.00        3              0.0000           0.0000
       0.00        4              0.0000           0.0000
 
       2.00        1              0.0000           0.0000
       2.00        2              3.3505           0.0278
       2.00        3              0.0000           0.0000
       2.00        4             -3.3505          -0.0278
 
       4.00        1              0.0000           0.0000
       4.00        2              6.6481           0.0778
       4.00        3              0.0000           0.0000
       4.00        4             -6.6481          -0.0778
 
       6.00        1              0.0000           0.0000
       6.00        2              9.8331           0.1465
       6.00        3              0.0000           0.0000
       6.00        4             -9.8331          -0.1465
 
       8.00        1              0.0000           0.0000
       8.00        2             12.8464           0.2292
       8.00        3              0.0000           0.0000
       8.00        4            -12.8464          -0.2292
 
      10.00        1              0.0000           0.0000
      10.00        2             15.6919           0.3221
      10.00        3              0.0000           0.0000
      10.00        4            -15.6919          -0.3221
 
1         ***** THE USAF AUTOMATED MISSILE DATCOM * REV 3/99 *****     CASE   1
               AERODYNAMIC METHODS FOR MISSILE CONFIGURATIONS          PAGE  31
                 AERODYNAMIC FORCE AND MOMENT SYNTHESIS

       ******* FLIGHT CONDITIONS AND REFERENCE QUANTITIES *******
     MACH NO  =       0.90                REYNOLDS NO = 2.087E+07 /M
     ALTITUDE =        0.0 M         DYNAMIC PRESSURE =  57451.37 N/M**2
     SIDESLIP =       0.00 DEG                   ROLL =      0.00 DEG     
     REF AREA =      0.001 M**2         MOMENT CENTER =     0.250 M
     REF LENGTH =     0.65 M           LAT REF LENGTH =      0.65 M

             CARRYOVER INTERFERENCE FACTORS - FIN SET 1

      ALPHA   K-W(B)   K-B(W)  KK-W(B)  KK-B(W)  XCP-W(B) XCP-B(W) Y-CP/(B/2)

     -10.00   1.6243   1.1241   0.9535   0.6600   0.3683   0.3615   0.4284
      -8.00   1.6402   1.1241   0.9535   0.6600   0.3683   0.3615   0.4428
      -6.00   1.6545   1.1241   0.9535   0.6600   0.3683   0.3615   0.4578
      -4.00   1.6668   1.1241   0.9535   0.6600   0.3683   0.3615   0.4712
      -2.00   1.6765   1.1241   0.9535   0.6600   0.3683   0.3615   0.4810
       0.00   1.6818   1.1241   0.9535   0.6600   0.3683   0.3615   0.4865
       2.00   1.6765   1.1241   0.9535   0.6600   0.3683   0.3615   0.4810
       4.00   1.6668   1.1241   0.9535   0.6600   0.3683   0.3615   0.4712
       6.00   1.6545   1.1241   0.9535   0.6600   0.3683   0.3615   0.4578
       8.00   1.6402   1.1241   0.9535   0.6600   0.3683   0.3615   0.4428
      10.00   1.6243   1.1241   0.9535   0.6600   0.3683   0.3615   0.4284

    NOTE - XCP-W(B) USED FOR STABILITY ONLY DIFFERENT VALUES USED FOR HINGE MOMENTS
1         ***** THE USAF AUTOMATED MISSILE DATCOM * REV 3/99 *****     CASE   1
               AERODYNAMIC METHODS FOR MISSILE CONFIGURATIONS          PAGE  32
        FIN SET 1 PANEL BENDING MOMENTS (ABOUT EXPOSED ROOT CHORD)

       ******* FLIGHT CONDITIONS AND REFERENCE QUANTITIES *******
     MACH NO  =       0.90                REYNOLDS NO = 2.087E+07 /M
     ALTITUDE =        0.0 M         DYNAMIC PRESSURE =  57451.37 N/M**2
     SIDESLIP =       0.00 DEG                   ROLL =      0.00 DEG     
     REF AREA =      0.001 M**2         MOMENT CENTER =     0.250 M
     REF LENGTH =     0.65 M           LAT REF LENGTH =      0.65 M

   ALPHA   PANL 1   PANL 2   PANL 3   PANL 4   PANL 5   PANL 6   PANL 7   PANL 8
 
   -10.0  0.00E+00 -2.02E-03 -9.51E-11  2.02E-03
    -8.0  1.35E-12 -1.48E-03 -7.41E-11  1.48E-03
    -6.0  0.00E+00 -9.80E-04 -5.88E-11  9.80E-04
    -4.0  0.00E+00 -5.36E-04 -4.20E-11  5.36E-04
    -2.0  0.00E+00 -1.96E-04 -2.16E-11  1.96E-04
     0.0  0.00E+00  0.00E+00  0.00E+00  0.00E+00
     2.0  0.00E+00  1.96E-04  2.16E-11 -1.96E-04
     4.0  0.00E+00  5.36E-04  4.20E-11 -5.36E-04
     6.0  2.11E-12  9.80E-04  6.09E-11 -9.80E-04
     8.0  4.04E-12  1.48E-03  7.95E-11 -1.48E-03
    10.0 -1.16E-12  2.02E-03  9.39E-11 -2.02E-03
1         ***** THE USAF AUTOMATED MISSILE DATCOM * REV 3/99 *****     CASE   1
               AERODYNAMIC METHODS FOR MISSILE CONFIGURATIONS          PAGE  33
            FIN SET 1 PANEL HINGE MOMENTS (ABOUT HINGE LINE)

       ******* FLIGHT CONDITIONS AND REFERENCE QUANTITIES *******
     MACH NO  =       0.90                REYNOLDS NO = 2.087E+07 /M
     ALTITUDE =        0.0 M         DYNAMIC PRESSURE =  57451.37 N/M**2
     SIDESLIP =       0.00 DEG                   ROLL =      0.00 DEG     
     REF AREA =      0.001 M**2         MOMENT CENTER =     0.250 M
     REF LENGTH =     0.65 M           LAT REF LENGTH =      0.65 M

   ALPHA   PANL 1   PANL 2   PANL 3   PANL 4   PANL 5   PANL 6   PANL 7   PANL 8
 
   -10.0  0.00E+00 -5.39E-02 -2.73E-09  5.39E-02
    -8.0  3.75E-11 -3.92E-02 -2.06E-09  3.92E-02
    -6.0  0.00E+00 -2.55E-02 -1.58E-09  2.55E-02
    -4.0  0.00E+00 -1.38E-02 -1.10E-09  1.38E-02
    -2.0  0.00E+00 -4.98E-03 -5.52E-10  4.98E-03
     0.0  0.00E+00  0.00E+00  0.00E+00  0.00E+00
     2.0  0.00E+00  4.98E-03  5.52E-10 -4.98E-03
     4.0  0.00E+00  1.38E-02  1.10E-09 -1.38E-02
     6.0  5.69E-11  2.55E-02  1.64E-09 -2.55E-02
     8.0  1.12E-10  3.92E-02  2.21E-09 -3.92E-02
    10.0 -3.33E-11  5.39E-02  2.70E-09 -5.39E-02
1         ***** THE USAF AUTOMATED MISSILE DATCOM * REV 3/99 *****     CASE   1
               AERODYNAMIC METHODS FOR MISSILE CONFIGURATIONS          PAGE  34
                   STATIC AERODYNAMICS FOR BODY-FIN SET 1

       ******* FLIGHT CONDITIONS AND REFERENCE QUANTITIES *******
     MACH NO  =       0.90                REYNOLDS NO = 2.087E+07 /M
     ALTITUDE =        0.0 M         DYNAMIC PRESSURE =  57451.37 N/M**2
     SIDESLIP =       0.00 DEG                   ROLL =      0.00 DEG     
     REF AREA =      0.001 M**2         MOMENT CENTER =     0.250 M
     REF LENGTH =     0.65 M           LAT REF LENGTH =      0.65 M

                   ----- LONGITUDINAL -----     -- LATERAL DIRECTIONAL --
         ALPHA       CN        CM        CA        CY       CLN       CLL

        -10.00    -1.960     0.420     0.469     0.000     0.000     0.000
         -8.00    -1.401     0.289     0.472     0.000     0.000     0.000
         -6.00    -0.914     0.177     0.474     0.000     0.000     0.000
         -4.00    -0.510     0.088     0.475     0.000     0.000     0.000
         -2.00    -0.202     0.028     0.475     0.000     0.000     0.000
          0.00     0.000     0.000     0.475     0.000     0.000     0.000
          2.00     0.202    -0.028     0.475     0.000     0.000     0.000
          4.00     0.510    -0.088     0.475     0.000     0.000     0.000
          6.00     0.914    -0.177     0.474     0.000     0.000     0.000
          8.00     1.401    -0.289     0.472     0.000     0.000     0.000
         10.00     1.960    -0.420     0.469     0.000     0.000     0.000

         ALPHA       CL        CD      CL/CD     X-C.P.

        -10.00    -1.849     0.802    -2.304    -0.214
         -8.00    -1.322     0.663    -1.995    -0.206
         -6.00    -0.860     0.567    -1.517    -0.193
         -4.00    -0.476     0.509    -0.935    -0.172
         -2.00    -0.186     0.482    -0.385    -0.138
          0.00     0.000     0.475     0.000    -0.138
          2.00     0.186     0.482     0.385    -0.138
          4.00     0.476     0.509     0.935    -0.172
          6.00     0.860     0.567     1.517    -0.193
          8.00     1.322     0.663     1.995    -0.206
         10.00     1.849     0.802     2.304    -0.214

    X-C.P. MEAS. FROM MOMENT CENTER IN REF. LENGTHS, NEG. AFT OF MOMENT CENTER
1         ***** THE USAF AUTOMATED MISSILE DATCOM * REV 3/99 *****     CASE   1
               AERODYNAMIC METHODS FOR MISSILE CONFIGURATIONS          PAGE  35
                   STATIC AERODYNAMICS FOR BODY-FIN SET 1

       ******* FLIGHT CONDITIONS AND REFERENCE QUANTITIES *******
     MACH NO  =       0.90                REYNOLDS NO = 2.087E+07 /M
     ALTITUDE =        0.0 M         DYNAMIC PRESSURE =  57451.37 N/M**2
     SIDESLIP =       0.00 DEG                   ROLL =      0.00 DEG     
     REF AREA =      0.001 M**2         MOMENT CENTER =     0.250 M
     REF LENGTH =     0.65 M           LAT REF LENGTH =      0.65 M

                   ---------- DERIVATIVES (PER DEGREE) ----------
         ALPHA       CNA         CMA         CYB         CLNB        CLLB
        -10.00      0.2974     -0.0706     -0.1026      0.0081     -0.0003
         -8.00      0.2613     -0.0609     -0.1043      0.0103     -0.0002
         -6.00      0.2226     -0.0501     -0.1043      0.0119      0.0000
         -4.00      0.1779     -0.0372     -0.1000      0.0118      0.0000
         -2.00      0.1275     -0.0220     -0.0929      0.0108      0.0000
          0.00      0.1012     -0.0140     -0.0902      0.0103      0.0000
          2.00      0.1275     -0.0220     -0.0929      0.0108      0.0000
          4.00      0.1779     -0.0372     -0.1000      0.0118      0.0000
          6.00      0.2226     -0.0501     -0.1043      0.0119      0.0000
          8.00      0.2613     -0.0609     -0.1043      0.0103      0.0002
         10.00      0.2974     -0.0706     -0.1026      0.0081      0.0003

    PANEL DEFLECTION ANGLES (DEGREES)
    SET    FIN 1   FIN 2   FIN 3   FIN 4   FIN 5   FIN 6   FIN 7   FIN 8
      1    0.00    0.00    0.00    0.00
1         ***** THE USAF AUTOMATED MISSILE DATCOM * REV 3/99 *****     CASE   1
               AERODYNAMIC METHODS FOR MISSILE CONFIGURATIONS          PAGE  36
                             BODY ALONE PARTIAL OUTPUT

       ******* FLIGHT CONDITIONS AND REFERENCE QUANTITIES *******
     MACH NO  =       1.10                REYNOLDS NO = 2.550E+07 /M
     ALTITUDE =        0.0 M         DYNAMIC PRESSURE =  85822.41 N/M**2
     SIDESLIP =       0.00 DEG                   ROLL =      0.00 DEG     
     REF AREA =      0.001 M**2         MOMENT CENTER =     0.250 M
     REF LENGTH =     0.65 M           LAT REF LENGTH =      0.65 M

      ALPHA    CA-FRIC  CA-PRES/WAVE CA-BASE    CA-PROT     CA-SEP     CA-ALP
     -10.00     0.1661     0.1222     0.2013                           0.0019
      -8.00     0.1679     0.1235     0.2021                           0.0019
      -6.00     0.1694     0.1246     0.2027                           0.0014
      -4.00     0.1704     0.1253     0.2031                           0.0007
      -2.00     0.1710     0.1258     0.2032                           0.0002
       0.00     0.1712     0.1260     0.2030                           0.0000
       2.00     0.1710     0.1258     0.2032                           0.0002
       4.00     0.1704     0.1253     0.2031                           0.0007
       6.00     0.1694     0.1246     0.2027                           0.0014
       8.00     0.1679     0.1235     0.2021                           0.0019
      10.00     0.1661     0.1222     0.2013                           0.0019

                     CROSS FLOW DRAG PROPORTIONALITY FACTOR = 0.97277

      ALPHA    CN-POTEN  CN-VISC   CN-SEP    CM-POTEN  CM-VISC   CM-SEP    CDC
     -10.00    -0.505    -0.533              -0.037     0.081             0.857
      -8.00    -0.407    -0.333              -0.030     0.051             0.834
      -6.00    -0.308    -0.183              -0.022     0.028             0.810
      -4.00    -0.206    -0.079              -0.015     0.012             0.787
      -2.00    -0.103    -0.019              -0.008     0.003             0.764
       0.00     0.000     0.000               0.000     0.000             0.740
       2.00     0.103     0.019               0.008    -0.003             0.764
       4.00     0.206     0.079               0.015    -0.012             0.787
       6.00     0.308     0.183               0.022    -0.028             0.810
       8.00     0.407     0.333               0.030    -0.051             0.834
      10.00     0.505     0.533               0.037    -0.081             0.857
1         ***** THE USAF AUTOMATED MISSILE DATCOM * REV 3/99 *****     CASE   1
               AERODYNAMIC METHODS FOR MISSILE CONFIGURATIONS          PAGE  37
                        FIN SET 1 CA PARTIAL OUTPUT

       ******* FLIGHT CONDITIONS AND REFERENCE QUANTITIES *******
     MACH NO  =       1.10                REYNOLDS NO = 2.550E+07 /M
     ALTITUDE =        0.0 M         DYNAMIC PRESSURE =  85822.41 N/M**2
     SIDESLIP =       0.00 DEG                   ROLL =      0.00 DEG     
     REF AREA =      0.001 M**2         MOMENT CENTER =     0.250 M
     REF LENGTH =     0.65 M           LAT REF LENGTH =      0.65 M

    SINGLE FIN PANEL ZERO-LIFT AXIAL FORCE COMPONENTS

    SKIN FRICTION        0.0124
    SUBSONIC PRESSURE    0.0005
    TRANSONIC WAVE       0.0000
    SUPERSONIC WAVE      0.0284
    LEADING EDGE         0.0000
    TRAILING EDGE        0.0000
    TOTAL CAO            0.0413

    FIN AXIAL FORCE DUE TO ANGLE OF ATTACK

    ALPHA      CA DUE TO LIFT (SINGLE PANEL)   CA-TOTAL (4 FINS)

     -10.00              0.0000                      0.1625
      -8.00              0.0000                      0.1634
      -6.00              0.0000                      0.1641
      -4.00              0.0000                      0.1646
      -2.00              0.0000                      0.1649
       0.00              0.0000                      0.1650
       2.00              0.0000                      0.1649
       4.00              0.0000                      0.1646
       6.00              0.0000                      0.1641
       8.00              0.0000                      0.1634
      10.00              0.0000                      0.1625
1         ***** THE USAF AUTOMATED MISSILE DATCOM * REV 3/99 *****     CASE   1
               AERODYNAMIC METHODS FOR MISSILE CONFIGURATIONS          PAGE  38
                       FIN SET 1 CN, CM PARTIAL OUTPUT

       ******* FLIGHT CONDITIONS AND REFERENCE QUANTITIES *******
     MACH NO  =       1.10                REYNOLDS NO = 2.550E+07 /M
     ALTITUDE =        0.0 M         DYNAMIC PRESSURE =  85822.41 N/M**2
     SIDESLIP =       0.00 DEG                   ROLL =      0.00 DEG     
     REF AREA =      0.001 M**2         MOMENT CENTER =     0.250 M
     REF LENGTH =     0.65 M           LAT REF LENGTH =      0.65 M

    NORMAL FORCE SLOPE AT ALPHA ZERO, CNA =    0.00491/DEG (1 PANEL)
         CENTER OF PRESSURE FOR LINEAR CN =   -0.45292 (CALIBERS FROM C.G.)
     CENTER OF PRESSURE FOR NON-LINEAR CN =   -0.44615 (CALIBERS FROM C.G.)

      ALPHA      CN        CN        CN        CM        CM        CM
               LINEAR  NON-LINEAR  TOTAL     LINEAR  NON-LINEAR  TOTAL

     -10.00   -0.0963   -0.1453   -0.2416    0.0436    0.0648    0.1084
      -8.00   -0.0776   -0.0935   -0.1711    0.0351    0.0417    0.0768
      -6.00   -0.0585   -0.0528   -0.1113    0.0265    0.0236    0.0501
      -4.00   -0.0392   -0.0235   -0.0627    0.0177    0.0105    0.0282
      -2.00   -0.0196   -0.0059   -0.0255    0.0089    0.0026    0.0115
       0.00    0.0000    0.0000    0.0000    0.0000    0.0000    0.0000
       2.00    0.0196    0.0059    0.0255   -0.0089   -0.0026   -0.0115
       4.00    0.0392    0.0235    0.0627   -0.0177   -0.0105   -0.0282
       6.00    0.0585    0.0528    0.1113   -0.0265   -0.0236   -0.0501
       8.00    0.0776    0.0935    0.1711   -0.0351   -0.0417   -0.0768
      10.00    0.0963    0.1453    0.2416   -0.0436   -0.0648   -0.1084
1         ***** THE USAF AUTOMATED MISSILE DATCOM * REV 3/99 *****     CASE   1
               AERODYNAMIC METHODS FOR MISSILE CONFIGURATIONS          PAGE  39
                 AERODYNAMIC FORCE AND MOMENT SYNTHESIS

       ******* FLIGHT CONDITIONS AND REFERENCE QUANTITIES *******
     MACH NO  =       1.10                REYNOLDS NO = 2.550E+07 /M
     ALTITUDE =        0.0 M         DYNAMIC PRESSURE =  85822.41 N/M**2
     SIDESLIP =       0.00 DEG                   ROLL =      0.00 DEG     
     REF AREA =      0.001 M**2         MOMENT CENTER =     0.250 M
     REF LENGTH =     0.65 M           LAT REF LENGTH =      0.65 M

          ---------------FIN SET 1 IN PRESENCE OF THE BODY----------------

      ALPHA       CN         CM         CA         CY         CLN        CLL

     -10.00    -0.4933     0.2234     0.1650     0.0000     0.0000     0.0000
      -8.00    -0.3576     0.1620     0.1650     0.0000     0.0000     0.0000
      -6.00    -0.2344     0.1062     0.1650     0.0000     0.0000     0.0000
      -4.00    -0.1292     0.0585     0.1650     0.0000     0.0000     0.0000
      -2.00    -0.0492     0.0223     0.1650     0.0000     0.0000     0.0000
       0.00     0.0000     0.0000     0.1650     0.0000     0.0000     0.0000
       2.00     0.0492    -0.0223     0.1650     0.0000     0.0000     0.0000
       4.00     0.1292    -0.0585     0.1650     0.0000     0.0000     0.0000
       6.00     0.2344    -0.1062     0.1650     0.0000     0.0000     0.0000
       8.00     0.3576    -0.1620     0.1650     0.0000     0.0000     0.0000
      10.00     0.4933    -0.2234     0.1650     0.0000     0.0000     0.0000
1         ***** THE USAF AUTOMATED MISSILE DATCOM * REV 3/99 *****     CASE   1
               AERODYNAMIC METHODS FOR MISSILE CONFIGURATIONS          PAGE  40
                 AERODYNAMIC FORCE AND MOMENT SYNTHESIS

       ******* FLIGHT CONDITIONS AND REFERENCE QUANTITIES *******
     MACH NO  =       1.10                REYNOLDS NO = 2.550E+07 /M
     ALTITUDE =        0.0 M         DYNAMIC PRESSURE =  85822.41 N/M**2
     SIDESLIP =       0.00 DEG                   ROLL =      0.00 DEG     
     REF AREA =      0.001 M**2         MOMENT CENTER =     0.250 M
     REF LENGTH =     0.65 M           LAT REF LENGTH =      0.65 M

          ---------------FIN SET 1 PANEL CHARACTERISTICS------------------

      ALPHA      PANEL    AEQ (PANEL AXIS SYS.)    PANEL CN

     -10.00        1              0.0000           0.0000
     -10.00        2            -15.6103          -0.2467
     -10.00        3              0.0000           0.0000
     -10.00        4             15.6103           0.2467
 
      -8.00        1              0.0000           0.0000
      -8.00        2            -12.7990          -0.1788
      -8.00        3              0.0000           0.0000
      -8.00        4             12.7990           0.1788
 
      -6.00        1              0.0000           0.0000
      -6.00        2             -9.8101          -0.1172
      -6.00        3              0.0000           0.0000
      -6.00        4              9.8101           0.1172
 
      -4.00        1              0.0000           0.0000
      -4.00        2             -6.6397          -0.0646
      -4.00        3              0.0000           0.0000
      -4.00        4              6.6397           0.0646
 
      -2.00        1              0.0000           0.0000
      -2.00        2             -3.3490          -0.0246
      -2.00        3              0.0000           0.0000
      -2.00        4              3.3490           0.0246
 
       0.00        1              0.0000           0.0000
       0.00        2              0.0000           0.0000
       0.00        3              0.0000           0.0000
       0.00        4              0.0000           0.0000
 
       2.00        1              0.0000           0.0000
       2.00        2              3.3490           0.0246
       2.00        3              0.0000           0.0000
       2.00        4             -3.3490          -0.0246
 
       4.00        1              0.0000           0.0000
       4.00        2              6.6397           0.0646
       4.00        3              0.0000           0.0000
       4.00        4             -6.6397          -0.0646
 
       6.00        1              0.0000           0.0000
       6.00        2              9.8101           0.1172
       6.00        3              0.0000           0.0000
       6.00        4             -9.8101          -0.1172
 
       8.00        1              0.0000           0.0000
       8.00        2             12.7990           0.1788
       8.00        3              0.0000           0.0000
       8.00        4            -12.7990          -0.1788
 
      10.00        1              0.0000           0.0000
      10.00        2             15.6103           0.2467
      10.00        3              0.0000           0.0000
      10.00        4            -15.6103          -0.2467
 
1         ***** THE USAF AUTOMATED MISSILE DATCOM * REV 3/99 *****     CASE   1
               AERODYNAMIC METHODS FOR MISSILE CONFIGURATIONS          PAGE  41
                 AERODYNAMIC FORCE AND MOMENT SYNTHESIS

       ******* FLIGHT CONDITIONS AND REFERENCE QUANTITIES *******
     MACH NO  =       1.10                REYNOLDS NO = 2.550E+07 /M
     ALTITUDE =        0.0 M         DYNAMIC PRESSURE =  85822.41 N/M**2
     SIDESLIP =       0.00 DEG                   ROLL =      0.00 DEG     
     REF AREA =      0.001 M**2         MOMENT CENTER =     0.250 M
     REF LENGTH =     0.65 M           LAT REF LENGTH =      0.65 M

             CARRYOVER INTERFERENCE FACTORS - FIN SET 1

      ALPHA   K-W(B)   K-B(W)  KK-W(B)  KK-B(W)  XCP-W(B) XCP-B(W) Y-CP/(B/2)

     -10.00   1.6165   1.1241   0.9535   0.6600   0.4529   0.3615   0.4280
      -8.00   1.6344   1.1241   0.9535   0.6600   0.4529   0.3615   0.4391
      -6.00   1.6507   1.1241   0.9535   0.6600   0.4529   0.3615   0.4489
      -4.00   1.6647   1.1241   0.9535   0.6600   0.4529   0.3615   0.4573
      -2.00   1.6757   1.1241   0.9535   0.6600   0.4529   0.3615   0.4637
       0.00   1.6818   1.1241   0.9535   0.6600   0.4529   0.3615   0.4676
       2.00   1.6757   1.1241   0.9535   0.6600   0.4529   0.3615   0.4637
       4.00   1.6647   1.1241   0.9535   0.6600   0.4529   0.3615   0.4573
       6.00   1.6507   1.1241   0.9535   0.6600   0.4529   0.3615   0.4489
       8.00   1.6344   1.1241   0.9535   0.6600   0.4529   0.3615   0.4391
      10.00   1.6165   1.1241   0.9535   0.6600   0.4529   0.3615   0.4280

    NOTE - XCP-W(B) USED FOR STABILITY ONLY DIFFERENT VALUES USED FOR HINGE MOMENTS
1         ***** THE USAF AUTOMATED MISSILE DATCOM * REV 3/99 *****     CASE   1
               AERODYNAMIC METHODS FOR MISSILE CONFIGURATIONS          PAGE  42
        FIN SET 1 PANEL BENDING MOMENTS (ABOUT EXPOSED ROOT CHORD)

       ******* FLIGHT CONDITIONS AND REFERENCE QUANTITIES *******
     MACH NO  =       1.10                REYNOLDS NO = 2.550E+07 /M
     ALTITUDE =        0.0 M         DYNAMIC PRESSURE =  85822.41 N/M**2
     SIDESLIP =       0.00 DEG                   ROLL =      0.00 DEG     
     REF AREA =      0.001 M**2         MOMENT CENTER =     0.250 M
     REF LENGTH =     0.65 M           LAT REF LENGTH =      0.65 M

   ALPHA   PANL 1   PANL 2   PANL 3   PANL 4   PANL 5   PANL 6   PANL 7   PANL 8
 
   -10.0  2.16E-12 -1.54E-03 -9.86E-11  1.54E-03
    -8.0  0.00E+00 -1.15E-03 -7.11E-11  1.15E-03
    -6.0  0.00E+00 -7.69E-04 -5.40E-11  7.69E-04
    -4.0  0.00E+00 -4.32E-04 -3.88E-11  4.32E-04
    -2.0  0.00E+00 -1.67E-04 -1.98E-11  1.67E-04
     0.0  0.00E+00  0.00E+00  0.00E+00  0.00E+00
     2.0  0.00E+00  1.67E-04  1.98E-11 -1.67E-04
     4.0  0.00E+00  4.32E-04  3.88E-11 -4.32E-04
     6.0  2.76E-12  7.69E-04  5.68E-11 -7.69E-04
     8.0  2.45E-12  1.15E-03  7.35E-11 -1.15E-03
    10.0 -9.70E-12  1.54E-03  9.11E-11 -1.54E-03
1         ***** THE USAF AUTOMATED MISSILE DATCOM * REV 3/99 *****     CASE   1
               AERODYNAMIC METHODS FOR MISSILE CONFIGURATIONS          PAGE  43
            FIN SET 1 PANEL HINGE MOMENTS (ABOUT HINGE LINE)

       ******* FLIGHT CONDITIONS AND REFERENCE QUANTITIES *******
     MACH NO  =       1.10                REYNOLDS NO = 2.550E+07 /M
     ALTITUDE =        0.0 M         DYNAMIC PRESSURE =  85822.41 N/M**2
     SIDESLIP =       0.00 DEG                   ROLL =      0.00 DEG     
     REF AREA =      0.001 M**2         MOMENT CENTER =     0.250 M
     REF LENGTH =     0.65 M           LAT REF LENGTH =      0.65 M

   ALPHA   PANL 1   PANL 2   PANL 3   PANL 4   PANL 5   PANL 6   PANL 7   PANL 8
 
   -10.0  5.97E-11 -4.07E-02 -2.73E-09  4.07E-02
    -8.0  0.00E+00 -2.99E-02 -1.92E-09  2.99E-02
    -6.0  0.00E+00 -1.99E-02 -1.43E-09  1.99E-02
    -4.0  0.00E+00 -1.11E-02 -1.01E-09  1.11E-02
    -2.0  0.00E+00 -4.24E-03 -5.05E-10  4.24E-03
     0.0  0.00E+00  0.00E+00  0.00E+00  0.00E+00
     2.0  0.00E+00  4.24E-03  5.05E-10 -4.24E-03
     4.0  0.00E+00  1.11E-02  1.01E-09 -1.11E-02
     6.0  7.28E-11  1.99E-02  1.50E-09 -1.99E-02
     8.0  6.62E-11  2.99E-02  1.98E-09 -2.99E-02
    10.0 -2.69E-10  4.07E-02  2.52E-09 -4.07E-02
1         ***** THE USAF AUTOMATED MISSILE DATCOM * REV 3/99 *****     CASE   1
               AERODYNAMIC METHODS FOR MISSILE CONFIGURATIONS          PAGE  44
                   STATIC AERODYNAMICS FOR BODY-FIN SET 1

       ******* FLIGHT CONDITIONS AND REFERENCE QUANTITIES *******
     MACH NO  =       1.10                REYNOLDS NO = 2.550E+07 /M
     ALTITUDE =        0.0 M         DYNAMIC PRESSURE =  85822.41 N/M**2
     SIDESLIP =       0.00 DEG                   ROLL =      0.00 DEG     
     REF AREA =      0.001 M**2         MOMENT CENTER =     0.250 M
     REF LENGTH =     0.65 M           LAT REF LENGTH =      0.65 M

                   ----- LONGITUDINAL -----     -- LATERAL DIRECTIONAL --
         ALPHA       CN        CM        CA        CY       CLN       CLL

        -10.00    -1.875     0.392     0.656     0.000     0.000     0.000
         -8.00    -1.344     0.272     0.661     0.000     0.000     0.000
         -6.00    -0.884     0.169     0.663     0.000     0.000     0.000
         -4.00    -0.502     0.087     0.665     0.000     0.000     0.000
         -2.00    -0.205     0.030     0.665     0.000     0.000     0.000
          0.00     0.000     0.000     0.665     0.000     0.000     0.000
          2.00     0.205    -0.030     0.665     0.000     0.000     0.000
          4.00     0.502    -0.087     0.665     0.000     0.000     0.000
          6.00     0.884    -0.169     0.663     0.000     0.000     0.000
          8.00     1.344    -0.272     0.661     0.000     0.000     0.000
         10.00     1.875    -0.392     0.656     0.000     0.000     0.000

         ALPHA       CL        CD      CL/CD     X-C.P.

        -10.00    -1.732     0.972    -1.782    -0.209
         -8.00    -1.239     0.841    -1.473    -0.202
         -6.00    -0.810     0.752    -1.078    -0.191
         -4.00    -0.454     0.698    -0.651    -0.174
         -2.00    -0.181     0.672    -0.270    -0.145
          0.00     0.000     0.665     0.000    -0.145
          2.00     0.181     0.672     0.270    -0.145
          4.00     0.454     0.698     0.651    -0.174
          6.00     0.810     0.752     1.078    -0.191
          8.00     1.239     0.841     1.473    -0.202
         10.00     1.732     0.972     1.782    -0.209

    X-C.P. MEAS. FROM MOMENT CENTER IN REF. LENGTHS, NEG. AFT OF MOMENT CENTER
1         ***** THE USAF AUTOMATED MISSILE DATCOM * REV 3/99 *****     CASE   1
               AERODYNAMIC METHODS FOR MISSILE CONFIGURATIONS          PAGE  45
                   STATIC AERODYNAMICS FOR BODY-FIN SET 1

       ******* FLIGHT CONDITIONS AND REFERENCE QUANTITIES *******
     MACH NO  =       1.10                REYNOLDS NO = 2.550E+07 /M
     ALTITUDE =        0.0 M         DYNAMIC PRESSURE =  85822.41 N/M**2
     SIDESLIP =       0.00 DEG                   ROLL =      0.00 DEG     
     REF AREA =      0.001 M**2         MOMENT CENTER =     0.250 M
     REF LENGTH =     0.65 M           LAT REF LENGTH =      0.65 M

                   ---------- DERIVATIVES (PER DEGREE) ----------
         ALPHA       CNA         CMA         CYB         CLNB        CLLB
        -10.00      0.2829     -0.0644     -0.1189      0.0110     -0.0003
         -8.00      0.2475     -0.0557     -0.1169      0.0129     -0.0001
         -6.00      0.2106     -0.0462     -0.1135      0.0141      0.0000
         -4.00      0.1698     -0.0349     -0.1063      0.0137      0.0000
         -2.00      0.1253     -0.0218     -0.0971      0.0123      0.0000
          0.00      0.1024     -0.0148     -0.0935      0.0118      0.0000
          2.00      0.1253     -0.0218     -0.0971      0.0123      0.0000
          4.00      0.1698     -0.0349     -0.1063      0.0137      0.0000
          6.00      0.2106     -0.0462     -0.1135      0.0141      0.0000
          8.00      0.2475     -0.0557     -0.1169      0.0129      0.0001
         10.00      0.2829     -0.0644     -0.1189      0.0110      0.0003

    PANEL DEFLECTION ANGLES (DEGREES)
    SET    FIN 1   FIN 2   FIN 3   FIN 4   FIN 5   FIN 6   FIN 7   FIN 8
      1    0.00    0.00    0.00    0.00
1         ***** THE USAF AUTOMATED MISSILE DATCOM * REV 3/99 *****     CASE   1
               AERODYNAMIC METHODS FOR MISSILE CONFIGURATIONS          PAGE  46
                             BODY ALONE PARTIAL OUTPUT

       ******* FLIGHT CONDITIONS AND REFERENCE QUANTITIES *******
     MACH NO  =       1.40                REYNOLDS NO = 3.246E+07 /M
     ALTITUDE =        0.0 M         DYNAMIC PRESSURE = 139018.12 N/M**2
     SIDESLIP =       0.00 DEG                   ROLL =      0.00 DEG     
     REF AREA =      0.001 M**2         MOMENT CENTER =     0.250 M
     REF LENGTH =     0.65 M           LAT REF LENGTH =      0.65 M

      ALPHA    CA-FRIC  CA-PRES/WAVE CA-BASE    CA-PROT     CA-SEP     CA-ALP
     -10.00     0.1534     0.1328     0.1806                           0.0000
      -8.00     0.1551     0.1332     0.1816                           0.0000
      -6.00     0.1565     0.1335     0.1824                           0.0000
      -4.00     0.1574     0.1337     0.1829                           0.0000
      -2.00     0.1580     0.1338     0.1833                           0.0000
       0.00     0.1582     0.1338     0.1834                           0.0000
       2.00     0.1580     0.1338     0.1833                           0.0000
       4.00     0.1574     0.1337     0.1829                           0.0000
       6.00     0.1565     0.1335     0.1824                           0.0000
       8.00     0.1551     0.1332     0.1816                           0.0000
      10.00     0.1534     0.1328     0.1806                           0.0000

                     CROSS FLOW DRAG PROPORTIONALITY FACTOR = 1.00000

      ALPHA    CN-POTEN  CN-VISC   CN-SEP    CM-POTEN  CM-VISC   CM-SEP    CDC
     -10.00    -0.374    -0.591              -0.107     0.090             0.923
      -8.00    -0.302    -0.353              -0.086     0.054             0.859
      -6.00    -0.228    -0.192              -0.065     0.029             0.830
      -4.00    -0.153    -0.083              -0.044     0.013             0.800
      -2.00    -0.077    -0.020              -0.022     0.003             0.770
       0.00     0.000     0.000               0.000     0.000             0.740
       2.00     0.077     0.020               0.022    -0.003             0.770
       4.00     0.153     0.083               0.044    -0.013             0.800
       6.00     0.228     0.192               0.065    -0.029             0.830
       8.00     0.302     0.353               0.086    -0.054             0.859
      10.00     0.374     0.591               0.107    -0.090             0.923
1         ***** THE USAF AUTOMATED MISSILE DATCOM * REV 3/99 *****     CASE   1
               AERODYNAMIC METHODS FOR MISSILE CONFIGURATIONS          PAGE  47
                        FIN SET 1 CA PARTIAL OUTPUT

       ******* FLIGHT CONDITIONS AND REFERENCE QUANTITIES *******
     MACH NO  =       1.40                REYNOLDS NO = 3.246E+07 /M
     ALTITUDE =        0.0 M         DYNAMIC PRESSURE = 139018.12 N/M**2
     SIDESLIP =       0.00 DEG                   ROLL =      0.00 DEG     
     REF AREA =      0.001 M**2         MOMENT CENTER =     0.250 M
     REF LENGTH =     0.65 M           LAT REF LENGTH =      0.65 M

    SINGLE FIN PANEL ZERO-LIFT AXIAL FORCE COMPONENTS

    SKIN FRICTION        0.0114
    SUBSONIC PRESSURE    0.0000
    TRANSONIC WAVE       0.0000
    SUPERSONIC WAVE      0.0144
    LEADING EDGE         0.0000
    TRAILING EDGE        0.0000
    TOTAL CAO            0.0259

    FIN AXIAL FORCE DUE TO ANGLE OF ATTACK

    ALPHA      CA DUE TO LIFT (SINGLE PANEL)   CA-TOTAL (4 FINS)

     -10.00              0.0000                      0.1019
      -8.00              0.0000                      0.1024
      -6.00              0.0000                      0.1029
      -4.00              0.0000                      0.1032
      -2.00              0.0000                      0.1034
       0.00              0.0000                      0.1034
       2.00              0.0000                      0.1034
       4.00              0.0000                      0.1032
       6.00              0.0000                      0.1029
       8.00              0.0000                      0.1024
      10.00              0.0000                      0.1019
1         ***** THE USAF AUTOMATED MISSILE DATCOM * REV 3/99 *****     CASE   1
               AERODYNAMIC METHODS FOR MISSILE CONFIGURATIONS          PAGE  48
                       FIN SET 1 CN, CM PARTIAL OUTPUT

       ******* FLIGHT CONDITIONS AND REFERENCE QUANTITIES *******
     MACH NO  =       1.40                REYNOLDS NO = 3.246E+07 /M
     ALTITUDE =        0.0 M         DYNAMIC PRESSURE = 139018.12 N/M**2
     SIDESLIP =       0.00 DEG                   ROLL =      0.00 DEG     
     REF AREA =      0.001 M**2         MOMENT CENTER =     0.250 M
     REF LENGTH =     0.65 M           LAT REF LENGTH =      0.65 M

    NORMAL FORCE SLOPE AT ALPHA ZERO, CNA =    0.02900/DEG (1 PANEL)
         CENTER OF PRESSURE FOR LINEAR CN =   -0.45292 (CALIBERS FROM C.G.)
     CENTER OF PRESSURE FOR NON-LINEAR CN =   -0.44615 (CALIBERS FROM C.G.)

      ALPHA      CN        CN        CN        CM        CM        CM
               LINEAR  NON-LINEAR  TOTAL     LINEAR  NON-LINEAR  TOTAL

     -10.00   -0.5682   -0.2928   -0.8610    0.2574    0.1306    0.3880
      -8.00   -0.4579   -0.1894   -0.6474    0.2074    0.0845    0.2919
      -6.00   -0.3454   -0.1076   -0.4530    0.1564    0.0480    0.2045
      -4.00   -0.2312   -0.0480   -0.2792    0.1047    0.0214    0.1261
      -2.00   -0.1159   -0.0120   -0.1279    0.0525    0.0054    0.0578
       0.00    0.0000    0.0000    0.0000    0.0000    0.0000    0.0000
       2.00    0.1159    0.0120    0.1279   -0.0525   -0.0054   -0.0578
       4.00    0.2312    0.0480    0.2792   -0.1047   -0.0214   -0.1261
       6.00    0.3454    0.1076    0.4530   -0.1564   -0.0480   -0.2045
       8.00    0.4579    0.1894    0.6474   -0.2074   -0.0845   -0.2919
      10.00    0.5682    0.2928    0.8610   -0.2574   -0.1306   -0.3880
1         ***** THE USAF AUTOMATED MISSILE DATCOM * REV 3/99 *****     CASE   1
               AERODYNAMIC METHODS FOR MISSILE CONFIGURATIONS          PAGE  49
                 AERODYNAMIC FORCE AND MOMENT SYNTHESIS

       ******* FLIGHT CONDITIONS AND REFERENCE QUANTITIES *******
     MACH NO  =       1.40                REYNOLDS NO = 3.246E+07 /M
     ALTITUDE =        0.0 M         DYNAMIC PRESSURE = 139018.12 N/M**2
     SIDESLIP =       0.00 DEG                   ROLL =      0.00 DEG     
     REF AREA =      0.001 M**2         MOMENT CENTER =     0.250 M
     REF LENGTH =     0.65 M           LAT REF LENGTH =      0.65 M

          ---------------FIN SET 1 IN PRESENCE OF THE BODY----------------

      ALPHA       CN         CM         CA         CY         CLN        CLL

     -10.00    -1.5282     0.6922     0.1034     0.0000     0.0000     0.0000
      -8.00    -1.1786     0.5338     0.1034     0.0000     0.0000     0.0000
      -6.00    -0.8351     0.3782     0.1034     0.0000     0.0000     0.0000
      -4.00    -0.5115     0.2317     0.1034     0.0000     0.0000     0.0000
      -2.00    -0.2270     0.1028     0.1034     0.0000     0.0000     0.0000
       0.00     0.0000     0.0000     0.1034     0.0000     0.0000     0.0000
       2.00     0.2270    -0.1028     0.1034     0.0000     0.0000     0.0000
       4.00     0.5115    -0.2317     0.1034     0.0000     0.0000     0.0000
       6.00     0.8351    -0.3782     0.1034     0.0000     0.0000     0.0000
       8.00     1.1786    -0.5338     0.1034     0.0000     0.0000     0.0000
      10.00     1.5282    -0.6922     0.1034     0.0000     0.0000     0.0000
1         ***** THE USAF AUTOMATED MISSILE DATCOM * REV 3/99 *****     CASE   1
               AERODYNAMIC METHODS FOR MISSILE CONFIGURATIONS          PAGE  50
                 AERODYNAMIC FORCE AND MOMENT SYNTHESIS

       ******* FLIGHT CONDITIONS AND REFERENCE QUANTITIES *******
     MACH NO  =       1.40                REYNOLDS NO = 3.246E+07 /M
     ALTITUDE =        0.0 M         DYNAMIC PRESSURE = 139018.12 N/M**2
     SIDESLIP =       0.00 DEG                   ROLL =      0.00 DEG     
     REF AREA =      0.001 M**2         MOMENT CENTER =     0.250 M
     REF LENGTH =     0.65 M           LAT REF LENGTH =      0.65 M

          ---------------FIN SET 1 PANEL CHARACTERISTICS------------------

      ALPHA      PANEL    AEQ (PANEL AXIS SYS.)    PANEL CN

     -10.00        1              0.0000           0.0000
     -10.00        2            -15.4471          -0.7641
     -10.00        3              0.0000           0.0000
     -10.00        4             15.4471           0.7641
 
      -8.00        1              0.0000           0.0000
      -8.00        2            -12.7102          -0.5893
      -8.00        3              0.0000           0.0000
      -8.00        4             12.7102           0.5893
 
      -6.00        1              0.0000           0.0000
      -6.00        2             -9.7666          -0.4176
      -6.00        3              0.0000           0.0000
      -6.00        4              9.7666           0.4176
 
      -4.00        1              0.0000           0.0000
      -4.00        2             -6.6239          -0.2558
      -4.00        3              0.0000           0.0000
      -4.00        4              6.6239           0.2558
 
      -2.00        1              0.0000           0.0000
      -2.00        2             -3.3461          -0.1135
      -2.00        3              0.0000           0.0000
      -2.00        4              3.3461           0.1135
 
       0.00        1              0.0000           0.0000
       0.00        2              0.0000           0.0000
       0.00        3              0.0000           0.0000
       0.00        4              0.0000           0.0000
 
       2.00        1              0.0000           0.0000
       2.00        2              3.3461           0.1135
       2.00        3              0.0000           0.0000
       2.00        4             -3.3461          -0.1135
 
       4.00        1              0.0000           0.0000
       4.00        2              6.6239           0.2558
       4.00        3              0.0000           0.0000
       4.00        4             -6.6239          -0.2558
 
       6.00        1              0.0000           0.0000
       6.00        2              9.7666           0.4176
       6.00        3              0.0000           0.0000
       6.00        4             -9.7666          -0.4176
 
       8.00        1              0.0000           0.0000
       8.00        2             12.7102           0.5893
       8.00        3              0.0000           0.0000
       8.00        4            -12.7102          -0.5893
 
      10.00        1              0.0000           0.0000
      10.00        2             15.4471           0.7641
      10.00        3              0.0000           0.0000
      10.00        4            -15.4471          -0.7641
 
1         ***** THE USAF AUTOMATED MISSILE DATCOM * REV 3/99 *****     CASE   1
               AERODYNAMIC METHODS FOR MISSILE CONFIGURATIONS          PAGE  51
                 AERODYNAMIC FORCE AND MOMENT SYNTHESIS

       ******* FLIGHT CONDITIONS AND REFERENCE QUANTITIES *******
     MACH NO  =       1.40                REYNOLDS NO = 3.246E+07 /M
     ALTITUDE =        0.0 M         DYNAMIC PRESSURE = 139018.12 N/M**2
     SIDESLIP =       0.00 DEG                   ROLL =      0.00 DEG     
     REF AREA =      0.001 M**2         MOMENT CENTER =     0.250 M
     REF LENGTH =     0.65 M           LAT REF LENGTH =      0.65 M

             CARRYOVER INTERFERENCE FACTORS - FIN SET 1

      ALPHA   K-W(B)   K-B(W)  KK-W(B)  KK-B(W)  XCP-W(B) XCP-B(W) Y-CP/(B/2)

     -10.00   1.6020   1.1241   0.9535   0.6600   0.4529   0.3615   0.4387
      -8.00   1.6237   1.1241   0.9535   0.6600   0.4529   0.3615   0.4000
      -6.00   1.6435   1.1241   0.9535   0.6600   0.4529   0.3615   0.3739
      -4.00   1.6607   1.1241   0.9535   0.6600   0.4529   0.3615   0.3908
      -2.00   1.6743   1.1241   0.9535   0.6600   0.4529   0.3615   0.4238
       0.00   1.6818   1.1241   0.9535   0.6600   0.4529   0.3615   0.4571
       2.00   1.6743   1.1241   0.9535   0.6600   0.4529   0.3615   0.4238
       4.00   1.6607   1.1241   0.9535   0.6600   0.4529   0.3615   0.3908
       6.00   1.6435   1.1241   0.9535   0.6600   0.4529   0.3615   0.3739
       8.00   1.6237   1.1241   0.9535   0.6600   0.4529   0.3615   0.4000
      10.00   1.6020   1.1241   0.9535   0.6600   0.4529   0.3615   0.4387

    NOTE - XCP-W(B) USED FOR STABILITY ONLY DIFFERENT VALUES USED FOR HINGE MOMENTS
1         ***** THE USAF AUTOMATED MISSILE DATCOM * REV 3/99 *****     CASE   1
               AERODYNAMIC METHODS FOR MISSILE CONFIGURATIONS          PAGE  52
        FIN SET 1 PANEL BENDING MOMENTS (ABOUT EXPOSED ROOT CHORD)

       ******* FLIGHT CONDITIONS AND REFERENCE QUANTITIES *******
     MACH NO  =       1.40                REYNOLDS NO = 3.246E+07 /M
     ALTITUDE =        0.0 M         DYNAMIC PRESSURE = 139018.12 N/M**2
     SIDESLIP =       0.00 DEG                   ROLL =      0.00 DEG     
     REF AREA =      0.001 M**2         MOMENT CENTER =     0.250 M
     REF LENGTH =     0.65 M           LAT REF LENGTH =      0.65 M

   ALPHA   PANL 1   PANL 2   PANL 3   PANL 4   PANL 5   PANL 6   PANL 7   PANL 8
 
   -10.0  0.00E+00 -4.90E-03 -4.87E-10  4.90E-03
    -8.0  0.00E+00 -3.45E-03 -3.44E-10  3.45E-03
    -6.0  0.00E+00 -2.28E-03 -2.44E-10  2.28E-03
    -4.0  0.00E+00 -1.46E-03 -1.76E-10  1.46E-03
    -2.0  0.00E+00 -7.03E-04 -9.63E-11  7.03E-04
     0.0  0.00E+00  0.00E+00  0.00E+00  0.00E+00
     2.0  0.00E+00  7.03E-04  9.63E-11 -7.03E-04
     4.0  0.00E+00  1.46E-03  1.76E-10 -1.46E-03
     6.0  6.54E-12  2.28E-03  2.51E-10 -2.28E-03
     8.0  1.05E-11  3.45E-03  3.55E-10 -3.45E-03
    10.0 -5.57E-12  4.90E-03  4.82E-10 -4.90E-03
1         ***** THE USAF AUTOMATED MISSILE DATCOM * REV 3/99 *****     CASE   1
               AERODYNAMIC METHODS FOR MISSILE CONFIGURATIONS          PAGE  53
            FIN SET 1 PANEL HINGE MOMENTS (ABOUT HINGE LINE)

       ******* FLIGHT CONDITIONS AND REFERENCE QUANTITIES *******
     MACH NO  =       1.40                REYNOLDS NO = 3.246E+07 /M
     ALTITUDE =        0.0 M         DYNAMIC PRESSURE = 139018.12 N/M**2
     SIDESLIP =       0.00 DEG                   ROLL =      0.00 DEG     
     REF AREA =      0.001 M**2         MOMENT CENTER =     0.250 M
     REF LENGTH =     0.65 M           LAT REF LENGTH =      0.65 M

   ALPHA   PANL 1   PANL 2   PANL 3   PANL 4   PANL 5   PANL 6   PANL 7   PANL 8
 
   -10.0  0.00E+00 -1.10E-01 -1.25E-08  1.10E-01
    -8.0  0.00E+00 -8.76E-02 -9.71E-09  8.76E-02
    -6.0  0.00E+00 -6.41E-02 -7.38E-09  6.41E-02
    -4.0  0.00E+00 -4.04E-02 -5.09E-09  4.04E-02
    -2.0  0.00E+00 -1.84E-02 -2.56E-09  1.84E-02
     0.0  0.00E+00  0.00E+00  0.00E+00  0.00E+00
     2.0  0.00E+00  1.84E-02  2.56E-09 -1.84E-02
     4.0  0.00E+00  4.04E-02  5.09E-09 -4.04E-02
     6.0  1.97E-10  6.41E-02  7.58E-09 -6.41E-02
     8.0  2.95E-10  8.76E-02  1.00E-08 -8.76E-02
    10.0 -1.43E-10  1.10E-01  1.24E-08 -1.10E-01
1         ***** THE USAF AUTOMATED MISSILE DATCOM * REV 3/99 *****     CASE   1
               AERODYNAMIC METHODS FOR MISSILE CONFIGURATIONS          PAGE  54
                   STATIC AERODYNAMICS FOR BODY-FIN SET 1

       ******* FLIGHT CONDITIONS AND REFERENCE QUANTITIES *******
     MACH NO  =       1.40                REYNOLDS NO = 3.246E+07 /M
     ALTITUDE =        0.0 M         DYNAMIC PRESSURE = 139018.12 N/M**2
     SIDESLIP =       0.00 DEG                   ROLL =      0.00 DEG     
     REF AREA =      0.001 M**2         MOMENT CENTER =     0.250 M
     REF LENGTH =     0.65 M           LAT REF LENGTH =      0.65 M

                   ----- LONGITUDINAL -----     -- LATERAL DIRECTIONAL --
         ALPHA       CN        CM        CA        CY       CLN       CLL

        -10.00    -3.565     1.063     0.570     0.000     0.000     0.000
         -8.00    -2.649     0.797     0.573     0.000     0.000     0.000
         -6.00    -1.827     0.549     0.576     0.000     0.000     0.000
         -4.00    -1.093     0.326     0.577     0.000     0.000     0.000
         -2.00    -0.476     0.139     0.579     0.000     0.000     0.000
          0.00     0.000     0.000     0.579     0.000     0.000     0.000
          2.00     0.476    -0.139     0.579     0.000     0.000     0.000
          4.00     1.093    -0.326     0.577     0.000     0.000     0.000
          6.00     1.827    -0.549     0.576     0.000     0.000     0.000
          8.00     2.649    -0.797     0.573     0.000     0.000     0.000
         10.00     3.565    -1.063     0.570     0.000     0.000     0.000

         ALPHA       CL        CD      CL/CD     X-C.P.

        -10.00    -3.412     1.181    -2.890    -0.298
         -8.00    -2.544     0.936    -2.716    -0.301
         -6.00    -1.756     0.764    -2.300    -0.301
         -4.00    -1.050     0.652    -1.610    -0.298
         -2.00    -0.455     0.595    -0.766    -0.292
          0.00     0.000     0.579     0.000    -0.292
          2.00     0.455     0.595     0.766    -0.292
          4.00     1.050     0.652     1.610    -0.298
          6.00     1.756     0.764     2.300    -0.301
          8.00     2.544     0.936     2.716    -0.301
         10.00     3.412     1.181     2.890    -0.298

    X-C.P. MEAS. FROM MOMENT CENTER IN REF. LENGTHS, NEG. AFT OF MOMENT CENTER
1         ***** THE USAF AUTOMATED MISSILE DATCOM * REV 3/99 *****     CASE   1
               AERODYNAMIC METHODS FOR MISSILE CONFIGURATIONS          PAGE  55
                   STATIC AERODYNAMICS FOR BODY-FIN SET 1

       ******* FLIGHT CONDITIONS AND REFERENCE QUANTITIES *******
     MACH NO  =       1.40                REYNOLDS NO = 3.246E+07 /M
     ALTITUDE =        0.0 M         DYNAMIC PRESSURE = 139018.12 N/M**2
     SIDESLIP =       0.00 DEG                   ROLL =      0.00 DEG     
     REF AREA =      0.001 M**2         MOMENT CENTER =     0.250 M
     REF LENGTH =     0.65 M           LAT REF LENGTH =      0.65 M

                   ---------- DERIVATIVES (PER DEGREE) ----------
         ALPHA       CNA         CMA         CYB         CLNB        CLLB
        -10.00      0.4814     -0.1382     -0.1869      0.0362     -0.0013
         -8.00      0.4345     -0.1286     -0.2151      0.0515     -0.0006
         -6.00      0.3889     -0.1177     -0.2340      0.0622     -0.0002
         -4.00      0.3374     -0.1025     -0.2352      0.0655      0.0000
         -2.00      0.2729     -0.0815     -0.2262      0.0644      0.0000
          0.00      0.2379     -0.0695     -0.2228      0.0639      0.0000
          2.00      0.2729     -0.0815     -0.2262      0.0644      0.0000
          4.00      0.3374     -0.1025     -0.2352      0.0655      0.0000
          6.00      0.3889     -0.1177     -0.2340      0.0622      0.0002
          8.00      0.4345     -0.1286     -0.2151      0.0515      0.0006
         10.00      0.4814     -0.1382     -0.1869      0.0362      0.0013

    PANEL DEFLECTION ANGLES (DEGREES)
    SET    FIN 1   FIN 2   FIN 3   FIN 4   FIN 5   FIN 6   FIN 7   FIN 8
      1    0.00    0.00    0.00    0.00

    BODY ALONE LINEAR DATA GENERATED FROM VAN DYKE HYBRID THEORY

1         ***** THE USAF AUTOMATED MISSILE DATCOM * REV 3/99 *****     CASE   1
               AERODYNAMIC METHODS FOR MISSILE CONFIGURATIONS          PAGE  56
                             BODY ALONE PARTIAL OUTPUT

       ******* FLIGHT CONDITIONS AND REFERENCE QUANTITIES *******
     MACH NO  =       2.00                REYNOLDS NO = 4.637E+07 /M
     ALTITUDE =        0.0 M         DYNAMIC PRESSURE = 283710.47 N/M**2
     SIDESLIP =       0.00 DEG                   ROLL =      0.00 DEG     
     REF AREA =      0.001 M**2         MOMENT CENTER =     0.250 M
     REF LENGTH =     0.65 M           LAT REF LENGTH =      0.65 M

      ALPHA    CA-FRIC  CA-PRES/WAVE CA-BASE    CA-PROT     CA-SEP     CA-ALP
     -10.00     0.1316     0.1068     0.1448                           0.0000
      -8.00     0.1331     0.1071     0.1456                           0.0000
      -6.00     0.1342     0.1073     0.1462                           0.0000
      -4.00     0.1350     0.1075     0.1466                           0.0000
      -2.00     0.1355     0.1076     0.1469                           0.0000
       0.00     0.1357     0.1076     0.1470                           0.0000
       2.00     0.1355     0.1076     0.1469                           0.0000
       4.00     0.1350     0.1075     0.1466                           0.0000
       6.00     0.1342     0.1073     0.1462                           0.0000
       8.00     0.1331     0.1071     0.1456                           0.0000
      10.00     0.1316     0.1068     0.1448                           0.0000

                     CROSS FLOW DRAG PROPORTIONALITY FACTOR = 1.00000

      ALPHA    CN-POTEN  CN-VISC   CN-SEP    CM-POTEN  CM-VISC   CM-SEP    CDC
     -10.00    -0.418    -0.685              -0.119     0.105             1.071
      -8.00    -0.338    -0.400              -0.096     0.061             0.973
      -6.00    -0.255    -0.203              -0.073     0.031             0.875
      -4.00    -0.171    -0.085              -0.049     0.013             0.825
      -2.00    -0.086    -0.020              -0.024     0.003             0.783
       0.00     0.000     0.000               0.000     0.000             0.740
       2.00     0.086     0.020               0.024    -0.003             0.783
       4.00     0.171     0.085               0.049    -0.013             0.825
       6.00     0.255     0.203               0.073    -0.031             0.875
       8.00     0.338     0.400               0.096    -0.061             0.973
      10.00     0.418     0.685               0.119    -0.105             1.071
1         ***** THE USAF AUTOMATED MISSILE DATCOM * REV 3/99 *****     CASE   1
               AERODYNAMIC METHODS FOR MISSILE CONFIGURATIONS          PAGE  57
                        FIN SET 1 CA PARTIAL OUTPUT

       ******* FLIGHT CONDITIONS AND REFERENCE QUANTITIES *******
     MACH NO  =       2.00                REYNOLDS NO = 4.637E+07 /M
     ALTITUDE =        0.0 M         DYNAMIC PRESSURE = 283710.47 N/M**2
     SIDESLIP =       0.00 DEG                   ROLL =      0.00 DEG     
     REF AREA =      0.001 M**2         MOMENT CENTER =     0.250 M
     REF LENGTH =     0.65 M           LAT REF LENGTH =      0.65 M

    SINGLE FIN PANEL ZERO-LIFT AXIAL FORCE COMPONENTS

    SKIN FRICTION        0.0098
    SUBSONIC PRESSURE    0.0000
    TRANSONIC WAVE       0.0000
    SUPERSONIC WAVE      0.0089
    LEADING EDGE         0.0000
    TRAILING EDGE        0.0000
    TOTAL CAO            0.0187

    FIN AXIAL FORCE DUE TO ANGLE OF ATTACK

    ALPHA      CA DUE TO LIFT (SINGLE PANEL)   CA-TOTAL (4 FINS)

     -10.00              0.0000                      0.0735
      -8.00              0.0000                      0.0739
      -6.00              0.0000                      0.0743
      -4.00              0.0000                      0.0745
      -2.00              0.0000                      0.0746
       0.00              0.0000                      0.0747
       2.00              0.0000                      0.0746
       4.00              0.0000                      0.0745
       6.00              0.0000                      0.0743
       8.00              0.0000                      0.0739
      10.00              0.0000                      0.0735
1         ***** THE USAF AUTOMATED MISSILE DATCOM * REV 3/99 *****     CASE   1
               AERODYNAMIC METHODS FOR MISSILE CONFIGURATIONS          PAGE  58
                       FIN SET 1 CN, CM PARTIAL OUTPUT

       ******* FLIGHT CONDITIONS AND REFERENCE QUANTITIES *******
     MACH NO  =       2.00                REYNOLDS NO = 4.637E+07 /M
     ALTITUDE =        0.0 M         DYNAMIC PRESSURE = 283710.47 N/M**2
     SIDESLIP =       0.00 DEG                   ROLL =      0.00 DEG     
     REF AREA =      0.001 M**2         MOMENT CENTER =     0.250 M
     REF LENGTH =     0.65 M           LAT REF LENGTH =      0.65 M

    NORMAL FORCE SLOPE AT ALPHA ZERO, CNA =    0.01640/DEG (1 PANEL)
         CENTER OF PRESSURE FOR LINEAR CN =   -0.45292 (CALIBERS FROM C.G.)
     CENTER OF PRESSURE FOR NON-LINEAR CN =   -0.44615 (CALIBERS FROM C.G.)

      ALPHA      CN        CN        CN        CM        CM        CM
               LINEAR  NON-LINEAR  TOTAL     LINEAR  NON-LINEAR  TOTAL

     -10.00   -0.3214   -0.0745   -0.3960    0.1456    0.0333    0.1788
      -8.00   -0.2590   -0.0371   -0.2961    0.1173    0.0165    0.1339
      -6.00   -0.1954   -0.0152   -0.2106    0.0885    0.0068    0.0953
      -4.00   -0.1308   -0.0044   -0.1352    0.0592    0.0020    0.0612
      -2.00   -0.0656   -0.0005   -0.0661    0.0297    0.0002    0.0299
       0.00    0.0000    0.0000    0.0000    0.0000    0.0000    0.0000
       2.00    0.0656    0.0005    0.0661   -0.0297   -0.0002   -0.0299
       4.00    0.1308    0.0044    0.1352   -0.0592   -0.0020   -0.0612
       6.00    0.1954    0.0152    0.2106   -0.0885   -0.0068   -0.0953
       8.00    0.2590    0.0371    0.2961   -0.1173   -0.0165   -0.1339
      10.00    0.3214    0.0745    0.3960   -0.1456   -0.0333   -0.1788
1         ***** THE USAF AUTOMATED MISSILE DATCOM * REV 3/99 *****     CASE   1
               AERODYNAMIC METHODS FOR MISSILE CONFIGURATIONS          PAGE  59
                 AERODYNAMIC FORCE AND MOMENT SYNTHESIS

       ******* FLIGHT CONDITIONS AND REFERENCE QUANTITIES *******
     MACH NO  =       2.00                REYNOLDS NO = 4.637E+07 /M
     ALTITUDE =        0.0 M         DYNAMIC PRESSURE = 283710.47 N/M**2
     SIDESLIP =       0.00 DEG                   ROLL =      0.00 DEG     
     REF AREA =      0.001 M**2         MOMENT CENTER =     0.250 M
     REF LENGTH =     0.65 M           LAT REF LENGTH =      0.65 M

          ---------------FIN SET 1 IN PRESENCE OF THE BODY----------------

      ALPHA       CN         CM         CA         CY         CLN        CLL

     -10.00    -0.7607     0.3445     0.0747     0.0000     0.0000     0.0000
      -8.00    -0.5570     0.2523     0.0747     0.0000     0.0000     0.0000
      -6.00    -0.3830     0.1735     0.0747     0.0000     0.0000     0.0000
      -4.00    -0.2359     0.1068     0.0747     0.0000     0.0000     0.0000
      -2.00    -0.1121     0.0508     0.0747     0.0000     0.0000     0.0000
       0.00     0.0000     0.0000     0.0747     0.0000     0.0000     0.0000
       2.00     0.1121    -0.0508     0.0747     0.0000     0.0000     0.0000
       4.00     0.2359    -0.1068     0.0747     0.0000     0.0000     0.0000
       6.00     0.3830    -0.1735     0.0747     0.0000     0.0000     0.0000
       8.00     0.5570    -0.2523     0.0747     0.0000     0.0000     0.0000
      10.00     0.7607    -0.3445     0.0747     0.0000     0.0000     0.0000
1         ***** THE USAF AUTOMATED MISSILE DATCOM * REV 3/99 *****     CASE   1
               AERODYNAMIC METHODS FOR MISSILE CONFIGURATIONS          PAGE  60
                 AERODYNAMIC FORCE AND MOMENT SYNTHESIS

       ******* FLIGHT CONDITIONS AND REFERENCE QUANTITIES *******
     MACH NO  =       2.00                REYNOLDS NO = 4.637E+07 /M
     ALTITUDE =        0.0 M         DYNAMIC PRESSURE = 283710.47 N/M**2
     SIDESLIP =       0.00 DEG                   ROLL =      0.00 DEG     
     REF AREA =      0.001 M**2         MOMENT CENTER =     0.250 M
     REF LENGTH =     0.65 M           LAT REF LENGTH =      0.65 M

          ---------------FIN SET 1 PANEL CHARACTERISTICS------------------

      ALPHA      PANEL    AEQ (PANEL AXIS SYS.)    PANEL CN

     -10.00        1              0.0000           0.0000
     -10.00        2            -15.3684          -0.3804
     -10.00        3              0.0000           0.0000
     -10.00        4             15.3684           0.3804
 
      -8.00        1              0.0000           0.0000
      -8.00        2            -12.6749          -0.2785
      -8.00        3              0.0000           0.0000
      -8.00        4             12.6749           0.2785
 
      -6.00        1              0.0000           0.0000
      -6.00        2             -9.7575          -0.1915
      -6.00        3              0.0000           0.0000
      -6.00        4              9.7575           0.1915
 
      -4.00        1              0.0000           0.0000
      -4.00        2             -6.6220          -0.1179
      -4.00        3              0.0000           0.0000
      -4.00        4              6.6220           0.1179
 
      -2.00        1              0.0000           0.0000
      -2.00        2             -3.3458          -0.0560
      -2.00        3              0.0000           0.0000
      -2.00        4              3.3458           0.0560
 
       0.00        1              0.0000           0.0000
       0.00        2              0.0000           0.0000
       0.00        3              0.0000           0.0000
       0.00        4              0.0000           0.0000
 
       2.00        1              0.0000           0.0000
       2.00        2              3.3458           0.0560
       2.00        3              0.0000           0.0000
       2.00        4             -3.3458          -0.0560
 
       4.00        1              0.0000           0.0000
       4.00        2              6.6220           0.1179
       4.00        3              0.0000           0.0000
       4.00        4             -6.6220          -0.1179
 
       6.00        1              0.0000           0.0000
       6.00        2              9.7575           0.1915
       6.00        3              0.0000           0.0000
       6.00        4             -9.7575          -0.1915
 
       8.00        1              0.0000           0.0000
       8.00        2             12.6749           0.2785
       8.00        3              0.0000           0.0000
       8.00        4            -12.6749          -0.2785
 
      10.00        1              0.0000           0.0000
      10.00        2             15.3684           0.3804
      10.00        3              0.0000           0.0000
      10.00        4            -15.3684          -0.3804
 
1         ***** THE USAF AUTOMATED MISSILE DATCOM * REV 3/99 *****     CASE   1
               AERODYNAMIC METHODS FOR MISSILE CONFIGURATIONS          PAGE  61
                 AERODYNAMIC FORCE AND MOMENT SYNTHESIS

       ******* FLIGHT CONDITIONS AND REFERENCE QUANTITIES *******
     MACH NO  =       2.00                REYNOLDS NO = 4.637E+07 /M
     ALTITUDE =        0.0 M         DYNAMIC PRESSURE = 283710.47 N/M**2
     SIDESLIP =       0.00 DEG                   ROLL =      0.00 DEG     
     REF AREA =      0.001 M**2         MOMENT CENTER =     0.250 M
     REF LENGTH =     0.65 M           LAT REF LENGTH =      0.65 M

             CARRYOVER INTERFERENCE FACTORS - FIN SET 1

      ALPHA   K-W(B)   K-B(W)  KK-W(B)  KK-B(W)  XCP-W(B) XCP-B(W) Y-CP/(B/2)

     -10.00   1.6002   1.1241   0.9535   0.6600   0.4529   0.3615   0.3981
      -8.00   1.6224   1.1241   0.9535   0.6600   0.4529   0.3615   0.4038
      -6.00   1.6426   1.1241   0.9535   0.6600   0.4529   0.3615   0.4106
      -4.00   1.6602   1.1241   0.9535   0.6600   0.4529   0.3615   0.4308
      -2.00   1.6741   1.1241   0.9535   0.6600   0.4529   0.3615   0.4478
       0.00   1.6818   1.1241   0.9535   0.6600   0.4529   0.3615   0.4632
       2.00   1.6741   1.1241   0.9535   0.6600   0.4529   0.3615   0.4478
       4.00   1.6602   1.1241   0.9535   0.6600   0.4529   0.3615   0.4308
       6.00   1.6426   1.1241   0.9535   0.6600   0.4529   0.3615   0.4106
       8.00   1.6224   1.1241   0.9535   0.6600   0.4529   0.3615   0.4038
      10.00   1.6002   1.1241   0.9535   0.6600   0.4529   0.3615   0.3981

    NOTE - XCP-W(B) USED FOR STABILITY ONLY DIFFERENT VALUES USED FOR HINGE MOMENTS
1         ***** THE USAF AUTOMATED MISSILE DATCOM * REV 3/99 *****     CASE   1
               AERODYNAMIC METHODS FOR MISSILE CONFIGURATIONS          PAGE  62
        FIN SET 1 PANEL BENDING MOMENTS (ABOUT EXPOSED ROOT CHORD)

       ******* FLIGHT CONDITIONS AND REFERENCE QUANTITIES *******
     MACH NO  =       2.00                REYNOLDS NO = 4.637E+07 /M
     ALTITUDE =        0.0 M         DYNAMIC PRESSURE = 283710.47 N/M**2
     SIDESLIP =       0.00 DEG                   ROLL =      0.00 DEG     
     REF AREA =      0.001 M**2         MOMENT CENTER =     0.250 M
     REF LENGTH =     0.65 M           LAT REF LENGTH =      0.65 M

   ALPHA   PANL 1   PANL 2   PANL 3   PANL 4   PANL 5   PANL 6   PANL 7   PANL 8
 
   -10.0  0.00E+00 -2.21E-03 -2.33E-10  2.21E-03
    -8.0  0.00E+00 -1.64E-03 -1.91E-10  1.64E-03
    -6.0  0.00E+00 -1.15E-03 -1.47E-10  1.15E-03
    -4.0  0.00E+00 -7.43E-04 -1.04E-10  7.43E-04
    -2.0  0.00E+00 -3.67E-04 -5.43E-11  3.67E-04
     0.0  0.00E+00  0.00E+00  0.00E+00  0.00E+00
     2.0  0.00E+00  3.67E-04  5.43E-11 -3.67E-04
     4.0  0.00E+00  7.43E-04  1.04E-10 -7.43E-04
     6.0  0.00E+00  1.15E-03  1.47E-10 -1.15E-03
     8.0  0.00E+00  1.64E-03  1.91E-10 -1.64E-03
    10.0  0.00E+00  2.21E-03  2.33E-10 -2.21E-03
1         ***** THE USAF AUTOMATED MISSILE DATCOM * REV 3/99 *****     CASE   1
               AERODYNAMIC METHODS FOR MISSILE CONFIGURATIONS          PAGE  63
            FIN SET 1 PANEL HINGE MOMENTS (ABOUT HINGE LINE)

       ******* FLIGHT CONDITIONS AND REFERENCE QUANTITIES *******
     MACH NO  =       2.00                REYNOLDS NO = 4.637E+07 /M
     ALTITUDE =        0.0 M         DYNAMIC PRESSURE = 283710.47 N/M**2
     SIDESLIP =       0.00 DEG                   ROLL =      0.00 DEG     
     REF AREA =      0.001 M**2         MOMENT CENTER =     0.250 M
     REF LENGTH =     0.65 M           LAT REF LENGTH =      0.65 M

   ALPHA   PANL 1   PANL 2   PANL 3   PANL 4   PANL 5   PANL 6   PANL 7   PANL 8
 
   -10.0  0.00E+00 -5.46E-02 -6.53E-09  5.46E-02
    -8.0  0.00E+00 -4.15E-02 -5.28E-09  4.15E-02
    -6.0  0.00E+00 -2.94E-02 -4.00E-09  2.94E-02
    -4.0  0.00E+00 -1.85E-02 -2.69E-09  1.85E-02
    -2.0  0.00E+00 -8.98E-03 -1.35E-09  8.98E-03
     0.0  0.00E+00  0.00E+00  0.00E+00  0.00E+00
     2.0  0.00E+00  8.98E-03  1.35E-09 -8.98E-03
     4.0  0.00E+00  1.85E-02  2.69E-09 -1.85E-02
     6.0  0.00E+00  2.94E-02  4.00E-09 -2.94E-02
     8.0  0.00E+00  4.15E-02  5.28E-09 -4.15E-02
    10.0  0.00E+00  5.46E-02  6.53E-09 -5.46E-02
1         ***** THE USAF AUTOMATED MISSILE DATCOM * REV 3/99 *****     CASE   1
               AERODYNAMIC METHODS FOR MISSILE CONFIGURATIONS          PAGE  64
                   STATIC AERODYNAMICS FOR BODY-FIN SET 1

       ******* FLIGHT CONDITIONS AND REFERENCE QUANTITIES *******
     MACH NO  =       2.00                REYNOLDS NO = 4.637E+07 /M
     ALTITUDE =        0.0 M         DYNAMIC PRESSURE = 283710.47 N/M**2
     SIDESLIP =       0.00 DEG                   ROLL =      0.00 DEG     
     REF AREA =      0.001 M**2         MOMENT CENTER =     0.250 M
     REF LENGTH =     0.65 M           LAT REF LENGTH =      0.65 M

                   ----- LONGITUDINAL -----     -- LATERAL DIRECTIONAL --
         ALPHA       CN        CM        CA        CY       CLN       CLL

        -10.00    -2.399     0.523     0.458     0.000     0.000     0.000
         -8.00    -1.681     0.356     0.460     0.000     0.000     0.000
         -6.00    -1.103     0.226     0.462     0.000     0.000     0.000
         -4.00    -0.652     0.129     0.464     0.000     0.000     0.000
         -2.00    -0.293     0.057     0.465     0.000     0.000     0.000
          0.00     0.000     0.000     0.465     0.000     0.000     0.000
          2.00     0.293    -0.057     0.465     0.000     0.000     0.000
          4.00     0.652    -0.129     0.464     0.000     0.000     0.000
          6.00     1.103    -0.226     0.462     0.000     0.000     0.000
          8.00     1.681    -0.356     0.460     0.000     0.000     0.000
         10.00     2.399    -0.523     0.458     0.000     0.000     0.000

         ALPHA       CL        CD      CL/CD     X-C.P.

        -10.00    -2.283     0.867    -2.632    -0.218
         -8.00    -1.600     0.690    -2.320    -0.212
         -6.00    -1.049     0.575    -1.823    -0.205
         -4.00    -0.618     0.508    -1.216    -0.198
         -2.00    -0.277     0.475    -0.583    -0.193
          0.00     0.000     0.465     0.000    -0.193
          2.00     0.277     0.475     0.583    -0.193
          4.00     0.618     0.508     1.216    -0.198
          6.00     1.049     0.575     1.823    -0.205
          8.00     1.600     0.690     2.320    -0.212
         10.00     2.283     0.867     2.632    -0.218

    X-C.P. MEAS. FROM MOMENT CENTER IN REF. LENGTHS, NEG. AFT OF MOMENT CENTER
1         ***** THE USAF AUTOMATED MISSILE DATCOM * REV 3/99 *****     CASE   1
               AERODYNAMIC METHODS FOR MISSILE CONFIGURATIONS          PAGE  65
                   STATIC AERODYNAMICS FOR BODY-FIN SET 1

       ******* FLIGHT CONDITIONS AND REFERENCE QUANTITIES *******
     MACH NO  =       2.00                REYNOLDS NO = 4.637E+07 /M
     ALTITUDE =        0.0 M         DYNAMIC PRESSURE = 283710.47 N/M**2
     SIDESLIP =       0.00 DEG                   ROLL =      0.00 DEG     
     REF AREA =      0.001 M**2         MOMENT CENTER =     0.250 M
     REF LENGTH =     0.65 M           LAT REF LENGTH =      0.65 M

                   ---------- DERIVATIVES (PER DEGREE) ----------
         ALPHA       CNA         CMA         CYB         CLNB        CLLB
        -10.00      0.3944     -0.0923     -0.1664      0.0222     -0.0004
         -8.00      0.3235     -0.0741     -0.1669      0.0268     -0.0002
         -6.00      0.2570     -0.0569     -0.1639      0.0294     -0.0001
         -4.00      0.2024     -0.0425     -0.1564      0.0294      0.0000
         -2.00      0.1629     -0.0322     -0.1464      0.0279      0.0000
          0.00      0.1466     -0.0283     -0.1426      0.0274      0.0000
          2.00      0.1629     -0.0322     -0.1464      0.0279      0.0000
          4.00      0.2024     -0.0425     -0.1564      0.0294      0.0000
          6.00      0.2570     -0.0569     -0.1639      0.0294      0.0001
          8.00      0.3235     -0.0741     -0.1669      0.0268      0.0002
         10.00      0.3944     -0.0923     -0.1664      0.0222      0.0004

    PANEL DEFLECTION ANGLES (DEGREES)
    SET    FIN 1   FIN 2   FIN 3   FIN 4   FIN 5   FIN 6   FIN 7   FIN 8
      1    0.00    0.00    0.00    0.00

    BODY ALONE LINEAR DATA GENERATED FROM VAN DYKE HYBRID THEORY

    *** END OF JOB ***
