1         ***** THE USAF AUTOMATED MISSILE DATCOM * REV 3/99 *****
               AERODYNAMIC METHODS FOR MISSILE CONFIGURATIONS     

    CONERR - INPUT ERROR CHECKING

    ERROR CODES - N* DENOTES THE NUMBER OF OCCURENCES OF EACH ERROR
    A - UNKNOWN VARIABLE NAME
    B - MISSING EQUAL SIGN FOLLOWING VARIABLE NAME
    C - NON-ARRAY VARIABLE HAS AN ARRAY ELEMENTDESIGNATION - (N)
    D - NON-ARRAY VARIABLE HAS MULTIPLE VALUES ASSIGNED
    E - ASSIGNED VALUES EXCEED ARRAY DIMENSION
    F - SYNTAX ERROR

    ************************* INPUT DATA CARDS *************************

   1 DIM M                                                                           
      2 ** BLANK CARD - IGNORED
   3  $FLTCON  NALPHA=11.,NMACH=6.,                                                  
   4           MACH=0.3000,0.6000,0.9000,1.1000,1.4000,2.0000,                       
   5           ALPHA=-10.0,-8.0,-6.0,-4.0,-2.0,0.0,2.0,4.0,6.0,8.0,10.0,$            
      6 ** BLANK CARD - IGNORED
   7  $REFQ    XCG=0.1980,                                                           
   8           SREF=0.0010179,                                                       
   9           LREF=0.6000,                                                          
  10           RHR=0.,$                                                              
     11 ** BLANK CARD - IGNORED
  12  $AXIBOD  X0=0.00,                                                              
  13           TNOSE=OGIVE,                                                          
               ** SUBSTITUTING NUMERIC FOR NAME OGIVE
  14           LNOSE=0.1050,                                                         
  15           DNOSE=0.0360,                                                         
  16           BNOSE=0.0,                                                            
  17           TRUNC=.FALSE.,                                                        
  18           LCENTR=0.4950,                                                        
  19           DCENTR=0.0360,                                                        
  20           TAFT=CONE,                                                            
               ** SUBSTITUTING NUMERIC FOR NAME CONE
  21           LAFT=0.0000,                                                          
  22           DAFT=0.0360,                                                          
  23           DEXIT=0.0000,$                                                        
     24 ** BLANK CARD - IGNORED
  25  $FINSET1 XLE=0.4000,0.4000,NPANEL=8.,                                          
  26           SSPAN=0.0180,0.0275,                                                  
  27           CHORD=0.2000,0.2000,                                                  
  28           LER=2*0.0,                                                            
  29           PHIF=0.0,45.0,90.0,135.0,180.0,225.0,270.0,315.0,                     
  30           GAM=2.6667,2.6667,2.6667,2.6667,2.6667,2.6667,2.6667,2.6667,          
  31           SECTYP=HEX,                                                           
               ** SUBSTITUTING NUMERIC FOR NAME HEX
  32           ZUPPER=0.025000,0.025000,                                             
  33           LMAXU=0.4,0.4,                                                        
  34           LFLATU=0.2,0.2,$                                                      
     35 ** BLANK CARD - IGNORED
  36  $DEFLCT  DELTA1=2.6667,2.6667,2.6667,2.6667,2.6667,2.6667,2.6667,2.6667,       
  37           XHINGE=0.5500,$                                                       
     38 ** BLANK CARD - IGNORED
  39 PART                                                                            
  40 NEXT CASE                                                                       
1         ***** THE USAF AUTOMATED MISSILE DATCOM * REV 3/99 *****     CASE   1
               AERODYNAMIC METHODS FOR MISSILE CONFIGURATIONS          PAGE   1
    CASE INPUTS
    FOLLOWING ARE THE CARDS INPUT FOR THIS CASE

 DIM M                                                                           
  $FLTCON  NALPHA=11.,NMACH=6.,                                                  
           MACH=0.3000,0.6000,0.9000,1.1000,1.4000,2.0000,                       
           ALPHA=-10.0,-8.0,-6.0,-4.0,-2.0,0.0,2.0,4.0,6.0,8.0,10.0,$            
  $REFQ    XCG=0.1980,                                                           
           SREF=0.0010179,                                                       
           LREF=0.6000,                                                          
           RHR=0.,$                                                              
  $AXIBOD  X0=0.00,                                                              
           TNOSE=1.,                                                             
           LNOSE=0.1050,                                                         
           DNOSE=0.0360,                                                         
           BNOSE=0.0,                                                            
           TRUNC=.FALSE.,                                                        
           LCENTR=0.4950,                                                        
           DCENTR=0.0360,                                                        
           TAFT=0.,                                                              
           LAFT=0.0000,                                                          
           DAFT=0.0360,                                                          
           DEXIT=0.0000,$                                                        
  $FINSET1 XLE=0.4000,0.4000,NPANEL=8.,                                          
           SSPAN=0.0180,0.0275,                                                  
           CHORD=0.2000,0.2000,                                                  
           LER=2*0.0,                                                            
           PHIF=0.0,45.0,90.0,135.0,180.0,225.0,270.0,315.0,                     
           GAM=2.6667,2.6667,2.6667,2.6667,2.6667,2.6667,2.6667,2.6667,          
           SECTYP=0.,                                                            
           ZUPPER=0.025000,0.025000,                                             
           LMAXU=0.4,0.4,                                                        
           LFLATU=0.2,0.2,$                                                      
  $DEFLCT  DELTA1=2.6667,2.6667,2.6667,2.6667,2.6667,2.6667,2.6667,2.6667,       
           XHINGE=0.5500,$                                                       
 PART                                                                            
 NEXT CASE                                                                       
    * WARNING * THE REYNOLDS NUMBER IS NOT DEFINED, FOR INPUT SPEED  1
                SEA LEVEL ALTITUDE ASSUMED
    * WARNING * THE REYNOLDS NUMBER IS NOT DEFINED, FOR INPUT SPEED  2
                SEA LEVEL ALTITUDE ASSUMED
    * WARNING * THE REYNOLDS NUMBER IS NOT DEFINED, FOR INPUT SPEED  3
                SEA LEVEL ALTITUDE ASSUMED
    * WARNING * THE REYNOLDS NUMBER IS NOT DEFINED, FOR INPUT SPEED  4
                SEA LEVEL ALTITUDE ASSUMED
    * WARNING * THE REYNOLDS NUMBER IS NOT DEFINED, FOR INPUT SPEED  5
                SEA LEVEL ALTITUDE ASSUMED
    * WARNING * THE REYNOLDS NUMBER IS NOT DEFINED, FOR INPUT SPEED  6
                SEA LEVEL ALTITUDE ASSUMED
    THE BOUNDARY LAYER IS ASSUMED TO BE TURBULENT
    THE INPUT UNITS ARE IN METERS, THE SCALE FACTOR IS   1.0000
1         ***** THE USAF AUTOMATED MISSILE DATCOM * REV 3/99 *****     CASE   1
               AERODYNAMIC METHODS FOR MISSILE CONFIGURATIONS          PAGE   2
                        AXISYMMETRIC BODY DEFINITION

                             NOSE   CENTERBODY     AFT BODY        TOTAL
    SHAPE                   OGIVE     CYLINDER     --------
    LENGTH                  0.105        0.495        0.000        0.600   M
    FINENESS RATIO          2.917       13.750        0.000       16.667
    PLANFORM AREA           0.003        0.018        0.000        0.020   M**2
    AREA CENTROID           0.065        0.353        0.000        0.317   M
    WETTED AREA             0.008        0.056        0.000        0.064   M**2
    VOLUME                  0.000        0.001        0.000        0.001   M**3
    VOL. CENTROID           0.072        0.352        0.000        0.324   M

                              MOLD LINE CONTOUR

     LONGITUDINAL STATIONS    0.0000     0.0105     0.0210     0.0315     0.0420 
        0.0525     0.0630     0.0735     0.0840     0.0945     0.1050     0.1545 
        0.2040     0.2535     0.3030     0.3525     0.4020     0.4515     0.5010 
        0.5505     0.6000*

                BODY RADII    0.0000     0.0035     0.0066     0.0093     0.0116 
        0.0136     0.0152     0.0164     0.0173     0.0178     0.0180     0.0180 
        0.0180     0.0180     0.0180     0.0180     0.0180     0.0180     0.0180 
        0.0180     0.0180*
    NOTE - * INDICATES SLOPE DISCONTINUOUS POINTS
1         ***** THE USAF AUTOMATED MISSILE DATCOM * REV 3/99 *****     CASE   1
               AERODYNAMIC METHODS FOR MISSILE CONFIGURATIONS          PAGE   3
                         FIN SET NUMBER 1 AIRFOIL SECTION

                                  NACA S-3-40.0-05.0-20.0

         X/C     X-UPPER   Y-UPPER   X-LOWER   Y-LOWER  MEAN LINE  THICKNESS

       0.00000   0.00000   0.00000   0.00000   0.00000   0.00000   0.00000
       0.00100   0.00100   0.00006   0.00100  -0.00006   0.00000   0.00013
       0.00200   0.00200   0.00013   0.00200  -0.00013   0.00000   0.00025
       0.00300   0.00300   0.00019   0.00300  -0.00019   0.00000   0.00038
       0.00400   0.00400   0.00025   0.00400  -0.00025   0.00000   0.00050
       0.00500   0.00500   0.00031   0.00500  -0.00031   0.00000   0.00063
       0.00600   0.00600   0.00038   0.00600  -0.00038   0.00000   0.00075
       0.00800   0.00800   0.00050   0.00800  -0.00050   0.00000   0.00100
       0.01000   0.01000   0.00063   0.01000  -0.00063   0.00000   0.00125
       0.02000   0.02000   0.00125   0.02000  -0.00125   0.00000   0.00250
       0.03000   0.03000   0.00187   0.03000  -0.00187   0.00000   0.00375
       0.04000   0.04000   0.00250   0.04000  -0.00250   0.00000   0.00500
       0.05000   0.05000   0.00312   0.05000  -0.00312   0.00000   0.00625
       0.06000   0.06000   0.00375   0.06000  -0.00375   0.00000   0.00750
       0.08000   0.08000   0.00500   0.08000  -0.00500   0.00000   0.01000
       0.10000   0.10000   0.00625   0.10000  -0.00625   0.00000   0.01250
       0.12000   0.12000   0.00750   0.12000  -0.00750   0.00000   0.01500
       0.14000   0.14000   0.00875   0.14000  -0.00875   0.00000   0.01750
       0.16000   0.16000   0.01000   0.16000  -0.01000   0.00000   0.02000
       0.18000   0.18000   0.01125   0.18000  -0.01125   0.00000   0.02250
       0.20000   0.20000   0.01250   0.20000  -0.01250   0.00000   0.02500
       0.22000   0.22000   0.01375   0.22000  -0.01375   0.00000   0.02750
       0.24000   0.24000   0.01500   0.24000  -0.01500   0.00000   0.03000
       0.26000   0.26000   0.01625   0.26000  -0.01625   0.00000   0.03250
       0.28000   0.28000   0.01750   0.28000  -0.01750   0.00000   0.03500
       0.30000   0.30000   0.01875   0.30000  -0.01875   0.00000   0.03750
       0.32000   0.32000   0.02000   0.32000  -0.02000   0.00000   0.04000
       0.34000   0.34000   0.02125   0.34000  -0.02125   0.00000   0.04250
       0.36000   0.36000   0.02250   0.36000  -0.02250   0.00000   0.04500
       0.38000   0.38000   0.02375   0.38000  -0.02375   0.00000   0.04750
       0.40000   0.40000   0.02500   0.40000  -0.02500   0.00000   0.05000
       0.42000   0.42000   0.02500   0.42000  -0.02500   0.00000   0.05000
       0.45000   0.45000   0.02500   0.45000  -0.02500   0.00000   0.05000
       0.50000   0.50000   0.02500   0.50000  -0.02500   0.00000   0.05000
       0.55000   0.55000   0.02500   0.55000  -0.02500   0.00000   0.05000
       0.60000   0.60000   0.02500   0.60000  -0.02500   0.00000   0.05000
       0.65000   0.65000   0.02187   0.65000  -0.02187   0.00000   0.04375
       0.70000   0.70000   0.01875   0.70000  -0.01875   0.00000   0.03750
       0.75000   0.75000   0.01562   0.75000  -0.01562   0.00000   0.03125
       0.80000   0.80000   0.01250   0.80000  -0.01250   0.00000   0.02500
       0.82000   0.82000   0.01125   0.82000  -0.01125   0.00000   0.02250
       0.84000   0.84000   0.01000   0.84000  -0.01000   0.00000   0.02000
       0.86000   0.86000   0.00875   0.86000  -0.00875   0.00000   0.01750
       0.88000   0.88000   0.00750   0.88000  -0.00750   0.00000   0.01500
       0.90000   0.90000   0.00625   0.90000  -0.00625   0.00000   0.01250
       0.92000   0.92000   0.00500   0.92000  -0.00500   0.00000   0.01000
       0.94000   0.94000   0.00375   0.94000  -0.00375   0.00000   0.00750
       0.96000   0.96000   0.00250   0.96000  -0.00250   0.00000   0.00500
       0.98000   0.98000   0.00125   0.98000  -0.00125   0.00000   0.00250
       1.00000   1.00000   0.00000   1.00000   0.00000   0.00000   0.00000
1         ***** THE USAF AUTOMATED MISSILE DATCOM * REV 3/99 *****     CASE   1
               AERODYNAMIC METHODS FOR MISSILE CONFIGURATIONS          PAGE   4
                      GEOMETRIC RESULTS FOR FIN SETS

                             FIN SET NUMBER  1
                          (DATA FOR ONE PANEL ONLY)

    SEGMENT   PLAN        ASPECT    TAPER     L.E.     T.E.    M.A.C.    T/C
    NUMBER    AREA        RATIO     RATIO    SWEEP    SWEEP    CHORD    RATIO

      1      0.0019        0.047    1.000    0.000    0.000    0.200    0.050
    TOTAL    0.0019        0.047    1.000    0.000    0.000    0.200    0.050
 
 
 
1         ***** THE USAF AUTOMATED MISSILE DATCOM * REV 3/99 *****     CASE   1
               AERODYNAMIC METHODS FOR MISSILE CONFIGURATIONS          PAGE   5
                           FIN SET 1 SECTION AERODYNAMICS

                        IDEAL ANGLE OF ATTACK =    0.0000 DEG.
                    ZERO LIFT ANGLE OF ATTACK =    0.0000 DEG.
                       IDEAL LIFT COEFFICIENT =    0.0000
        ZERO LIFT PITCHING MOMENT COEFFICIENT =    0.0000
                   MACH ZERO LIFT-CURVE-SLOPE =    0.0963 /DEG.
                          LEADING EDGE RADIUS =    0.0000 FRACTION CHORD
                    MAXIMUM AIRFOIL THICKNESS =    0.0500 FRACTION CHORD
                                      DELTA-Y =    0.3656 PERCENT CHORD


    MACH = 0.300   CL-ALPHA = 0.1031 /DEG.   XAC = 0.2709   CL MAX = 0.7494

    MACH = 0.600   CL-ALPHA = 0.1269 /DEG.   XAC = 0.2700   CL MAX = 0.7647

                   *** CREST CRITICAL MACH NUMBER EXCEEDED ***

                           CREST CRITICAL MACH =    0.8070
                                      LOCATION =    0.4145 FRACTION CHORD
                              LIFT-CURVE-SLOPE =    0.1410 /DEG.
1         ***** THE USAF AUTOMATED MISSILE DATCOM * REV 3/99 *****     CASE   1
               AERODYNAMIC METHODS FOR MISSILE CONFIGURATIONS          PAGE   6
                             BODY ALONE PARTIAL OUTPUT

       ******* FLIGHT CONDITIONS AND REFERENCE QUANTITIES *******
     MACH NO  =       0.30                REYNOLDS NO = 6.955E+06 /M
     ALTITUDE =        0.0 M         DYNAMIC PRESSURE =   6383.49 N/M**2
     SIDESLIP =       0.00 DEG                   ROLL =      0.00 DEG     
     REF AREA =      0.001 M**2         MOMENT CENTER =     0.198 M
     REF LENGTH =     0.60 M           LAT REF LENGTH =      0.60 M

      ALPHA    CA-FRIC  CA-PRES/WAVE CA-BASE    CA-PROT     CA-SEP     CA-ALP
     -10.00     0.2106     0.0121     0.1368                           0.0014
      -8.00     0.2130     0.0122     0.1372                           0.0015
      -6.00     0.2148     0.0123     0.1374                           0.0010
      -4.00     0.2161     0.0124     0.1374                           0.0005
      -2.00     0.2169     0.0124     0.1373                           0.0001
       0.00     0.2172     0.0124     0.1370                           0.0000
       2.00     0.2169     0.0124     0.1373                           0.0001
       4.00     0.2161     0.0124     0.1374                           0.0005
       6.00     0.2148     0.0123     0.1374                           0.0010
       8.00     0.2130     0.0122     0.1372                           0.0015
      10.00     0.2106     0.0121     0.1368                           0.0014

                     CROSS FLOW DRAG PROPORTIONALITY FACTOR = 0.74620

      ALPHA    CN-POTEN  CN-VISC   CN-SEP    CM-POTEN  CM-VISC   CM-SEP    CDC
     -10.00    -0.457    -0.347              -0.033     0.069             0.772
      -8.00    -0.369    -0.221              -0.027     0.044             0.766
      -6.00    -0.278    -0.124              -0.020     0.024             0.759
      -4.00    -0.187    -0.055              -0.014     0.011             0.753
      -2.00    -0.094    -0.014              -0.007     0.003             0.746
       0.00     0.000     0.000               0.000     0.000             0.740
       2.00     0.094     0.014               0.007    -0.003             0.746
       4.00     0.187     0.055               0.014    -0.011             0.753
       6.00     0.278     0.124               0.020    -0.024             0.759
       8.00     0.369     0.221               0.027    -0.044             0.766
      10.00     0.457     0.347               0.033    -0.069             0.772
1         ***** THE USAF AUTOMATED MISSILE DATCOM * REV 3/99 *****     CASE   1
               AERODYNAMIC METHODS FOR MISSILE CONFIGURATIONS          PAGE   7
                        FIN SET 1 CA PARTIAL OUTPUT

       ******* FLIGHT CONDITIONS AND REFERENCE QUANTITIES *******
     MACH NO  =       0.30                REYNOLDS NO = 6.955E+06 /M
     ALTITUDE =        0.0 M         DYNAMIC PRESSURE =   6383.49 N/M**2
     SIDESLIP =       0.00 DEG                   ROLL =      0.00 DEG     
     REF AREA =      0.001 M**2         MOMENT CENTER =     0.198 M
     REF LENGTH =     0.60 M           LAT REF LENGTH =      0.60 M

    SINGLE FIN PANEL ZERO-LIFT AXIAL FORCE COMPONENTS

    SKIN FRICTION        0.0154
    SUBSONIC PRESSURE    0.0012
    TRANSONIC WAVE       0.0000
    SUPERSONIC WAVE      0.0000
    LEADING EDGE         0.0000
    TRAILING EDGE        0.0000
    TOTAL CAO            0.0166

    FIN AXIAL FORCE DUE TO ANGLE OF ATTACK

    ALPHA      CA DUE TO LIFT (SINGLE PANEL)   CA-TOTAL (8 FINS)

     -10.00              0.0000                      0.1309
      -8.00              0.0000                      0.1316
      -6.00              0.0000                      0.1322
      -4.00              0.0000                      0.1326
      -2.00              0.0000                      0.1328
       0.00              0.0000                      0.1329
       2.00              0.0000                      0.1328
       4.00              0.0000                      0.1326
       6.00              0.0000                      0.1322
       8.00              0.0000                      0.1316
      10.00              0.0000                      0.1309
1         ***** THE USAF AUTOMATED MISSILE DATCOM * REV 3/99 *****     CASE   1
               AERODYNAMIC METHODS FOR MISSILE CONFIGURATIONS          PAGE   8
                       FIN SET 1 CN, CM PARTIAL OUTPUT

       ******* FLIGHT CONDITIONS AND REFERENCE QUANTITIES *******
     MACH NO  =       0.30                REYNOLDS NO = 6.955E+06 /M
     ALTITUDE =        0.0 M         DYNAMIC PRESSURE =   6383.49 N/M**2
     SIDESLIP =       0.00 DEG                   ROLL =      0.00 DEG     
     REF AREA =      0.001 M**2         MOMENT CENTER =     0.198 M
     REF LENGTH =     0.60 M           LAT REF LENGTH =      0.60 M

    NORMAL FORCE SLOPE AT ALPHA ZERO, CNA =    0.00486/DEG (1 PANEL)
         CENTER OF PRESSURE FOR LINEAR CN =   -0.42667 (CALIBERS FROM C.G.)
     CENTER OF PRESSURE FOR NON-LINEAR CN =   -0.50333 (CALIBERS FROM C.G.)

      ALPHA      CN        CN        CN        CM        CM        CM
               LINEAR  NON-LINEAR  TOTAL     LINEAR  NON-LINEAR  TOTAL

     -10.00   -0.1919   -0.5325   -0.7244    0.0819    0.2680    0.3499
      -8.00   -0.1542   -0.3416   -0.4958    0.0658    0.1719    0.2377
      -6.00   -0.1161   -0.1925   -0.3085    0.0495    0.0969    0.1464
      -4.00   -0.0776   -0.0857   -0.1632    0.0331    0.0431    0.0762
      -2.00   -0.0388   -0.0214   -0.0603    0.0166    0.0108    0.0274
       0.00    0.0000    0.0000    0.0000    0.0000    0.0000    0.0000
       2.00    0.0388    0.0214    0.0603   -0.0166   -0.0108   -0.0274
       4.00    0.0776    0.0857    0.1632   -0.0331   -0.0431   -0.0762
       6.00    0.1161    0.1925    0.3085   -0.0495   -0.0969   -0.1464
       8.00    0.1542    0.3416    0.4958   -0.0658   -0.1719   -0.2377
      10.00    0.1919    0.5325    0.7244   -0.0819   -0.2680   -0.3499
1         ***** THE USAF AUTOMATED MISSILE DATCOM * REV 3/99 *****     CASE   1
               AERODYNAMIC METHODS FOR MISSILE CONFIGURATIONS          PAGE   9
                 AERODYNAMIC FORCE AND MOMENT SYNTHESIS

       ******* FLIGHT CONDITIONS AND REFERENCE QUANTITIES *******
     MACH NO  =       0.30                REYNOLDS NO = 6.955E+06 /M
     ALTITUDE =        0.0 M         DYNAMIC PRESSURE =   6383.49 N/M**2
     SIDESLIP =       0.00 DEG                   ROLL =      0.00 DEG     
     REF AREA =      0.001 M**2         MOMENT CENTER =     0.198 M
     REF LENGTH =     0.60 M           LAT REF LENGTH =      0.60 M

          ---------------FIN SET 1 IN PRESENCE OF THE BODY----------------

      ALPHA       CN         CM         CA         CY         CLN        CLL

     -10.00    -1.3892     0.5927     0.1579    -0.0124     0.0053    -0.0191
      -8.00    -1.0047     0.4287     0.1546    -0.0053     0.0023    -0.0168
      -6.00    -0.6582     0.2808     0.1509    -0.0005     0.0002    -0.0143
      -4.00    -0.3623     0.1546     0.1467     0.0004    -0.0002    -0.0114
      -2.00    -0.1505     0.0642     0.1422     0.0000     0.0000    -0.0079
       0.00     0.0000     0.0000     0.1395     0.0000     0.0000    -0.0058
       2.00     0.1505    -0.0642     0.1422     0.0000     0.0000    -0.0079
       4.00     0.3623    -0.1546     0.1467    -0.0004     0.0002    -0.0114
       6.00     0.6582    -0.2808     0.1509     0.0005    -0.0002    -0.0143
       8.00     1.0047    -0.4287     0.1546     0.0053    -0.0023    -0.0168
      10.00     1.3892    -0.5927     0.1579     0.0124    -0.0053    -0.0191
1         ***** THE USAF AUTOMATED MISSILE DATCOM * REV 3/99 *****     CASE   1
               AERODYNAMIC METHODS FOR MISSILE CONFIGURATIONS          PAGE  10
                 AERODYNAMIC FORCE AND MOMENT SYNTHESIS

       ******* FLIGHT CONDITIONS AND REFERENCE QUANTITIES *******
     MACH NO  =       0.30                REYNOLDS NO = 6.955E+06 /M
     ALTITUDE =        0.0 M         DYNAMIC PRESSURE =   6383.49 N/M**2
     SIDESLIP =       0.00 DEG                   ROLL =      0.00 DEG     
     REF AREA =      0.001 M**2         MOMENT CENTER =     0.198 M
     REF LENGTH =     0.60 M           LAT REF LENGTH =      0.60 M

          ---------------FIN SET 1 PANEL CHARACTERISTICS------------------

      ALPHA      PANEL    AEQ (PANEL AXIS SYS.)    PANEL CN

     -10.00        1              1.5418           0.0109
     -10.00        2             -9.5636          -0.1670
     -10.00        3            -13.3732          -0.2979
     -10.00        4             -6.8935          -0.0965
     -10.00        5              2.3870           0.0191
     -10.00        6             12.9288           0.2809
     -10.00        7             18.0168           0.5026
     -10.00        8             13.1398           0.2889
 
      -8.00        1              1.6886           0.0122
      -8.00        2             -7.3253          -0.1067
      -8.00        3            -10.5303          -0.1969
      -8.00        4             -5.7514          -0.0719
      -8.00        5              2.6601           0.0222
      -8.00        6             11.3718           0.2248
      -8.00        7             15.1506           0.3706
      -8.00        8             11.0859           0.2151
 
      -6.00        1              1.8380           0.0135
      -6.00        2             -5.0098          -0.0578
      -6.00        3             -7.5217          -0.1115
      -6.00        4             -4.2482          -0.0447
      -6.00        5              2.7302           0.0231
      -6.00        6              9.5213           0.1657
      -6.00        7             12.1261           0.2512
      -6.00        8              8.9670           0.1497
 
      -4.00        1              1.9904           0.0150
      -4.00        2             -2.6178          -0.0217
      -4.00        3             -4.3321          -0.0461
      -4.00        4             -2.1819          -0.0169
      -4.00        5              2.6110           0.0217
      -4.00        6              7.2192           0.1041
      -4.00        7              8.9335           0.1488
      -4.00        8              6.7833           0.0940
 
      -2.00        1              2.1448           0.0165
      -2.00        2             -0.1746          -0.0011
      -2.00        3             -1.0424          -0.0070
      -2.00        4              0.0455           0.0003
      -2.00        5              2.4566           0.0199
      -2.00        6              4.7760           0.0536
      -2.00        7              5.6438           0.0698
      -2.00        8              4.5559           0.0498
 
       0.00        1              2.3007           0.0182
       0.00        2              2.3007           0.0182
       0.00        3              2.3007           0.0182
       0.00        4              2.3007           0.0182
       0.00        5              2.3007           0.0182
       0.00        6              2.3007           0.0182
       0.00        7              2.3007           0.0182
       0.00        8              2.3007           0.0182
 
       2.00        1              2.4566           0.0199
       2.00        2              4.7760           0.0536
       2.00        3              5.6438           0.0698
       2.00        4              4.5559           0.0498
       2.00        5              2.1448           0.0165
       2.00        6             -0.1746          -0.0011
       2.00        7             -1.0424          -0.0070
       2.00        8              0.0455           0.0003
 
       4.00        1              2.6110           0.0217
       4.00        2              7.2192           0.1041
       4.00        3              8.9335           0.1488
       4.00        4              6.7833           0.0940
       4.00        5              1.9904           0.0150
       4.00        6             -2.6178          -0.0217
       4.00        7             -4.3321          -0.0461
       4.00        8             -2.1819          -0.0169
 
       6.00        1              2.7302           0.0231
       6.00        2              9.5213           0.1657
       6.00        3             12.1261           0.2512
       6.00        4              8.9670           0.1497
       6.00        5              1.8380           0.0135
       6.00        6             -5.0098          -0.0578
       6.00        7             -7.5217          -0.1115
       6.00        8             -4.2482          -0.0447
 
       8.00        1              2.6601           0.0222
       8.00        2             11.3718           0.2248
       8.00        3             15.1506           0.3706
       8.00        4             11.0859           0.2151
       8.00        5              1.6886           0.0122
       8.00        6             -7.3253          -0.1067
       8.00        7            -10.5303          -0.1969
       8.00        8             -5.7514          -0.0719
 
      10.00        1              2.3870           0.0191
      10.00        2             12.9288           0.2809
      10.00        3             18.0168           0.5026
      10.00        4             13.1398           0.2889
      10.00        5              1.5418           0.0109
      10.00        6             -9.5636          -0.1670
      10.00        7            -13.3732          -0.2979
      10.00        8             -6.8935          -0.0965
 
1         ***** THE USAF AUTOMATED MISSILE DATCOM * REV 3/99 *****     CASE   1
               AERODYNAMIC METHODS FOR MISSILE CONFIGURATIONS          PAGE  11
                 AERODYNAMIC FORCE AND MOMENT SYNTHESIS

       ******* FLIGHT CONDITIONS AND REFERENCE QUANTITIES *******
     MACH NO  =       0.30                REYNOLDS NO = 6.955E+06 /M
     ALTITUDE =        0.0 M         DYNAMIC PRESSURE =   6383.49 N/M**2
     SIDESLIP =       0.00 DEG                   ROLL =      0.00 DEG     
     REF AREA =      0.001 M**2         MOMENT CENTER =     0.198 M
     REF LENGTH =     0.60 M           LAT REF LENGTH =      0.60 M

             CARRYOVER INTERFERENCE FACTORS - FIN SET 1

      ALPHA   K-W(B)   K-B(W)  KK-W(B)  KK-B(W)  XCP-W(B) XCP-B(W) Y-CP/(B/2)

     -10.00   1.6234   1.1241   0.9535   0.6600   0.4267   0.4200   0.4194
      -8.00   1.6395   1.1241   0.9535   0.6600   0.4267   0.4200   0.4490
      -6.00   1.6540   1.1241   0.9535   0.6600   0.4267   0.4200   0.5032
      -4.00   1.6666   1.1241   0.9535   0.6600   0.4267   0.4200   0.5567
      -2.00   1.6764   1.1241   0.9535   0.6600   0.4267   0.4200   0.5990
       0.00   1.6818   1.1241   0.9535   0.6600   0.4267   0.4200   0.6294
       2.00   1.6764   1.1241   0.9535   0.6600   0.4267   0.4200   0.6465
       4.00   1.6666   1.1241   0.9535   0.6600   0.4267   0.4200   0.6306
       6.00   1.6540   1.1241   0.9535   0.6600   0.4267   0.4200   0.6039
       8.00   1.6395   1.1241   0.9535   0.6600   0.4267   0.4200   0.5778
      10.00   1.6234   1.1241   0.9535   0.6600   0.4267   0.4200   0.5542

    NOTE - XCP-W(B) USED FOR STABILITY ONLY DIFFERENT VALUES USED FOR HINGE MOMENTS
1         ***** THE USAF AUTOMATED MISSILE DATCOM * REV 3/99 *****     CASE   1
               AERODYNAMIC METHODS FOR MISSILE CONFIGURATIONS          PAGE  12
        FIN SET 1 PANEL BENDING MOMENTS (ABOUT EXPOSED ROOT CHORD)

       ******* FLIGHT CONDITIONS AND REFERENCE QUANTITIES *******
     MACH NO  =       0.30                REYNOLDS NO = 6.955E+06 /M
     ALTITUDE =        0.0 M         DYNAMIC PRESSURE =   6383.49 N/M**2
     SIDESLIP =       0.00 DEG                   ROLL =      0.00 DEG     
     REF AREA =      0.001 M**2         MOMENT CENTER =     0.198 M
     REF LENGTH =     0.60 M           LAT REF LENGTH =      0.60 M

   ALPHA   PANL 1   PANL 2   PANL 3   PANL 4   PANL 5   PANL 6   PANL 7   PANL 8
 
   -10.0  7.24E-05 -1.11E-03 -1.98E-03 -6.41E-04  1.27E-04  1.86E-03  3.34E-03  1.92E-03
    -8.0  8.65E-05 -7.58E-04 -1.40E-03 -5.11E-04  1.58E-04  1.60E-03  2.63E-03  1.53E-03
    -6.0  1.08E-04 -4.60E-04 -8.88E-04 -3.56E-04  1.84E-04  1.32E-03  2.00E-03  1.19E-03
    -4.0  1.32E-04 -1.92E-04 -4.06E-04 -1.49E-04  1.91E-04  9.18E-04  1.31E-03  8.28E-04
    -2.0  1.57E-04 -1.06E-05 -6.64E-05  2.77E-06  1.89E-04  5.09E-04  6.62E-04  4.73E-04
     0.0  1.81E-04  1.81E-04  1.81E-04  1.81E-04  1.81E-04  1.81E-04  1.81E-04  1.81E-04
     2.0  2.03E-04  5.49E-04  7.14E-04  5.10E-04  1.69E-04 -1.15E-05 -7.16E-05  2.98E-06
     4.0  2.16E-04  1.04E-03  1.49E-03  9.38E-04  1.49E-04 -2.17E-04 -4.60E-04 -1.69E-04
     6.0  2.21E-04  1.58E-03  2.40E-03  1.43E-03  1.29E-04 -5.53E-04 -1.07E-03 -4.28E-04
     8.0  2.03E-04  2.06E-03  3.39E-03  1.97E-03  1.11E-04 -9.76E-04 -1.80E-03 -6.58E-04
    10.0  1.68E-04  2.46E-03  4.41E-03  2.54E-03  9.57E-05 -1.47E-03 -2.61E-03 -8.47E-04
1         ***** THE USAF AUTOMATED MISSILE DATCOM * REV 3/99 *****     CASE   1
               AERODYNAMIC METHODS FOR MISSILE CONFIGURATIONS          PAGE  13
            FIN SET 1 PANEL HINGE MOMENTS (ABOUT HINGE LINE)

       ******* FLIGHT CONDITIONS AND REFERENCE QUANTITIES *******
     MACH NO  =       0.30                REYNOLDS NO = 6.955E+06 /M
     ALTITUDE =        0.0 M         DYNAMIC PRESSURE =   6383.49 N/M**2
     SIDESLIP =       0.00 DEG                   ROLL =      0.00 DEG     
     REF AREA =      0.001 M**2         MOMENT CENTER =     0.198 M
     REF LENGTH =     0.60 M           LAT REF LENGTH =      0.60 M

   ALPHA   PANL 1   PANL 2   PANL 3   PANL 4   PANL 5   PANL 6   PANL 7   PANL 8
 
   -10.0  1.98E-03 -2.89E-02 -4.93E-02 -1.71E-02  3.46E-03  4.68E-02  7.75E-02  4.80E-02
    -8.0  2.21E-03 -1.88E-02 -3.37E-02 -1.28E-02  4.02E-03  3.81E-02  5.99E-02  3.66E-02
    -6.0  2.45E-03 -1.03E-02 -1.96E-02 -8.03E-03  4.17E-03  2.87E-02  4.22E-02  2.60E-02
    -4.0  2.71E-03 -3.93E-03 -8.28E-03 -3.06E-03  3.92E-03  1.84E-02  2.59E-02  1.66E-02
    -2.0  2.99E-03 -2.04E-04 -1.27E-03  5.31E-05  3.60E-03  9.61E-03  1.24E-02  8.94E-03
     0.0  3.29E-03  3.29E-03  3.29E-03  3.29E-03  3.29E-03  3.29E-03  3.29E-03  3.29E-03
     2.0  3.60E-03  9.61E-03  1.24E-02  8.94E-03  2.99E-03 -2.04E-04 -1.27E-03  5.31E-05
     4.0  3.92E-03  1.84E-02  2.59E-02  1.66E-02  2.71E-03 -3.93E-03 -8.28E-03 -3.06E-03
     6.0  4.17E-03  2.87E-02  4.22E-02  2.60E-02  2.45E-03 -1.03E-02 -1.96E-02 -8.03E-03
     8.0  4.02E-03  3.81E-02  5.99E-02  3.66E-02  2.21E-03 -1.88E-02 -3.37E-02 -1.28E-02
    10.0  3.46E-03  4.68E-02  7.75E-02  4.80E-02  1.98E-03 -2.89E-02 -4.93E-02 -1.71E-02
1         ***** THE USAF AUTOMATED MISSILE DATCOM * REV 3/99 *****     CASE   1
               AERODYNAMIC METHODS FOR MISSILE CONFIGURATIONS          PAGE  14
                   STATIC AERODYNAMICS FOR BODY-FIN SET 1

       ******* FLIGHT CONDITIONS AND REFERENCE QUANTITIES *******
     MACH NO  =       0.30                REYNOLDS NO = 6.955E+06 /M
     ALTITUDE =        0.0 M         DYNAMIC PRESSURE =   6383.49 N/M**2
     SIDESLIP =       0.00 DEG                   ROLL =      0.00 DEG     
     REF AREA =      0.001 M**2         MOMENT CENTER =     0.198 M
     REF LENGTH =     0.60 M           LAT REF LENGTH =      0.60 M

                   ----- LONGITUDINAL -----     -- LATERAL DIRECTIONAL --
         ALPHA       CN        CM        CA        CY       CLN       CLL

        -10.00    -3.155     1.032     0.519    -0.021     0.009    -0.019
         -8.00    -2.284     0.735     0.518    -0.009     0.004    -0.017
         -6.00    -1.508     0.473     0.516    -0.001     0.000    -0.014
         -4.00    -0.848     0.254     0.513     0.001     0.000    -0.011
         -2.00    -0.359     0.102     0.509     0.000     0.000    -0.008
          0.00     0.000     0.000     0.506     0.000     0.000    -0.006
          2.00     0.359    -0.102     0.509     0.000     0.000    -0.008
          4.00     0.848    -0.254     0.513    -0.001     0.000    -0.011
          6.00     1.508    -0.473     0.516     0.001     0.000    -0.014
          8.00     2.284    -0.735     0.518     0.009    -0.004    -0.017
         10.00     3.155    -1.032     0.519     0.021    -0.009    -0.019

         ALPHA       CL        CD      CL/CD     X-C.P.

        -10.00    -3.017     1.059    -2.849    -0.327
         -8.00    -2.189     0.831    -2.634    -0.322
         -6.00    -1.446     0.671    -2.154    -0.314
         -4.00    -0.810     0.571    -1.419    -0.300
         -2.00    -0.341     0.521    -0.654    -0.286
          0.00     0.000     0.506     0.000    -0.424
          2.00     0.341     0.521     0.654    -0.286
          4.00     0.810     0.571     1.419    -0.300
          6.00     1.446     0.671     2.154    -0.314
          8.00     2.189     0.831     2.634    -0.322
         10.00     3.017     1.059     2.849    -0.327

    X-C.P. MEAS. FROM MOMENT CENTER IN REF. LENGTHS, NEG. AFT OF MOMENT CENTER
1         ***** THE USAF AUTOMATED MISSILE DATCOM * REV 3/99 *****     CASE   1
               AERODYNAMIC METHODS FOR MISSILE CONFIGURATIONS          PAGE  15
                   STATIC AERODYNAMICS FOR BODY-FIN SET 1

       ******* FLIGHT CONDITIONS AND REFERENCE QUANTITIES *******
     MACH NO  =       0.30                REYNOLDS NO = 6.955E+06 /M
     ALTITUDE =        0.0 M         DYNAMIC PRESSURE =   6383.49 N/M**2
     SIDESLIP =       0.00 DEG                   ROLL =      0.00 DEG     
     REF AREA =      0.001 M**2         MOMENT CENTER =     0.198 M
     REF LENGTH =     0.60 M           LAT REF LENGTH =      0.60 M

                   ---------- DERIVATIVES (PER DEGREE) ----------
         ALPHA       CNA         CMA         CYB         CLNB        CLLB
        -10.00      0.4601     -0.1575     -0.3132      0.1025      0.0002
         -8.00      0.4117     -0.1398     -0.2871      0.0927      0.0000
         -6.00      0.3587     -0.1201     -0.2545      0.0802     -0.0001
         -4.00      0.2868     -0.0926     -0.2167      0.0656     -0.0002
         -2.00      0.2117     -0.0636     -0.1821      0.0523     -0.0004
          0.00      0.1793     -0.0512     -0.1728      0.0489     -0.0006
          2.00      0.2117     -0.0636     -0.1819      0.0522     -0.0004
          4.00      0.2868     -0.0926     -0.2149      0.0648     -0.0003
          6.00      0.3587     -0.1201     -0.2507      0.0786     -0.0003
          8.00      0.4117     -0.1398     -0.2758      0.0879     -0.0003
         10.00      0.4601     -0.1575     -0.2962      0.0953     -0.0003

    PANEL DEFLECTION ANGLES (DEGREES)
    SET    FIN 1   FIN 2   FIN 3   FIN 4   FIN 5   FIN 6   FIN 7   FIN 8
      1    2.67    2.67    2.67    2.67    2.67    2.67    2.67    2.67
1         ***** THE USAF AUTOMATED MISSILE DATCOM * REV 3/99 *****     CASE   1
               AERODYNAMIC METHODS FOR MISSILE CONFIGURATIONS          PAGE  16
                             BODY ALONE PARTIAL OUTPUT

       ******* FLIGHT CONDITIONS AND REFERENCE QUANTITIES *******
     MACH NO  =       0.60                REYNOLDS NO = 1.391E+07 /M
     ALTITUDE =        0.0 M         DYNAMIC PRESSURE =  25533.94 N/M**2
     SIDESLIP =       0.00 DEG                   ROLL =      0.00 DEG     
     REF AREA =      0.001 M**2         MOMENT CENTER =     0.198 M
     REF LENGTH =     0.60 M           LAT REF LENGTH =      0.60 M

      ALPHA    CA-FRIC  CA-PRES/WAVE CA-BASE    CA-PROT     CA-SEP     CA-ALP
     -10.00     0.1842     0.0126     0.1356                           0.0010
      -8.00     0.1862     0.0127     0.1360                           0.0012
      -6.00     0.1878     0.0128     0.1363                           0.0009
      -4.00     0.1890     0.0129     0.1364                           0.0005
      -2.00     0.1897     0.0130     0.1363                           0.0001
       0.00     0.1899     0.0130     0.1360                           0.0000
       2.00     0.1897     0.0130     0.1363                           0.0001
       4.00     0.1890     0.0129     0.1364                           0.0005
       6.00     0.1878     0.0128     0.1363                           0.0009
       8.00     0.1862     0.0127     0.1360                           0.0012
      10.00     0.1842     0.0126     0.1356                           0.0010

                     CROSS FLOW DRAG PROPORTIONALITY FACTOR = 0.74620

      ALPHA    CN-POTEN  CN-VISC   CN-SEP    CM-POTEN  CM-VISC   CM-SEP    CDC
     -10.00    -0.457    -0.362              -0.033     0.072             0.804
      -8.00    -0.369    -0.229              -0.027     0.045             0.791
      -6.00    -0.278    -0.127              -0.020     0.025             0.778
      -4.00    -0.187    -0.056              -0.014     0.011             0.766
      -2.00    -0.094    -0.014              -0.007     0.003             0.753
       0.00     0.000     0.000               0.000     0.000             0.740
       2.00     0.094     0.014               0.007    -0.003             0.753
       4.00     0.187     0.056               0.014    -0.011             0.766
       6.00     0.278     0.127               0.020    -0.025             0.778
       8.00     0.369     0.229               0.027    -0.045             0.791
      10.00     0.457     0.362               0.033    -0.072             0.804
1         ***** THE USAF AUTOMATED MISSILE DATCOM * REV 3/99 *****     CASE   1
               AERODYNAMIC METHODS FOR MISSILE CONFIGURATIONS          PAGE  17
                        FIN SET 1 CA PARTIAL OUTPUT

       ******* FLIGHT CONDITIONS AND REFERENCE QUANTITIES *******
     MACH NO  =       0.60                REYNOLDS NO = 1.391E+07 /M
     ALTITUDE =        0.0 M         DYNAMIC PRESSURE =  25533.94 N/M**2
     SIDESLIP =       0.00 DEG                   ROLL =      0.00 DEG     
     REF AREA =      0.001 M**2         MOMENT CENTER =     0.198 M
     REF LENGTH =     0.60 M           LAT REF LENGTH =      0.60 M

    SINGLE FIN PANEL ZERO-LIFT AXIAL FORCE COMPONENTS

    SKIN FRICTION        0.0133
    SUBSONIC PRESSURE    0.0011
    TRANSONIC WAVE       0.0000
    SUPERSONIC WAVE      0.0000
    LEADING EDGE         0.0000
    TRAILING EDGE        0.0000
    TOTAL CAO            0.0144

    FIN AXIAL FORCE DUE TO ANGLE OF ATTACK

    ALPHA      CA DUE TO LIFT (SINGLE PANEL)   CA-TOTAL (8 FINS)

     -10.00              0.0000                      0.1135
      -8.00              0.0000                      0.1141
      -6.00              0.0000                      0.1146
      -4.00              0.0000                      0.1149
      -2.00              0.0000                      0.1152
       0.00              0.0000                      0.1152
       2.00              0.0000                      0.1152
       4.00              0.0000                      0.1149
       6.00              0.0000                      0.1146
       8.00              0.0000                      0.1141
      10.00              0.0000                      0.1135
1         ***** THE USAF AUTOMATED MISSILE DATCOM * REV 3/99 *****     CASE   1
               AERODYNAMIC METHODS FOR MISSILE CONFIGURATIONS          PAGE  18
                       FIN SET 1 CN, CM PARTIAL OUTPUT

       ******* FLIGHT CONDITIONS AND REFERENCE QUANTITIES *******
     MACH NO  =       0.60                REYNOLDS NO = 1.391E+07 /M
     ALTITUDE =        0.0 M         DYNAMIC PRESSURE =  25533.94 N/M**2
     SIDESLIP =       0.00 DEG                   ROLL =      0.00 DEG     
     REF AREA =      0.001 M**2         MOMENT CENTER =     0.198 M
     REF LENGTH =     0.60 M           LAT REF LENGTH =      0.60 M

    NORMAL FORCE SLOPE AT ALPHA ZERO, CNA =    0.00486/DEG (1 PANEL)
         CENTER OF PRESSURE FOR LINEAR CN =   -0.42667 (CALIBERS FROM C.G.)
     CENTER OF PRESSURE FOR NON-LINEAR CN =   -0.50333 (CALIBERS FROM C.G.)

      ALPHA      CN        CN        CN        CM        CM        CM
               LINEAR  NON-LINEAR  TOTAL     LINEAR  NON-LINEAR  TOTAL

     -10.00   -0.1919   -0.5667   -0.7586    0.0819    0.2852    0.3671
      -8.00   -0.1542   -0.3635   -0.5178    0.0658    0.1830    0.2488
      -6.00   -0.1161   -0.2048   -0.3209    0.0495    0.1031    0.1526
      -4.00   -0.0776   -0.0912   -0.1688    0.0331    0.0459    0.0790
      -2.00   -0.0389   -0.0228   -0.0617    0.0166    0.0115    0.0281
       0.00    0.0000    0.0000    0.0000    0.0000    0.0000    0.0000
       2.00    0.0389    0.0228    0.0617   -0.0166   -0.0115   -0.0281
       4.00    0.0776    0.0912    0.1688   -0.0331   -0.0459   -0.0790
       6.00    0.1161    0.2048    0.3209   -0.0495   -0.1031   -0.1526
       8.00    0.1542    0.3635    0.5178   -0.0658   -0.1830   -0.2488
      10.00    0.1919    0.5667    0.7586   -0.0819   -0.2852   -0.3671
1         ***** THE USAF AUTOMATED MISSILE DATCOM * REV 3/99 *****     CASE   1
               AERODYNAMIC METHODS FOR MISSILE CONFIGURATIONS          PAGE  19
                 AERODYNAMIC FORCE AND MOMENT SYNTHESIS

       ******* FLIGHT CONDITIONS AND REFERENCE QUANTITIES *******
     MACH NO  =       0.60                REYNOLDS NO = 1.391E+07 /M
     ALTITUDE =        0.0 M         DYNAMIC PRESSURE =  25533.94 N/M**2
     SIDESLIP =       0.00 DEG                   ROLL =      0.00 DEG     
     REF AREA =      0.001 M**2         MOMENT CENTER =     0.198 M
     REF LENGTH =     0.60 M           LAT REF LENGTH =      0.60 M

          ---------------FIN SET 1 IN PRESENCE OF THE BODY----------------

      ALPHA       CN         CM         CA         CY         CLN        CLL

     -10.00    -1.4562     0.6213     0.1416    -0.0135     0.0058    -0.0204
      -8.00    -1.0527     0.4491     0.1381    -0.0058     0.0025    -0.0179
      -6.00    -0.6884     0.2937     0.1341    -0.0006     0.0002    -0.0151
      -4.00    -0.3774     0.1610     0.1296     0.0004    -0.0002    -0.0118
      -2.00    -0.1561     0.0666     0.1248     0.0000     0.0000    -0.0081
       0.00     0.0000     0.0000     0.1220     0.0000     0.0000    -0.0058
       2.00     0.1561    -0.0666     0.1248     0.0000     0.0000    -0.0081
       4.00     0.3774    -0.1610     0.1296    -0.0004     0.0002    -0.0118
       6.00     0.6884    -0.2937     0.1341     0.0006    -0.0002    -0.0151
       8.00     1.0527    -0.4491     0.1381     0.0058    -0.0025    -0.0179
      10.00     1.4562    -0.6213     0.1416     0.0135    -0.0058    -0.0204
1         ***** THE USAF AUTOMATED MISSILE DATCOM * REV 3/99 *****     CASE   1
               AERODYNAMIC METHODS FOR MISSILE CONFIGURATIONS          PAGE  20
                 AERODYNAMIC FORCE AND MOMENT SYNTHESIS

       ******* FLIGHT CONDITIONS AND REFERENCE QUANTITIES *******
     MACH NO  =       0.60                REYNOLDS NO = 1.391E+07 /M
     ALTITUDE =        0.0 M         DYNAMIC PRESSURE =  25533.94 N/M**2
     SIDESLIP =       0.00 DEG                   ROLL =      0.00 DEG     
     REF AREA =      0.001 M**2         MOMENT CENTER =     0.198 M
     REF LENGTH =     0.60 M           LAT REF LENGTH =      0.60 M

          ---------------FIN SET 1 PANEL CHARACTERISTICS------------------

      ALPHA      PANEL    AEQ (PANEL AXIS SYS.)    PANEL CN

     -10.00        1              1.5420           0.0111
     -10.00        2             -9.5606          -0.1747
     -10.00        3            -13.3622          -0.3126
     -10.00        4             -6.8226          -0.0989
     -10.00        5              2.3590           0.0193
     -10.00        6             12.8744           0.2928
     -10.00        7             18.0075           0.5292
     -10.00        8             13.1373           0.3034
 
      -8.00        1              1.6886           0.0124
      -8.00        2             -7.3242          -0.1113
      -8.00        3            -10.5264          -0.2062
      -8.00        4             -5.7260          -0.0742
      -8.00        5              2.6516           0.0227
      -8.00        6             11.3522           0.2351
      -8.00        7             15.1473           0.3898
      -8.00        8             11.0850           0.2256
 
      -6.00        1              1.8380           0.0138
      -6.00        2             -5.0097          -0.0600
      -6.00        3             -7.5212          -0.1163
      -6.00        4             -4.2451          -0.0462
      -6.00        5              2.7293           0.0237
      -6.00        6              9.5189           0.1734
      -6.00        7             12.1257           0.2637
      -6.00        8              8.9669           0.1566
 
      -4.00        1              1.9904           0.0153
      -4.00        2             -2.6178          -0.0223
      -4.00        3             -4.3321          -0.0477
      -4.00        4             -2.1819          -0.0173
      -4.00        5              2.6110           0.0222
      -4.00        6              7.2192           0.1086
      -4.00        7              8.9335           0.1556
      -4.00        8              6.7833           0.0979
 
      -2.00        1              2.1448           0.0169
      -2.00        2             -0.1746          -0.0011
      -2.00        3             -1.0424          -0.0071
      -2.00        4              0.0455           0.0003
      -2.00        5              2.4566           0.0204
      -2.00        6              4.7760           0.0556
      -2.00        7              5.6438           0.0725
      -2.00        8              4.5559           0.0516
 
       0.00        1              2.3007           0.0186
       0.00        2              2.3007           0.0186
       0.00        3              2.3007           0.0186
       0.00        4              2.3007           0.0186
       0.00        5              2.3007           0.0186
       0.00        6              2.3007           0.0186
       0.00        7              2.3007           0.0186
       0.00        8              2.3007           0.0186
 
       2.00        1              2.4566           0.0204
       2.00        2              4.7760           0.0556
       2.00        3              5.6438           0.0725
       2.00        4              4.5559           0.0516
       2.00        5              2.1448           0.0169
       2.00        6             -0.1746          -0.0011
       2.00        7             -1.0424          -0.0071
       2.00        8              0.0455           0.0003
 
       4.00        1              2.6110           0.0222
       4.00        2              7.2192           0.1086
       4.00        3              8.9335           0.1556
       4.00        4              6.7833           0.0979
       4.00        5              1.9904           0.0153
       4.00        6             -2.6178          -0.0223
       4.00        7             -4.3321          -0.0477
       4.00        8             -2.1819          -0.0173
 
       6.00        1              2.7293           0.0237
       6.00        2              9.5189           0.1734
       6.00        3             12.1257           0.2637
       6.00        4              8.9669           0.1566
       6.00        5              1.8380           0.0138
       6.00        6             -5.0097          -0.0600
       6.00        7             -7.5212          -0.1163
       6.00        8             -4.2451          -0.0462
 
       8.00        1              2.6516           0.0227
       8.00        2             11.3522           0.2351
       8.00        3             15.1473           0.3898
       8.00        4             11.0850           0.2256
       8.00        5              1.6886           0.0124
       8.00        6             -7.3242          -0.1113
       8.00        7            -10.5264          -0.2062
       8.00        8             -5.7260          -0.0742
 
      10.00        1              2.3590           0.0193
      10.00        2             12.8744           0.2928
      10.00        3             18.0075           0.5292
      10.00        4             13.1372           0.3034
      10.00        5              1.5420           0.0111
      10.00        6             -9.5606          -0.1747
      10.00        7            -13.3622          -0.3126
      10.00        8             -6.8226          -0.0989
 
1         ***** THE USAF AUTOMATED MISSILE DATCOM * REV 3/99 *****     CASE   1
               AERODYNAMIC METHODS FOR MISSILE CONFIGURATIONS          PAGE  21
                 AERODYNAMIC FORCE AND MOMENT SYNTHESIS

       ******* FLIGHT CONDITIONS AND REFERENCE QUANTITIES *******
     MACH NO  =       0.60                REYNOLDS NO = 1.391E+07 /M
     ALTITUDE =        0.0 M         DYNAMIC PRESSURE =  25533.94 N/M**2
     SIDESLIP =       0.00 DEG                   ROLL =      0.00 DEG     
     REF AREA =      0.001 M**2         MOMENT CENTER =     0.198 M
     REF LENGTH =     0.60 M           LAT REF LENGTH =      0.60 M

             CARRYOVER INTERFERENCE FACTORS - FIN SET 1

      ALPHA   K-W(B)   K-B(W)  KK-W(B)  KK-B(W)  XCP-W(B) XCP-B(W) Y-CP/(B/2)

     -10.00   1.6234   1.1241   0.9535   0.6600   0.4267   0.4200   0.4300
      -8.00   1.6395   1.1241   0.9535   0.6600   0.4267   0.4200   0.4526
      -6.00   1.6540   1.1241   0.9535   0.6600   0.4267   0.4200   0.4867
      -4.00   1.6666   1.1241   0.9535   0.6600   0.4267   0.4200   0.5227
      -2.00   1.6764   1.1241   0.9535   0.6600   0.4267   0.4200   0.5512
       0.00   1.6818   1.1241   0.9535   0.6600   0.4267   0.4200   0.5714
       2.00   1.6764   1.1241   0.9535   0.6600   0.4267   0.4200   0.5827
       4.00   1.6666   1.1241   0.9535   0.6600   0.4267   0.4200   0.5722
       6.00   1.6540   1.1241   0.9535   0.6600   0.4267   0.4200   0.5545
       8.00   1.6395   1.1241   0.9535   0.6600   0.4267   0.4200   0.5373
      10.00   1.6234   1.1241   0.9535   0.6600   0.4267   0.4200   0.5221

    NOTE - XCP-W(B) USED FOR STABILITY ONLY DIFFERENT VALUES USED FOR HINGE MOMENTS
1         ***** THE USAF AUTOMATED MISSILE DATCOM * REV 3/99 *****     CASE   1
               AERODYNAMIC METHODS FOR MISSILE CONFIGURATIONS          PAGE  22
        FIN SET 1 PANEL BENDING MOMENTS (ABOUT EXPOSED ROOT CHORD)

       ******* FLIGHT CONDITIONS AND REFERENCE QUANTITIES *******
     MACH NO  =       0.60                REYNOLDS NO = 1.391E+07 /M
     ALTITUDE =        0.0 M         DYNAMIC PRESSURE =  25533.94 N/M**2
     SIDESLIP =       0.00 DEG                   ROLL =      0.00 DEG     
     REF AREA =      0.001 M**2         MOMENT CENTER =     0.198 M
     REF LENGTH =     0.60 M           LAT REF LENGTH =      0.60 M

   ALPHA   PANL 1   PANL 2   PANL 3   PANL 4   PANL 5   PANL 6   PANL 7   PANL 8
 
   -10.0  7.58E-05 -1.19E-03 -2.13E-03 -6.73E-04  1.31E-04  1.99E-03  3.60E-03  2.07E-03
    -8.0  8.91E-05 -7.97E-04 -1.48E-03 -5.32E-04  1.63E-04  1.68E-03  2.79E-03  1.62E-03
    -6.0  1.07E-04 -4.62E-04 -8.96E-04 -3.56E-04  1.83E-04  1.34E-03  2.03E-03  1.21E-03
    -4.0  1.27E-04 -1.85E-04 -3.95E-04 -1.43E-04  1.84E-04  8.99E-04  1.29E-03  8.11E-04
    -2.0  1.48E-04 -9.93E-06 -6.21E-05  2.58E-06  1.78E-04  4.85E-04  6.33E-04  4.50E-04
     0.0  1.68E-04  1.68E-04  1.68E-04  1.68E-04  1.68E-04  1.68E-04  1.68E-04  1.68E-04
     2.0  1.88E-04  5.13E-04  6.69E-04  4.76E-04  1.56E-04 -1.05E-05 -6.57E-05  2.73E-06
     4.0  2.01E-04  9.84E-04  1.41E-03  8.87E-04  1.39E-04 -2.02E-04 -4.32E-04 -1.57E-04
     6.0  2.08E-04  1.52E-03  2.32E-03  1.37E-03  1.21E-04 -5.26E-04 -1.02E-03 -4.06E-04
     8.0  1.93E-04  2.00E-03  3.32E-03  1.92E-03  1.06E-04 -9.47E-04 -1.75E-03 -6.32E-04
    10.0  1.59E-04  2.42E-03  4.37E-03  2.51E-03  9.20E-05 -1.44E-03 -2.58E-03 -8.17E-04
1         ***** THE USAF AUTOMATED MISSILE DATCOM * REV 3/99 *****     CASE   1
               AERODYNAMIC METHODS FOR MISSILE CONFIGURATIONS          PAGE  23
            FIN SET 1 PANEL HINGE MOMENTS (ABOUT HINGE LINE)

       ******* FLIGHT CONDITIONS AND REFERENCE QUANTITIES *******
     MACH NO  =       0.60                REYNOLDS NO = 1.391E+07 /M
     ALTITUDE =        0.0 M         DYNAMIC PRESSURE =  25533.94 N/M**2
     SIDESLIP =       0.00 DEG                   ROLL =      0.00 DEG     
     REF AREA =      0.001 M**2         MOMENT CENTER =     0.198 M
     REF LENGTH =     0.60 M           LAT REF LENGTH =      0.60 M

   ALPHA   PANL 1   PANL 2   PANL 3   PANL 4   PANL 5   PANL 6   PANL 7   PANL 8
 
   -10.0  2.01E-03 -3.00E-02 -5.14E-02 -1.74E-02  3.47E-03  4.85E-02  8.09E-02  5.00E-02
    -8.0  2.24E-03 -1.95E-02 -3.51E-02 -1.32E-02  4.09E-03  3.96E-02  6.25E-02  3.81E-02
    -6.0  2.49E-03 -1.07E-02 -2.03E-02 -8.26E-03  4.26E-03  2.98E-02  4.40E-02  2.71E-02
    -4.0  2.76E-03 -4.02E-03 -8.52E-03 -3.12E-03  4.00E-03  1.90E-02  2.69E-02  1.72E-02
    -2.0  3.05E-03 -2.06E-04 -1.29E-03  5.36E-05  3.67E-03  9.90E-03  1.29E-02  9.21E-03
     0.0  3.35E-03  3.35E-03  3.35E-03  3.35E-03  3.35E-03  3.35E-03  3.35E-03  3.35E-03
     2.0  3.67E-03  9.90E-03  1.29E-02  9.21E-03  3.05E-03 -2.06E-04 -1.29E-03  5.36E-05
     4.0  4.00E-03  1.90E-02  2.69E-02  1.72E-02  2.76E-03 -4.02E-03 -8.52E-03 -3.12E-03
     6.0  4.26E-03  2.98E-02  4.40E-02  2.71E-02  2.49E-03 -1.07E-02 -2.03E-02 -8.26E-03
     8.0  4.09E-03  3.96E-02  6.25E-02  3.81E-02  2.24E-03 -1.95E-02 -3.51E-02 -1.32E-02
    10.0  3.47E-03  4.85E-02  8.09E-02  5.00E-02  2.01E-03 -3.00E-02 -5.14E-02 -1.74E-02
1         ***** THE USAF AUTOMATED MISSILE DATCOM * REV 3/99 *****     CASE   1
               AERODYNAMIC METHODS FOR MISSILE CONFIGURATIONS          PAGE  24
                   STATIC AERODYNAMICS FOR BODY-FIN SET 1

       ******* FLIGHT CONDITIONS AND REFERENCE QUANTITIES *******
     MACH NO  =       0.60                REYNOLDS NO = 1.391E+07 /M
     ALTITUDE =        0.0 M         DYNAMIC PRESSURE =  25533.94 N/M**2
     SIDESLIP =       0.00 DEG                   ROLL =      0.00 DEG     
     REF AREA =      0.001 M**2         MOMENT CENTER =     0.198 M
     REF LENGTH =     0.60 M           LAT REF LENGTH =      0.60 M

                   ----- LONGITUDINAL -----     -- LATERAL DIRECTIONAL --
         ALPHA       CN        CM        CA        CY       CLN       CLL

        -10.00    -3.283     1.083     0.475    -0.023     0.010    -0.020
         -8.00    -2.372     0.771     0.474    -0.010     0.004    -0.018
         -6.00    -1.562     0.495     0.472    -0.001     0.000    -0.015
         -4.00    -0.874     0.265     0.468     0.001     0.000    -0.012
         -2.00    -0.368     0.106     0.464     0.000     0.000    -0.008
          0.00     0.000     0.000     0.461     0.000     0.000    -0.006
          2.00     0.368    -0.106     0.464     0.000     0.000    -0.008
          4.00     0.874    -0.265     0.468    -0.001     0.000    -0.012
          6.00     1.562    -0.495     0.472     0.001     0.000    -0.015
          8.00     2.372    -0.771     0.474     0.010    -0.004    -0.018
         10.00     3.283    -1.083     0.475     0.023    -0.010    -0.020

         ALPHA       CL        CD      CL/CD     X-C.P.

        -10.00    -3.151     1.038    -3.036    -0.330
         -8.00    -2.283     0.800    -2.854    -0.325
         -6.00    -1.504     0.633    -2.377    -0.317
         -4.00    -0.839     0.528    -1.589    -0.304
         -2.00    -0.352     0.476    -0.738    -0.289
          0.00     0.000     0.461     0.000    -0.424
          2.00     0.352     0.476     0.738    -0.289
          4.00     0.839     0.528     1.589    -0.304
          6.00     1.504     0.633     2.377    -0.317
          8.00     2.283     0.800     2.854    -0.325
         10.00     3.151     1.038     3.036    -0.330

    X-C.P. MEAS. FROM MOMENT CENTER IN REF. LENGTHS, NEG. AFT OF MOMENT CENTER
1         ***** THE USAF AUTOMATED MISSILE DATCOM * REV 3/99 *****     CASE   1
               AERODYNAMIC METHODS FOR MISSILE CONFIGURATIONS          PAGE  25
                   STATIC AERODYNAMICS FOR BODY-FIN SET 1

       ******* FLIGHT CONDITIONS AND REFERENCE QUANTITIES *******
     MACH NO  =       0.60                REYNOLDS NO = 1.391E+07 /M
     ALTITUDE =        0.0 M         DYNAMIC PRESSURE =  25533.94 N/M**2
     SIDESLIP =       0.00 DEG                   ROLL =      0.00 DEG     
     REF AREA =      0.001 M**2         MOMENT CENTER =     0.198 M
     REF LENGTH =     0.60 M           LAT REF LENGTH =      0.60 M

                   ---------- DERIVATIVES (PER DEGREE) ----------
         ALPHA       CNA         CMA         CYB         CLNB        CLLB
        -10.00      0.4812     -0.1655     -0.3264      0.1078      0.0002
         -8.00      0.4301     -0.1470     -0.2986      0.0974      0.0000
         -6.00      0.3741     -0.1263     -0.2637      0.0840     -0.0002
         -4.00      0.2979     -0.0971     -0.2236      0.0684     -0.0003
         -2.00      0.2183     -0.0663     -0.1869      0.0543     -0.0005
          0.00      0.1840     -0.0532     -0.1771      0.0507     -0.0007
          2.00      0.2183     -0.0663     -0.1867      0.0542     -0.0005
          4.00      0.2979     -0.0971     -0.2217      0.0676     -0.0003
          6.00      0.3741     -0.1263     -0.2596      0.0823     -0.0003
          8.00      0.4301     -0.1470     -0.2863      0.0922     -0.0003
         10.00      0.4812     -0.1655     -0.3081      0.1000     -0.0003

    PANEL DEFLECTION ANGLES (DEGREES)
    SET    FIN 1   FIN 2   FIN 3   FIN 4   FIN 5   FIN 6   FIN 7   FIN 8
      1    2.67    2.67    2.67    2.67    2.67    2.67    2.67    2.67
1         ***** THE USAF AUTOMATED MISSILE DATCOM * REV 3/99 *****     CASE   1
               AERODYNAMIC METHODS FOR MISSILE CONFIGURATIONS          PAGE  26
                             BODY ALONE PARTIAL OUTPUT

       ******* FLIGHT CONDITIONS AND REFERENCE QUANTITIES *******
     MACH NO  =       0.90                REYNOLDS NO = 2.087E+07 /M
     ALTITUDE =        0.0 M         DYNAMIC PRESSURE =  57451.37 N/M**2
     SIDESLIP =       0.00 DEG                   ROLL =      0.00 DEG     
     REF AREA =      0.001 M**2         MOMENT CENTER =     0.198 M
     REF LENGTH =     0.60 M           LAT REF LENGTH =      0.60 M

      ALPHA    CA-FRIC  CA-PRES/WAVE CA-BASE    CA-PROT     CA-SEP     CA-ALP
     -10.00     0.1677     0.0217     0.1315                           0.0008
      -8.00     0.1695     0.0219     0.1319                           0.0011
      -6.00     0.1710     0.0221     0.1322                           0.0008
      -4.00     0.1720     0.0222     0.1323                           0.0004
      -2.00     0.1727     0.0223     0.1322                           0.0001
       0.00     0.1729     0.0223     0.1320                           0.0000
       2.00     0.1727     0.0223     0.1322                           0.0001
       4.00     0.1720     0.0222     0.1323                           0.0004
       6.00     0.1710     0.0221     0.1322                           0.0008
       8.00     0.1695     0.0219     0.1319                           0.0011
      10.00     0.1677     0.0217     0.1315                           0.0008

                     CROSS FLOW DRAG PROPORTIONALITY FACTOR = 0.74880

      ALPHA    CN-POTEN  CN-VISC   CN-SEP    CM-POTEN  CM-VISC   CM-SEP    CDC
     -10.00    -0.475    -0.377              -0.025     0.075             0.836
      -8.00    -0.384    -0.237              -0.020     0.047             0.817
      -6.00    -0.290    -0.130              -0.015     0.026             0.798
      -4.00    -0.194    -0.057              -0.010     0.011             0.778
      -2.00    -0.097    -0.014              -0.005     0.003             0.759
       0.00     0.000     0.000               0.000     0.000             0.740
       2.00     0.097     0.014               0.005    -0.003             0.759
       4.00     0.194     0.057               0.010    -0.011             0.778
       6.00     0.290     0.130               0.015    -0.026             0.798
       8.00     0.384     0.237               0.020    -0.047             0.817
      10.00     0.475     0.377               0.025    -0.075             0.836
1         ***** THE USAF AUTOMATED MISSILE DATCOM * REV 3/99 *****     CASE   1
               AERODYNAMIC METHODS FOR MISSILE CONFIGURATIONS          PAGE  27
                        FIN SET 1 CA PARTIAL OUTPUT

       ******* FLIGHT CONDITIONS AND REFERENCE QUANTITIES *******
     MACH NO  =       0.90                REYNOLDS NO = 2.087E+07 /M
     ALTITUDE =        0.0 M         DYNAMIC PRESSURE =  57451.37 N/M**2
     SIDESLIP =       0.00 DEG                   ROLL =      0.00 DEG     
     REF AREA =      0.001 M**2         MOMENT CENTER =     0.198 M
     REF LENGTH =     0.60 M           LAT REF LENGTH =      0.60 M

    SINGLE FIN PANEL ZERO-LIFT AXIAL FORCE COMPONENTS

    SKIN FRICTION        0.0121
    SUBSONIC PRESSURE    0.0010
    TRANSONIC WAVE       0.0144
    SUPERSONIC WAVE      0.0000
    LEADING EDGE         0.0000
    TRAILING EDGE        0.0000
    TOTAL CAO            0.0275

    FIN AXIAL FORCE DUE TO ANGLE OF ATTACK

    ALPHA      CA DUE TO LIFT (SINGLE PANEL)   CA-TOTAL (8 FINS)

     -10.00              0.0000                      0.2166
      -8.00              0.0000                      0.2178
      -6.00              0.0000                      0.2188
      -4.00              0.0000                      0.2194
      -2.00              0.0000                      0.2198
       0.00              0.0000                      0.2200
       2.00              0.0000                      0.2198
       4.00              0.0000                      0.2194
       6.00              0.0000                      0.2188
       8.00              0.0000                      0.2178
      10.00              0.0000                      0.2166
1         ***** THE USAF AUTOMATED MISSILE DATCOM * REV 3/99 *****     CASE   1
               AERODYNAMIC METHODS FOR MISSILE CONFIGURATIONS          PAGE  28
                       FIN SET 1 CN, CM PARTIAL OUTPUT

       ******* FLIGHT CONDITIONS AND REFERENCE QUANTITIES *******
     MACH NO  =       0.90                REYNOLDS NO = 2.087E+07 /M
     ALTITUDE =        0.0 M         DYNAMIC PRESSURE =  57451.37 N/M**2
     SIDESLIP =       0.00 DEG                   ROLL =      0.00 DEG     
     REF AREA =      0.001 M**2         MOMENT CENTER =     0.198 M
     REF LENGTH =     0.60 M           LAT REF LENGTH =      0.60 M

    NORMAL FORCE SLOPE AT ALPHA ZERO, CNA =    0.00485/DEG (1 PANEL)
         CENTER OF PRESSURE FOR LINEAR CN =   -0.42667 (CALIBERS FROM C.G.)
     CENTER OF PRESSURE FOR NON-LINEAR CN =   -0.50333 (CALIBERS FROM C.G.)

      ALPHA      CN        CN        CN        CM        CM        CM
               LINEAR  NON-LINEAR  TOTAL     LINEAR  NON-LINEAR  TOTAL

     -10.00   -0.1914   -0.3902   -0.5816    0.0817    0.1964    0.2781
      -8.00   -0.1538   -0.2505   -0.4043    0.0656    0.1261    0.1917
      -6.00   -0.1158   -0.1412   -0.2570    0.0494    0.0711    0.1205
      -4.00   -0.0774   -0.0628   -0.1402    0.0330    0.0316    0.0646
      -2.00   -0.0387   -0.0157   -0.0545    0.0165    0.0079    0.0244
       0.00    0.0000    0.0000    0.0000    0.0000    0.0000    0.0000
       2.00    0.0387    0.0157    0.0545   -0.0165   -0.0079   -0.0244
       4.00    0.0774    0.0628    0.1402   -0.0330   -0.0316   -0.0646
       6.00    0.1158    0.1412    0.2570   -0.0494   -0.0711   -0.1205
       8.00    0.1538    0.2505    0.4043   -0.0656   -0.1261   -0.1917
      10.00    0.1914    0.3902    0.5816   -0.0817   -0.1964   -0.2781
1         ***** THE USAF AUTOMATED MISSILE DATCOM * REV 3/99 *****     CASE   1
               AERODYNAMIC METHODS FOR MISSILE CONFIGURATIONS          PAGE  29
                 AERODYNAMIC FORCE AND MOMENT SYNTHESIS

       ******* FLIGHT CONDITIONS AND REFERENCE QUANTITIES *******
     MACH NO  =       0.90                REYNOLDS NO = 2.087E+07 /M
     ALTITUDE =        0.0 M         DYNAMIC PRESSURE =  57451.37 N/M**2
     SIDESLIP =       0.00 DEG                   ROLL =      0.00 DEG     
     REF AREA =      0.001 M**2         MOMENT CENTER =     0.198 M
     REF LENGTH =     0.60 M           LAT REF LENGTH =      0.60 M

          ---------------FIN SET 1 IN PRESENCE OF THE BODY----------------

      ALPHA       CN         CM         CA         CY         CLN        CLL

     -10.00    -1.0876     0.4640     0.2391    -0.0100     0.0042    -0.0152
      -8.00    -0.7978     0.3404     0.2367    -0.0042     0.0018    -0.0134
      -6.00    -0.5318     0.2269     0.2341    -0.0004     0.0002    -0.0114
      -4.00    -0.2994     0.1278     0.2310     0.0003    -0.0001    -0.0090
      -2.00    -0.1275     0.0544     0.2277     0.0000     0.0000    -0.0064
       0.00     0.0000     0.0000     0.2258     0.0000     0.0000    -0.0049
       2.00     0.1275    -0.0544     0.2277     0.0000     0.0000    -0.0064
       4.00     0.2994    -0.1278     0.2310    -0.0003     0.0001    -0.0090
       6.00     0.5318    -0.2269     0.2341     0.0004    -0.0002    -0.0114
       8.00     0.7978    -0.3404     0.2367     0.0042    -0.0018    -0.0134
      10.00     1.0876    -0.4640     0.2391     0.0100    -0.0042    -0.0152
1         ***** THE USAF AUTOMATED MISSILE DATCOM * REV 3/99 *****     CASE   1
               AERODYNAMIC METHODS FOR MISSILE CONFIGURATIONS          PAGE  30
                 AERODYNAMIC FORCE AND MOMENT SYNTHESIS

       ******* FLIGHT CONDITIONS AND REFERENCE QUANTITIES *******
     MACH NO  =       0.90                REYNOLDS NO = 2.087E+07 /M
     ALTITUDE =        0.0 M         DYNAMIC PRESSURE =  57451.37 N/M**2
     SIDESLIP =       0.00 DEG                   ROLL =      0.00 DEG     
     REF AREA =      0.001 M**2         MOMENT CENTER =     0.198 M
     REF LENGTH =     0.60 M           LAT REF LENGTH =      0.60 M

          ---------------FIN SET 1 PANEL CHARACTERISTICS------------------

      ALPHA      PANEL    AEQ (PANEL AXIS SYS.)    PANEL CN

     -10.00        1              1.5417           0.0100
     -10.00        2             -9.5638          -0.1344
     -10.00        3            -13.3591          -0.2342
     -10.00        4             -6.7573          -0.0771
     -10.00        5              2.3315           0.0166
     -10.00        6             12.8263           0.2187
     -10.00        7             18.0062           0.3886
     -10.00        8             13.1404           0.2278
 
      -8.00        1              1.6884           0.0111
      -8.00        2             -7.3269          -0.0876
      -8.00        3            -10.5273          -0.1574
      -8.00        4             -5.7040          -0.0593
      -8.00        5              2.6434           0.0196
      -8.00        6             11.3363           0.1779
      -8.00        7             15.1488           0.2897
      -8.00        8             11.0875           0.1715
 
      -6.00        1              1.8379           0.0123
      -6.00        2             -5.0114          -0.0488
      -6.00        3             -7.5232          -0.0913
      -6.00        4             -4.2438          -0.0382
      -6.00        5              2.7286           0.0204
      -6.00        6              9.5184           0.1334
      -6.00        7             12.1278           0.1991
      -6.00        8              8.9685           0.1211
 
      -4.00        1              1.9903           0.0135
      -4.00        2             -2.6184          -0.0193
      -4.00        3             -4.3330          -0.0394
      -4.00        4             -2.1825          -0.0152
      -4.00        5              2.6111           0.0192
      -4.00        6              7.2198           0.0855
      -4.00        7              8.9344           0.1203
      -4.00        8              6.7839           0.0776
 
      -2.00        1              2.1448           0.0149
      -2.00        2             -0.1747          -0.0010
      -2.00        3             -1.0425          -0.0065
      -2.00        4              0.0454           0.0003
      -2.00        5              2.4566           0.0177
      -2.00        6              4.7761           0.0454
      -2.00        7              5.6439           0.0584
      -2.00        8              4.5560           0.0424
 
       0.00        1              2.3007           0.0163
       0.00        2              2.3007           0.0163
       0.00        3              2.3007           0.0163
       0.00        4              2.3007           0.0163
       0.00        5              2.3007           0.0163
       0.00        6              2.3007           0.0163
       0.00        7              2.3007           0.0163
       0.00        8              2.3007           0.0163
 
       2.00        1              2.4566           0.0177
       2.00        2              4.7761           0.0454
       2.00        3              5.6439           0.0584
       2.00        4              4.5560           0.0424
       2.00        5              2.1448           0.0149
       2.00        6             -0.1747          -0.0010
       2.00        7             -1.0425          -0.0065
       2.00        8              0.0454           0.0003
 
       4.00        1              2.6111           0.0192
       4.00        2              7.2198           0.0855
       4.00        3              8.9344           0.1203
       4.00        4              6.7839           0.0776
       4.00        5              1.9903           0.0135
       4.00        6             -2.6184          -0.0193
       4.00        7             -4.3330          -0.0394
       4.00        8             -2.1825          -0.0152
 
       6.00        1              2.7286           0.0204
       6.00        2              9.5184           0.1334
       6.00        3             12.1278           0.1991
       6.00        4              8.9685           0.1211
       6.00        5              1.8379           0.0123
       6.00        6             -5.0114          -0.0488
       6.00        7             -7.5232          -0.0913
       6.00        8             -4.2438          -0.0382
 
       8.00        1              2.6434           0.0196
       8.00        2             11.3363           0.1779
       8.00        3             15.1488           0.2897
       8.00        4             11.0875           0.1715
       8.00        5              1.6884           0.0111
       8.00        6             -7.3269          -0.0876
       8.00        7            -10.5273          -0.1574
       8.00        8             -5.7040          -0.0593
 
      10.00        1              2.3315           0.0166
      10.00        2             12.8263           0.2187
      10.00        3             18.0062           0.3886
      10.00        4             13.1404           0.2278
      10.00        5              1.5417           0.0100
      10.00        6             -9.5638          -0.1344
      10.00        7            -13.3591          -0.2342
      10.00        8             -6.7573          -0.0771
 
1         ***** THE USAF AUTOMATED MISSILE DATCOM * REV 3/99 *****     CASE   1
               AERODYNAMIC METHODS FOR MISSILE CONFIGURATIONS          PAGE  31
                 AERODYNAMIC FORCE AND MOMENT SYNTHESIS

       ******* FLIGHT CONDITIONS AND REFERENCE QUANTITIES *******
     MACH NO  =       0.90                REYNOLDS NO = 2.087E+07 /M
     ALTITUDE =        0.0 M         DYNAMIC PRESSURE =  57451.37 N/M**2
     SIDESLIP =       0.00 DEG                   ROLL =      0.00 DEG     
     REF AREA =      0.001 M**2         MOMENT CENTER =     0.198 M
     REF LENGTH =     0.60 M           LAT REF LENGTH =      0.60 M

             CARRYOVER INTERFERENCE FACTORS - FIN SET 1

      ALPHA   K-W(B)   K-B(W)  KK-W(B)  KK-B(W)  XCP-W(B) XCP-B(W) Y-CP/(B/2)

     -10.00   1.6243   1.1241   0.9535   0.6600   0.4267   0.4200   0.4450
      -8.00   1.6402   1.1241   0.9535   0.6600   0.4267   0.4200   0.4545
      -6.00   1.6545   1.1241   0.9535   0.6600   0.4267   0.4200   0.4638
      -4.00   1.6668   1.1241   0.9535   0.6600   0.4267   0.4200   0.4719
      -2.00   1.6765   1.1241   0.9535   0.6600   0.4267   0.4200   0.4784
       0.00   1.6818   1.1241   0.9535   0.6600   0.4267   0.4200   0.4833
       2.00   1.6765   1.1241   0.9535   0.6600   0.4267   0.4200   0.4862
       4.00   1.6668   1.1241   0.9535   0.6600   0.4267   0.4200   0.4835
       6.00   1.6545   1.1241   0.9535   0.6600   0.4267   0.4200   0.4792
       8.00   1.6402   1.1241   0.9535   0.6600   0.4267   0.4200   0.4753
      10.00   1.6243   1.1241   0.9535   0.6600   0.4267   0.4200   0.4720

    NOTE - XCP-W(B) USED FOR STABILITY ONLY DIFFERENT VALUES USED FOR HINGE MOMENTS
1         ***** THE USAF AUTOMATED MISSILE DATCOM * REV 3/99 *****     CASE   1
               AERODYNAMIC METHODS FOR MISSILE CONFIGURATIONS          PAGE  32
        FIN SET 1 PANEL BENDING MOMENTS (ABOUT EXPOSED ROOT CHORD)

       ******* FLIGHT CONDITIONS AND REFERENCE QUANTITIES *******
     MACH NO  =       0.90                REYNOLDS NO = 2.087E+07 /M
     ALTITUDE =        0.0 M         DYNAMIC PRESSURE =  57451.37 N/M**2
     SIDESLIP =       0.00 DEG                   ROLL =      0.00 DEG     
     REF AREA =      0.001 M**2         MOMENT CENTER =     0.198 M
     REF LENGTH =     0.60 M           LAT REF LENGTH =      0.60 M

   ALPHA   PANL 1   PANL 2   PANL 3   PANL 4   PANL 5   PANL 6   PANL 7   PANL 8
 
   -10.0  7.03E-05 -9.47E-04 -1.65E-03 -5.43E-04  1.17E-04  1.54E-03  2.74E-03  1.60E-03
    -8.0  7.98E-05 -6.30E-04 -1.13E-03 -4.27E-04  1.41E-04  1.28E-03  2.08E-03  1.23E-03
    -6.0  9.01E-05 -3.58E-04 -6.71E-04 -2.80E-04  1.50E-04  9.80E-04  1.46E-03  8.89E-04
    -4.0  1.01E-04 -1.44E-04 -2.94E-04 -1.14E-04  1.44E-04  6.39E-04  8.99E-04  5.80E-04
    -2.0  1.13E-04 -7.92E-06 -4.90E-05  2.06E-06  1.34E-04  3.44E-04  4.42E-04  3.21E-04
     0.0  1.24E-04  1.24E-04  1.24E-04  1.24E-04  1.24E-04  1.24E-04  1.24E-04  1.24E-04
     2.0  1.36E-04  3.50E-04  4.49E-04  3.26E-04  1.14E-04 -8.05E-06 -4.98E-05  2.09E-06
     4.0  1.47E-04  6.55E-04  9.21E-04  5.94E-04  1.04E-04 -1.48E-04 -3.01E-04 -1.16E-04
     6.0  1.55E-04  1.01E-03  1.51E-03  9.19E-04  9.31E-05 -3.70E-04 -6.93E-04 -2.90E-04
     8.0  1.47E-04  1.34E-03  2.18E-03  1.29E-03  8.35E-05 -6.59E-04 -1.18E-03 -4.47E-04
    10.0  1.24E-04  1.63E-03  2.90E-03  1.70E-03  7.46E-05 -1.00E-03 -1.75E-03 -5.76E-04
1         ***** THE USAF AUTOMATED MISSILE DATCOM * REV 3/99 *****     CASE   1
               AERODYNAMIC METHODS FOR MISSILE CONFIGURATIONS          PAGE  33
            FIN SET 1 PANEL HINGE MOMENTS (ABOUT HINGE LINE)

       ******* FLIGHT CONDITIONS AND REFERENCE QUANTITIES *******
     MACH NO  =       0.90                REYNOLDS NO = 2.087E+07 /M
     ALTITUDE =        0.0 M         DYNAMIC PRESSURE =  57451.37 N/M**2
     SIDESLIP =       0.00 DEG                   ROLL =      0.00 DEG     
     REF AREA =      0.001 M**2         MOMENT CENTER =     0.198 M
     REF LENGTH =     0.60 M           LAT REF LENGTH =      0.60 M

   ALPHA   PANL 1   PANL 2   PANL 3   PANL 4   PANL 5   PANL 6   PANL 7   PANL 8
 
   -10.0  1.77E-03 -2.32E-02 -3.93E-02 -1.35E-02  2.94E-03  3.69E-02  6.26E-02  3.83E-02
    -8.0  1.97E-03 -1.53E-02 -2.69E-02 -1.04E-02  3.46E-03  3.03E-02  4.79E-02  2.93E-02
    -6.0  2.18E-03 -8.59E-03 -1.59E-02 -6.73E-03  3.62E-03  2.30E-02  3.37E-02  2.09E-02
    -4.0  2.40E-03 -3.42E-03 -6.94E-03 -2.70E-03  3.41E-03  1.49E-02  2.08E-02  1.35E-02
    -2.0  2.64E-03 -1.86E-04 -1.15E-03  4.83E-05  3.14E-03  8.00E-03  1.02E-02  7.47E-03
     0.0  2.88E-03  2.88E-03  2.88E-03  2.88E-03  2.88E-03  2.88E-03  2.88E-03  2.88E-03
     2.0  3.14E-03  8.00E-03  1.02E-02  7.47E-03  2.64E-03 -1.86E-04 -1.15E-03  4.83E-05
     4.0  3.41E-03  1.49E-02  2.08E-02  1.35E-02  2.40E-03 -3.42E-03 -6.94E-03 -2.70E-03
     6.0  3.62E-03  2.30E-02  3.37E-02  2.09E-02  2.18E-03 -8.59E-03 -1.59E-02 -6.73E-03
     8.0  3.46E-03  3.03E-02  4.79E-02  2.93E-02  1.97E-03 -1.53E-02 -2.69E-02 -1.04E-02
    10.0  2.94E-03  3.69E-02  6.26E-02  3.83E-02  1.77E-03 -2.32E-02 -3.93E-02 -1.35E-02
1         ***** THE USAF AUTOMATED MISSILE DATCOM * REV 3/99 *****     CASE   1
               AERODYNAMIC METHODS FOR MISSILE CONFIGURATIONS          PAGE  34
                   STATIC AERODYNAMICS FOR BODY-FIN SET 1

       ******* FLIGHT CONDITIONS AND REFERENCE QUANTITIES *******
     MACH NO  =       0.90                REYNOLDS NO = 2.087E+07 /M
     ALTITUDE =        0.0 M         DYNAMIC PRESSURE =  57451.37 N/M**2
     SIDESLIP =       0.00 DEG                   ROLL =      0.00 DEG     
     REF AREA =      0.001 M**2         MOMENT CENTER =     0.198 M
     REF LENGTH =     0.60 M           LAT REF LENGTH =      0.60 M

                   ----- LONGITUDINAL -----     -- LATERAL DIRECTIONAL --
         ALPHA       CN        CM        CA        CY       CLN       CLL

        -10.00    -2.693     0.830     0.561    -0.017     0.007    -0.015
         -8.00    -1.965     0.597     0.561    -0.007     0.003    -0.013
         -6.00    -1.313     0.389     0.560    -0.001     0.000    -0.011
         -4.00    -0.752     0.214     0.558     0.001     0.000    -0.009
         -2.00    -0.324     0.088     0.555     0.000     0.000    -0.006
          0.00     0.000     0.000     0.553     0.000     0.000    -0.005
          2.00     0.324    -0.088     0.555     0.000     0.000    -0.006
          4.00     0.752    -0.214     0.558    -0.001     0.000    -0.009
          6.00     1.313    -0.389     0.560     0.001     0.000    -0.011
          8.00     1.965    -0.597     0.561     0.007    -0.003    -0.013
         10.00     2.693    -0.830     0.561     0.017    -0.007    -0.015

         ALPHA       CL        CD      CL/CD     X-C.P.

        -10.00    -2.555     1.020    -2.505    -0.308
         -8.00    -1.868     0.829    -2.253    -0.304
         -6.00    -1.248     0.694    -1.797    -0.296
         -4.00    -0.711     0.609    -1.168    -0.284
         -2.00    -0.305     0.566    -0.538    -0.271
          0.00     0.000     0.553     0.000    -0.424
          2.00     0.305     0.566     0.538    -0.271
          4.00     0.711     0.609     1.168    -0.284
          6.00     1.248     0.694     1.797    -0.296
          8.00     1.868     0.829     2.253    -0.304
         10.00     2.555     1.020     2.505    -0.308

    X-C.P. MEAS. FROM MOMENT CENTER IN REF. LENGTHS, NEG. AFT OF MOMENT CENTER
1         ***** THE USAF AUTOMATED MISSILE DATCOM * REV 3/99 *****     CASE   1
               AERODYNAMIC METHODS FOR MISSILE CONFIGURATIONS          PAGE  35
                   STATIC AERODYNAMICS FOR BODY-FIN SET 1

       ******* FLIGHT CONDITIONS AND REFERENCE QUANTITIES *******
     MACH NO  =       0.90                REYNOLDS NO = 2.087E+07 /M
     ALTITUDE =        0.0 M         DYNAMIC PRESSURE =  57451.37 N/M**2
     SIDESLIP =       0.00 DEG                   ROLL =      0.00 DEG     
     REF AREA =      0.001 M**2         MOMENT CENTER =     0.198 M
     REF LENGTH =     0.60 M           LAT REF LENGTH =      0.60 M

                   ---------- DERIVATIVES (PER DEGREE) ----------
         ALPHA       CNA         CMA         CYB         CLNB        CLLB
        -10.00      0.3831     -0.1230     -0.2660      0.0818      0.0001
         -8.00      0.3448     -0.1101     -0.2464      0.0750      0.0000
         -6.00      0.3031     -0.0958     -0.2212      0.0659     -0.0001
         -4.00      0.2471     -0.0753     -0.1916      0.0548     -0.0002
         -2.00      0.1879     -0.0534     -0.1644      0.0448     -0.0003
          0.00      0.1621     -0.0440     -0.1568      0.0421     -0.0005
          2.00      0.1879     -0.0534     -0.1642      0.0447     -0.0003
          4.00      0.2471     -0.0753     -0.1903      0.0543     -0.0002
          6.00      0.3031     -0.0958     -0.2183      0.0646     -0.0002
          8.00      0.3448     -0.1101     -0.2377      0.0714     -0.0002
         10.00      0.3831     -0.1230     -0.2531      0.0764     -0.0002

    PANEL DEFLECTION ANGLES (DEGREES)
    SET    FIN 1   FIN 2   FIN 3   FIN 4   FIN 5   FIN 6   FIN 7   FIN 8
      1    2.67    2.67    2.67    2.67    2.67    2.67    2.67    2.67
1         ***** THE USAF AUTOMATED MISSILE DATCOM * REV 3/99 *****     CASE   1
               AERODYNAMIC METHODS FOR MISSILE CONFIGURATIONS          PAGE  36
                             BODY ALONE PARTIAL OUTPUT

       ******* FLIGHT CONDITIONS AND REFERENCE QUANTITIES *******
     MACH NO  =       1.10                REYNOLDS NO = 2.550E+07 /M
     ALTITUDE =        0.0 M         DYNAMIC PRESSURE =  85822.41 N/M**2
     SIDESLIP =       0.00 DEG                   ROLL =      0.00 DEG     
     REF AREA =      0.001 M**2         MOMENT CENTER =     0.198 M
     REF LENGTH =     0.60 M           LAT REF LENGTH =      0.60 M

      ALPHA    CA-FRIC  CA-PRES/WAVE CA-BASE    CA-PROT     CA-SEP     CA-ALP
     -10.00     0.1586     0.0942     0.2013                           0.0013
      -8.00     0.1603     0.0952     0.2021                           0.0016
      -6.00     0.1617     0.0961     0.2027                           0.0012
      -4.00     0.1627     0.0966     0.2031                           0.0006
      -2.00     0.1633     0.0970     0.2032                           0.0002
       0.00     0.1635     0.0971     0.2030                           0.0000
       2.00     0.1633     0.0970     0.2032                           0.0002
       4.00     0.1627     0.0966     0.2031                           0.0006
       6.00     0.1617     0.0961     0.2027                           0.0012
       8.00     0.1603     0.0952     0.2021                           0.0016
      10.00     0.1586     0.0942     0.2013                           0.0013

                     CROSS FLOW DRAG PROPORTIONALITY FACTOR = 0.97103

      ALPHA    CN-POTEN  CN-VISC   CN-SEP    CM-POTEN  CM-VISC   CM-SEP    CDC
     -10.00    -0.529    -0.502              -0.016     0.099             0.857
      -8.00    -0.427    -0.314              -0.013     0.062             0.834
      -6.00    -0.322    -0.172              -0.010     0.034             0.810
      -4.00    -0.216    -0.074              -0.007     0.015             0.787
      -2.00    -0.108    -0.018              -0.003     0.004             0.764
       0.00     0.000     0.000               0.000     0.000             0.740
       2.00     0.108     0.018               0.003    -0.004             0.764
       4.00     0.216     0.074               0.007    -0.015             0.787
       6.00     0.322     0.172               0.010    -0.034             0.810
       8.00     0.427     0.314               0.013    -0.062             0.834
      10.00     0.529     0.502               0.016    -0.099             0.857
1         ***** THE USAF AUTOMATED MISSILE DATCOM * REV 3/99 *****     CASE   1
               AERODYNAMIC METHODS FOR MISSILE CONFIGURATIONS          PAGE  37
                        FIN SET 1 CA PARTIAL OUTPUT

       ******* FLIGHT CONDITIONS AND REFERENCE QUANTITIES *******
     MACH NO  =       1.10                REYNOLDS NO = 2.550E+07 /M
     ALTITUDE =        0.0 M         DYNAMIC PRESSURE =  85822.41 N/M**2
     SIDESLIP =       0.00 DEG                   ROLL =      0.00 DEG     
     REF AREA =      0.001 M**2         MOMENT CENTER =     0.198 M
     REF LENGTH =     0.60 M           LAT REF LENGTH =      0.60 M

    SINGLE FIN PANEL ZERO-LIFT AXIAL FORCE COMPONENTS

    SKIN FRICTION        0.0114
    SUBSONIC PRESSURE    0.0005
    TRANSONIC WAVE       0.0000
    SUPERSONIC WAVE      0.0260
    LEADING EDGE         0.0000
    TRAILING EDGE        0.0000
    TOTAL CAO            0.0379

    FIN AXIAL FORCE DUE TO ANGLE OF ATTACK

    ALPHA      CA DUE TO LIFT (SINGLE PANEL)   CA-TOTAL (8 FINS)

     -10.00              0.0000                      0.2983
      -8.00              0.0000                      0.3000
      -6.00              0.0000                      0.3013
      -4.00              0.0000                      0.3022
      -2.00              0.0000                      0.3027
       0.00              0.0000                      0.3029
       2.00              0.0000                      0.3027
       4.00              0.0000                      0.3022
       6.00              0.0000                      0.3013
       8.00              0.0000                      0.3000
      10.00              0.0000                      0.2983
1         ***** THE USAF AUTOMATED MISSILE DATCOM * REV 3/99 *****     CASE   1
               AERODYNAMIC METHODS FOR MISSILE CONFIGURATIONS          PAGE  38
                       FIN SET 1 CN, CM PARTIAL OUTPUT

       ******* FLIGHT CONDITIONS AND REFERENCE QUANTITIES *******
     MACH NO  =       1.10                REYNOLDS NO = 2.550E+07 /M
     ALTITUDE =        0.0 M         DYNAMIC PRESSURE =  85822.41 N/M**2
     SIDESLIP =       0.00 DEG                   ROLL =      0.00 DEG     
     REF AREA =      0.001 M**2         MOMENT CENTER =     0.198 M
     REF LENGTH =     0.60 M           LAT REF LENGTH =      0.60 M

    NORMAL FORCE SLOPE AT ALPHA ZERO, CNA =    0.00492/DEG (1 PANEL)
         CENTER OF PRESSURE FOR LINEAR CN =   -0.51000 (CALIBERS FROM C.G.)
     CENTER OF PRESSURE FOR NON-LINEAR CN =   -0.50333 (CALIBERS FROM C.G.)

      ALPHA      CN        CN        CN        CM        CM        CM
               LINEAR  NON-LINEAR  TOTAL     LINEAR  NON-LINEAR  TOTAL

     -10.00   -0.1942   -0.2777   -0.4719    0.0991    0.1398    0.2388
      -8.00   -0.1561   -0.1784   -0.3345    0.0796    0.0898    0.1694
      -6.00   -0.1175   -0.1006   -0.2181    0.0599    0.0506    0.1106
      -4.00   -0.0785   -0.0448   -0.1233    0.0401    0.0225    0.0626
      -2.00   -0.0393   -0.0112   -0.0505    0.0201    0.0056    0.0257
       0.00    0.0000    0.0000    0.0000    0.0000    0.0000    0.0000
       2.00    0.0393    0.0112    0.0505   -0.0201   -0.0056   -0.0257
       4.00    0.0785    0.0448    0.1233   -0.0401   -0.0225   -0.0626
       6.00    0.1175    0.1006    0.2181   -0.0599   -0.0506   -0.1106
       8.00    0.1561    0.1784    0.3345   -0.0796   -0.0898   -0.1694
      10.00    0.1942    0.2777    0.4719   -0.0991   -0.1398   -0.2388
1         ***** THE USAF AUTOMATED MISSILE DATCOM * REV 3/99 *****     CASE   1
               AERODYNAMIC METHODS FOR MISSILE CONFIGURATIONS          PAGE  39
                 AERODYNAMIC FORCE AND MOMENT SYNTHESIS

       ******* FLIGHT CONDITIONS AND REFERENCE QUANTITIES *******
     MACH NO  =       1.10                REYNOLDS NO = 2.550E+07 /M
     ALTITUDE =        0.0 M         DYNAMIC PRESSURE =  85822.41 N/M**2
     SIDESLIP =       0.00 DEG                   ROLL =      0.00 DEG     
     REF AREA =      0.001 M**2         MOMENT CENTER =     0.198 M
     REF LENGTH =     0.60 M           LAT REF LENGTH =      0.60 M

          ---------------FIN SET 1 IN PRESENCE OF THE BODY----------------

      ALPHA       CN         CM         CA         CY         CLN        CLL

     -10.00    -0.8508     0.4339     0.3175    -0.0071     0.0036    -0.0117
      -8.00    -0.6357     0.3242     0.3159    -0.0030     0.0015    -0.0105
      -6.00    -0.4337     0.2212     0.3141    -0.0003     0.0001    -0.0091
      -4.00    -0.2516     0.1283     0.3119     0.0002    -0.0001    -0.0074
      -2.00    -0.1105     0.0563     0.3096     0.0000     0.0000    -0.0056
       0.00     0.0000     0.0000     0.3082     0.0000     0.0000    -0.0045
       2.00     0.1105    -0.0563     0.3096     0.0000     0.0000    -0.0056
       4.00     0.2516    -0.1283     0.3119    -0.0002     0.0001    -0.0074
       6.00     0.4337    -0.2212     0.3141     0.0003    -0.0001    -0.0091
       8.00     0.6357    -0.3242     0.3159     0.0030    -0.0015    -0.0105
      10.00     0.8508    -0.4339     0.3175     0.0071    -0.0036    -0.0117
1         ***** THE USAF AUTOMATED MISSILE DATCOM * REV 3/99 *****     CASE   1
               AERODYNAMIC METHODS FOR MISSILE CONFIGURATIONS          PAGE  40
                 AERODYNAMIC FORCE AND MOMENT SYNTHESIS

       ******* FLIGHT CONDITIONS AND REFERENCE QUANTITIES *******
     MACH NO  =       1.10                REYNOLDS NO = 2.550E+07 /M
     ALTITUDE =        0.0 M         DYNAMIC PRESSURE =  85822.41 N/M**2
     SIDESLIP =       0.00 DEG                   ROLL =      0.00 DEG     
     REF AREA =      0.001 M**2         MOMENT CENTER =     0.198 M
     REF LENGTH =     0.60 M           LAT REF LENGTH =      0.60 M

          ---------------FIN SET 1 PANEL CHARACTERISTICS------------------

      ALPHA      PANEL    AEQ (PANEL AXIS SYS.)    PANEL CN

     -10.00        1              1.5588           0.0095
     -10.00        2             -9.4926          -0.1082
     -10.00        3            -13.2643          -0.1832
     -10.00        4             -6.6275          -0.0629
     -10.00        5              2.3751           0.0156
     -10.00        6             12.7353           0.1717
     -10.00        7             17.9395           0.2985
     -10.00        8             13.1008           0.1796
 
      -8.00        1              1.7039           0.0105
      -8.00        2             -7.2797          -0.0723
      -8.00        3            -10.4668          -0.1259
      -8.00        4             -5.6338          -0.0497
      -8.00        5              2.6679           0.0180
      -8.00        6             11.2963           0.1419
      -8.00        7             15.1156           0.2261
      -8.00        8             11.0698           0.1375
 
      -6.00        1              1.8523           0.0115
      -6.00        2             -4.9814          -0.0417
      -6.00        3             -7.4871          -0.0754
      -6.00        4             -4.2114          -0.0330
      -6.00        5              2.7429           0.0187
      -6.00        6              9.5119           0.1085
      -6.00        7             12.1185           0.1586
      -6.00        8              8.9665           0.0991
 
      -4.00        1              2.0041           0.0127
      -4.00        2             -2.5989          -0.0174
      -4.00        3             -4.3113          -0.0341
      -4.00        4             -2.1635          -0.0139
      -4.00        5              2.6240           0.0176
      -4.00        6              7.2270           0.0715
      -4.00        7              8.9394           0.0986
      -4.00        8              6.7915           0.0652
 
      -2.00        1              2.1582           0.0138
      -2.00        2             -0.1603          -0.0009
      -2.00        3             -1.0277          -0.0060
      -2.00        4              0.0597           0.0003
      -2.00        5              2.4698           0.0163
      -2.00        6              4.7883           0.0395
      -2.00        7              5.6557           0.0500
      -2.00        8              4.5683           0.0370
 
       0.00        1              2.3140           0.0151
       0.00        2              2.3140           0.0151
       0.00        3              2.3140           0.0151
       0.00        4              2.3140           0.0151
       0.00        5              2.3140           0.0151
       0.00        6              2.3140           0.0151
       0.00        7              2.3140           0.0151
       0.00        8              2.3140           0.0151
 
       2.00        1              2.4698           0.0163
       2.00        2              4.7883           0.0395
       2.00        3              5.6557           0.0500
       2.00        4              4.5683           0.0370
       2.00        5              2.1582           0.0138
       2.00        6             -0.1603          -0.0009
       2.00        7             -1.0277          -0.0060
       2.00        8              0.0597           0.0003
 
       4.00        1              2.6240           0.0176
       4.00        2              7.2270           0.0715
       4.00        3              8.9394           0.0986
       4.00        4              6.7915           0.0652
       4.00        5              2.0041           0.0127
       4.00        6             -2.5989          -0.0174
       4.00        7             -4.3113          -0.0341
       4.00        8             -2.1635          -0.0139
 
       6.00        1              2.7429           0.0187
       6.00        2              9.5119           0.1085
       6.00        3             12.1185           0.1586
       6.00        4              8.9665           0.0991
       6.00        5              1.8523           0.0115
       6.00        6             -4.9814          -0.0417
       6.00        7             -7.4871          -0.0754
       6.00        8             -4.2114          -0.0330
 
       8.00        1              2.6679           0.0180
       8.00        2             11.2963           0.1419
       8.00        3             15.1156           0.2261
       8.00        4             11.0698           0.1375
       8.00        5              1.7039           0.0105
       8.00        6             -7.2797          -0.0723
       8.00        7            -10.4668          -0.1259
       8.00        8             -5.6338          -0.0497
 
      10.00        1              2.3751           0.0156
      10.00        2             12.7353           0.1717
      10.00        3             17.9395           0.2985
      10.00        4             13.1008           0.1796
      10.00        5              1.5588           0.0095
      10.00        6             -9.4926          -0.1082
      10.00        7            -13.2643          -0.1832
      10.00        8             -6.6275          -0.0629
 
1         ***** THE USAF AUTOMATED MISSILE DATCOM * REV 3/99 *****     CASE   1
               AERODYNAMIC METHODS FOR MISSILE CONFIGURATIONS          PAGE  41
                 AERODYNAMIC FORCE AND MOMENT SYNTHESIS

       ******* FLIGHT CONDITIONS AND REFERENCE QUANTITIES *******
     MACH NO  =       1.10                REYNOLDS NO = 2.550E+07 /M
     ALTITUDE =        0.0 M         DYNAMIC PRESSURE =  85822.41 N/M**2
     SIDESLIP =       0.00 DEG                   ROLL =      0.00 DEG     
     REF AREA =      0.001 M**2         MOMENT CENTER =     0.198 M
     REF LENGTH =     0.60 M           LAT REF LENGTH =      0.60 M

             CARRYOVER INTERFERENCE FACTORS - FIN SET 1

      ALPHA   K-W(B)   K-B(W)  KK-W(B)  KK-B(W)  XCP-W(B) XCP-B(W) Y-CP/(B/2)

     -10.00   1.6165   1.1241   0.9535   0.6600   0.5100   0.4200   0.4404
      -8.00   1.6344   1.1241   0.9535   0.6600   0.5100   0.4200   0.4466
      -6.00   1.6507   1.1241   0.9535   0.6600   0.5100   0.4200   0.4524
      -4.00   1.6647   1.1241   0.9535   0.6600   0.5100   0.4200   0.4574
      -2.00   1.6757   1.1241   0.9535   0.6600   0.5100   0.4200   0.4616
       0.00   1.6818   1.1241   0.9535   0.6600   0.5100   0.4200   0.4648
       2.00   1.6757   1.1241   0.9535   0.6600   0.5100   0.4200   0.4670
       4.00   1.6647   1.1241   0.9535   0.6600   0.5100   0.4200   0.4650
       6.00   1.6507   1.1241   0.9535   0.6600   0.5100   0.4200   0.4622
       8.00   1.6344   1.1241   0.9535   0.6600   0.5100   0.4200   0.4597
      10.00   1.6165   1.1241   0.9535   0.6600   0.5100   0.4200   0.4577

    NOTE - XCP-W(B) USED FOR STABILITY ONLY DIFFERENT VALUES USED FOR HINGE MOMENTS
1         ***** THE USAF AUTOMATED MISSILE DATCOM * REV 3/99 *****     CASE   1
               AERODYNAMIC METHODS FOR MISSILE CONFIGURATIONS          PAGE  42
        FIN SET 1 PANEL BENDING MOMENTS (ABOUT EXPOSED ROOT CHORD)

       ******* FLIGHT CONDITIONS AND REFERENCE QUANTITIES *******
     MACH NO  =       1.10                REYNOLDS NO = 2.550E+07 /M
     ALTITUDE =        0.0 M         DYNAMIC PRESSURE =  85822.41 N/M**2
     SIDESLIP =       0.00 DEG                   ROLL =      0.00 DEG     
     REF AREA =      0.001 M**2         MOMENT CENTER =     0.198 M
     REF LENGTH =     0.60 M           LAT REF LENGTH =      0.60 M

   ALPHA   PANL 1   PANL 2   PANL 3   PANL 4   PANL 5   PANL 6   PANL 7   PANL 8
 
   -10.0  6.61E-05 -7.54E-04 -1.28E-03 -4.39E-04  1.08E-04  1.20E-03  2.08E-03  1.25E-03
    -8.0  7.41E-05 -5.11E-04 -8.90E-04 -3.51E-04  1.27E-04  1.00E-03  1.60E-03  9.72E-04
    -6.0  8.27E-05 -2.99E-04 -5.40E-04 -2.37E-04  1.34E-04  7.77E-04  1.14E-03  7.10E-04
    -4.0  9.17E-05 -1.26E-04 -2.47E-04 -1.00E-04  1.28E-04  5.18E-04  7.14E-04  4.72E-04
    -2.0  1.01E-04 -6.71E-06 -4.42E-05  2.50E-06  1.19E-04  2.89E-04  3.65E-04  2.70E-04
     0.0  1.11E-04  1.11E-04  1.11E-04  1.11E-04  1.11E-04  1.11E-04  1.11E-04  1.11E-04
     2.0  1.21E-04  2.92E-04  3.70E-04  2.73E-04  1.02E-04 -6.79E-06 -4.47E-05  2.53E-06
     4.0  1.30E-04  5.26E-04  7.26E-04  4.80E-04  9.32E-05 -1.28E-04 -2.51E-04 -1.02E-04
     6.0  1.37E-04  7.94E-04  1.16E-03  7.25E-04  8.45E-05 -3.05E-04 -5.52E-04 -2.42E-04
     8.0  1.31E-04  1.03E-03  1.65E-03  1.00E-03  7.63E-05 -5.26E-04 -9.17E-04 -3.62E-04
    10.0  1.13E-04  1.24E-03  2.16E-03  1.30E-03  6.87E-05 -7.84E-04 -1.33E-03 -4.56E-04
1         ***** THE USAF AUTOMATED MISSILE DATCOM * REV 3/99 *****     CASE   1
               AERODYNAMIC METHODS FOR MISSILE CONFIGURATIONS          PAGE  43
            FIN SET 1 PANEL HINGE MOMENTS (ABOUT HINGE LINE)

       ******* FLIGHT CONDITIONS AND REFERENCE QUANTITIES *******
     MACH NO  =       1.10                REYNOLDS NO = 2.550E+07 /M
     ALTITUDE =        0.0 M         DYNAMIC PRESSURE =  85822.41 N/M**2
     SIDESLIP =       0.00 DEG                   ROLL =      0.00 DEG     
     REF AREA =      0.001 M**2         MOMENT CENTER =     0.198 M
     REF LENGTH =     0.60 M           LAT REF LENGTH =      0.60 M

   ALPHA   PANL 1   PANL 2   PANL 3   PANL 4   PANL 5   PANL 6   PANL 7   PANL 8
 
   -10.0  1.62E-03 -1.81E-02 -3.02E-02 -1.06E-02  2.66E-03  2.84E-02  4.80E-02  2.96E-02
    -8.0  1.79E-03 -1.22E-02 -2.10E-02 -8.42E-03  3.07E-03  2.36E-02  3.69E-02  2.29E-02
    -6.0  1.97E-03 -7.08E-03 -1.27E-02 -5.62E-03  3.18E-03  1.82E-02  2.63E-02  1.66E-02
    -4.0  2.16E-03 -2.97E-03 -5.80E-03 -2.37E-03  3.01E-03  1.21E-02  1.65E-02  1.10E-02
    -2.0  2.36E-03 -1.57E-04 -1.03E-03  5.86E-05  2.79E-03  6.71E-03  8.47E-03  6.28E-03
     0.0  2.57E-03  2.57E-03  2.57E-03  2.57E-03  2.57E-03  2.57E-03  2.57E-03  2.57E-03
     2.0  2.79E-03  6.71E-03  8.47E-03  6.28E-03  2.36E-03 -1.57E-04 -1.03E-03  5.86E-05
     4.0  3.01E-03  1.21E-02  1.65E-02  1.10E-02  2.16E-03 -2.97E-03 -5.80E-03 -2.37E-03
     6.0  3.18E-03  1.82E-02  2.63E-02  1.66E-02  1.97E-03 -7.08E-03 -1.27E-02 -5.62E-03
     8.0  3.07E-03  2.36E-02  3.69E-02  2.29E-02  1.79E-03 -1.22E-02 -2.10E-02 -8.42E-03
    10.0  2.66E-03  2.84E-02  4.80E-02  2.96E-02  1.62E-03 -1.81E-02 -3.02E-02 -1.06E-02
1         ***** THE USAF AUTOMATED MISSILE DATCOM * REV 3/99 *****     CASE   1
               AERODYNAMIC METHODS FOR MISSILE CONFIGURATIONS          PAGE  44
                   STATIC AERODYNAMICS FOR BODY-FIN SET 1

       ******* FLIGHT CONDITIONS AND REFERENCE QUANTITIES *******
     MACH NO  =       1.10                REYNOLDS NO = 2.550E+07 /M
     ALTITUDE =        0.0 M         DYNAMIC PRESSURE =  85822.41 N/M**2
     SIDESLIP =       0.00 DEG                   ROLL =      0.00 DEG     
     REF AREA =      0.001 M**2         MOMENT CENTER =     0.198 M
     REF LENGTH =     0.60 M           LAT REF LENGTH =      0.60 M

                   ----- LONGITUDINAL -----     -- LATERAL DIRECTIONAL --
         ALPHA       CN        CM        CA        CY       CLN       CLL

        -10.00    -2.473     0.766     0.773    -0.012     0.006    -0.012
         -8.00    -1.813     0.557     0.775    -0.005     0.002    -0.011
         -6.00    -1.223     0.369     0.776     0.000     0.000    -0.009
         -4.00    -0.712     0.208     0.775     0.000     0.000    -0.007
         -2.00    -0.311     0.088     0.773     0.000     0.000    -0.006
          0.00     0.000     0.000     0.772     0.000     0.000    -0.004
          2.00     0.311    -0.088     0.773     0.000     0.000    -0.006
          4.00     0.712    -0.208     0.775     0.000     0.000    -0.007
          6.00     1.223    -0.369     0.776     0.000     0.000    -0.009
          8.00     1.813    -0.557     0.775     0.005    -0.002    -0.011
         10.00     2.473    -0.766     0.773     0.012    -0.006    -0.012

         ALPHA       CL        CD      CL/CD     X-C.P.

        -10.00    -2.301     1.191    -1.933    -0.310
         -8.00    -1.687     1.020    -1.654    -0.307
         -6.00    -1.135     0.899    -1.262    -0.302
         -4.00    -0.656     0.823    -0.797    -0.292
         -2.00    -0.284     0.784    -0.362    -0.282
          0.00     0.000     0.772     0.000    -0.474
          2.00     0.284     0.784     0.362    -0.282
          4.00     0.656     0.823     0.797    -0.292
          6.00     1.135     0.899     1.262    -0.302
          8.00     1.687     1.020     1.654    -0.307
         10.00     2.301     1.191     1.933    -0.310

    X-C.P. MEAS. FROM MOMENT CENTER IN REF. LENGTHS, NEG. AFT OF MOMENT CENTER
1         ***** THE USAF AUTOMATED MISSILE DATCOM * REV 3/99 *****     CASE   1
               AERODYNAMIC METHODS FOR MISSILE CONFIGURATIONS          PAGE  45
                   STATIC AERODYNAMICS FOR BODY-FIN SET 1

       ******* FLIGHT CONDITIONS AND REFERENCE QUANTITIES *******
     MACH NO  =       1.10                REYNOLDS NO = 2.550E+07 /M
     ALTITUDE =        0.0 M         DYNAMIC PRESSURE =  85822.41 N/M**2
     SIDESLIP =       0.00 DEG                   ROLL =      0.00 DEG     
     REF AREA =      0.001 M**2         MOMENT CENTER =     0.198 M
     REF LENGTH =     0.60 M           LAT REF LENGTH =      0.60 M

                   ---------- DERIVATIVES (PER DEGREE) ----------
         ALPHA       CNA         CMA         CYB         CLNB        CLLB
        -10.00      0.3473     -0.1096     -0.2445      0.0756      0.0001
         -8.00      0.3123     -0.0990     -0.2272      0.0700      0.0000
         -6.00      0.2753     -0.0873     -0.2056      0.0624     -0.0001
         -4.00      0.2279     -0.0704     -0.1806      0.0531     -0.0001
         -2.00      0.1778     -0.0519     -0.1575      0.0446     -0.0002
          0.00      0.1554     -0.0439     -0.1507      0.0423     -0.0003
          2.00      0.1778     -0.0519     -0.1574      0.0445     -0.0002
          4.00      0.2279     -0.0704     -0.1797      0.0527     -0.0001
          6.00      0.2753     -0.0873     -0.2035      0.0614     -0.0002
          8.00      0.3123     -0.0990     -0.2211      0.0671     -0.0001
         10.00      0.3473     -0.1096     -0.2352      0.0712     -0.0001

    PANEL DEFLECTION ANGLES (DEGREES)
    SET    FIN 1   FIN 2   FIN 3   FIN 4   FIN 5   FIN 6   FIN 7   FIN 8
      1    2.67    2.67    2.67    2.67    2.67    2.67    2.67    2.67
1         ***** THE USAF AUTOMATED MISSILE DATCOM * REV 3/99 *****     CASE   1
               AERODYNAMIC METHODS FOR MISSILE CONFIGURATIONS          PAGE  46
                             BODY ALONE PARTIAL OUTPUT

       ******* FLIGHT CONDITIONS AND REFERENCE QUANTITIES *******
     MACH NO  =       1.40                REYNOLDS NO = 3.246E+07 /M
     ALTITUDE =        0.0 M         DYNAMIC PRESSURE = 139018.12 N/M**2
     SIDESLIP =       0.00 DEG                   ROLL =      0.00 DEG     
     REF AREA =      0.001 M**2         MOMENT CENTER =     0.198 M
     REF LENGTH =     0.60 M           LAT REF LENGTH =      0.60 M

      ALPHA    CA-FRIC  CA-PRES/WAVE CA-BASE    CA-PROT     CA-SEP     CA-ALP
     -10.00     0.1465     0.1125     0.1806                           0.0000
      -8.00     0.1481     0.1128     0.1816                           0.0000
      -6.00     0.1494     0.1130     0.1824                           0.0000
      -4.00     0.1503     0.1132     0.1829                           0.0000
      -2.00     0.1508     0.1133     0.1833                           0.0000
       0.00     0.1510     0.1133     0.1834                           0.0000
       2.00     0.1508     0.1133     0.1833                           0.0000
       4.00     0.1503     0.1132     0.1829                           0.0000
       6.00     0.1494     0.1130     0.1824                           0.0000
       8.00     0.1481     0.1128     0.1816                           0.0000
      10.00     0.1465     0.1125     0.1806                           0.0000

                     CROSS FLOW DRAG PROPORTIONALITY FACTOR = 1.00000

      ALPHA    CN-POTEN  CN-VISC   CN-SEP    CM-POTEN  CM-VISC   CM-SEP    CDC
     -10.00    -0.394    -0.557              -0.099     0.110             0.923
      -8.00    -0.318    -0.333              -0.080     0.066             0.859
      -6.00    -0.240    -0.181              -0.061     0.036             0.830
      -4.00    -0.161    -0.078              -0.041     0.015             0.800
      -2.00    -0.081    -0.019              -0.020     0.004             0.770
       0.00     0.000     0.000               0.000     0.000             0.740
       2.00     0.081     0.019               0.020    -0.004             0.770
       4.00     0.161     0.078               0.041    -0.015             0.800
       6.00     0.240     0.181               0.061    -0.036             0.830
       8.00     0.318     0.333               0.080    -0.066             0.859
      10.00     0.394     0.557               0.099    -0.110             0.923
1         ***** THE USAF AUTOMATED MISSILE DATCOM * REV 3/99 *****     CASE   1
               AERODYNAMIC METHODS FOR MISSILE CONFIGURATIONS          PAGE  47
                        FIN SET 1 CA PARTIAL OUTPUT

       ******* FLIGHT CONDITIONS AND REFERENCE QUANTITIES *******
     MACH NO  =       1.40                REYNOLDS NO = 3.246E+07 /M
     ALTITUDE =        0.0 M         DYNAMIC PRESSURE = 139018.12 N/M**2
     SIDESLIP =       0.00 DEG                   ROLL =      0.00 DEG     
     REF AREA =      0.001 M**2         MOMENT CENTER =     0.198 M
     REF LENGTH =     0.60 M           LAT REF LENGTH =      0.60 M

    SINGLE FIN PANEL ZERO-LIFT AXIAL FORCE COMPONENTS

    SKIN FRICTION        0.0105
    SUBSONIC PRESSURE    0.0000
    TRANSONIC WAVE       0.0000
    SUPERSONIC WAVE      0.0133
    LEADING EDGE         0.0000
    TRAILING EDGE        0.0000
    TOTAL CAO            0.0238

    FIN AXIAL FORCE DUE TO ANGLE OF ATTACK

    ALPHA      CA DUE TO LIFT (SINGLE PANEL)   CA-TOTAL (8 FINS)

     -10.00              0.0000                      0.1879
      -8.00              0.0000                      0.1889
      -6.00              0.0000                      0.1897
      -4.00              0.0000                      0.1903
      -2.00              0.0000                      0.1907
       0.00              0.0000                      0.1908
       2.00              0.0000                      0.1907
       4.00              0.0000                      0.1903
       6.00              0.0000                      0.1897
       8.00              0.0000                      0.1889
      10.00              0.0000                      0.1879
1         ***** THE USAF AUTOMATED MISSILE DATCOM * REV 3/99 *****     CASE   1
               AERODYNAMIC METHODS FOR MISSILE CONFIGURATIONS          PAGE  48
                       FIN SET 1 CN, CM PARTIAL OUTPUT

       ******* FLIGHT CONDITIONS AND REFERENCE QUANTITIES *******
     MACH NO  =       1.40                REYNOLDS NO = 3.246E+07 /M
     ALTITUDE =        0.0 M         DYNAMIC PRESSURE = 139018.12 N/M**2
     SIDESLIP =       0.00 DEG                   ROLL =      0.00 DEG     
     REF AREA =      0.001 M**2         MOMENT CENTER =     0.198 M
     REF LENGTH =     0.60 M           LAT REF LENGTH =      0.60 M

    NORMAL FORCE SLOPE AT ALPHA ZERO, CNA =    0.02636/DEG (1 PANEL)
         CENTER OF PRESSURE FOR LINEAR CN =   -0.51000 (CALIBERS FROM C.G.)
     CENTER OF PRESSURE FOR NON-LINEAR CN =   -0.50333 (CALIBERS FROM C.G.)

      ALPHA      CN        CN        CN        CM        CM        CM
               LINEAR  NON-LINEAR  TOTAL     LINEAR  NON-LINEAR  TOTAL

     -10.00   -1.0410   -0.5372   -1.5782    0.5309    0.2704    0.8013
      -8.00   -0.8367   -0.3466   -1.1833    0.4267    0.1745    0.6012
      -6.00   -0.6298   -0.1960   -0.8258    0.3212    0.0987    0.4198
      -4.00   -0.4209   -0.0872   -0.5082    0.2147    0.0439    0.2586
      -2.00   -0.2108   -0.0218   -0.2326    0.1075    0.0110    0.1185
       0.00    0.0000    0.0000    0.0000    0.0000    0.0000    0.0000
       2.00    0.2108    0.0218    0.2326   -0.1075   -0.0110   -0.1185
       4.00    0.4209    0.0872    0.5082   -0.2147   -0.0439   -0.2586
       6.00    0.6298    0.1960    0.8258   -0.3212   -0.0987   -0.4198
       8.00    0.8367    0.3466    1.1833   -0.4267   -0.1745   -0.6012
      10.00    1.0410    0.5372    1.5782   -0.5309   -0.2704   -0.8013
1         ***** THE USAF AUTOMATED MISSILE DATCOM * REV 3/99 *****     CASE   1
               AERODYNAMIC METHODS FOR MISSILE CONFIGURATIONS          PAGE  49
                 AERODYNAMIC FORCE AND MOMENT SYNTHESIS

       ******* FLIGHT CONDITIONS AND REFERENCE QUANTITIES *******
     MACH NO  =       1.40                REYNOLDS NO = 3.246E+07 /M
     ALTITUDE =        0.0 M         DYNAMIC PRESSURE = 139018.12 N/M**2
     SIDESLIP =       0.00 DEG                   ROLL =      0.00 DEG     
     REF AREA =      0.001 M**2         MOMENT CENTER =     0.198 M
     REF LENGTH =     0.60 M           LAT REF LENGTH =      0.60 M

          ---------------FIN SET 1 IN PRESENCE OF THE BODY----------------

      ALPHA       CN         CM         CA         CY         CLN        CLL

     -10.00    -2.5665     1.3089     0.2324    -0.0126     0.0064    -0.0334
      -8.00    -2.0288     1.0347     0.2300    -0.0046     0.0023    -0.0309
      -6.00    -1.4772     0.7534     0.2269    -0.0003     0.0001    -0.0280
      -4.00    -0.9275     0.4730     0.2231     0.0004    -0.0002    -0.0252
      -2.00    -0.4386     0.2237     0.2187     0.0000     0.0000    -0.0221
       0.00     0.0000     0.0000     0.2161     0.0000     0.0000    -0.0202
       2.00     0.4386    -0.2237     0.2187     0.0000     0.0000    -0.0221
       4.00     0.9275    -0.4730     0.2231    -0.0004     0.0002    -0.0252
       6.00     1.4772    -0.7534     0.2269     0.0003    -0.0001    -0.0280
       8.00     2.0288    -1.0347     0.2300     0.0046    -0.0023    -0.0309
      10.00     2.5665    -1.3089     0.2324     0.0126    -0.0064    -0.0334
1         ***** THE USAF AUTOMATED MISSILE DATCOM * REV 3/99 *****     CASE   1
               AERODYNAMIC METHODS FOR MISSILE CONFIGURATIONS          PAGE  50
                 AERODYNAMIC FORCE AND MOMENT SYNTHESIS

       ******* FLIGHT CONDITIONS AND REFERENCE QUANTITIES *******
     MACH NO  =       1.40                REYNOLDS NO = 3.246E+07 /M
     ALTITUDE =        0.0 M         DYNAMIC PRESSURE = 139018.12 N/M**2
     SIDESLIP =       0.00 DEG                   ROLL =      0.00 DEG     
     REF AREA =      0.001 M**2         MOMENT CENTER =     0.198 M
     REF LENGTH =     0.60 M           LAT REF LENGTH =      0.60 M

          ---------------FIN SET 1 PANEL CHARACTERISTICS------------------

      ALPHA      PANEL    AEQ (PANEL AXIS SYS.)    PANEL CN

     -10.00        1              1.5811           0.0453
     -10.00        2             -9.3669          -0.3597
     -10.00        3            -13.0858          -0.5568
     -10.00        4             -6.3062          -0.2189
     -10.00        5              2.4732           0.0733
     -10.00        6             12.4913           0.5235
     -10.00        7             17.7960           0.8401
     -10.00        8             13.0149           0.5528
 
      -8.00        1              1.7231           0.0496
      -8.00        2             -7.2011          -0.2579
      -8.00        3            -10.3632          -0.4099
      -8.00        4             -5.5045          -0.1855
      -8.00        5              2.7216           0.0816
      -8.00        6             11.2065           0.4539
      -8.00        7             15.0435           0.6704
      -8.00        8             11.0271           0.4444
 
      -6.00        1              1.8695           0.0541
      -6.00        2             -4.9347          -0.1626
      -6.00        3             -7.4291          -0.2681
      -6.00        4             -4.1587          -0.1328
      -6.00        5              2.7620           0.0829
      -6.00        6              9.4884           0.3657
      -6.00        7             12.0910           0.5015
      -6.00        8              8.9529           0.3395
 
      -4.00        1              2.0200           0.0588
      -4.00        2             -2.5720          -0.0766
      -4.00        3             -4.2804          -0.1374
      -4.00        4             -2.1376          -0.0625
      -4.00        5              2.6384           0.0788
      -4.00        6              7.2304           0.2592
      -4.00        7              8.9388           0.3388
      -4.00        8              6.7960           0.2400
 
      -2.00        1              2.1735           0.0636
      -2.00        2             -0.1430          -0.0040
      -2.00        3             -1.0097          -0.0285
      -2.00        4              0.0768           0.0021
      -2.00        5              2.4849           0.0737
      -2.00        6              4.8013           0.1574
      -2.00        7              5.6680           0.1922
      -2.00        8              4.5815           0.1489
 
       0.00        1              2.3292           0.0686
       0.00        2              2.3292           0.0686
       0.00        3              2.3292           0.0686
       0.00        4              2.3292           0.0686
       0.00        5              2.3292           0.0686
       0.00        6              2.3292           0.0686
       0.00        7              2.3292           0.0686
       0.00        8              2.3292           0.0686
 
       2.00        1              2.4849           0.0737
       2.00        2              4.8013           0.1574
       2.00        3              5.6680           0.1922
       2.00        4              4.5815           0.1489
       2.00        5              2.1735           0.0636
       2.00        6             -0.1430          -0.0040
       2.00        7             -1.0097          -0.0285
       2.00        8              0.0768           0.0021
 
       4.00        1              2.6384           0.0788
       4.00        2              7.2304           0.2592
       4.00        3              8.9388           0.3388
       4.00        4              6.7960           0.2400
       4.00        5              2.0200           0.0588
       4.00        6             -2.5720          -0.0766
       4.00        7             -4.2804          -0.1374
       4.00        8             -2.1376          -0.0625
 
       6.00        1              2.7620           0.0829
       6.00        2              9.4884           0.3657
       6.00        3             12.0910           0.5015
       6.00        4              8.9529           0.3395
       6.00        5              1.8695           0.0541
       6.00        6             -4.9347          -0.1626
       6.00        7             -7.4291          -0.2681
       6.00        8             -4.1587          -0.1328
 
       8.00        1              2.7216           0.0816
       8.00        2             11.2065           0.4539
       8.00        3             15.0435           0.6704
       8.00        4             11.0271           0.4444
       8.00        5              1.7231           0.0496
       8.00        6             -7.2011          -0.2579
       8.00        7            -10.3632          -0.4099
       8.00        8             -5.5045          -0.1855
 
      10.00        1              2.4732           0.0733
      10.00        2             12.4913           0.5235
      10.00        3             17.7960           0.8401
      10.00        4             13.0149           0.5528
      10.00        5              1.5811           0.0453
      10.00        6             -9.3669          -0.3597
      10.00        7            -13.0858          -0.5568
      10.00        8             -6.3062          -0.2189
 
1         ***** THE USAF AUTOMATED MISSILE DATCOM * REV 3/99 *****     CASE   1
               AERODYNAMIC METHODS FOR MISSILE CONFIGURATIONS          PAGE  51
                 AERODYNAMIC FORCE AND MOMENT SYNTHESIS

       ******* FLIGHT CONDITIONS AND REFERENCE QUANTITIES *******
     MACH NO  =       1.40                REYNOLDS NO = 3.246E+07 /M
     ALTITUDE =        0.0 M         DYNAMIC PRESSURE = 139018.12 N/M**2
     SIDESLIP =       0.00 DEG                   ROLL =      0.00 DEG     
     REF AREA =      0.001 M**2         MOMENT CENTER =     0.198 M
     REF LENGTH =     0.60 M           LAT REF LENGTH =      0.60 M

             CARRYOVER INTERFERENCE FACTORS - FIN SET 1

      ALPHA   K-W(B)   K-B(W)  KK-W(B)  KK-B(W)  XCP-W(B) XCP-B(W) Y-CP/(B/2)

     -10.00   1.6020   1.1241   0.9535   0.6600   0.5100   0.4200   0.3967
      -8.00   1.6237   1.1241   0.9535   0.6600   0.5100   0.4200   0.3806
      -6.00   1.6435   1.1241   0.9535   0.6600   0.5100   0.4200   0.3820
      -4.00   1.6607   1.1241   0.9535   0.6600   0.5100   0.4200   0.3950
      -2.00   1.6743   1.1241   0.9535   0.6600   0.5100   0.4200   0.4146
       0.00   1.6818   1.1241   0.9535   0.6600   0.5100   0.4200   0.4373
       2.00   1.6743   1.1241   0.9535   0.6600   0.5100   0.4200   0.4560
       4.00   1.6607   1.1241   0.9535   0.6600   0.5100   0.4200   0.4390
       6.00   1.6435   1.1241   0.9535   0.6600   0.5100   0.4200   0.4192
       8.00   1.6237   1.1241   0.9535   0.6600   0.5100   0.4200   0.4043
      10.00   1.6020   1.1241   0.9535   0.6600   0.5100   0.4200   0.3978

    NOTE - XCP-W(B) USED FOR STABILITY ONLY DIFFERENT VALUES USED FOR HINGE MOMENTS
1         ***** THE USAF AUTOMATED MISSILE DATCOM * REV 3/99 *****     CASE   1
               AERODYNAMIC METHODS FOR MISSILE CONFIGURATIONS          PAGE  52
        FIN SET 1 PANEL BENDING MOMENTS (ABOUT EXPOSED ROOT CHORD)

       ******* FLIGHT CONDITIONS AND REFERENCE QUANTITIES *******
     MACH NO  =       1.40                REYNOLDS NO = 3.246E+07 /M
     ALTITUDE =        0.0 M         DYNAMIC PRESSURE = 139018.12 N/M**2
     SIDESLIP =       0.00 DEG                   ROLL =      0.00 DEG     
     REF AREA =      0.001 M**2         MOMENT CENTER =     0.198 M
     REF LENGTH =     0.60 M           LAT REF LENGTH =      0.60 M

   ALPHA   PANL 1   PANL 2   PANL 3   PANL 4   PANL 5   PANL 6   PANL 7   PANL 8
 
   -10.0  2.84E-04 -2.26E-03 -3.50E-03 -1.37E-03  4.61E-04  3.29E-03  5.28E-03  3.47E-03
    -8.0  2.99E-04 -1.55E-03 -2.47E-03 -1.12E-03  4.92E-04  2.74E-03  4.04E-03  2.68E-03
    -6.0  3.27E-04 -9.84E-04 -1.62E-03 -8.03E-04  5.02E-04  2.21E-03  3.03E-03  2.05E-03
    -4.0  3.68E-04 -4.79E-04 -8.59E-04 -3.91E-04  4.93E-04  1.62E-03  2.12E-03  1.50E-03
    -2.0  4.18E-04 -2.62E-05 -1.87E-04  1.41E-05  4.84E-04  1.03E-03  1.26E-03  9.78E-04
     0.0  4.75E-04  4.75E-04  4.75E-04  4.75E-04  4.75E-04  4.75E-04  4.75E-04  4.75E-04
     2.0  5.32E-04  1.14E-03  1.39E-03  1.07E-03  4.59E-04 -2.88E-05 -2.06E-04  1.55E-05
     4.0  5.48E-04  1.80E-03  2.35E-03  1.67E-03  4.08E-04 -5.32E-04 -9.55E-04 -4.34E-04
     6.0  5.50E-04  2.43E-03  3.33E-03  2.25E-03  3.59E-04 -1.08E-03 -1.78E-03 -8.82E-04
     8.0  5.22E-04  2.91E-03  4.29E-03  2.85E-03  3.17E-04 -1.65E-03 -2.62E-03 -1.19E-03
    10.0  4.62E-04  3.30E-03  5.29E-03  3.48E-03  2.85E-04 -2.27E-03 -3.51E-03 -1.38E-03
1         ***** THE USAF AUTOMATED MISSILE DATCOM * REV 3/99 *****     CASE   1
               AERODYNAMIC METHODS FOR MISSILE CONFIGURATIONS          PAGE  53
            FIN SET 1 PANEL HINGE MOMENTS (ABOUT HINGE LINE)

       ******* FLIGHT CONDITIONS AND REFERENCE QUANTITIES *******
     MACH NO  =       1.40                REYNOLDS NO = 3.246E+07 /M
     ALTITUDE =        0.0 M         DYNAMIC PRESSURE = 139018.12 N/M**2
     SIDESLIP =       0.00 DEG                   ROLL =      0.00 DEG     
     REF AREA =      0.001 M**2         MOMENT CENTER =     0.198 M
     REF LENGTH =     0.60 M           LAT REF LENGTH =      0.60 M

   ALPHA   PANL 1   PANL 2   PANL 3   PANL 4   PANL 5   PANL 6   PANL 7   PANL 8
 
   -10.0  7.33E-03 -5.48E-02 -8.15E-02 -3.43E-02  1.18E-02  7.71E-02  1.17E-01  8.09E-02
    -8.0  8.01E-03 -4.01E-02 -6.18E-02 -2.92E-02  1.31E-02  6.78E-02  9.58E-02  6.65E-02
    -6.0  8.73E-03 -2.57E-02 -4.16E-02 -2.11E-02  1.33E-02  5.56E-02  7.42E-02  5.19E-02
    -4.0  9.48E-03 -1.23E-02 -2.18E-02 -1.01E-02  1.27E-02  4.03E-02  5.18E-02  3.74E-02
    -2.0  1.03E-02 -6.51E-04 -4.62E-03  3.50E-04  1.19E-02  2.49E-02  3.02E-02  2.36E-02
     0.0  1.11E-02  1.11E-02  1.11E-02  1.11E-02  1.11E-02  1.11E-02  1.11E-02  1.11E-02
     2.0  1.19E-02  2.49E-02  3.02E-02  2.36E-02  1.03E-02 -6.51E-04 -4.62E-03  3.50E-04
     4.0  1.27E-02  4.03E-02  5.18E-02  3.74E-02  9.48E-03 -1.23E-02 -2.18E-02 -1.01E-02
     6.0  1.33E-02  5.56E-02  7.42E-02  5.19E-02  8.73E-03 -2.57E-02 -4.16E-02 -2.11E-02
     8.0  1.31E-02  6.78E-02  9.58E-02  6.65E-02  8.01E-03 -4.01E-02 -6.18E-02 -2.92E-02
    10.0  1.18E-02  7.71E-02  1.17E-01  8.09E-02  7.33E-03 -5.48E-02 -8.15E-02 -3.43E-02
1         ***** THE USAF AUTOMATED MISSILE DATCOM * REV 3/99 *****     CASE   1
               AERODYNAMIC METHODS FOR MISSILE CONFIGURATIONS          PAGE  54
                   STATIC AERODYNAMICS FOR BODY-FIN SET 1

       ******* FLIGHT CONDITIONS AND REFERENCE QUANTITIES *******
     MACH NO  =       1.40                REYNOLDS NO = 3.246E+07 /M
     ALTITUDE =        0.0 M         DYNAMIC PRESSURE = 139018.12 N/M**2
     SIDESLIP =       0.00 DEG                   ROLL =      0.00 DEG     
     REF AREA =      0.001 M**2         MOMENT CENTER =     0.198 M
     REF LENGTH =     0.60 M           LAT REF LENGTH =      0.60 M

                   ----- LONGITUDINAL -----     -- LATERAL DIRECTIONAL --
         ALPHA       CN        CM        CA        CY       CLN       CLL

        -10.00    -5.318     2.076     0.672    -0.021     0.010    -0.033
         -8.00    -4.084     1.610     0.672    -0.008     0.004    -0.031
         -6.00    -2.909     1.153     0.672     0.000     0.000    -0.028
         -4.00    -1.794     0.712     0.670     0.001     0.000    -0.025
         -2.00    -0.832     0.331     0.666     0.000     0.000    -0.022
          0.00     0.000     0.000     0.664     0.000     0.000    -0.020
          2.00     0.832    -0.331     0.666     0.000     0.000    -0.022
          4.00     1.794    -0.712     0.670    -0.001     0.000    -0.025
          6.00     2.909    -1.153     0.672     0.000     0.000    -0.028
          8.00     4.084    -1.610     0.672     0.008    -0.004    -0.031
         10.00     5.318    -2.076     0.672     0.021    -0.010    -0.033

         ALPHA       CL        CD      CL/CD     X-C.P.

        -10.00    -5.120     1.585    -3.230    -0.390
         -8.00    -3.950     1.234    -3.201    -0.394
         -6.00    -2.822     0.972    -2.904    -0.396
         -4.00    -1.743     0.793    -2.198    -0.397
         -2.00    -0.809     0.695    -1.164    -0.397
          0.00     0.000     0.664     0.000    -0.474
          2.00     0.809     0.695     1.164    -0.397
          4.00     1.743     0.793     2.198    -0.397
          6.00     2.822     0.972     2.904    -0.396
          8.00     3.950     1.234     3.201    -0.394
         10.00     5.120     1.585     3.230    -0.390

    X-C.P. MEAS. FROM MOMENT CENTER IN REF. LENGTHS, NEG. AFT OF MOMENT CENTER
1         ***** THE USAF AUTOMATED MISSILE DATCOM * REV 3/99 *****     CASE   1
               AERODYNAMIC METHODS FOR MISSILE CONFIGURATIONS          PAGE  55
                   STATIC AERODYNAMICS FOR BODY-FIN SET 1

       ******* FLIGHT CONDITIONS AND REFERENCE QUANTITIES *******
     MACH NO  =       1.40                REYNOLDS NO = 3.246E+07 /M
     ALTITUDE =        0.0 M         DYNAMIC PRESSURE = 139018.12 N/M**2
     SIDESLIP =       0.00 DEG                   ROLL =      0.00 DEG     
     REF AREA =      0.001 M**2         MOMENT CENTER =     0.198 M
     REF LENGTH =     0.60 M           LAT REF LENGTH =      0.60 M

                   ---------- DERIVATIVES (PER DEGREE) ----------
         ALPHA       CNA         CMA         CYB         CLNB        CLLB
        -10.00      0.6317     -0.2350     -0.5273      0.2059      0.0003
         -8.00      0.6021     -0.2308     -0.5137      0.2030      0.0001
         -6.00      0.5724     -0.2247     -0.4883      0.1939     -0.0001
         -4.00      0.5185     -0.2055     -0.4526      0.1798     -0.0002
         -2.00      0.4481     -0.1779     -0.4189      0.1664     -0.0004
          0.00      0.4162     -0.1654     -0.4098      0.1631     -0.0006
          2.00      0.4481     -0.1779     -0.4187      0.1663     -0.0004
          4.00      0.5185     -0.2055     -0.4509      0.1789     -0.0002
          6.00      0.5724     -0.2247     -0.4842      0.1919     -0.0003
          8.00      0.6021     -0.2308     -0.5025      0.1977     -0.0004
         10.00      0.6317     -0.2350     -0.5093      0.1973     -0.0004

    PANEL DEFLECTION ANGLES (DEGREES)
    SET    FIN 1   FIN 2   FIN 3   FIN 4   FIN 5   FIN 6   FIN 7   FIN 8
      1    2.67    2.67    2.67    2.67    2.67    2.67    2.67    2.67

    BODY ALONE LINEAR DATA GENERATED FROM VAN DYKE HYBRID THEORY

1         ***** THE USAF AUTOMATED MISSILE DATCOM * REV 3/99 *****     CASE   1
               AERODYNAMIC METHODS FOR MISSILE CONFIGURATIONS          PAGE  56
                             BODY ALONE PARTIAL OUTPUT

       ******* FLIGHT CONDITIONS AND REFERENCE QUANTITIES *******
     MACH NO  =       2.00                REYNOLDS NO = 4.637E+07 /M
     ALTITUDE =        0.0 M         DYNAMIC PRESSURE = 283710.47 N/M**2
     SIDESLIP =       0.00 DEG                   ROLL =      0.00 DEG     
     REF AREA =      0.001 M**2         MOMENT CENTER =     0.198 M
     REF LENGTH =     0.60 M           LAT REF LENGTH =      0.60 M

      ALPHA    CA-FRIC  CA-PRES/WAVE CA-BASE    CA-PROT     CA-SEP     CA-ALP
     -10.00     0.1257     0.1041     0.1448                           0.0000
      -8.00     0.1271     0.1044     0.1456                           0.0000
      -6.00     0.1281     0.1046     0.1462                           0.0000
      -4.00     0.1289     0.1047     0.1466                           0.0000
      -2.00     0.1294     0.1048     0.1469                           0.0000
       0.00     0.1296     0.1049     0.1470                           0.0000
       2.00     0.1294     0.1048     0.1469                           0.0000
       4.00     0.1289     0.1047     0.1466                           0.0000
       6.00     0.1281     0.1046     0.1462                           0.0000
       8.00     0.1271     0.1044     0.1456                           0.0000
      10.00     0.1257     0.1041     0.1448                           0.0000

                     CROSS FLOW DRAG PROPORTIONALITY FACTOR = 1.00000

      ALPHA    CN-POTEN  CN-VISC   CN-SEP    CM-POTEN  CM-VISC   CM-SEP    CDC
     -10.00    -0.451    -0.646              -0.114     0.128             1.071
      -8.00    -0.364    -0.377              -0.092     0.075             0.973
      -6.00    -0.275    -0.191              -0.069     0.038             0.875
      -4.00    -0.184    -0.080              -0.046     0.016             0.825
      -2.00    -0.092    -0.019              -0.023     0.004             0.783
       0.00     0.000     0.000               0.000     0.000             0.740
       2.00     0.092     0.019               0.023    -0.004             0.783
       4.00     0.184     0.080               0.046    -0.016             0.825
       6.00     0.275     0.191               0.069    -0.038             0.875
       8.00     0.364     0.377               0.092    -0.075             0.973
      10.00     0.451     0.646               0.114    -0.128             1.071
1         ***** THE USAF AUTOMATED MISSILE DATCOM * REV 3/99 *****     CASE   1
               AERODYNAMIC METHODS FOR MISSILE CONFIGURATIONS          PAGE  57
                        FIN SET 1 CA PARTIAL OUTPUT

       ******* FLIGHT CONDITIONS AND REFERENCE QUANTITIES *******
     MACH NO  =       2.00                REYNOLDS NO = 4.637E+07 /M
     ALTITUDE =        0.0 M         DYNAMIC PRESSURE = 283710.47 N/M**2
     SIDESLIP =       0.00 DEG                   ROLL =      0.00 DEG     
     REF AREA =      0.001 M**2         MOMENT CENTER =     0.198 M
     REF LENGTH =     0.60 M           LAT REF LENGTH =      0.60 M

    SINGLE FIN PANEL ZERO-LIFT AXIAL FORCE COMPONENTS

    SKIN FRICTION        0.0091
    SUBSONIC PRESSURE    0.0000
    TRANSONIC WAVE       0.0000
    SUPERSONIC WAVE      0.0082
    LEADING EDGE         0.0000
    TRAILING EDGE        0.0000
    TOTAL CAO            0.0172

    FIN AXIAL FORCE DUE TO ANGLE OF ATTACK

    ALPHA      CA DUE TO LIFT (SINGLE PANEL)   CA-TOTAL (8 FINS)

     -10.00              0.0000                      0.1359
      -8.00              0.0000                      0.1366
      -6.00              0.0000                      0.1372
      -4.00              0.0000                      0.1376
      -2.00              0.0000                      0.1379
       0.00              0.0000                      0.1379
       2.00              0.0000                      0.1379
       4.00              0.0000                      0.1376
       6.00              0.0000                      0.1372
       8.00              0.0000                      0.1366
      10.00              0.0000                      0.1359
1         ***** THE USAF AUTOMATED MISSILE DATCOM * REV 3/99 *****     CASE   1
               AERODYNAMIC METHODS FOR MISSILE CONFIGURATIONS          PAGE  58
                       FIN SET 1 CN, CM PARTIAL OUTPUT

       ******* FLIGHT CONDITIONS AND REFERENCE QUANTITIES *******
     MACH NO  =       2.00                REYNOLDS NO = 4.637E+07 /M
     ALTITUDE =        0.0 M         DYNAMIC PRESSURE = 283710.47 N/M**2
     SIDESLIP =       0.00 DEG                   ROLL =      0.00 DEG     
     REF AREA =      0.001 M**2         MOMENT CENTER =     0.198 M
     REF LENGTH =     0.60 M           LAT REF LENGTH =      0.60 M

    NORMAL FORCE SLOPE AT ALPHA ZERO, CNA =    0.01491/DEG (1 PANEL)
         CENTER OF PRESSURE FOR LINEAR CN =   -0.51000 (CALIBERS FROM C.G.)
     CENTER OF PRESSURE FOR NON-LINEAR CN =   -0.50333 (CALIBERS FROM C.G.)

      ALPHA      CN        CN        CN        CM        CM        CM
               LINEAR  NON-LINEAR  TOTAL     LINEAR  NON-LINEAR  TOTAL

     -10.00   -0.5889   -0.1138   -0.7027    0.3003    0.0573    0.3576
      -8.00   -0.4733   -0.0569   -0.5302    0.2414    0.0286    0.2700
      -6.00   -0.3562   -0.0234   -0.3796    0.1817    0.0118    0.1935
      -4.00   -0.2381   -0.0068   -0.2449    0.1214    0.0034    0.1248
      -2.00   -0.1192   -0.0008   -0.1201    0.0608    0.0004    0.0612
       0.00    0.0000    0.0000    0.0000    0.0000    0.0000    0.0000
       2.00    0.1192    0.0008    0.1201   -0.0608   -0.0004   -0.0612
       4.00    0.2381    0.0068    0.2449   -0.1214   -0.0034   -0.1248
       6.00    0.3562    0.0234    0.3796   -0.1817   -0.0118   -0.1935
       8.00    0.4733    0.0569    0.5302   -0.2414   -0.0286   -0.2700
      10.00    0.5889    0.1138    0.7027   -0.3003   -0.0573   -0.3576
1         ***** THE USAF AUTOMATED MISSILE DATCOM * REV 3/99 *****     CASE   1
               AERODYNAMIC METHODS FOR MISSILE CONFIGURATIONS          PAGE  59
                 AERODYNAMIC FORCE AND MOMENT SYNTHESIS

       ******* FLIGHT CONDITIONS AND REFERENCE QUANTITIES *******
     MACH NO  =       2.00                REYNOLDS NO = 4.637E+07 /M
     ALTITUDE =        0.0 M         DYNAMIC PRESSURE = 283710.47 N/M**2
     SIDESLIP =       0.00 DEG                   ROLL =      0.00 DEG     
     REF AREA =      0.001 M**2         MOMENT CENTER =     0.198 M
     REF LENGTH =     0.60 M           LAT REF LENGTH =      0.60 M

          ---------------FIN SET 1 IN PRESENCE OF THE BODY----------------

      ALPHA       CN         CM         CA         CY         CLN        CLL

     -10.00    -1.2508     0.6379     0.1611    -0.0104     0.0053    -0.0182
      -8.00    -0.9549     0.4870     0.1577    -0.0031     0.0016    -0.0155
      -6.00    -0.6861     0.3499     0.1549    -0.0003     0.0001    -0.0134
      -4.00    -0.4336     0.2212     0.1527     0.0000     0.0000    -0.0118
      -2.00    -0.2087     0.1065     0.1514     0.0000     0.0000    -0.0108
       0.00     0.0000     0.0000     0.1510     0.0000     0.0000    -0.0105
       2.00     0.2087    -0.1065     0.1514     0.0000     0.0000    -0.0108
       4.00     0.4336    -0.2212     0.1527     0.0000     0.0000    -0.0118
       6.00     0.6861    -0.3499     0.1549     0.0003    -0.0001    -0.0134
       8.00     0.9549    -0.4870     0.1577     0.0031    -0.0016    -0.0155
      10.00     1.2508    -0.6379     0.1611     0.0104    -0.0053    -0.0182
1         ***** THE USAF AUTOMATED MISSILE DATCOM * REV 3/99 *****     CASE   1
               AERODYNAMIC METHODS FOR MISSILE CONFIGURATIONS          PAGE  60
                 AERODYNAMIC FORCE AND MOMENT SYNTHESIS

       ******* FLIGHT CONDITIONS AND REFERENCE QUANTITIES *******
     MACH NO  =       2.00                REYNOLDS NO = 4.637E+07 /M
     ALTITUDE =        0.0 M         DYNAMIC PRESSURE = 283710.47 N/M**2
     SIDESLIP =       0.00 DEG                   ROLL =      0.00 DEG     
     REF AREA =      0.001 M**2         MOMENT CENTER =     0.198 M
     REF LENGTH =     0.60 M           LAT REF LENGTH =      0.60 M

          ---------------FIN SET 1 PANEL CHARACTERISTICS------------------

      ALPHA      PANEL    AEQ (PANEL AXIS SYS.)    PANEL CN

     -10.00        1              1.6045           0.0240
     -10.00        2             -9.3165          -0.1637
     -10.00        3            -12.9842          -0.2628
     -10.00        4             -5.7687          -0.0916
     -10.00        5              2.6285           0.0397
     -10.00        6             12.1380           0.2371
     -10.00        7             17.7487           0.4539
     -10.00        8             13.0117           0.2637
 
      -8.00        1              1.7458           0.0262
      -8.00        2             -7.1659          -0.1177
      -8.00        3            -10.3069          -0.1876
      -8.00        4             -5.2743          -0.0829
      -8.00        5              2.7952           0.0423
      -8.00        6             11.0714           0.2074
      -8.00        7             15.0352           0.3330
      -8.00        8             11.0371           0.2064
 
      -6.00        1              1.8916           0.0284
      -6.00        2             -4.9084          -0.0766
      -6.00        3             -7.3995          -0.1223
      -6.00        4             -4.1129          -0.0633
      -6.00        5              2.7920           0.0422
      -6.00        6              9.4891           0.1677
      -6.00        7             12.1056           0.2362
      -6.00        8              8.9707           0.1557
 
      -4.00        1              2.0419           0.0307
      -4.00        2             -2.5487          -0.0385
      -4.00        3             -4.2566          -0.0656
      -4.00        4             -2.1144          -0.0318
      -4.00        5              2.6602           0.0402
      -4.00        6              7.2508           0.1194
      -4.00        7              8.9587           0.1555
      -4.00        8              6.8165           0.1109
 
      -2.00        1              2.1954           0.0330
      -2.00        2             -0.1208          -0.0018
      -2.00        3             -0.9874          -0.0148
      -2.00        4              0.0989           0.0015
      -2.00        5              2.5067           0.0378
      -2.00        6              4.8229           0.0751
      -2.00        7              5.6895           0.0901
      -2.00        8              4.6032           0.0714
 
       0.00        1              2.3510           0.0354
       0.00        2              2.3510           0.0354
       0.00        3              2.3510           0.0354
       0.00        4              2.3510           0.0354
       0.00        5              2.3510           0.0354
       0.00        6              2.3510           0.0354
       0.00        7              2.3510           0.0354
       0.00        8              2.3510           0.0354
 
       2.00        1              2.5067           0.0378
       2.00        2              4.8229           0.0751
       2.00        3              5.6895           0.0901
       2.00        4              4.6032           0.0714
       2.00        5              2.1954           0.0330
       2.00        6             -0.1208          -0.0018
       2.00        7             -0.9874          -0.0148
       2.00        8              0.0989           0.0015
 
       4.00        1              2.6602           0.0402
       4.00        2              7.2508           0.1194
       4.00        3              8.9587           0.1555
       4.00        4              6.8165           0.1109
       4.00        5              2.0419           0.0307
       4.00        6             -2.5487          -0.0385
       4.00        7             -4.2566          -0.0656
       4.00        8             -2.1144          -0.0318
 
       6.00        1              2.7920           0.0422
       6.00        2              9.4891           0.1677
       6.00        3             12.1056           0.2362
       6.00        4              8.9707           0.1557
       6.00        5              1.8916           0.0284
       6.00        6             -4.9084          -0.0766
       6.00        7             -7.3995          -0.1223
       6.00        8             -4.1129          -0.0633
 
       8.00        1              2.7952           0.0423
       8.00        2             11.0714           0.2074
       8.00        3             15.0352           0.3330
       8.00        4             11.0371           0.2064
       8.00        5              1.7458           0.0262
       8.00        6             -7.1659          -0.1177
       8.00        7            -10.3069          -0.1876
       8.00        8             -5.2743          -0.0829
 
      10.00        1              2.6285           0.0397
      10.00        2             12.1380           0.2371
      10.00        3             17.7487           0.4539
      10.00        4             13.0117           0.2637
      10.00        5              1.6045           0.0240
      10.00        6             -9.3165          -0.1637
      10.00        7            -12.9842          -0.2628
      10.00        8             -5.7687          -0.0916
 
1         ***** THE USAF AUTOMATED MISSILE DATCOM * REV 3/99 *****     CASE   1
               AERODYNAMIC METHODS FOR MISSILE CONFIGURATIONS          PAGE  61
                 AERODYNAMIC FORCE AND MOMENT SYNTHESIS

       ******* FLIGHT CONDITIONS AND REFERENCE QUANTITIES *******
     MACH NO  =       2.00                REYNOLDS NO = 4.637E+07 /M
     ALTITUDE =        0.0 M         DYNAMIC PRESSURE = 283710.47 N/M**2
     SIDESLIP =       0.00 DEG                   ROLL =      0.00 DEG     
     REF AREA =      0.001 M**2         MOMENT CENTER =     0.198 M
     REF LENGTH =     0.60 M           LAT REF LENGTH =      0.60 M

             CARRYOVER INTERFERENCE FACTORS - FIN SET 1

      ALPHA   K-W(B)   K-B(W)  KK-W(B)  KK-B(W)  XCP-W(B) XCP-B(W) Y-CP/(B/2)

     -10.00   1.6002   1.1241   0.9535   0.6600   0.5100   0.4200   0.4062
      -8.00   1.6224   1.1241   0.9535   0.6600   0.5100   0.4200   0.4092
      -6.00   1.6426   1.1241   0.9535   0.6600   0.5100   0.4200   0.4213
      -4.00   1.6602   1.1241   0.9535   0.6600   0.5100   0.4200   0.4332
      -2.00   1.6741   1.1241   0.9535   0.6600   0.5100   0.4200   0.4437
       0.00   1.6818   1.1241   0.9535   0.6600   0.5100   0.4200   0.4532
       2.00   1.6741   1.1241   0.9535   0.6600   0.5100   0.4200   0.4623
       4.00   1.6602   1.1241   0.9535   0.6600   0.5100   0.4200   0.4542
       6.00   1.6426   1.1241   0.9535   0.6600   0.5100   0.4200   0.4459
       8.00   1.6224   1.1241   0.9535   0.6600   0.5100   0.4200   0.4407
      10.00   1.6002   1.1241   0.9535   0.6600   0.5100   0.4200   0.4384

    NOTE - XCP-W(B) USED FOR STABILITY ONLY DIFFERENT VALUES USED FOR HINGE MOMENTS
1         ***** THE USAF AUTOMATED MISSILE DATCOM * REV 3/99 *****     CASE   1
               AERODYNAMIC METHODS FOR MISSILE CONFIGURATIONS          PAGE  62
        FIN SET 1 PANEL BENDING MOMENTS (ABOUT EXPOSED ROOT CHORD)

       ******* FLIGHT CONDITIONS AND REFERENCE QUANTITIES *******
     MACH NO  =       2.00                REYNOLDS NO = 4.637E+07 /M
     ALTITUDE =        0.0 M         DYNAMIC PRESSURE = 283710.47 N/M**2
     SIDESLIP =       0.00 DEG                   ROLL =      0.00 DEG     
     REF AREA =      0.001 M**2         MOMENT CENTER =     0.198 M
     REF LENGTH =     0.60 M           LAT REF LENGTH =      0.60 M

   ALPHA   PANL 1   PANL 2   PANL 3   PANL 4   PANL 5   PANL 6   PANL 7   PANL 8
 
   -10.0  1.55E-04 -1.05E-03 -1.69E-03 -5.89E-04  2.55E-04  1.53E-03  2.92E-03  1.70E-03
    -8.0  1.70E-04 -7.63E-04 -1.22E-03 -5.37E-04  2.74E-04  1.34E-03  2.16E-03  1.34E-03
    -6.0  1.89E-04 -5.11E-04 -8.16E-04 -4.22E-04  2.82E-04  1.12E-03  1.58E-03  1.04E-03
    -4.0  2.10E-04 -2.64E-04 -4.50E-04 -2.18E-04  2.76E-04  8.19E-04  1.07E-03  7.61E-04
    -2.0  2.32E-04 -1.27E-05 -1.04E-04  1.04E-05  2.66E-04  5.28E-04  6.33E-04  5.02E-04
     0.0  2.54E-04  2.54E-04  2.54E-04  2.54E-04  2.54E-04  2.54E-04  2.54E-04  2.54E-04
     2.0  2.77E-04  5.50E-04  6.60E-04  5.23E-04  2.42E-04 -1.32E-05 -1.08E-04  1.08E-05
     4.0  2.89E-04  8.58E-04  1.12E-03  7.98E-04  2.21E-04 -2.77E-04 -4.72E-04 -2.29E-04
     6.0  2.98E-04  1.18E-03  1.67E-03  1.10E-03  2.00E-04 -5.40E-04 -8.63E-04 -4.47E-04
     8.0  2.95E-04  1.45E-03  2.32E-03  1.44E-03  1.83E-04 -8.21E-04 -1.31E-03 -5.78E-04
    10.0  2.76E-04  1.65E-03  3.15E-03  1.83E-03  1.67E-04 -1.14E-03 -1.82E-03 -6.35E-04
1         ***** THE USAF AUTOMATED MISSILE DATCOM * REV 3/99 *****     CASE   1
               AERODYNAMIC METHODS FOR MISSILE CONFIGURATIONS          PAGE  63
            FIN SET 1 PANEL HINGE MOMENTS (ABOUT HINGE LINE)

       ******* FLIGHT CONDITIONS AND REFERENCE QUANTITIES *******
     MACH NO  =       2.00                REYNOLDS NO = 4.637E+07 /M
     ALTITUDE =        0.0 M         DYNAMIC PRESSURE = 283710.47 N/M**2
     SIDESLIP =       0.00 DEG                   ROLL =      0.00 DEG     
     REF AREA =      0.001 M**2         MOMENT CENTER =     0.198 M
     REF LENGTH =     0.60 M           LAT REF LENGTH =      0.60 M

   ALPHA   PANL 1   PANL 2   PANL 3   PANL 4   PANL 5   PANL 6   PANL 7   PANL 8
 
   -10.0  3.83E-03 -2.48E-02 -3.84E-02 -1.42E-02  6.29E-03  3.50E-02  6.15E-02  3.85E-02
    -8.0  4.17E-03 -1.81E-02 -2.82E-02 -1.29E-02  6.70E-03  3.09E-02  4.74E-02  3.08E-02
    -6.0  4.52E-03 -1.20E-02 -1.88E-02 -9.95E-03  6.69E-03  2.54E-02  3.49E-02  2.37E-02
    -4.0  4.88E-03 -6.10E-03 -1.03E-02 -5.05E-03  6.37E-03  1.84E-02  2.36E-02  1.71E-02
    -2.0  5.25E-03 -2.89E-04 -2.36E-03  2.37E-04  6.00E-03  1.18E-02  1.40E-02  1.12E-02
     0.0  5.62E-03  5.62E-03  5.62E-03  5.62E-03  5.62E-03  5.62E-03  5.62E-03  5.62E-03
     2.0  6.00E-03  1.18E-02  1.40E-02  1.12E-02  5.25E-03 -2.89E-04 -2.36E-03  2.37E-04
     4.0  6.37E-03  1.84E-02  2.36E-02  1.71E-02  4.88E-03 -6.10E-03 -1.03E-02 -5.05E-03
     6.0  6.69E-03  2.54E-02  3.49E-02  2.37E-02  4.52E-03 -1.20E-02 -1.88E-02 -9.95E-03
     8.0  6.70E-03  3.09E-02  4.74E-02  3.08E-02  4.17E-03 -1.81E-02 -2.82E-02 -1.29E-02
    10.0  6.29E-03  3.50E-02  6.15E-02  3.85E-02  3.83E-03 -2.48E-02 -3.84E-02 -1.42E-02
1         ***** THE USAF AUTOMATED MISSILE DATCOM * REV 3/99 *****     CASE   1
               AERODYNAMIC METHODS FOR MISSILE CONFIGURATIONS          PAGE  64
                   STATIC AERODYNAMICS FOR BODY-FIN SET 1

       ******* FLIGHT CONDITIONS AND REFERENCE QUANTITIES *******
     MACH NO  =       2.00                REYNOLDS NO = 4.637E+07 /M
     ALTITUDE =        0.0 M         DYNAMIC PRESSURE = 283710.47 N/M**2
     SIDESLIP =       0.00 DEG                   ROLL =      0.00 DEG     
     REF AREA =      0.001 M**2         MOMENT CENTER =     0.198 M
     REF LENGTH =     0.60 M           LAT REF LENGTH =      0.60 M

                   ----- LONGITUDINAL -----     -- LATERAL DIRECTIONAL --
         ALPHA       CN        CM        CA        CY       CLN       CLL

        -10.00    -3.226     1.021     0.536    -0.018     0.008    -0.018
         -8.00    -2.357     0.748     0.535    -0.005     0.002    -0.015
         -6.00    -1.621     0.516     0.534     0.000     0.000    -0.013
         -4.00    -0.992     0.314     0.533     0.000     0.000    -0.012
         -2.00    -0.460     0.146     0.533     0.000     0.000    -0.011
          0.00     0.000     0.000     0.532     0.000     0.000    -0.011
          2.00     0.460    -0.146     0.533     0.000     0.000    -0.011
          4.00     0.992    -0.314     0.533     0.000     0.000    -0.012
          6.00     1.621    -0.516     0.534     0.000     0.000    -0.013
          8.00     2.357    -0.748     0.535     0.005    -0.002    -0.015
         10.00     3.226    -1.021     0.536     0.018    -0.008    -0.018

         ALPHA       CL        CD      CL/CD     X-C.P.

        -10.00    -3.084     1.088    -2.835    -0.317
         -8.00    -2.260     0.857    -2.635    -0.317
         -6.00    -1.557     0.700    -2.223    -0.318
         -4.00    -0.952     0.601    -1.584    -0.317
         -2.00    -0.441     0.548    -0.805    -0.317
          0.00     0.000     0.532     0.000    -0.474
          2.00     0.441     0.548     0.805    -0.317
          4.00     0.952     0.601     1.584    -0.317
          6.00     1.557     0.700     2.223    -0.318
          8.00     2.260     0.857     2.635    -0.317
         10.00     3.084     1.088     2.835    -0.317

    X-C.P. MEAS. FROM MOMENT CENTER IN REF. LENGTHS, NEG. AFT OF MOMENT CENTER
1         ***** THE USAF AUTOMATED MISSILE DATCOM * REV 3/99 *****     CASE   1
               AERODYNAMIC METHODS FOR MISSILE CONFIGURATIONS          PAGE  65
                   STATIC AERODYNAMICS FOR BODY-FIN SET 1

       ******* FLIGHT CONDITIONS AND REFERENCE QUANTITIES *******
     MACH NO  =       2.00                REYNOLDS NO = 4.637E+07 /M
     ALTITUDE =        0.0 M         DYNAMIC PRESSURE = 283710.47 N/M**2
     SIDESLIP =       0.00 DEG                   ROLL =      0.00 DEG     
     REF AREA =      0.001 M**2         MOMENT CENTER =     0.198 M
     REF LENGTH =     0.60 M           LAT REF LENGTH =      0.60 M

                   ---------- DERIVATIVES (PER DEGREE) ----------
         ALPHA       CNA         CMA         CYB         CLNB        CLLB
        -10.00      0.4679     -0.1470     -0.3357      0.1087      0.0004
         -8.00      0.4007     -0.1263     -0.3037      0.0979      0.0002
         -6.00      0.3412     -0.1084     -0.2726      0.0870      0.0000
         -4.00      0.2902     -0.0925     -0.2487      0.0788     -0.0001
         -2.00      0.2478     -0.0785     -0.2318      0.0734     -0.0001
          0.00      0.2301     -0.0729     -0.2257      0.0715     -0.0001
          2.00      0.2478     -0.0785     -0.2318      0.0734     -0.0001
          4.00      0.2902     -0.0925     -0.2488      0.0788     -0.0001
          6.00      0.3412     -0.1084     -0.2716      0.0866     -0.0001
          8.00      0.4007     -0.1263     -0.3015      0.0969     -0.0003
         10.00      0.4679     -0.1470     -0.3333      0.1076     -0.0005

    PANEL DEFLECTION ANGLES (DEGREES)
    SET    FIN 1   FIN 2   FIN 3   FIN 4   FIN 5   FIN 6   FIN 7   FIN 8
      1    2.67    2.67    2.67    2.67    2.67    2.67    2.67    2.67

    BODY ALONE LINEAR DATA GENERATED FROM VAN DYKE HYBRID THEORY

    *** END OF JOB ***
