1         ***** THE USAF AUTOMATED MISSILE DATCOM * REV 3/99 *****
               AERODYNAMIC METHODS FOR MISSILE CONFIGURATIONS     

    CONERR - INPUT ERROR CHECKING

    ERROR CODES - N* DENOTES THE NUMBER OF OCCURENCES OF EACH ERROR
    A - UNKNOWN VARIABLE NAME
    B - MISSING EQUAL SIGN FOLLOWING VARIABLE NAME
    C - NON-ARRAY VARIABLE HAS AN ARRAY ELEMENTDESIGNATION - (N)
    D - NON-ARRAY VARIABLE HAS MULTIPLE VALUES ASSIGNED
    E - ASSIGNED VALUES EXCEED ARRAY DIMENSION
    F - SYNTAX ERROR

    ************************* INPUT DATA CARDS *************************

   1 DIM M                                                                           
      2 ** BLANK CARD - IGNORED
   3  $FLTCON  NALPHA=11.,NMACH=6.,                                                  
   4           MACH=0.3000,0.6000,0.9000,1.1000,1.4000,2.0000,                       
   5           ALPHA=-10.0,-8.0,-6.0,-4.0,-2.0,0.0,2.0,4.0,6.0,8.0,10.0,$            
      6 ** BLANK CARD - IGNORED
   7  $REFQ    XCG=0.2500,                                                           
   8           SREF=0.0010179,                                                       
   9           LREF=0.6500,                                                          
  10           RHR=0.,$                                                              
     11 ** BLANK CARD - IGNORED
  12  $AXIBOD  X0=0.00,                                                              
  13           TNOSE=CONE,                                                           
               ** SUBSTITUTING NUMERIC FOR NAME CONE
  14           LNOSE=0.1000,                                                         
  15           DNOSE=0.0360,                                                         
  16           BNOSE=0.0,                                                            
  17           TRUNC=.FALSE.,                                                        
  18           LCENTR=0.5500,                                                        
  19           DCENTR=0.0360,                                                        
  20           TAFT=CONE,                                                            
               ** SUBSTITUTING NUMERIC FOR NAME CONE
  21           LAFT=0.0000,                                                          
  22           DAFT=0.0360,                                                          
  23           DEXIT=0.0000,$                                                        
     24 ** BLANK CARD - IGNORED
  25  $FINSET1 XLE=0.5100,0.5100,NPANEL=8.,                                          
  26           SSPAN=0.0180,0.0275,                                                  
  27           CHORD=0.1400,0.1400,                                                  
  28           LER=2*0.0,                                                            
  29           PHIF=0.0,45.0,90.0,135.0,180.0,225.0,270.0,315.0,                     
  30           SECTYP=HEX,                                                           
               ** SUBSTITUTING NUMERIC FOR NAME HEX
  31           ZUPPER=0.025000,0.025000,                                             
  32           LMAXU=0.4,0.4,                                                        
  33           LFLATU=0.2,0.2,$                                                      
     34 ** BLANK CARD - IGNORED
  35  $DEFLCT  DELTA1=0.0000,0.0000,0.0000,0.0000,0.0000,0.0000,0.0000,0.0000,       
  36           XHINGE=0.6150,$                                                       
     37 ** BLANK CARD - IGNORED
  38 PART                                                                            
  39 NEXT CASE                                                                       
1         ***** THE USAF AUTOMATED MISSILE DATCOM * REV 3/99 *****     CASE   1
               AERODYNAMIC METHODS FOR MISSILE CONFIGURATIONS          PAGE   1
    CASE INPUTS
    FOLLOWING ARE THE CARDS INPUT FOR THIS CASE

 DIM M                                                                           
  $FLTCON  NALPHA=11.,NMACH=6.,                                                  
           MACH=0.3000,0.6000,0.9000,1.1000,1.4000,2.0000,                       
           ALPHA=-10.0,-8.0,-6.0,-4.0,-2.0,0.0,2.0,4.0,6.0,8.0,10.0,$            
  $REFQ    XCG=0.2500,                                                           
           SREF=0.0010179,                                                       
           LREF=0.6500,                                                          
           RHR=0.,$                                                              
  $AXIBOD  X0=0.00,                                                              
           TNOSE=0.,                                                             
           LNOSE=0.1000,                                                         
           DNOSE=0.0360,                                                         
           BNOSE=0.0,                                                            
           TRUNC=.FALSE.,                                                        
           LCENTR=0.5500,                                                        
           DCENTR=0.0360,                                                        
           TAFT=0.,                                                              
           LAFT=0.0000,                                                          
           DAFT=0.0360,                                                          
           DEXIT=0.0000,$                                                        
  $FINSET1 XLE=0.5100,0.5100,NPANEL=8.,                                          
           SSPAN=0.0180,0.0275,                                                  
           CHORD=0.1400,0.1400,                                                  
           LER=2*0.0,                                                            
           PHIF=0.0,45.0,90.0,135.0,180.0,225.0,270.0,315.0,                     
           SECTYP=0.,                                                            
           ZUPPER=0.025000,0.025000,                                             
           LMAXU=0.4,0.4,                                                        
           LFLATU=0.2,0.2,$                                                      
  $DEFLCT  DELTA1=0.0000,0.0000,0.0000,0.0000,0.0000,0.0000,0.0000,0.0000,       
           XHINGE=0.6150,$                                                       
 PART                                                                            
 NEXT CASE                                                                       
    * WARNING * THE REYNOLDS NUMBER IS NOT DEFINED, FOR INPUT SPEED  1
                SEA LEVEL ALTITUDE ASSUMED
    * WARNING * THE REYNOLDS NUMBER IS NOT DEFINED, FOR INPUT SPEED  2
                SEA LEVEL ALTITUDE ASSUMED
    * WARNING * THE REYNOLDS NUMBER IS NOT DEFINED, FOR INPUT SPEED  3
                SEA LEVEL ALTITUDE ASSUMED
    * WARNING * THE REYNOLDS NUMBER IS NOT DEFINED, FOR INPUT SPEED  4
                SEA LEVEL ALTITUDE ASSUMED
    * WARNING * THE REYNOLDS NUMBER IS NOT DEFINED, FOR INPUT SPEED  5
                SEA LEVEL ALTITUDE ASSUMED
    * WARNING * THE REYNOLDS NUMBER IS NOT DEFINED, FOR INPUT SPEED  6
                SEA LEVEL ALTITUDE ASSUMED
    THE BOUNDARY LAYER IS ASSUMED TO BE TURBULENT
    THE INPUT UNITS ARE IN METERS, THE SCALE FACTOR IS   1.0000
1         ***** THE USAF AUTOMATED MISSILE DATCOM * REV 3/99 *****     CASE   1
               AERODYNAMIC METHODS FOR MISSILE CONFIGURATIONS          PAGE   2
                        AXISYMMETRIC BODY DEFINITION

                             NOSE   CENTERBODY     AFT BODY        TOTAL
    SHAPE                   CONIC     CYLINDER     --------
    LENGTH                  0.100        0.550        0.000        0.650   M
    FINENESS RATIO          2.778       15.278        0.000       18.056
    PLANFORM AREA           0.002        0.020        0.000        0.022   M**2
    AREA CENTROID           0.067        0.375        0.000        0.349   M
    WETTED AREA             0.006        0.062        0.000        0.068   M**2
    VOLUME                  0.000        0.001        0.000        0.001   M**3
    VOL. CENTROID           0.075        0.375        0.000        0.358   M

                              MOLD LINE CONTOUR

     LONGITUDINAL STATIONS    0.0000     0.0100     0.0200     0.0300     0.0400 
        0.0500     0.0600     0.0700     0.0800     0.0900     0.1000*    0.1550 
        0.2100     0.2650     0.3200     0.3750     0.4300     0.4850     0.5400 
        0.5950     0.6500*

                BODY RADII    0.0000     0.0018     0.0036     0.0054     0.0072 
        0.0090     0.0108     0.0126     0.0144     0.0162     0.0180*    0.0180 
        0.0180     0.0180     0.0180     0.0180     0.0180     0.0180     0.0180 
        0.0180     0.0180*
    NOTE - * INDICATES SLOPE DISCONTINUOUS POINTS
1         ***** THE USAF AUTOMATED MISSILE DATCOM * REV 3/99 *****     CASE   1
               AERODYNAMIC METHODS FOR MISSILE CONFIGURATIONS          PAGE   3
                         FIN SET NUMBER 1 AIRFOIL SECTION

                                  NACA S-3-40.0-05.0-20.0

         X/C     X-UPPER   Y-UPPER   X-LOWER   Y-LOWER  MEAN LINE  THICKNESS

       0.00000   0.00000   0.00000   0.00000   0.00000   0.00000   0.00000
       0.00100   0.00100   0.00006   0.00100  -0.00006   0.00000   0.00013
       0.00200   0.00200   0.00013   0.00200  -0.00013   0.00000   0.00025
       0.00300   0.00300   0.00019   0.00300  -0.00019   0.00000   0.00038
       0.00400   0.00400   0.00025   0.00400  -0.00025   0.00000   0.00050
       0.00500   0.00500   0.00031   0.00500  -0.00031   0.00000   0.00063
       0.00600   0.00600   0.00038   0.00600  -0.00038   0.00000   0.00075
       0.00800   0.00800   0.00050   0.00800  -0.00050   0.00000   0.00100
       0.01000   0.01000   0.00063   0.01000  -0.00063   0.00000   0.00125
       0.02000   0.02000   0.00125   0.02000  -0.00125   0.00000   0.00250
       0.03000   0.03000   0.00187   0.03000  -0.00187   0.00000   0.00375
       0.04000   0.04000   0.00250   0.04000  -0.00250   0.00000   0.00500
       0.05000   0.05000   0.00312   0.05000  -0.00312   0.00000   0.00625
       0.06000   0.06000   0.00375   0.06000  -0.00375   0.00000   0.00750
       0.08000   0.08000   0.00500   0.08000  -0.00500   0.00000   0.01000
       0.10000   0.10000   0.00625   0.10000  -0.00625   0.00000   0.01250
       0.12000   0.12000   0.00750   0.12000  -0.00750   0.00000   0.01500
       0.14000   0.14000   0.00875   0.14000  -0.00875   0.00000   0.01750
       0.16000   0.16000   0.01000   0.16000  -0.01000   0.00000   0.02000
       0.18000   0.18000   0.01125   0.18000  -0.01125   0.00000   0.02250
       0.20000   0.20000   0.01250   0.20000  -0.01250   0.00000   0.02500
       0.22000   0.22000   0.01375   0.22000  -0.01375   0.00000   0.02750
       0.24000   0.24000   0.01500   0.24000  -0.01500   0.00000   0.03000
       0.26000   0.26000   0.01625   0.26000  -0.01625   0.00000   0.03250
       0.28000   0.28000   0.01750   0.28000  -0.01750   0.00000   0.03500
       0.30000   0.30000   0.01875   0.30000  -0.01875   0.00000   0.03750
       0.32000   0.32000   0.02000   0.32000  -0.02000   0.00000   0.04000
       0.34000   0.34000   0.02125   0.34000  -0.02125   0.00000   0.04250
       0.36000   0.36000   0.02250   0.36000  -0.02250   0.00000   0.04500
       0.38000   0.38000   0.02375   0.38000  -0.02375   0.00000   0.04750
       0.40000   0.40000   0.02500   0.40000  -0.02500   0.00000   0.05000
       0.42000   0.42000   0.02500   0.42000  -0.02500   0.00000   0.05000
       0.45000   0.45000   0.02500   0.45000  -0.02500   0.00000   0.05000
       0.50000   0.50000   0.02500   0.50000  -0.02500   0.00000   0.05000
       0.55000   0.55000   0.02500   0.55000  -0.02500   0.00000   0.05000
       0.60000   0.60000   0.02500   0.60000  -0.02500   0.00000   0.05000
       0.65000   0.65000   0.02187   0.65000  -0.02187   0.00000   0.04375
       0.70000   0.70000   0.01875   0.70000  -0.01875   0.00000   0.03750
       0.75000   0.75000   0.01562   0.75000  -0.01562   0.00000   0.03125
       0.80000   0.80000   0.01250   0.80000  -0.01250   0.00000   0.02500
       0.82000   0.82000   0.01125   0.82000  -0.01125   0.00000   0.02250
       0.84000   0.84000   0.01000   0.84000  -0.01000   0.00000   0.02000
       0.86000   0.86000   0.00875   0.86000  -0.00875   0.00000   0.01750
       0.88000   0.88000   0.00750   0.88000  -0.00750   0.00000   0.01500
       0.90000   0.90000   0.00625   0.90000  -0.00625   0.00000   0.01250
       0.92000   0.92000   0.00500   0.92000  -0.00500   0.00000   0.01000
       0.94000   0.94000   0.00375   0.94000  -0.00375   0.00000   0.00750
       0.96000   0.96000   0.00250   0.96000  -0.00250   0.00000   0.00500
       0.98000   0.98000   0.00125   0.98000  -0.00125   0.00000   0.00250
       1.00000   1.00000   0.00000   1.00000   0.00000   0.00000   0.00000
1         ***** THE USAF AUTOMATED MISSILE DATCOM * REV 3/99 *****     CASE   1
               AERODYNAMIC METHODS FOR MISSILE CONFIGURATIONS          PAGE   4
                      GEOMETRIC RESULTS FOR FIN SETS

                             FIN SET NUMBER  1
                          (DATA FOR ONE PANEL ONLY)

    SEGMENT   PLAN        ASPECT    TAPER     L.E.     T.E.    M.A.C.    T/C
    NUMBER    AREA        RATIO     RATIO    SWEEP    SWEEP    CHORD    RATIO

      1      0.0013        0.068    1.000    0.000    0.000    0.140    0.050
    TOTAL    0.0013        0.068    1.000    0.000    0.000    0.140    0.050
 
 
 
1         ***** THE USAF AUTOMATED MISSILE DATCOM * REV 3/99 *****     CASE   1
               AERODYNAMIC METHODS FOR MISSILE CONFIGURATIONS          PAGE   5
                           FIN SET 1 SECTION AERODYNAMICS

                        IDEAL ANGLE OF ATTACK =    0.0000 DEG.
                    ZERO LIFT ANGLE OF ATTACK =    0.0000 DEG.
                       IDEAL LIFT COEFFICIENT =    0.0000
        ZERO LIFT PITCHING MOMENT COEFFICIENT =    0.0000
                   MACH ZERO LIFT-CURVE-SLOPE =    0.0963 /DEG.
                          LEADING EDGE RADIUS =    0.0000 FRACTION CHORD
                    MAXIMUM AIRFOIL THICKNESS =    0.0500 FRACTION CHORD
                                      DELTA-Y =    0.3656 PERCENT CHORD


    MACH = 0.300   CL-ALPHA = 0.1010 /DEG.   XAC = 0.2713   CL MAX = 0.7449

    MACH = 0.600   CL-ALPHA = 0.1252 /DEG.   XAC = 0.2703   CL MAX = 0.7555

                   *** CREST CRITICAL MACH NUMBER EXCEEDED ***

                           CREST CRITICAL MACH =    0.8070
                                      LOCATION =    0.4145 FRACTION CHORD
                              LIFT-CURVE-SLOPE =    0.1410 /DEG.
1         ***** THE USAF AUTOMATED MISSILE DATCOM * REV 3/99 *****     CASE   1
               AERODYNAMIC METHODS FOR MISSILE CONFIGURATIONS          PAGE   6
                             BODY ALONE PARTIAL OUTPUT

       ******* FLIGHT CONDITIONS AND REFERENCE QUANTITIES *******
     MACH NO  =       0.30                REYNOLDS NO = 6.955E+06 /M
     ALTITUDE =        0.0 M         DYNAMIC PRESSURE =   6383.49 N/M**2
     SIDESLIP =       0.00 DEG                   ROLL =      0.00 DEG     
     REF AREA =      0.001 M**2         MOMENT CENTER =     0.250 M
     REF LENGTH =     0.65 M           LAT REF LENGTH =      0.65 M

      ALPHA    CA-FRIC  CA-PRES/WAVE CA-BASE    CA-PROT     CA-SEP     CA-ALP
     -10.00     0.2204     0.0128     0.1368                           0.0016
      -8.00     0.2229     0.0129     0.1372                           0.0016
      -6.00     0.2248     0.0130     0.1374                           0.0011
      -4.00     0.2262     0.0131     0.1374                           0.0005
      -2.00     0.2270     0.0132     0.1373                           0.0001
       0.00     0.2273     0.0132     0.1370                           0.0000
       2.00     0.2270     0.0132     0.1373                           0.0001
       4.00     0.2262     0.0131     0.1374                           0.0005
       6.00     0.2248     0.0130     0.1374                           0.0011
       8.00     0.2229     0.0129     0.1372                           0.0016
      10.00     0.2204     0.0128     0.1368                           0.0016

                     CROSS FLOW DRAG PROPORTIONALITY FACTOR = 0.76143

      ALPHA    CN-POTEN  CN-VISC   CN-SEP    CM-POTEN  CM-VISC   CM-SEP    CDC
     -10.00    -0.449    -0.376              -0.046     0.057             0.772
      -8.00    -0.363    -0.240              -0.037     0.037             0.766
      -6.00    -0.274    -0.134              -0.028     0.020             0.759
      -4.00    -0.183    -0.059              -0.019     0.009             0.753
      -2.00    -0.092    -0.015              -0.009     0.002             0.746
       0.00     0.000     0.000               0.000     0.000             0.740
       2.00     0.092     0.015               0.009    -0.002             0.746
       4.00     0.183     0.059               0.019    -0.009             0.753
       6.00     0.274     0.134               0.028    -0.020             0.759
       8.00     0.363     0.240               0.037    -0.037             0.766
      10.00     0.449     0.376               0.046    -0.057             0.772
1         ***** THE USAF AUTOMATED MISSILE DATCOM * REV 3/99 *****     CASE   1
               AERODYNAMIC METHODS FOR MISSILE CONFIGURATIONS          PAGE   7
                        FIN SET 1 CA PARTIAL OUTPUT

       ******* FLIGHT CONDITIONS AND REFERENCE QUANTITIES *******
     MACH NO  =       0.30                REYNOLDS NO = 6.955E+06 /M
     ALTITUDE =        0.0 M         DYNAMIC PRESSURE =   6383.49 N/M**2
     SIDESLIP =       0.00 DEG                   ROLL =      0.00 DEG     
     REF AREA =      0.001 M**2         MOMENT CENTER =     0.250 M
     REF LENGTH =     0.65 M           LAT REF LENGTH =      0.65 M

    SINGLE FIN PANEL ZERO-LIFT AXIAL FORCE COMPONENTS

    SKIN FRICTION        0.0115
    SUBSONIC PRESSURE    0.0009
    TRANSONIC WAVE       0.0000
    SUPERSONIC WAVE      0.0000
    LEADING EDGE         0.0000
    TRAILING EDGE        0.0000
    TOTAL CAO            0.0124

    FIN AXIAL FORCE DUE TO ANGLE OF ATTACK

    ALPHA      CA DUE TO LIFT (SINGLE PANEL)   CA-TOTAL (8 FINS)

     -10.00              0.0000                      0.0981
      -8.00              0.0000                      0.0986
      -6.00              0.0000                      0.0990
      -4.00              0.0000                      0.0993
      -2.00              0.0000                      0.0995
       0.00              0.0000                      0.0996
       2.00              0.0000                      0.0995
       4.00              0.0000                      0.0993
       6.00              0.0000                      0.0990
       8.00              0.0000                      0.0986
      10.00              0.0000                      0.0981
1         ***** THE USAF AUTOMATED MISSILE DATCOM * REV 3/99 *****     CASE   1
               AERODYNAMIC METHODS FOR MISSILE CONFIGURATIONS          PAGE   8
                       FIN SET 1 CN, CM PARTIAL OUTPUT

       ******* FLIGHT CONDITIONS AND REFERENCE QUANTITIES *******
     MACH NO  =       0.30                REYNOLDS NO = 6.955E+06 /M
     ALTITUDE =        0.0 M         DYNAMIC PRESSURE =   6383.49 N/M**2
     SIDESLIP =       0.00 DEG                   ROLL =      0.00 DEG     
     REF AREA =      0.001 M**2         MOMENT CENTER =     0.250 M
     REF LENGTH =     0.65 M           LAT REF LENGTH =      0.65 M

    NORMAL FORCE SLOPE AT ALPHA ZERO, CNA =    0.00485/DEG (1 PANEL)
         CENTER OF PRESSURE FOR LINEAR CN =   -0.45815 (CALIBERS FROM C.G.)
     CENTER OF PRESSURE FOR NON-LINEAR CN =   -0.50769 (CALIBERS FROM C.G.)

      ALPHA      CN        CN        CN        CM        CM        CM
               LINEAR  NON-LINEAR  TOTAL     LINEAR  NON-LINEAR  TOTAL

     -10.00   -0.1917   -0.4167   -0.6084    0.0878    0.2115    0.2994
      -8.00   -0.1541   -0.2673   -0.4214    0.0706    0.1357    0.2063
      -6.00   -0.1160   -0.1506   -0.2666    0.0531    0.0765    0.1296
      -4.00   -0.0775   -0.0670   -0.1445    0.0355    0.0340    0.0695
      -2.00   -0.0388   -0.0168   -0.0556    0.0178    0.0085    0.0263
       0.00    0.0000    0.0000    0.0000    0.0000    0.0000    0.0000
       2.00    0.0388    0.0168    0.0556   -0.0178   -0.0085   -0.0263
       4.00    0.0775    0.0670    0.1445   -0.0355   -0.0340   -0.0695
       6.00    0.1160    0.1506    0.2666   -0.0531   -0.0765   -0.1296
       8.00    0.1541    0.2673    0.4214   -0.0706   -0.1357   -0.2063
      10.00    0.1917    0.4167    0.6084   -0.0878   -0.2115   -0.2994
1         ***** THE USAF AUTOMATED MISSILE DATCOM * REV 3/99 *****     CASE   1
               AERODYNAMIC METHODS FOR MISSILE CONFIGURATIONS          PAGE   9
                 AERODYNAMIC FORCE AND MOMENT SYNTHESIS

       ******* FLIGHT CONDITIONS AND REFERENCE QUANTITIES *******
     MACH NO  =       0.30                REYNOLDS NO = 6.955E+06 /M
     ALTITUDE =        0.0 M         DYNAMIC PRESSURE =   6383.49 N/M**2
     SIDESLIP =       0.00 DEG                   ROLL =      0.00 DEG     
     REF AREA =      0.001 M**2         MOMENT CENTER =     0.250 M
     REF LENGTH =     0.65 M           LAT REF LENGTH =      0.65 M

          ---------------FIN SET 1 IN PRESENCE OF THE BODY----------------

      ALPHA       CN         CM         CA         CY         CLN        CLL

     -10.00    -1.1013     0.5046     0.0996     0.0000     0.0000     0.0000
      -8.00    -0.7950     0.3642     0.0996     0.0000     0.0000     0.0000
      -6.00    -0.5202     0.2383     0.0996     0.0000     0.0000     0.0000
      -4.00    -0.2863     0.1312     0.0996     0.0000     0.0000     0.0000
      -2.00    -0.1047     0.0480     0.0996     0.0000     0.0000     0.0000
       0.00     0.0000     0.0000     0.0996     0.0000     0.0000     0.0000
       2.00     0.1047    -0.0480     0.0996     0.0000     0.0000     0.0000
       4.00     0.2863    -0.1312     0.0996     0.0000     0.0000     0.0000
       6.00     0.5202    -0.2383     0.0996     0.0000     0.0000     0.0000
       8.00     0.7950    -0.3642     0.0996     0.0000     0.0000     0.0000
      10.00     1.1013    -0.5046     0.0996     0.0000     0.0000     0.0000
1         ***** THE USAF AUTOMATED MISSILE DATCOM * REV 3/99 *****     CASE   1
               AERODYNAMIC METHODS FOR MISSILE CONFIGURATIONS          PAGE  10
                 AERODYNAMIC FORCE AND MOMENT SYNTHESIS

       ******* FLIGHT CONDITIONS AND REFERENCE QUANTITIES *******
     MACH NO  =       0.30                REYNOLDS NO = 6.955E+06 /M
     ALTITUDE =        0.0 M         DYNAMIC PRESSURE =   6383.49 N/M**2
     SIDESLIP =       0.00 DEG                   ROLL =      0.00 DEG     
     REF AREA =      0.001 M**2         MOMENT CENTER =     0.250 M
     REF LENGTH =     0.65 M           LAT REF LENGTH =      0.65 M

          ---------------FIN SET 1 PANEL CHARACTERISTICS------------------

      ALPHA      PANEL    AEQ (PANEL AXIS SYS.)    PANEL CN

     -10.00        1              0.0000           0.0000
     -10.00        2            -11.3455          -0.1868
     -10.00        3            -15.6202          -0.3216
     -10.00        4             -9.4182          -0.1371
     -10.00        5              0.0000           0.0000
     -10.00        6              9.4182           0.1371
     -10.00        7             15.6202           0.3216
     -10.00        8             11.3455           0.1868
 
      -8.00        1              0.0000           0.0000
      -8.00        2             -9.2031          -0.1319
      -8.00        3            -12.7836          -0.2285
      -8.00        4             -8.0976          -0.1071
      -8.00        5              0.0000           0.0000
      -8.00        6              8.0976           0.1071
      -8.00        7             12.7836           0.2285
      -8.00        8              9.2031           0.1319
 
      -6.00        1              0.0000           0.0000
      -6.00        2             -6.9898          -0.0846
      -6.00        3             -9.7908          -0.1461
      -6.00        4             -6.5680          -0.0766
      -6.00        5              0.0000           0.0000
      -6.00        6              6.5680           0.0766
      -6.00        7              9.7908           0.1461
      -6.00        8              6.9898           0.0846
 
      -4.00        1              0.0000           0.0000
      -4.00        2             -4.7108          -0.0460
      -4.00        3             -6.6471          -0.0781
      -4.00        4             -4.7108          -0.0460
      -4.00        5              0.0000           0.0000
      -4.00        6              4.7108           0.0460
      -4.00        7              6.6471           0.0781
      -4.00        8              4.7108           0.0460
 
      -2.00        1              0.0000           0.0000
      -2.00        2             -2.3704          -0.0173
      -2.00        3             -3.3503          -0.0279
      -2.00        4             -2.3704          -0.0173
      -2.00        5              0.0000           0.0000
      -2.00        6              2.3704           0.0173
      -2.00        7              3.3503           0.0279
      -2.00        8              2.3704           0.0173
 
       0.00        1              0.0000           0.0000
       0.00        2              0.0000           0.0000
       0.00        3              0.0000           0.0000
       0.00        4              0.0000           0.0000
       0.00        5              0.0000           0.0000
       0.00        6              0.0000           0.0000
       0.00        7              0.0000           0.0000
       0.00        8              0.0000           0.0000
 
       2.00        1              0.0000           0.0000
       2.00        2              2.3704           0.0173
       2.00        3              3.3503           0.0279
       2.00        4              2.3704           0.0173
       2.00        5              0.0000           0.0000
       2.00        6             -2.3704          -0.0173
       2.00        7             -3.3503          -0.0279
       2.00        8             -2.3704          -0.0173
 
       4.00        1              0.0000           0.0000
       4.00        2              4.7108           0.0460
       4.00        3              6.6471           0.0781
       4.00        4              4.7108           0.0460
       4.00        5              0.0000           0.0000
       4.00        6             -4.7108          -0.0460
       4.00        7             -6.6471          -0.0781
       4.00        8             -4.7108          -0.0460
 
       6.00        1              0.0000           0.0000
       6.00        2              6.5680           0.0766
       6.00        3              9.7908           0.1461
       6.00        4              6.9898           0.0846
       6.00        5              0.0000           0.0000
       6.00        6             -6.9898          -0.0846
       6.00        7             -9.7908          -0.1461
       6.00        8             -6.5680          -0.0766
 
       8.00        1              0.0000           0.0000
       8.00        2              8.0976           0.1071
       8.00        3             12.7836           0.2285
       8.00        4              9.2031           0.1319
       8.00        5              0.0000           0.0000
       8.00        6             -9.2031          -0.1319
       8.00        7            -12.7836          -0.2285
       8.00        8             -8.0976          -0.1071
 
      10.00        1              0.0000           0.0000
      10.00        2              9.4182           0.1371
      10.00        3             15.6202           0.3216
      10.00        4             11.3455           0.1868
      10.00        5              0.0000           0.0000
      10.00        6            -11.3455          -0.1868
      10.00        7            -15.6202          -0.3216
      10.00        8             -9.4182          -0.1371
 
1         ***** THE USAF AUTOMATED MISSILE DATCOM * REV 3/99 *****     CASE   1
               AERODYNAMIC METHODS FOR MISSILE CONFIGURATIONS          PAGE  11
                 AERODYNAMIC FORCE AND MOMENT SYNTHESIS

       ******* FLIGHT CONDITIONS AND REFERENCE QUANTITIES *******
     MACH NO  =       0.30                REYNOLDS NO = 6.955E+06 /M
     ALTITUDE =        0.0 M         DYNAMIC PRESSURE =   6383.49 N/M**2
     SIDESLIP =       0.00 DEG                   ROLL =      0.00 DEG     
     REF AREA =      0.001 M**2         MOMENT CENTER =     0.250 M
     REF LENGTH =     0.65 M           LAT REF LENGTH =      0.65 M

             CARRYOVER INTERFERENCE FACTORS - FIN SET 1

      ALPHA   K-W(B)   K-B(W)  KK-W(B)  KK-B(W)  XCP-W(B) XCP-B(W) Y-CP/(B/2)

     -10.00   1.6234   1.1241   0.9535   0.6600   0.4582   0.4538   0.4738
      -8.00   1.6395   1.1241   0.9535   0.6600   0.4582   0.4538   0.5198
      -6.00   1.6540   1.1241   0.9535   0.6600   0.4582   0.4538   0.5596
      -4.00   1.6666   1.1241   0.9535   0.6600   0.4582   0.4538   0.5919
      -2.00   1.6764   1.1241   0.9535   0.6600   0.4582   0.4538   0.6160
       0.00   1.6818   1.1241   0.9535   0.6600   0.4582   0.4538   0.6305
       2.00   1.6764   1.1241   0.9535   0.6600   0.4582   0.4538   0.6160
       4.00   1.6666   1.1241   0.9535   0.6600   0.4582   0.4538   0.5919
       6.00   1.6540   1.1241   0.9535   0.6600   0.4582   0.4538   0.5662
       8.00   1.6395   1.1241   0.9535   0.6600   0.4582   0.4538   0.5407
      10.00   1.6234   1.1241   0.9535   0.6600   0.4582   0.4538   0.5155

    NOTE - XCP-W(B) USED FOR STABILITY ONLY DIFFERENT VALUES USED FOR HINGE MOMENTS
1         ***** THE USAF AUTOMATED MISSILE DATCOM * REV 3/99 *****     CASE   1
               AERODYNAMIC METHODS FOR MISSILE CONFIGURATIONS          PAGE  12
        FIN SET 1 PANEL BENDING MOMENTS (ABOUT EXPOSED ROOT CHORD)

       ******* FLIGHT CONDITIONS AND REFERENCE QUANTITIES *******
     MACH NO  =       0.30                REYNOLDS NO = 6.955E+06 /M
     ALTITUDE =        0.0 M         DYNAMIC PRESSURE =   6383.49 N/M**2
     SIDESLIP =       0.00 DEG                   ROLL =      0.00 DEG     
     REF AREA =      0.001 M**2         MOMENT CENTER =     0.250 M
     REF LENGTH =     0.65 M           LAT REF LENGTH =      0.65 M

   ALPHA   PANL 1   PANL 2   PANL 3   PANL 4   PANL 5   PANL 6   PANL 7   PANL 8
 
   -10.0  0.00E+00 -1.29E-03 -2.23E-03 -9.49E-04 -1.23E-10  9.49E-04  2.23E-03  1.29E-03
    -8.0  0.00E+00 -1.00E-03 -1.74E-03 -8.13E-04 -9.14E-11  8.13E-04  1.74E-03  1.00E-03
    -6.0  0.00E+00 -6.91E-04 -1.20E-03 -6.27E-04 -7.05E-11  6.27E-04  1.20E-03  6.91E-04
    -4.0  0.00E+00 -3.98E-04 -6.75E-04 -3.98E-04 -5.29E-11  3.98E-04  6.75E-04  3.98E-04
    -2.0  0.00E+00 -1.56E-04 -2.51E-04 -1.56E-04 -2.77E-11  1.56E-04  2.51E-04  1.56E-04
     0.0  0.00E+00  0.00E+00  0.00E+00  0.00E+00  0.00E+00  0.00E+00  0.00E+00  0.00E+00
     2.0  0.00E+00  1.56E-04  2.51E-04  1.56E-04  2.77E-11 -1.56E-04 -2.51E-04 -1.56E-04
     4.0  0.00E+00  3.98E-04  6.75E-04  3.98E-04  5.29E-11 -3.98E-04 -6.75E-04 -3.98E-04
     6.0  4.13E-12  6.34E-04  1.21E-03  7.00E-04  7.55E-11 -7.00E-04 -1.21E-03 -6.34E-04
     8.0  4.98E-13  8.46E-04  1.81E-03  1.04E-03  9.56E-11 -1.04E-03 -1.81E-03 -8.46E-04
    10.0 -2.04E-11  1.03E-03  2.42E-03  1.41E-03  1.13E-10 -1.41E-03 -2.42E-03 -1.03E-03
1         ***** THE USAF AUTOMATED MISSILE DATCOM * REV 3/99 *****     CASE   1
               AERODYNAMIC METHODS FOR MISSILE CONFIGURATIONS          PAGE  13
            FIN SET 1 PANEL HINGE MOMENTS (ABOUT HINGE LINE)

       ******* FLIGHT CONDITIONS AND REFERENCE QUANTITIES *******
     MACH NO  =       0.30                REYNOLDS NO = 6.955E+06 /M
     ALTITUDE =        0.0 M         DYNAMIC PRESSURE =   6383.49 N/M**2
     SIDESLIP =       0.00 DEG                   ROLL =      0.00 DEG     
     REF AREA =      0.001 M**2         MOMENT CENTER =     0.250 M
     REF LENGTH =     0.65 M           LAT REF LENGTH =      0.65 M

   ALPHA   PANL 1   PANL 2   PANL 3   PANL 4   PANL 5   PANL 6   PANL 7   PANL 8
 
   -10.0  0.00E+00 -2.03E-02 -3.28E-02 -1.53E-02 -2.09E-09  1.53E-02  3.28E-02  2.03E-02
    -8.0  0.00E+00 -1.47E-02 -2.44E-02 -1.21E-02 -1.42E-09  1.21E-02  2.44E-02  1.47E-02
    -6.0  0.00E+00 -9.63E-03 -1.62E-02 -8.76E-03 -1.02E-09  8.76E-03  1.62E-02  9.63E-03
    -4.0  0.00E+00 -5.33E-03 -8.92E-03 -5.33E-03 -7.23E-10  5.33E-03  8.92E-03  5.33E-03
    -2.0  0.00E+00 -2.03E-03 -3.26E-03 -2.03E-03 -3.63E-10  2.03E-03  3.26E-03  2.03E-03
     0.0  0.00E+00  0.00E+00  0.00E+00  0.00E+00  0.00E+00  0.00E+00  0.00E+00  0.00E+00
     2.0  0.00E+00  2.03E-03  3.26E-03  2.03E-03  3.63E-10 -2.03E-03 -3.26E-03 -2.03E-03
     4.0  0.00E+00  5.33E-03  8.92E-03  5.33E-03  7.23E-10 -5.33E-03 -8.92E-03 -5.33E-03
     6.0  5.89E-11  8.76E-03  1.62E-02  9.63E-03  1.08E-09 -9.63E-03 -1.62E-02 -8.76E-03
     8.0  7.45E-12  1.21E-02  2.44E-02  1.47E-02  1.43E-09 -1.47E-02 -2.44E-02 -1.21E-02
    10.0 -3.19E-10  1.53E-02  3.28E-02  2.03E-02  1.77E-09 -2.03E-02 -3.28E-02 -1.53E-02
1         ***** THE USAF AUTOMATED MISSILE DATCOM * REV 3/99 *****     CASE   1
               AERODYNAMIC METHODS FOR MISSILE CONFIGURATIONS          PAGE  14
                   STATIC AERODYNAMICS FOR BODY-FIN SET 1

       ******* FLIGHT CONDITIONS AND REFERENCE QUANTITIES *******
     MACH NO  =       0.30                REYNOLDS NO = 6.955E+06 /M
     ALTITUDE =        0.0 M         DYNAMIC PRESSURE =   6383.49 N/M**2
     SIDESLIP =       0.00 DEG                   ROLL =      0.00 DEG     
     REF AREA =      0.001 M**2         MOMENT CENTER =     0.250 M
     REF LENGTH =     0.65 M           LAT REF LENGTH =      0.65 M

                   ----- LONGITUDINAL -----     -- LATERAL DIRECTIONAL --
         ALPHA       CN        CM        CA        CY       CLN       CLL

        -10.00    -2.689     0.862     0.471     0.000     0.000     0.000
         -8.00    -1.942     0.611     0.474     0.000     0.000     0.000
         -6.00    -1.282     0.391     0.476     0.000     0.000     0.000
         -4.00    -0.722     0.209     0.477     0.000     0.000     0.000
         -2.00    -0.282     0.073     0.477     0.000     0.000     0.000
          0.00     0.000     0.000     0.477     0.000     0.000     0.000
          2.00     0.282    -0.073     0.477     0.000     0.000     0.000
          4.00     0.722    -0.209     0.477     0.000     0.000     0.000
          6.00     1.282    -0.391     0.476     0.000     0.000     0.000
          8.00     1.942    -0.611     0.474     0.000     0.000     0.000
         10.00     2.689    -0.862     0.471     0.000     0.000     0.000

         ALPHA       CL        CD      CL/CD     X-C.P.

        -10.00    -2.567     0.931    -2.757    -0.321
         -8.00    -1.857     0.740    -2.511    -0.315
         -6.00    -1.225     0.607    -2.017    -0.305
         -4.00    -0.687     0.526    -1.306    -0.289
         -2.00    -0.265     0.487    -0.544    -0.258
          0.00     0.000     0.477     0.000    -0.258
          2.00     0.265     0.487     0.544    -0.258
          4.00     0.687     0.526     1.306    -0.289
          6.00     1.225     0.607     2.017    -0.305
          8.00     1.857     0.740     2.511    -0.315
         10.00     2.567     0.931     2.757    -0.321

    X-C.P. MEAS. FROM MOMENT CENTER IN REF. LENGTHS, NEG. AFT OF MOMENT CENTER
1         ***** THE USAF AUTOMATED MISSILE DATCOM * REV 3/99 *****     CASE   1
               AERODYNAMIC METHODS FOR MISSILE CONFIGURATIONS          PAGE  15
                   STATIC AERODYNAMICS FOR BODY-FIN SET 1

       ******* FLIGHT CONDITIONS AND REFERENCE QUANTITIES *******
     MACH NO  =       0.30                REYNOLDS NO = 6.955E+06 /M
     ALTITUDE =        0.0 M         DYNAMIC PRESSURE =   6383.49 N/M**2
     SIDESLIP =       0.00 DEG                   ROLL =      0.00 DEG     
     REF AREA =      0.001 M**2         MOMENT CENTER =     0.250 M
     REF LENGTH =     0.65 M           LAT REF LENGTH =      0.65 M

                   ---------- DERIVATIVES (PER DEGREE) ----------
         ALPHA       CNA         CMA         CYB         CLNB        CLLB
        -10.00      0.3952     -0.1333     -0.2600      0.0824      0.0003
         -8.00      0.3518     -0.1177     -0.2367      0.0738      0.0002
         -6.00      0.3049     -0.1005     -0.2090      0.0631      0.0001
         -4.00      0.2498     -0.0796     -0.1793      0.0516      0.0000
         -2.00      0.1802     -0.0522     -0.1454      0.0382      0.0000
          0.00      0.1408     -0.0363     -0.1248      0.0295      0.0000
          2.00      0.1802     -0.0522     -0.1454      0.0382      0.0000
          4.00      0.2498     -0.0796     -0.1793      0.0516      0.0000
          6.00      0.3049     -0.1005     -0.2090      0.0631     -0.0001
          8.00      0.3518     -0.1177     -0.2367      0.0738     -0.0002
         10.00      0.3952     -0.1333     -0.2600      0.0824     -0.0003

    PANEL DEFLECTION ANGLES (DEGREES)
    SET    FIN 1   FIN 2   FIN 3   FIN 4   FIN 5   FIN 6   FIN 7   FIN 8
      1    0.00    0.00    0.00    0.00    0.00    0.00    0.00    0.00
1         ***** THE USAF AUTOMATED MISSILE DATCOM * REV 3/99 *****     CASE   1
               AERODYNAMIC METHODS FOR MISSILE CONFIGURATIONS          PAGE  16
                             BODY ALONE PARTIAL OUTPUT

       ******* FLIGHT CONDITIONS AND REFERENCE QUANTITIES *******
     MACH NO  =       0.60                REYNOLDS NO = 1.391E+07 /M
     ALTITUDE =        0.0 M         DYNAMIC PRESSURE =  25533.94 N/M**2
     SIDESLIP =       0.00 DEG                   ROLL =      0.00 DEG     
     REF AREA =      0.001 M**2         MOMENT CENTER =     0.250 M
     REF LENGTH =     0.65 M           LAT REF LENGTH =      0.65 M

      ALPHA    CA-FRIC  CA-PRES/WAVE CA-BASE    CA-PROT     CA-SEP     CA-ALP
     -10.00     0.1929     0.0133     0.1356                           0.0011
      -8.00     0.1950     0.0135     0.1360                           0.0013
      -6.00     0.1967     0.0136     0.1363                           0.0009
      -4.00     0.1979     0.0137     0.1364                           0.0005
      -2.00     0.1986     0.0137     0.1363                           0.0001
       0.00     0.1988     0.0138     0.1360                           0.0000
       2.00     0.1986     0.0137     0.1363                           0.0001
       4.00     0.1979     0.0137     0.1364                           0.0005
       6.00     0.1967     0.0136     0.1363                           0.0009
       8.00     0.1950     0.0135     0.1360                           0.0013
      10.00     0.1929     0.0133     0.1356                           0.0011

                     CROSS FLOW DRAG PROPORTIONALITY FACTOR = 0.76143

      ALPHA    CN-POTEN  CN-VISC   CN-SEP    CM-POTEN  CM-VISC   CM-SEP    CDC
     -10.00    -0.449    -0.392              -0.046     0.060             0.804
      -8.00    -0.363    -0.248              -0.037     0.038             0.791
      -6.00    -0.274    -0.137              -0.028     0.021             0.778
      -4.00    -0.183    -0.060              -0.019     0.009             0.766
      -2.00    -0.092    -0.015              -0.009     0.002             0.753
       0.00     0.000     0.000               0.000     0.000             0.740
       2.00     0.092     0.015               0.009    -0.002             0.753
       4.00     0.183     0.060               0.019    -0.009             0.766
       6.00     0.274     0.137               0.028    -0.021             0.778
       8.00     0.363     0.248               0.037    -0.038             0.791
      10.00     0.449     0.392               0.046    -0.060             0.804
1         ***** THE USAF AUTOMATED MISSILE DATCOM * REV 3/99 *****     CASE   1
               AERODYNAMIC METHODS FOR MISSILE CONFIGURATIONS          PAGE  17
                        FIN SET 1 CA PARTIAL OUTPUT

       ******* FLIGHT CONDITIONS AND REFERENCE QUANTITIES *******
     MACH NO  =       0.60                REYNOLDS NO = 1.391E+07 /M
     ALTITUDE =        0.0 M         DYNAMIC PRESSURE =  25533.94 N/M**2
     SIDESLIP =       0.00 DEG                   ROLL =      0.00 DEG     
     REF AREA =      0.001 M**2         MOMENT CENTER =     0.250 M
     REF LENGTH =     0.65 M           LAT REF LENGTH =      0.65 M

    SINGLE FIN PANEL ZERO-LIFT AXIAL FORCE COMPONENTS

    SKIN FRICTION        0.0100
    SUBSONIC PRESSURE    0.0008
    TRANSONIC WAVE       0.0000
    SUPERSONIC WAVE      0.0000
    LEADING EDGE         0.0000
    TRAILING EDGE        0.0000
    TOTAL CAO            0.0108

    FIN AXIAL FORCE DUE TO ANGLE OF ATTACK

    ALPHA      CA DUE TO LIFT (SINGLE PANEL)   CA-TOTAL (8 FINS)

     -10.00              0.0000                      0.0848
      -8.00              0.0000                      0.0852
      -6.00              0.0000                      0.0856
      -4.00              0.0000                      0.0859
      -2.00              0.0000                      0.0860
       0.00              0.0000                      0.0861
       2.00              0.0000                      0.0860
       4.00              0.0000                      0.0859
       6.00              0.0000                      0.0856
       8.00              0.0000                      0.0852
      10.00              0.0000                      0.0848
1         ***** THE USAF AUTOMATED MISSILE DATCOM * REV 3/99 *****     CASE   1
               AERODYNAMIC METHODS FOR MISSILE CONFIGURATIONS          PAGE  18
                       FIN SET 1 CN, CM PARTIAL OUTPUT

       ******* FLIGHT CONDITIONS AND REFERENCE QUANTITIES *******
     MACH NO  =       0.60                REYNOLDS NO = 1.391E+07 /M
     ALTITUDE =        0.0 M         DYNAMIC PRESSURE =  25533.94 N/M**2
     SIDESLIP =       0.00 DEG                   ROLL =      0.00 DEG     
     REF AREA =      0.001 M**2         MOMENT CENTER =     0.250 M
     REF LENGTH =     0.65 M           LAT REF LENGTH =      0.65 M

    NORMAL FORCE SLOPE AT ALPHA ZERO, CNA =    0.00486/DEG (1 PANEL)
         CENTER OF PRESSURE FOR LINEAR CN =   -0.45815 (CALIBERS FROM C.G.)
     CENTER OF PRESSURE FOR NON-LINEAR CN =   -0.50769 (CALIBERS FROM C.G.)

      ALPHA      CN        CN        CN        CM        CM        CM
               LINEAR  NON-LINEAR  TOTAL     LINEAR  NON-LINEAR  TOTAL

     -10.00   -0.1918   -0.4509   -0.6427    0.0879    0.2289    0.3168
      -8.00   -0.1542   -0.2893   -0.4434    0.0706    0.1469    0.2175
      -6.00   -0.1160   -0.1630   -0.2790    0.0532    0.0828    0.1359
      -4.00   -0.0776   -0.0725   -0.1501    0.0355    0.0368    0.0724
      -2.00   -0.0388   -0.0181   -0.0570    0.0178    0.0092    0.0270
       0.00    0.0000    0.0000    0.0000    0.0000    0.0000    0.0000
       2.00    0.0388    0.0181    0.0570   -0.0178   -0.0092   -0.0270
       4.00    0.0776    0.0725    0.1501   -0.0355   -0.0368   -0.0724
       6.00    0.1160    0.1630    0.2790   -0.0532   -0.0828   -0.1359
       8.00    0.1542    0.2893    0.4434   -0.0706   -0.1469   -0.2175
      10.00    0.1918    0.4509    0.6427   -0.0879   -0.2289   -0.3168
1         ***** THE USAF AUTOMATED MISSILE DATCOM * REV 3/99 *****     CASE   1
               AERODYNAMIC METHODS FOR MISSILE CONFIGURATIONS          PAGE  19
                 AERODYNAMIC FORCE AND MOMENT SYNTHESIS

       ******* FLIGHT CONDITIONS AND REFERENCE QUANTITIES *******
     MACH NO  =       0.60                REYNOLDS NO = 1.391E+07 /M
     ALTITUDE =        0.0 M         DYNAMIC PRESSURE =  25533.94 N/M**2
     SIDESLIP =       0.00 DEG                   ROLL =      0.00 DEG     
     REF AREA =      0.001 M**2         MOMENT CENTER =     0.250 M
     REF LENGTH =     0.65 M           LAT REF LENGTH =      0.65 M

          ---------------FIN SET 1 IN PRESENCE OF THE BODY----------------

      ALPHA       CN         CM         CA         CY         CLN        CLL

     -10.00    -1.1644     0.5335     0.0861     0.0000     0.0000     0.0000
      -8.00    -0.8393     0.3845     0.0861     0.0000     0.0000     0.0000
      -6.00    -0.5474     0.2508     0.0861     0.0000     0.0000     0.0000
      -4.00    -0.2994     0.1371     0.0861     0.0000     0.0000     0.0000
      -2.00    -0.1080     0.0495     0.0861     0.0000     0.0000     0.0000
       0.00     0.0000     0.0000     0.0861     0.0000     0.0000     0.0000
       2.00     0.1080    -0.0495     0.0861     0.0000     0.0000     0.0000
       4.00     0.2994    -0.1371     0.0861     0.0000     0.0000     0.0000
       6.00     0.5474    -0.2508     0.0861     0.0000     0.0000     0.0000
       8.00     0.8393    -0.3845     0.0861     0.0000     0.0000     0.0000
      10.00     1.1644    -0.5335     0.0861     0.0000     0.0000     0.0000
1         ***** THE USAF AUTOMATED MISSILE DATCOM * REV 3/99 *****     CASE   1
               AERODYNAMIC METHODS FOR MISSILE CONFIGURATIONS          PAGE  20
                 AERODYNAMIC FORCE AND MOMENT SYNTHESIS

       ******* FLIGHT CONDITIONS AND REFERENCE QUANTITIES *******
     MACH NO  =       0.60                REYNOLDS NO = 1.391E+07 /M
     ALTITUDE =        0.0 M         DYNAMIC PRESSURE =  25533.94 N/M**2
     SIDESLIP =       0.00 DEG                   ROLL =      0.00 DEG     
     REF AREA =      0.001 M**2         MOMENT CENTER =     0.250 M
     REF LENGTH =     0.65 M           LAT REF LENGTH =      0.65 M

          ---------------FIN SET 1 PANEL CHARACTERISTICS------------------

      ALPHA      PANEL    AEQ (PANEL AXIS SYS.)    PANEL CN

     -10.00        1              0.0000           0.0000
     -10.00        2            -11.3415          -0.1977
     -10.00        3            -15.6055          -0.3416
     -10.00        4             -9.3338          -0.1425
     -10.00        5              0.0000           0.0000
     -10.00        6              9.3338           0.1425
     -10.00        7             15.6055           0.3416
     -10.00        8             11.3415           0.1977
 
      -8.00        1              0.0000           0.0000
      -8.00        2             -9.2014          -0.1392
      -8.00        3            -12.7771          -0.2422
      -8.00        4             -8.0589          -0.1118
      -8.00        5              0.0000           0.0000
      -8.00        6              8.0589           0.1118
      -8.00        7             12.7771           0.2422
      -8.00        8              9.2014           0.1392
 
      -6.00        1              0.0000           0.0000
      -6.00        2             -6.9893          -0.0888
      -6.00        3             -9.7890          -0.1543
      -6.00        4             -6.5568          -0.0801
      -6.00        5              0.0000           0.0000
      -6.00        6              6.5568           0.0801
      -6.00        7              9.7890           0.1543
      -6.00        8              6.9893           0.0888
 
      -4.00        1              0.0000           0.0000
      -4.00        2             -4.7108          -0.0479
      -4.00        3             -6.6471          -0.0819
      -4.00        4             -4.7108          -0.0479
      -4.00        5              0.0000           0.0000
      -4.00        6              4.7108           0.0479
      -4.00        7              6.6471           0.0819
      -4.00        8              4.7108           0.0479
 
      -2.00        1              0.0000           0.0000
      -2.00        2             -2.3704          -0.0178
      -2.00        3             -3.3503          -0.0289
      -2.00        4             -2.3704          -0.0178
      -2.00        5              0.0000           0.0000
      -2.00        6              2.3704           0.0178
      -2.00        7              3.3503           0.0289
      -2.00        8              2.3704           0.0178
 
       0.00        1              0.0000           0.0000
       0.00        2              0.0000           0.0000
       0.00        3              0.0000           0.0000
       0.00        4              0.0000           0.0000
       0.00        5              0.0000           0.0000
       0.00        6              0.0000           0.0000
       0.00        7              0.0000           0.0000
       0.00        8              0.0000           0.0000
 
       2.00        1              0.0000           0.0000
       2.00        2              2.3704           0.0178
       2.00        3              3.3503           0.0289
       2.00        4              2.3704           0.0178
       2.00        5              0.0000           0.0000
       2.00        6             -2.3704          -0.0178
       2.00        7             -3.3503          -0.0289
       2.00        8             -2.3704          -0.0178
 
       4.00        1              0.0000           0.0000
       4.00        2              4.7108           0.0479
       4.00        3              6.6471           0.0819
       4.00        4              4.7108           0.0479
       4.00        5              0.0000           0.0000
       4.00        6             -4.7108          -0.0479
       4.00        7             -6.6471          -0.0819
       4.00        8             -4.7108          -0.0479
 
       6.00        1              0.0000           0.0000
       6.00        2              6.5568           0.0801
       6.00        3              9.7890           0.1543
       6.00        4              6.9893           0.0888
       6.00        5              0.0000           0.0000
       6.00        6             -6.9893          -0.0888
       6.00        7             -9.7890          -0.1543
       6.00        8             -6.5568          -0.0801
 
       8.00        1              0.0000           0.0000
       8.00        2              8.0589           0.1118
       8.00        3             12.7771           0.2422
       8.00        4              9.2014           0.1392
       8.00        5              0.0000           0.0000
       8.00        6             -9.2014          -0.1392
       8.00        7            -12.7771          -0.2422
       8.00        8             -8.0589          -0.1118
 
      10.00        1              0.0000           0.0000
      10.00        2              9.3338           0.1425
      10.00        3             15.6055           0.3416
      10.00        4             11.3415           0.1977
      10.00        5              0.0000           0.0000
      10.00        6            -11.3415          -0.1977
      10.00        7            -15.6055          -0.3416
      10.00        8             -9.3339          -0.1425
 
1         ***** THE USAF AUTOMATED MISSILE DATCOM * REV 3/99 *****     CASE   1
               AERODYNAMIC METHODS FOR MISSILE CONFIGURATIONS          PAGE  21
                 AERODYNAMIC FORCE AND MOMENT SYNTHESIS

       ******* FLIGHT CONDITIONS AND REFERENCE QUANTITIES *******
     MACH NO  =       0.60                REYNOLDS NO = 1.391E+07 /M
     ALTITUDE =        0.0 M         DYNAMIC PRESSURE =  25533.94 N/M**2
     SIDESLIP =       0.00 DEG                   ROLL =      0.00 DEG     
     REF AREA =      0.001 M**2         MOMENT CENTER =     0.250 M
     REF LENGTH =     0.65 M           LAT REF LENGTH =      0.65 M

             CARRYOVER INTERFERENCE FACTORS - FIN SET 1

      ALPHA   K-W(B)   K-B(W)  KK-W(B)  KK-B(W)  XCP-W(B) XCP-B(W) Y-CP/(B/2)

     -10.00   1.6234   1.1241   0.9535   0.6600   0.4582   0.4538   0.4685
      -8.00   1.6395   1.1241   0.9535   0.6600   0.4582   0.4538   0.4996
      -6.00   1.6540   1.1241   0.9535   0.6600   0.4582   0.4538   0.5264
      -4.00   1.6666   1.1241   0.9535   0.6600   0.4582   0.4538   0.5481
      -2.00   1.6764   1.1241   0.9535   0.6600   0.4582   0.4538   0.5642
       0.00   1.6818   1.1241   0.9535   0.6600   0.4582   0.4538   0.5736
       2.00   1.6764   1.1241   0.9535   0.6600   0.4582   0.4538   0.5642
       4.00   1.6666   1.1241   0.9535   0.6600   0.4582   0.4538   0.5481
       6.00   1.6540   1.1241   0.9535   0.6600   0.4582   0.4538   0.5310
       8.00   1.6395   1.1241   0.9535   0.6600   0.4582   0.4538   0.5141
      10.00   1.6234   1.1241   0.9535   0.6600   0.4582   0.4538   0.4978

    NOTE - XCP-W(B) USED FOR STABILITY ONLY DIFFERENT VALUES USED FOR HINGE MOMENTS
1         ***** THE USAF AUTOMATED MISSILE DATCOM * REV 3/99 *****     CASE   1
               AERODYNAMIC METHODS FOR MISSILE CONFIGURATIONS          PAGE  22
        FIN SET 1 PANEL BENDING MOMENTS (ABOUT EXPOSED ROOT CHORD)

       ******* FLIGHT CONDITIONS AND REFERENCE QUANTITIES *******
     MACH NO  =       0.60                REYNOLDS NO = 1.391E+07 /M
     ALTITUDE =        0.0 M         DYNAMIC PRESSURE =  25533.94 N/M**2
     SIDESLIP =       0.00 DEG                   ROLL =      0.00 DEG     
     REF AREA =      0.001 M**2         MOMENT CENTER =     0.250 M
     REF LENGTH =     0.65 M           LAT REF LENGTH =      0.65 M

   ALPHA   PANL 1   PANL 2   PANL 3   PANL 4   PANL 5   PANL 6   PANL 7   PANL 8
 
   -10.0  0.00E+00 -1.35E-03 -2.34E-03 -9.76E-04 -1.24E-10  9.76E-04  2.34E-03  1.35E-03
    -8.0  0.00E+00 -1.02E-03 -1.77E-03 -8.17E-04 -8.93E-11  8.17E-04  1.77E-03  1.02E-03
    -6.0  0.00E+00 -6.83E-04 -1.19E-03 -6.16E-04 -6.74E-11  6.16E-04  1.19E-03  6.83E-04
    -4.0  0.00E+00 -3.84E-04 -6.56E-04 -3.84E-04 -4.98E-11  3.84E-04  6.56E-04  3.84E-04
    -2.0  0.00E+00 -1.47E-04 -2.38E-04 -1.47E-04 -2.58E-11  1.47E-04  2.38E-04  1.47E-04
     0.0  0.00E+00  0.00E+00  0.00E+00  0.00E+00  0.00E+00  0.00E+00  0.00E+00  0.00E+00
     2.0  0.00E+00  1.47E-04  2.38E-04  1.47E-04  2.58E-11 -1.47E-04 -2.38E-04 -1.47E-04
     4.0  0.00E+00  3.84E-04  6.56E-04  3.84E-04  4.98E-11 -3.84E-04 -6.56E-04 -3.84E-04
     6.0  4.03E-12  6.22E-04  1.20E-03  6.89E-04  7.20E-11 -6.89E-04 -1.20E-03 -6.22E-04
     8.0  4.98E-13  8.40E-04  1.82E-03  1.05E-03  9.24E-11 -1.05E-03 -1.82E-03 -8.40E-04
    10.0 -2.08E-11  1.04E-03  2.49E-03  1.44E-03  1.11E-10 -1.44E-03 -2.49E-03 -1.04E-03
1         ***** THE USAF AUTOMATED MISSILE DATCOM * REV 3/99 *****     CASE   1
               AERODYNAMIC METHODS FOR MISSILE CONFIGURATIONS          PAGE  23
            FIN SET 1 PANEL HINGE MOMENTS (ABOUT HINGE LINE)

       ******* FLIGHT CONDITIONS AND REFERENCE QUANTITIES *******
     MACH NO  =       0.60                REYNOLDS NO = 1.391E+07 /M
     ALTITUDE =        0.0 M         DYNAMIC PRESSURE =  25533.94 N/M**2
     SIDESLIP =       0.00 DEG                   ROLL =      0.00 DEG     
     REF AREA =      0.001 M**2         MOMENT CENTER =     0.250 M
     REF LENGTH =     0.65 M           LAT REF LENGTH =      0.65 M

   ALPHA   PANL 1   PANL 2   PANL 3   PANL 4   PANL 5   PANL 6   PANL 7   PANL 8
 
   -10.0  0.00E+00 -2.14E-02 -3.47E-02 -1.58E-02 -2.14E-09  1.58E-02  3.47E-02  2.14E-02
    -8.0  0.00E+00 -1.55E-02 -2.57E-02 -1.26E-02 -1.44E-09  1.26E-02  2.57E-02  1.55E-02
    -6.0  0.00E+00 -1.01E-02 -1.71E-02 -9.14E-03 -1.03E-09  9.14E-03  1.71E-02  1.01E-02
    -4.0  0.00E+00 -5.54E-03 -9.34E-03 -5.54E-03 -7.34E-10  5.54E-03  9.34E-03  5.54E-03
    -2.0  0.00E+00 -2.08E-03 -3.37E-03 -2.08E-03 -3.69E-10  2.08E-03  3.37E-03  2.08E-03
     0.0  0.00E+00  0.00E+00  0.00E+00  0.00E+00  0.00E+00  0.00E+00  0.00E+00  0.00E+00
     2.0  0.00E+00  2.08E-03  3.37E-03  2.08E-03  3.69E-10 -2.08E-03 -3.37E-03 -2.08E-03
     4.0  0.00E+00  5.54E-03  9.34E-03  5.54E-03  7.34E-10 -5.54E-03 -9.34E-03 -5.54E-03
     6.0  6.13E-11  9.14E-03  1.71E-02  1.01E-02  1.09E-09 -1.01E-02 -1.71E-02 -9.14E-03
     8.0  7.82E-12  1.26E-02  2.57E-02  1.55E-02  1.45E-09 -1.55E-02 -2.57E-02 -1.26E-02
    10.0 -3.38E-10  1.58E-02  3.47E-02  2.14E-02  1.80E-09 -2.14E-02 -3.47E-02 -1.58E-02
1         ***** THE USAF AUTOMATED MISSILE DATCOM * REV 3/99 *****     CASE   1
               AERODYNAMIC METHODS FOR MISSILE CONFIGURATIONS          PAGE  24
                   STATIC AERODYNAMICS FOR BODY-FIN SET 1

       ******* FLIGHT CONDITIONS AND REFERENCE QUANTITIES *******
     MACH NO  =       0.60                REYNOLDS NO = 1.391E+07 /M
     ALTITUDE =        0.0 M         DYNAMIC PRESSURE =  25533.94 N/M**2
     SIDESLIP =       0.00 DEG                   ROLL =      0.00 DEG     
     REF AREA =      0.001 M**2         MOMENT CENTER =     0.250 M
     REF LENGTH =     0.65 M           LAT REF LENGTH =      0.65 M

                   ----- LONGITUDINAL -----     -- LATERAL DIRECTIONAL --
         ALPHA       CN        CM        CA        CY       CLN       CLL

        -10.00    -2.812     0.913     0.429     0.000     0.000     0.000
         -8.00    -2.025     0.646     0.432     0.000     0.000     0.000
         -6.00    -1.331     0.412     0.434     0.000     0.000     0.000
         -4.00    -0.745     0.219     0.434     0.000     0.000     0.000
         -2.00    -0.287     0.075     0.435     0.000     0.000     0.000
          0.00     0.000     0.000     0.435     0.000     0.000     0.000
          2.00     0.287    -0.075     0.435     0.000     0.000     0.000
          4.00     0.745    -0.219     0.434     0.000     0.000     0.000
          6.00     1.331    -0.412     0.434     0.000     0.000     0.000
          8.00     2.025    -0.646     0.432     0.000     0.000     0.000
         10.00     2.812    -0.913     0.429     0.000     0.000     0.000

         ALPHA       CL        CD      CL/CD     X-C.P.

        -10.00    -2.694     0.911    -2.959    -0.325
         -8.00    -1.945     0.709    -2.742    -0.319
         -6.00    -1.278     0.570    -2.241    -0.310
         -4.00    -0.713     0.485    -1.468    -0.294
         -2.00    -0.272     0.445    -0.612    -0.262
          0.00     0.000     0.435     0.000    -0.262
          2.00     0.272     0.445     0.612    -0.262
          4.00     0.713     0.485     1.468    -0.294
          6.00     1.278     0.570     2.241    -0.310
          8.00     1.945     0.709     2.742    -0.319
         10.00     2.694     0.911     2.959    -0.325

    X-C.P. MEAS. FROM MOMENT CENTER IN REF. LENGTHS, NEG. AFT OF MOMENT CENTER
1         ***** THE USAF AUTOMATED MISSILE DATCOM * REV 3/99 *****     CASE   1
               AERODYNAMIC METHODS FOR MISSILE CONFIGURATIONS          PAGE  25
                   STATIC AERODYNAMICS FOR BODY-FIN SET 1

       ******* FLIGHT CONDITIONS AND REFERENCE QUANTITIES *******
     MACH NO  =       0.60                REYNOLDS NO = 1.391E+07 /M
     ALTITUDE =        0.0 M         DYNAMIC PRESSURE =  25533.94 N/M**2
     SIDESLIP =       0.00 DEG                   ROLL =      0.00 DEG     
     REF AREA =      0.001 M**2         MOMENT CENTER =     0.250 M
     REF LENGTH =     0.65 M           LAT REF LENGTH =      0.65 M

                   ---------- DERIVATIVES (PER DEGREE) ----------
         ALPHA       CNA         CMA         CYB         CLNB        CLLB
        -10.00      0.4165     -0.1416     -0.2727      0.0878      0.0003
         -8.00      0.3701     -0.1251     -0.2473      0.0783      0.0003
         -6.00      0.3198     -0.1068     -0.2171      0.0666      0.0001
         -4.00      0.2606     -0.0843     -0.1850      0.0541      0.0000
         -2.00      0.1859     -0.0548     -0.1486      0.0396      0.0000
          0.00      0.1436     -0.0376     -0.1263      0.0303      0.0000
          2.00      0.1859     -0.0548     -0.1486      0.0396      0.0000
          4.00      0.2606     -0.0843     -0.1850      0.0541      0.0000
          6.00      0.3198     -0.1068     -0.2171      0.0666     -0.0001
          8.00      0.3701     -0.1251     -0.2473      0.0783     -0.0003
         10.00      0.4165     -0.1416     -0.2727      0.0878     -0.0003

    PANEL DEFLECTION ANGLES (DEGREES)
    SET    FIN 1   FIN 2   FIN 3   FIN 4   FIN 5   FIN 6   FIN 7   FIN 8
      1    0.00    0.00    0.00    0.00    0.00    0.00    0.00    0.00
1         ***** THE USAF AUTOMATED MISSILE DATCOM * REV 3/99 *****     CASE   1
               AERODYNAMIC METHODS FOR MISSILE CONFIGURATIONS          PAGE  26
                             BODY ALONE PARTIAL OUTPUT

       ******* FLIGHT CONDITIONS AND REFERENCE QUANTITIES *******
     MACH NO  =       0.90                REYNOLDS NO = 2.087E+07 /M
     ALTITUDE =        0.0 M         DYNAMIC PRESSURE =  57451.37 N/M**2
     SIDESLIP =       0.00 DEG                   ROLL =      0.00 DEG     
     REF AREA =      0.001 M**2         MOMENT CENTER =     0.250 M
     REF LENGTH =     0.65 M           LAT REF LENGTH =      0.65 M

      ALPHA    CA-FRIC  CA-PRES/WAVE CA-BASE    CA-PROT     CA-SEP     CA-ALP
     -10.00     0.1756     0.0411     0.1315                           0.0012
      -8.00     0.1775     0.0415     0.1319                           0.0014
      -6.00     0.1791     0.0419     0.1322                           0.0010
      -4.00     0.1802     0.0422     0.1323                           0.0005
      -2.00     0.1808     0.0423     0.1322                           0.0001
       0.00     0.1810     0.0424     0.1320                           0.0000
       2.00     0.1808     0.0423     0.1322                           0.0001
       4.00     0.1802     0.0422     0.1323                           0.0005
       6.00     0.1791     0.0419     0.1322                           0.0010
       8.00     0.1775     0.0415     0.1319                           0.0014
      10.00     0.1756     0.0411     0.1315                           0.0012

                     CROSS FLOW DRAG PROPORTIONALITY FACTOR = 0.76387

      ALPHA    CN-POTEN  CN-VISC   CN-SEP    CM-POTEN  CM-VISC   CM-SEP    CDC
     -10.00    -0.461    -0.408              -0.041     0.062             0.836
      -8.00    -0.372    -0.256              -0.033     0.039             0.817
      -6.00    -0.281    -0.141              -0.025     0.022             0.798
      -4.00    -0.188    -0.061              -0.017     0.009             0.778
      -2.00    -0.094    -0.015              -0.008     0.002             0.759
       0.00     0.000     0.000               0.000     0.000             0.740
       2.00     0.094     0.015               0.008    -0.002             0.759
       4.00     0.188     0.061               0.017    -0.009             0.778
       6.00     0.281     0.141               0.025    -0.022             0.798
       8.00     0.372     0.256               0.033    -0.039             0.817
      10.00     0.461     0.408               0.041    -0.062             0.836
1         ***** THE USAF AUTOMATED MISSILE DATCOM * REV 3/99 *****     CASE   1
               AERODYNAMIC METHODS FOR MISSILE CONFIGURATIONS          PAGE  27
                        FIN SET 1 CA PARTIAL OUTPUT

       ******* FLIGHT CONDITIONS AND REFERENCE QUANTITIES *******
     MACH NO  =       0.90                REYNOLDS NO = 2.087E+07 /M
     ALTITUDE =        0.0 M         DYNAMIC PRESSURE =  57451.37 N/M**2
     SIDESLIP =       0.00 DEG                   ROLL =      0.00 DEG     
     REF AREA =      0.001 M**2         MOMENT CENTER =     0.250 M
     REF LENGTH =     0.65 M           LAT REF LENGTH =      0.65 M

    SINGLE FIN PANEL ZERO-LIFT AXIAL FORCE COMPONENTS

    SKIN FRICTION        0.0090
    SUBSONIC PRESSURE    0.0007
    TRANSONIC WAVE       0.0103
    SUPERSONIC WAVE      0.0000
    LEADING EDGE         0.0000
    TRAILING EDGE        0.0000
    TOTAL CAO            0.0201

    FIN AXIAL FORCE DUE TO ANGLE OF ATTACK

    ALPHA      CA DUE TO LIFT (SINGLE PANEL)   CA-TOTAL (8 FINS)

     -10.00              0.0000                      0.1581
      -8.00              0.0000                      0.1590
      -6.00              0.0000                      0.1597
      -4.00              0.0000                      0.1601
      -2.00              0.0000                      0.1604
       0.00              0.0000                      0.1605
       2.00              0.0000                      0.1604
       4.00              0.0000                      0.1601
       6.00              0.0000                      0.1597
       8.00              0.0000                      0.1590
      10.00              0.0000                      0.1581
1         ***** THE USAF AUTOMATED MISSILE DATCOM * REV 3/99 *****     CASE   1
               AERODYNAMIC METHODS FOR MISSILE CONFIGURATIONS          PAGE  28
                       FIN SET 1 CN, CM PARTIAL OUTPUT

       ******* FLIGHT CONDITIONS AND REFERENCE QUANTITIES *******
     MACH NO  =       0.90                REYNOLDS NO = 2.087E+07 /M
     ALTITUDE =        0.0 M         DYNAMIC PRESSURE =  57451.37 N/M**2
     SIDESLIP =       0.00 DEG                   ROLL =      0.00 DEG     
     REF AREA =      0.001 M**2         MOMENT CENTER =     0.250 M
     REF LENGTH =     0.65 M           LAT REF LENGTH =      0.65 M

    NORMAL FORCE SLOPE AT ALPHA ZERO, CNA =    0.00484/DEG (1 PANEL)
         CENTER OF PRESSURE FOR LINEAR CN =   -0.45815 (CALIBERS FROM C.G.)
     CENTER OF PRESSURE FOR NON-LINEAR CN =   -0.50769 (CALIBERS FROM C.G.)

      ALPHA      CN        CN        CN        CM        CM        CM
               LINEAR  NON-LINEAR  TOTAL     LINEAR  NON-LINEAR  TOTAL

     -10.00   -0.1912   -0.3178   -0.5090    0.0876    0.1613    0.2489
      -8.00   -0.1536   -0.2040   -0.3576    0.0704    0.1036    0.1740
      -6.00   -0.1156   -0.1150   -0.2307    0.0530    0.0584    0.1114
      -4.00   -0.0773   -0.0512   -0.1285    0.0354    0.0260    0.0614
      -2.00   -0.0387   -0.0128   -0.0515    0.0177    0.0065    0.0242
       0.00    0.0000    0.0000    0.0000    0.0000    0.0000    0.0000
       2.00    0.0387    0.0128    0.0515   -0.0177   -0.0065   -0.0242
       4.00    0.0773    0.0512    0.1285   -0.0354   -0.0260   -0.0614
       6.00    0.1156    0.1150    0.2307   -0.0530   -0.0584   -0.1114
       8.00    0.1536    0.2040    0.3576   -0.0704   -0.1036   -0.1740
      10.00    0.1912    0.3178    0.5090   -0.0876   -0.1613   -0.2489
1         ***** THE USAF AUTOMATED MISSILE DATCOM * REV 3/99 *****     CASE   1
               AERODYNAMIC METHODS FOR MISSILE CONFIGURATIONS          PAGE  29
                 AERODYNAMIC FORCE AND MOMENT SYNTHESIS

       ******* FLIGHT CONDITIONS AND REFERENCE QUANTITIES *******
     MACH NO  =       0.90                REYNOLDS NO = 2.087E+07 /M
     ALTITUDE =        0.0 M         DYNAMIC PRESSURE =  57451.37 N/M**2
     SIDESLIP =       0.00 DEG                   ROLL =      0.00 DEG     
     REF AREA =      0.001 M**2         MOMENT CENTER =     0.250 M
     REF LENGTH =     0.65 M           LAT REF LENGTH =      0.65 M

          ---------------FIN SET 1 IN PRESENCE OF THE BODY----------------

      ALPHA       CN         CM         CA         CY         CLN        CLL

     -10.00    -0.8995     0.4121     0.1605     0.0000     0.0000     0.0000
      -8.00    -0.6593     0.3021     0.1605     0.0000     0.0000     0.0000
      -6.00    -0.4398     0.2015     0.1605     0.0000     0.0000     0.0000
      -4.00    -0.2486     0.1139     0.1605     0.0000     0.0000     0.0000
      -2.00    -0.0952     0.0436     0.1605     0.0000     0.0000     0.0000
       0.00     0.0000     0.0000     0.1605     0.0000     0.0000     0.0000
       2.00     0.0952    -0.0436     0.1605     0.0000     0.0000     0.0000
       4.00     0.2486    -0.1139     0.1605     0.0000     0.0000     0.0000
       6.00     0.4398    -0.2015     0.1605     0.0000     0.0000     0.0000
       8.00     0.6593    -0.3021     0.1605     0.0000     0.0000     0.0000
      10.00     0.8995    -0.4121     0.1605     0.0000     0.0000     0.0000
1         ***** THE USAF AUTOMATED MISSILE DATCOM * REV 3/99 *****     CASE   1
               AERODYNAMIC METHODS FOR MISSILE CONFIGURATIONS          PAGE  30
                 AERODYNAMIC FORCE AND MOMENT SYNTHESIS

       ******* FLIGHT CONDITIONS AND REFERENCE QUANTITIES *******
     MACH NO  =       0.90                REYNOLDS NO = 2.087E+07 /M
     ALTITUDE =        0.0 M         DYNAMIC PRESSURE =  57451.37 N/M**2
     SIDESLIP =       0.00 DEG                   ROLL =      0.00 DEG     
     REF AREA =      0.001 M**2         MOMENT CENTER =     0.250 M
     REF LENGTH =     0.65 M           LAT REF LENGTH =      0.65 M

          ---------------FIN SET 1 PANEL CHARACTERISTICS------------------

      ALPHA      PANEL    AEQ (PANEL AXIS SYS.)    PANEL CN

     -10.00        1              0.0000           0.0000
     -10.00        2            -11.3434          -0.1549
     -10.00        3            -15.5989          -0.2611
     -10.00        4             -9.2554          -0.1119
     -10.00        5              0.0000           0.0000
     -10.00        6              9.2554           0.1119
     -10.00        7             15.5989           0.2611
     -10.00        8             11.3434           0.1549
 
      -8.00        1              0.0000           0.0000
      -8.00        2             -9.2032          -0.1109
      -8.00        3            -12.7756          -0.1879
      -8.00        4             -8.0236          -0.0895
      -8.00        5              0.0000           0.0000
      -8.00        6              8.0236           0.0895
      -8.00        7             12.7756           0.1879
      -8.00        8              9.2032           0.1109
 
      -6.00        1              0.0000           0.0000
      -6.00        2             -6.9906          -0.0724
      -6.00        3             -9.7896          -0.1223
      -6.00        4             -6.5475          -0.0656
      -6.00        5              0.0000           0.0000
      -6.00        6              6.5475           0.0656
      -6.00        7              9.7896           0.1223
      -6.00        8              6.9906           0.0724
 
      -4.00        1              0.0000           0.0000
      -4.00        2             -4.7115          -0.0405
      -4.00        3             -6.6481          -0.0671
      -4.00        4             -4.7115          -0.0405
      -4.00        5              0.0000           0.0000
      -4.00        6              4.7115           0.0405
      -4.00        7              6.6481           0.0671
      -4.00        8              4.7115           0.0405
 
      -2.00        1              0.0000           0.0000
      -2.00        2             -2.3705          -0.0159
      -2.00        3             -3.3505          -0.0251
      -2.00        4             -2.3705          -0.0159
      -2.00        5              0.0000           0.0000
      -2.00        6              2.3705           0.0159
      -2.00        7              3.3505           0.0251
      -2.00        8              2.3705           0.0159
 
       0.00        1              0.0000           0.0000
       0.00        2              0.0000           0.0000
       0.00        3              0.0000           0.0000
       0.00        4              0.0000           0.0000
       0.00        5              0.0000           0.0000
       0.00        6              0.0000           0.0000
       0.00        7              0.0000           0.0000
       0.00        8              0.0000           0.0000
 
       2.00        1              0.0000           0.0000
       2.00        2              2.3705           0.0159
       2.00        3              3.3505           0.0251
       2.00        4              2.3705           0.0159
       2.00        5              0.0000           0.0000
       2.00        6             -2.3705          -0.0159
       2.00        7             -3.3505          -0.0251
       2.00        8             -2.3705          -0.0159
 
       4.00        1              0.0000           0.0000
       4.00        2              4.7115           0.0405
       4.00        3              6.6481           0.0671
       4.00        4              4.7115           0.0405
       4.00        5              0.0000           0.0000
       4.00        6             -4.7115          -0.0405
       4.00        7             -6.6481          -0.0671
       4.00        8             -4.7115          -0.0405
 
       6.00        1              0.0000           0.0000
       6.00        2              6.5475           0.0656
       6.00        3              9.7896           0.1223
       6.00        4              6.9906           0.0724
       6.00        5              0.0000           0.0000
       6.00        6             -6.9906          -0.0724
       6.00        7             -9.7896          -0.1223
       6.00        8             -6.5475          -0.0656
 
       8.00        1              0.0000           0.0000
       8.00        2              8.0236           0.0895
       8.00        3             12.7756           0.1879
       8.00        4              9.2032           0.1109
       8.00        5              0.0000           0.0000
       8.00        6             -9.2032          -0.1109
       8.00        7            -12.7756          -0.1879
       8.00        8             -8.0236          -0.0895
 
      10.00        1              0.0000           0.0000
      10.00        2              9.2554           0.1119
      10.00        3             15.5989           0.2611
      10.00        4             11.3434           0.1549
      10.00        5              0.0000           0.0000
      10.00        6            -11.3434          -0.1549
      10.00        7            -15.5989          -0.2611
      10.00        8             -9.2554          -0.1119
 
1         ***** THE USAF AUTOMATED MISSILE DATCOM * REV 3/99 *****     CASE   1
               AERODYNAMIC METHODS FOR MISSILE CONFIGURATIONS          PAGE  31
                 AERODYNAMIC FORCE AND MOMENT SYNTHESIS

       ******* FLIGHT CONDITIONS AND REFERENCE QUANTITIES *******
     MACH NO  =       0.90                REYNOLDS NO = 2.087E+07 /M
     ALTITUDE =        0.0 M         DYNAMIC PRESSURE =  57451.37 N/M**2
     SIDESLIP =       0.00 DEG                   ROLL =      0.00 DEG     
     REF AREA =      0.001 M**2         MOMENT CENTER =     0.250 M
     REF LENGTH =     0.65 M           LAT REF LENGTH =      0.65 M

             CARRYOVER INTERFERENCE FACTORS - FIN SET 1

      ALPHA   K-W(B)   K-B(W)  KK-W(B)  KK-B(W)  XCP-W(B) XCP-B(W) Y-CP/(B/2)

     -10.00   1.6243   1.1241   0.9535   0.6600   0.4582   0.4538   0.4641
      -8.00   1.6402   1.1241   0.9535   0.6600   0.4582   0.4538   0.4701
      -6.00   1.6545   1.1241   0.9535   0.6600   0.4582   0.4538   0.4754
      -4.00   1.6668   1.1241   0.9535   0.6600   0.4582   0.4538   0.4797
      -2.00   1.6765   1.1241   0.9535   0.6600   0.4582   0.4538   0.4831
       0.00   1.6818   1.1241   0.9535   0.6600   0.4582   0.4538   0.4853
       2.00   1.6765   1.1241   0.9535   0.6600   0.4582   0.4538   0.4831
       4.00   1.6668   1.1241   0.9535   0.6600   0.4582   0.4538   0.4797
       6.00   1.6545   1.1241   0.9535   0.6600   0.4582   0.4538   0.4763
       8.00   1.6402   1.1241   0.9535   0.6600   0.4582   0.4538   0.4730
      10.00   1.6243   1.1241   0.9535   0.6600   0.4582   0.4538   0.4700

    NOTE - XCP-W(B) USED FOR STABILITY ONLY DIFFERENT VALUES USED FOR HINGE MOMENTS
1         ***** THE USAF AUTOMATED MISSILE DATCOM * REV 3/99 *****     CASE   1
               AERODYNAMIC METHODS FOR MISSILE CONFIGURATIONS          PAGE  32
        FIN SET 1 PANEL BENDING MOMENTS (ABOUT EXPOSED ROOT CHORD)

       ******* FLIGHT CONDITIONS AND REFERENCE QUANTITIES *******
     MACH NO  =       0.90                REYNOLDS NO = 2.087E+07 /M
     ALTITUDE =        0.0 M         DYNAMIC PRESSURE =  57451.37 N/M**2
     SIDESLIP =       0.00 DEG                   ROLL =      0.00 DEG     
     REF AREA =      0.001 M**2         MOMENT CENTER =     0.250 M
     REF LENGTH =     0.65 M           LAT REF LENGTH =      0.65 M

   ALPHA   PANL 1   PANL 2   PANL 3   PANL 4   PANL 5   PANL 6   PANL 7   PANL 8
 
   -10.0  0.00E+00 -1.05E-03 -1.77E-03 -7.59E-04 -1.16E-10  7.59E-04  1.77E-03  1.05E-03
    -8.0  0.00E+00 -7.62E-04 -1.29E-03 -6.15E-04 -7.86E-11  6.15E-04  1.29E-03  7.62E-04
    -6.0  0.00E+00 -5.03E-04 -8.50E-04 -4.56E-04 -5.68E-11  4.56E-04  8.50E-04  5.03E-04
    -4.0  0.00E+00 -2.84E-04 -4.70E-04 -2.84E-04 -4.08E-11  2.84E-04  4.70E-04  2.84E-04
    -2.0  0.00E+00 -1.12E-04 -1.77E-04 -1.12E-04 -2.06E-11  1.12E-04  1.77E-04  1.12E-04
     0.0  0.00E+00  0.00E+00  0.00E+00  0.00E+00  0.00E+00  0.00E+00  0.00E+00  0.00E+00
     2.0  0.00E+00  1.12E-04  1.77E-04  1.12E-04  2.06E-11 -1.12E-04 -1.77E-04 -1.12E-04
     4.0  0.00E+00  2.84E-04  4.70E-04  2.84E-04  4.08E-11 -2.84E-04 -4.70E-04 -2.84E-04
     6.0  3.47E-12  4.56E-04  8.52E-04  5.04E-04  6.04E-11 -5.04E-04 -8.52E-04 -4.56E-04
     8.0  4.42E-13  6.19E-04  1.30E-03  7.67E-04  7.95E-11 -7.67E-04 -1.30E-03 -6.19E-04
    10.0 -1.91E-11  7.69E-04  1.79E-03  1.06E-03  9.81E-11 -1.06E-03 -1.79E-03 -7.69E-04
1         ***** THE USAF AUTOMATED MISSILE DATCOM * REV 3/99 *****     CASE   1
               AERODYNAMIC METHODS FOR MISSILE CONFIGURATIONS          PAGE  33
            FIN SET 1 PANEL HINGE MOMENTS (ABOUT HINGE LINE)

       ******* FLIGHT CONDITIONS AND REFERENCE QUANTITIES *******
     MACH NO  =       0.90                REYNOLDS NO = 2.087E+07 /M
     ALTITUDE =        0.0 M         DYNAMIC PRESSURE =  57451.37 N/M**2
     SIDESLIP =       0.00 DEG                   ROLL =      0.00 DEG     
     REF AREA =      0.001 M**2         MOMENT CENTER =     0.250 M
     REF LENGTH =     0.65 M           LAT REF LENGTH =      0.65 M

   ALPHA   PANL 1   PANL 2   PANL 3   PANL 4   PANL 5   PANL 6   PANL 7   PANL 8
 
   -10.0  0.00E+00 -1.72E-02 -2.78E-02 -1.26E-02 -2.00E-09  1.26E-02  2.78E-02  1.72E-02
    -8.0  0.00E+00 -1.25E-02 -2.06E-02 -1.01E-02 -1.34E-09  1.01E-02  2.06E-02  1.25E-02
    -6.0  0.00E+00 -8.26E-03 -1.37E-02 -7.50E-03 -9.57E-10  7.50E-03  1.37E-02  8.26E-03
    -4.0  0.00E+00 -4.67E-03 -7.67E-03 -4.67E-03 -6.81E-10  4.67E-03  7.67E-03  4.67E-03
    -2.0  0.00E+00 -1.85E-03 -2.91E-03 -1.85E-03 -3.42E-10  1.85E-03  2.91E-03  1.85E-03
     0.0  0.00E+00  0.00E+00  0.00E+00  0.00E+00  0.00E+00  0.00E+00  0.00E+00  0.00E+00
     2.0  0.00E+00  1.85E-03  2.91E-03  1.85E-03  3.42E-10 -1.85E-03 -2.91E-03 -1.85E-03
     4.0  0.00E+00  4.67E-03  7.67E-03  4.67E-03  6.81E-10 -4.67E-03 -7.67E-03 -4.67E-03
     6.0  5.83E-11  7.50E-03  1.37E-02  8.26E-03  1.02E-09 -8.26E-03 -1.37E-02 -7.50E-03
     8.0  7.48E-12  1.01E-02  2.06E-02  1.25E-02  1.35E-09 -1.25E-02 -2.06E-02 -1.01E-02
    10.0 -3.25E-10  1.26E-02  2.78E-02  1.72E-02  1.67E-09 -1.72E-02 -2.78E-02 -1.26E-02
1         ***** THE USAF AUTOMATED MISSILE DATCOM * REV 3/99 *****     CASE   1
               AERODYNAMIC METHODS FOR MISSILE CONFIGURATIONS          PAGE  34
                   STATIC AERODYNAMICS FOR BODY-FIN SET 1

       ******* FLIGHT CONDITIONS AND REFERENCE QUANTITIES *******
     MACH NO  =       0.90                REYNOLDS NO = 2.087E+07 /M
     ALTITUDE =        0.0 M         DYNAMIC PRESSURE =  57451.37 N/M**2
     SIDESLIP =       0.00 DEG                   ROLL =      0.00 DEG     
     REF AREA =      0.001 M**2         MOMENT CENTER =     0.250 M
     REF LENGTH =     0.65 M           LAT REF LENGTH =      0.65 M

                   ----- LONGITUDINAL -----     -- LATERAL DIRECTIONAL --
         ALPHA       CN        CM        CA        CY       CLN       CLL

        -10.00    -2.392     0.716     0.510     0.000     0.000     0.000
         -8.00    -1.740     0.513     0.513     0.000     0.000     0.000
         -6.00    -1.161     0.334     0.515     0.000     0.000     0.000
         -4.00    -0.666     0.183     0.516     0.000     0.000     0.000
         -2.00    -0.268     0.066     0.516     0.000     0.000     0.000
          0.00     0.000     0.000     0.516     0.000     0.000     0.000
          2.00     0.268    -0.066     0.516     0.000     0.000     0.000
          4.00     0.666    -0.183     0.516     0.000     0.000     0.000
          6.00     1.161    -0.334     0.515     0.000     0.000     0.000
          8.00     1.740    -0.513     0.513     0.000     0.000     0.000
         10.00     2.392    -0.716     0.510     0.000     0.000     0.000

         ALPHA       CL        CD      CL/CD     X-C.P.

        -10.00    -2.267     0.917    -2.471    -0.299
         -8.00    -1.652     0.750    -2.202    -0.295
         -6.00    -1.101     0.633    -1.738    -0.288
         -4.00    -0.628     0.561    -1.120    -0.274
         -2.00    -0.250     0.525    -0.477    -0.248
          0.00     0.000     0.516     0.000    -0.248
          2.00     0.250     0.525     0.477    -0.248
          4.00     0.628     0.561     1.120    -0.274
          6.00     1.101     0.633     1.738    -0.288
          8.00     1.652     0.750     2.202    -0.295
         10.00     2.267     0.917     2.471    -0.299

    X-C.P. MEAS. FROM MOMENT CENTER IN REF. LENGTHS, NEG. AFT OF MOMENT CENTER
1         ***** THE USAF AUTOMATED MISSILE DATCOM * REV 3/99 *****     CASE   1
               AERODYNAMIC METHODS FOR MISSILE CONFIGURATIONS          PAGE  35
                   STATIC AERODYNAMICS FOR BODY-FIN SET 1

       ******* FLIGHT CONDITIONS AND REFERENCE QUANTITIES *******
     MACH NO  =       0.90                REYNOLDS NO = 2.087E+07 /M
     ALTITUDE =        0.0 M         DYNAMIC PRESSURE =  57451.37 N/M**2
     SIDESLIP =       0.00 DEG                   ROLL =      0.00 DEG     
     REF AREA =      0.001 M**2         MOMENT CENTER =     0.250 M
     REF LENGTH =     0.65 M           LAT REF LENGTH =      0.65 M

                   ---------- DERIVATIVES (PER DEGREE) ----------
         ALPHA       CNA         CMA         CYB         CLNB        CLLB
        -10.00      0.3443     -0.1073     -0.2298      0.0677      0.0002
         -8.00      0.3076     -0.0956     -0.2118      0.0617      0.0002
         -6.00      0.2683     -0.0827     -0.1897      0.0539      0.0001
         -4.00      0.2230     -0.0668     -0.1657      0.0452      0.0000
         -2.00      0.1663     -0.0457     -0.1379      0.0347      0.0000
          0.00      0.1342     -0.0332     -0.1214      0.0280      0.0000
          2.00      0.1663     -0.0457     -0.1379      0.0347      0.0000
          4.00      0.2230     -0.0668     -0.1657      0.0452      0.0000
          6.00      0.2683     -0.0827     -0.1897      0.0539     -0.0001
          8.00      0.3076     -0.0956     -0.2118      0.0617     -0.0002
         10.00      0.3443     -0.1073     -0.2298      0.0677     -0.0002

    PANEL DEFLECTION ANGLES (DEGREES)
    SET    FIN 1   FIN 2   FIN 3   FIN 4   FIN 5   FIN 6   FIN 7   FIN 8
      1    0.00    0.00    0.00    0.00    0.00    0.00    0.00    0.00
1         ***** THE USAF AUTOMATED MISSILE DATCOM * REV 3/99 *****     CASE   1
               AERODYNAMIC METHODS FOR MISSILE CONFIGURATIONS          PAGE  36
                             BODY ALONE PARTIAL OUTPUT

       ******* FLIGHT CONDITIONS AND REFERENCE QUANTITIES *******
     MACH NO  =       1.10                REYNOLDS NO = 2.550E+07 /M
     ALTITUDE =        0.0 M         DYNAMIC PRESSURE =  85822.41 N/M**2
     SIDESLIP =       0.00 DEG                   ROLL =      0.00 DEG     
     REF AREA =      0.001 M**2         MOMENT CENTER =     0.250 M
     REF LENGTH =     0.65 M           LAT REF LENGTH =      0.65 M

      ALPHA    CA-FRIC  CA-PRES/WAVE CA-BASE    CA-PROT     CA-SEP     CA-ALP
     -10.00     0.1661     0.1222     0.2013                           0.0019
      -8.00     0.1679     0.1235     0.2021                           0.0019
      -6.00     0.1694     0.1246     0.2027                           0.0014
      -4.00     0.1704     0.1253     0.2031                           0.0007
      -2.00     0.1710     0.1258     0.2032                           0.0002
       0.00     0.1712     0.1260     0.2030                           0.0000
       2.00     0.1710     0.1258     0.2032                           0.0002
       4.00     0.1704     0.1253     0.2031                           0.0007
       6.00     0.1694     0.1246     0.2027                           0.0014
       8.00     0.1679     0.1235     0.2021                           0.0019
      10.00     0.1661     0.1222     0.2013                           0.0019

                     CROSS FLOW DRAG PROPORTIONALITY FACTOR = 0.97277

      ALPHA    CN-POTEN  CN-VISC   CN-SEP    CM-POTEN  CM-VISC   CM-SEP    CDC
     -10.00    -0.505    -0.533              -0.037     0.081             0.857
      -8.00    -0.407    -0.333              -0.030     0.051             0.834
      -6.00    -0.308    -0.183              -0.022     0.028             0.810
      -4.00    -0.206    -0.079              -0.015     0.012             0.787
      -2.00    -0.103    -0.019              -0.008     0.003             0.764
       0.00     0.000     0.000               0.000     0.000             0.740
       2.00     0.103     0.019               0.008    -0.003             0.764
       4.00     0.206     0.079               0.015    -0.012             0.787
       6.00     0.308     0.183               0.022    -0.028             0.810
       8.00     0.407     0.333               0.030    -0.051             0.834
      10.00     0.505     0.533               0.037    -0.081             0.857
1         ***** THE USAF AUTOMATED MISSILE DATCOM * REV 3/99 *****     CASE   1
               AERODYNAMIC METHODS FOR MISSILE CONFIGURATIONS          PAGE  37
                        FIN SET 1 CA PARTIAL OUTPUT

       ******* FLIGHT CONDITIONS AND REFERENCE QUANTITIES *******
     MACH NO  =       1.10                REYNOLDS NO = 2.550E+07 /M
     ALTITUDE =        0.0 M         DYNAMIC PRESSURE =  85822.41 N/M**2
     SIDESLIP =       0.00 DEG                   ROLL =      0.00 DEG     
     REF AREA =      0.001 M**2         MOMENT CENTER =     0.250 M
     REF LENGTH =     0.65 M           LAT REF LENGTH =      0.65 M

    SINGLE FIN PANEL ZERO-LIFT AXIAL FORCE COMPONENTS

    SKIN FRICTION        0.0085
    SUBSONIC PRESSURE    0.0003
    TRANSONIC WAVE       0.0000
    SUPERSONIC WAVE      0.0188
    LEADING EDGE         0.0000
    TRAILING EDGE        0.0000
    TOTAL CAO            0.0277

    FIN AXIAL FORCE DUE TO ANGLE OF ATTACK

    ALPHA      CA DUE TO LIFT (SINGLE PANEL)   CA-TOTAL (8 FINS)

     -10.00              0.0000                      0.2180
      -8.00              0.0000                      0.2192
      -6.00              0.0000                      0.2202
      -4.00              0.0000                      0.2208
      -2.00              0.0000                      0.2212
       0.00              0.0000                      0.2214
       2.00              0.0000                      0.2212
       4.00              0.0000                      0.2208
       6.00              0.0000                      0.2202
       8.00              0.0000                      0.2192
      10.00              0.0000                      0.2180
1         ***** THE USAF AUTOMATED MISSILE DATCOM * REV 3/99 *****     CASE   1
               AERODYNAMIC METHODS FOR MISSILE CONFIGURATIONS          PAGE  38
                       FIN SET 1 CN, CM PARTIAL OUTPUT

       ******* FLIGHT CONDITIONS AND REFERENCE QUANTITIES *******
     MACH NO  =       1.10                REYNOLDS NO = 2.550E+07 /M
     ALTITUDE =        0.0 M         DYNAMIC PRESSURE =  85822.41 N/M**2
     SIDESLIP =       0.00 DEG                   ROLL =      0.00 DEG     
     REF AREA =      0.001 M**2         MOMENT CENTER =     0.250 M
     REF LENGTH =     0.65 M           LAT REF LENGTH =      0.65 M

    NORMAL FORCE SLOPE AT ALPHA ZERO, CNA =    0.00494/DEG (1 PANEL)
         CENTER OF PRESSURE FOR LINEAR CN =   -0.51200 (CALIBERS FROM C.G.)
     CENTER OF PRESSURE FOR NON-LINEAR CN =   -0.50769 (CALIBERS FROM C.G.)

      ALPHA      CN        CN        CN        CM        CM        CM
               LINEAR  NON-LINEAR  TOTAL     LINEAR  NON-LINEAR  TOTAL

     -10.00   -0.1952   -0.2350   -0.4303    0.1000    0.1193    0.2193
      -8.00   -0.1569   -0.1510   -0.3079    0.0803    0.0767    0.1570
      -6.00   -0.1181   -0.0852   -0.2033    0.0605    0.0432    0.1037
      -4.00   -0.0789   -0.0379   -0.1168    0.0404    0.0192    0.0597
      -2.00   -0.0395   -0.0095   -0.0490    0.0202    0.0048    0.0251
       0.00    0.0000    0.0000    0.0000    0.0000    0.0000    0.0000
       2.00    0.0395    0.0095    0.0490   -0.0202   -0.0048   -0.0251
       4.00    0.0789    0.0379    0.1168   -0.0404   -0.0192   -0.0597
       6.00    0.1181    0.0852    0.2033   -0.0605   -0.0432   -0.1037
       8.00    0.1569    0.1510    0.3079   -0.0803   -0.0767   -0.1570
      10.00    0.1952    0.2350    0.4303   -0.1000   -0.1193   -0.2193
1         ***** THE USAF AUTOMATED MISSILE DATCOM * REV 3/99 *****     CASE   1
               AERODYNAMIC METHODS FOR MISSILE CONFIGURATIONS          PAGE  39
                 AERODYNAMIC FORCE AND MOMENT SYNTHESIS

       ******* FLIGHT CONDITIONS AND REFERENCE QUANTITIES *******
     MACH NO  =       1.10                REYNOLDS NO = 2.550E+07 /M
     ALTITUDE =        0.0 M         DYNAMIC PRESSURE =  85822.41 N/M**2
     SIDESLIP =       0.00 DEG                   ROLL =      0.00 DEG     
     REF AREA =      0.001 M**2         MOMENT CENTER =     0.250 M
     REF LENGTH =     0.65 M           LAT REF LENGTH =      0.65 M

          ---------------FIN SET 1 IN PRESENCE OF THE BODY----------------

      ALPHA       CN         CM         CA         CY         CLN        CLL

     -10.00    -0.7356     0.3766     0.2214     0.0000     0.0000     0.0000
      -8.00    -0.5496     0.2814     0.2214     0.0000     0.0000     0.0000
      -6.00    -0.3757     0.1924     0.2214     0.0000     0.0000     0.0000
      -4.00    -0.2197     0.1125     0.2214     0.0000     0.0000     0.0000
      -2.00    -0.0886     0.0454     0.2214     0.0000     0.0000     0.0000
       0.00     0.0000     0.0000     0.2214     0.0000     0.0000     0.0000
       2.00     0.0886    -0.0454     0.2214     0.0000     0.0000     0.0000
       4.00     0.2197    -0.1125     0.2214     0.0000     0.0000     0.0000
       6.00     0.3757    -0.1924     0.2214     0.0000     0.0000     0.0000
       8.00     0.5496    -0.2814     0.2214     0.0000     0.0000     0.0000
      10.00     0.7356    -0.3766     0.2214     0.0000     0.0000     0.0000
1         ***** THE USAF AUTOMATED MISSILE DATCOM * REV 3/99 *****     CASE   1
               AERODYNAMIC METHODS FOR MISSILE CONFIGURATIONS          PAGE  40
                 AERODYNAMIC FORCE AND MOMENT SYNTHESIS

       ******* FLIGHT CONDITIONS AND REFERENCE QUANTITIES *******
     MACH NO  =       1.10                REYNOLDS NO = 2.550E+07 /M
     ALTITUDE =        0.0 M         DYNAMIC PRESSURE =  85822.41 N/M**2
     SIDESLIP =       0.00 DEG                   ROLL =      0.00 DEG     
     REF AREA =      0.001 M**2         MOMENT CENTER =     0.250 M
     REF LENGTH =     0.65 M           LAT REF LENGTH =      0.65 M

          ---------------FIN SET 1 PANEL CHARACTERISTICS------------------

      ALPHA      PANEL    AEQ (PANEL AXIS SYS.)    PANEL CN

     -10.00        1              0.0000           0.0000
     -10.00        2            -11.2870          -0.1285
     -10.00        3            -15.5149          -0.2110
     -10.00        4             -9.1319          -0.0933
     -10.00        5              0.0000           0.0000
     -10.00        6              9.1319           0.0933
     -10.00        7             15.5149           0.2110
     -10.00        8             11.2870           0.1285
 
      -8.00        1              0.0000           0.0000
      -8.00        2             -9.1701          -0.0938
      -8.00        3            -12.7265          -0.1547
      -8.00        4             -7.9546          -0.0760
      -8.00        5              0.0000           0.0000
      -8.00        6              7.9546           0.0760
      -8.00        7             12.7265           0.1547
      -8.00        8              9.1701           0.0938
 
      -6.00        1              0.0000           0.0000
      -6.00        2             -6.9742          -0.0628
      -6.00        3             -9.7656          -0.1031
      -6.00        4             -6.5184          -0.0570
      -6.00        5              0.0000           0.0000
      -6.00        6              6.5184           0.0570
      -6.00        7              9.7656           0.1031
      -6.00        8              6.9742           0.0628
 
      -4.00        1              0.0000           0.0000
      -4.00        2             -4.7055          -0.0363
      -4.00        3             -6.6397          -0.0585
      -4.00        4             -4.7055          -0.0363
      -4.00        5              0.0000           0.0000
      -4.00        6              4.7055           0.0363
      -4.00        7              6.6397           0.0585
      -4.00        8              4.7055           0.0363
 
      -2.00        1              0.0000           0.0000
      -2.00        2             -2.3694          -0.0150
      -2.00        3             -3.3490          -0.0231
      -2.00        4             -2.3694          -0.0150
      -2.00        5              0.0000           0.0000
      -2.00        6              2.3694           0.0150
      -2.00        7              3.3490           0.0231
      -2.00        8              2.3695           0.0150
 
       0.00        1              0.0000           0.0000
       0.00        2              0.0000           0.0000
       0.00        3              0.0000           0.0000
       0.00        4              0.0000           0.0000
       0.00        5              0.0000           0.0000
       0.00        6              0.0000           0.0000
       0.00        7              0.0000           0.0000
       0.00        8              0.0000           0.0000
 
       2.00        1              0.0000           0.0000
       2.00        2              2.3694           0.0150
       2.00        3              3.3490           0.0231
       2.00        4              2.3694           0.0150
       2.00        5              0.0000           0.0000
       2.00        6             -2.3694          -0.0150
       2.00        7             -3.3490          -0.0231
       2.00        8             -2.3695          -0.0150
 
       4.00        1              0.0000           0.0000
       4.00        2              4.7055           0.0363
       4.00        3              6.6397           0.0585
       4.00        4              4.7055           0.0363
       4.00        5              0.0000           0.0000
       4.00        6             -4.7055          -0.0363
       4.00        7             -6.6397          -0.0585
       4.00        8             -4.7055          -0.0363
 
       6.00        1              0.0000           0.0000
       6.00        2              6.5184           0.0570
       6.00        3              9.7656           0.1031
       6.00        4              6.9742           0.0628
       6.00        5              0.0000           0.0000
       6.00        6             -6.9742          -0.0628
       6.00        7             -9.7656          -0.1031
       6.00        8             -6.5184          -0.0570
 
       8.00        1              0.0000           0.0000
       8.00        2              7.9546           0.0760
       8.00        3             12.7265           0.1547
       8.00        4              9.1701           0.0938
       8.00        5              0.0000           0.0000
       8.00        6             -9.1701          -0.0938
       8.00        7            -12.7265          -0.1547
       8.00        8             -7.9546          -0.0760
 
      10.00        1              0.0000           0.0000
      10.00        2              9.1319           0.0933
      10.00        3             15.5149           0.2110
      10.00        4             11.2870           0.1285
      10.00        5              0.0000           0.0000
      10.00        6            -11.2870          -0.1285
      10.00        7            -15.5149          -0.2110
      10.00        8             -9.1319          -0.0933
 
1         ***** THE USAF AUTOMATED MISSILE DATCOM * REV 3/99 *****     CASE   1
               AERODYNAMIC METHODS FOR MISSILE CONFIGURATIONS          PAGE  41
                 AERODYNAMIC FORCE AND MOMENT SYNTHESIS

       ******* FLIGHT CONDITIONS AND REFERENCE QUANTITIES *******
     MACH NO  =       1.10                REYNOLDS NO = 2.550E+07 /M
     ALTITUDE =        0.0 M         DYNAMIC PRESSURE =  85822.41 N/M**2
     SIDESLIP =       0.00 DEG                   ROLL =      0.00 DEG     
     REF AREA =      0.001 M**2         MOMENT CENTER =     0.250 M
     REF LENGTH =     0.65 M           LAT REF LENGTH =      0.65 M

             CARRYOVER INTERFERENCE FACTORS - FIN SET 1

      ALPHA   K-W(B)   K-B(W)  KK-W(B)  KK-B(W)  XCP-W(B) XCP-B(W) Y-CP/(B/2)

     -10.00   1.6165   1.1241   0.9535   0.6600   0.5120   0.4538   0.4520
      -8.00   1.6344   1.1241   0.9535   0.6600   0.5120   0.4538   0.4554
      -6.00   1.6507   1.1241   0.9535   0.6600   0.5120   0.4538   0.4584
      -4.00   1.6647   1.1241   0.9535   0.6600   0.5120   0.4538   0.4610
      -2.00   1.6757   1.1241   0.9535   0.6600   0.5120   0.4538   0.4630
       0.00   1.6818   1.1241   0.9535   0.6600   0.5120   0.4538   0.4645
       2.00   1.6757   1.1241   0.9535   0.6600   0.5120   0.4538   0.4630
       4.00   1.6647   1.1241   0.9535   0.6600   0.5120   0.4538   0.4610
       6.00   1.6507   1.1241   0.9535   0.6600   0.5120   0.4538   0.4590
       8.00   1.6344   1.1241   0.9535   0.6600   0.5120   0.4538   0.4571
      10.00   1.6165   1.1241   0.9535   0.6600   0.5120   0.4538   0.4554

    NOTE - XCP-W(B) USED FOR STABILITY ONLY DIFFERENT VALUES USED FOR HINGE MOMENTS
1         ***** THE USAF AUTOMATED MISSILE DATCOM * REV 3/99 *****     CASE   1
               AERODYNAMIC METHODS FOR MISSILE CONFIGURATIONS          PAGE  42
        FIN SET 1 PANEL BENDING MOMENTS (ABOUT EXPOSED ROOT CHORD)

       ******* FLIGHT CONDITIONS AND REFERENCE QUANTITIES *******
     MACH NO  =       1.10                REYNOLDS NO = 2.550E+07 /M
     ALTITUDE =        0.0 M         DYNAMIC PRESSURE =  85822.41 N/M**2
     SIDESLIP =       0.00 DEG                   ROLL =      0.00 DEG     
     REF AREA =      0.001 M**2         MOMENT CENTER =     0.250 M
     REF LENGTH =     0.65 M           LAT REF LENGTH =      0.65 M

   ALPHA   PANL 1   PANL 2   PANL 3   PANL 4   PANL 5   PANL 6   PANL 7   PANL 8
 
   -10.0  0.00E+00 -8.49E-04 -1.39E-03 -6.16E-04 -9.93E-11  6.16E-04  1.39E-03  8.49E-04
    -8.0  0.00E+00 -6.25E-04 -1.03E-03 -5.06E-04 -7.40E-11  5.06E-04  1.03E-03  6.25E-04
    -6.0  0.00E+00 -4.21E-04 -6.91E-04 -3.82E-04 -5.43E-11  3.82E-04  6.91E-04  4.21E-04
    -4.0  0.00E+00 -2.44E-04 -3.94E-04 -2.44E-04 -3.82E-11  2.44E-04  3.94E-04  2.44E-04
    -2.0  0.00E+00 -1.01E-04 -1.56E-04 -1.01E-04 -1.93E-11  1.01E-04  1.56E-04  1.01E-04
     0.0  0.00E+00  0.00E+00  0.00E+00  0.00E+00  0.00E+00  0.00E+00  0.00E+00  0.00E+00
     2.0  0.00E+00  1.01E-04  1.56E-04  1.01E-04  1.93E-11 -1.01E-04 -1.56E-04 -1.01E-04
     4.0  0.00E+00  2.44E-04  3.94E-04  2.44E-04  3.82E-11 -2.44E-04 -3.94E-04 -2.44E-04
     6.0  2.33E-12  3.82E-04  6.92E-04  4.21E-04  5.67E-11 -4.21E-04 -6.92E-04 -3.82E-04
     8.0  4.06E-13  5.08E-04  1.03E-03  6.27E-04  7.47E-11 -6.27E-04 -1.03E-03 -5.08E-04
    10.0 -7.62E-12  6.21E-04  1.40E-03  8.56E-04  9.24E-11 -8.56E-04 -1.40E-03 -6.21E-04
1         ***** THE USAF AUTOMATED MISSILE DATCOM * REV 3/99 *****     CASE   1
               AERODYNAMIC METHODS FOR MISSILE CONFIGURATIONS          PAGE  43
            FIN SET 1 PANEL HINGE MOMENTS (ABOUT HINGE LINE)

       ******* FLIGHT CONDITIONS AND REFERENCE QUANTITIES *******
     MACH NO  =       1.10                REYNOLDS NO = 2.550E+07 /M
     ALTITUDE =        0.0 M         DYNAMIC PRESSURE =  85822.41 N/M**2
     SIDESLIP =       0.00 DEG                   ROLL =      0.00 DEG     
     REF AREA =      0.001 M**2         MOMENT CENTER =     0.250 M
     REF LENGTH =     0.65 M           LAT REF LENGTH =      0.65 M

   ALPHA   PANL 1   PANL 2   PANL 3   PANL 4   PANL 5   PANL 6   PANL 7   PANL 8
 
   -10.0  0.00E+00 -1.39E-02 -2.23E-02 -1.02E-02 -1.69E-09  1.02E-02  2.23E-02  1.39E-02
    -8.0  0.00E+00 -1.03E-02 -1.66E-02 -8.37E-03 -1.25E-09  8.37E-03  1.66E-02  1.03E-02
    -6.0  0.00E+00 -6.94E-03 -1.13E-02 -6.31E-03 -9.12E-10  6.31E-03  1.13E-02  6.94E-03
    -4.0  0.00E+00 -4.04E-03 -6.48E-03 -4.04E-03 -6.38E-10  4.04E-03  6.48E-03  4.04E-03
    -2.0  0.00E+00 -1.68E-03 -2.59E-03 -1.68E-03 -3.21E-10  1.68E-03  2.59E-03  1.68E-03
     0.0  0.00E+00  0.00E+00  0.00E+00  0.00E+00  0.00E+00  0.00E+00  0.00E+00  0.00E+00
     2.0  0.00E+00  1.68E-03  2.59E-03  1.68E-03  3.21E-10 -1.68E-03 -2.59E-03 -1.68E-03
     4.0  0.00E+00  4.04E-03  6.48E-03  4.04E-03  6.38E-10 -4.04E-03 -6.48E-03 -4.04E-03
     6.0  3.91E-11  6.31E-03  1.13E-02  6.94E-03  9.52E-10 -6.94E-03 -1.13E-02 -6.31E-03
     8.0  6.84E-12  8.37E-03  1.66E-02  1.03E-02  1.26E-09 -1.03E-02 -1.66E-02 -8.37E-03
    10.0 -1.29E-10  1.02E-02  2.23E-02  1.39E-02  1.56E-09 -1.39E-02 -2.23E-02 -1.02E-02
1         ***** THE USAF AUTOMATED MISSILE DATCOM * REV 3/99 *****     CASE   1
               AERODYNAMIC METHODS FOR MISSILE CONFIGURATIONS          PAGE  44
                   STATIC AERODYNAMICS FOR BODY-FIN SET 1

       ******* FLIGHT CONDITIONS AND REFERENCE QUANTITIES *******
     MACH NO  =       1.10                REYNOLDS NO = 2.550E+07 /M
     ALTITUDE =        0.0 M         DYNAMIC PRESSURE =  85822.41 N/M**2
     SIDESLIP =       0.00 DEG                   ROLL =      0.00 DEG     
     REF AREA =      0.001 M**2         MOMENT CENTER =     0.250 M
     REF LENGTH =     0.65 M           LAT REF LENGTH =      0.65 M

                   ----- LONGITUDINAL -----     -- LATERAL DIRECTIONAL --
         ALPHA       CN        CM        CA        CY       CLN       CLL

        -10.00    -2.285     0.653     0.713     0.000     0.000     0.000
         -8.00    -1.668     0.474     0.717     0.000     0.000     0.000
         -6.00    -1.122     0.314     0.719     0.000     0.000     0.000
         -4.00    -0.653     0.177     0.721     0.000     0.000     0.000
         -2.00    -0.271     0.068     0.722     0.000     0.000     0.000
          0.00     0.000     0.000     0.722     0.000     0.000     0.000
          2.00     0.271    -0.068     0.722     0.000     0.000     0.000
          4.00     0.653    -0.177     0.721     0.000     0.000     0.000
          6.00     1.122    -0.314     0.719     0.000     0.000     0.000
          8.00     1.668    -0.474     0.717     0.000     0.000     0.000
         10.00     2.285    -0.653     0.713     0.000     0.000     0.000

         ALPHA       CL        CD      CL/CD     X-C.P.

        -10.00    -2.127     1.099    -1.936    -0.286
         -8.00    -1.552     0.942    -1.648    -0.284
         -6.00    -1.041     0.833    -1.250    -0.280
         -4.00    -0.601     0.765    -0.786    -0.271
         -2.00    -0.245     0.731    -0.336    -0.250
          0.00     0.000     0.722     0.000    -0.250
          2.00     0.245     0.731     0.336    -0.250
          4.00     0.601     0.765     0.786    -0.271
          6.00     1.041     0.833     1.250    -0.280
          8.00     1.552     0.942     1.648    -0.284
         10.00     2.127     1.099     1.936    -0.286

    X-C.P. MEAS. FROM MOMENT CENTER IN REF. LENGTHS, NEG. AFT OF MOMENT CENTER
1         ***** THE USAF AUTOMATED MISSILE DATCOM * REV 3/99 *****     CASE   1
               AERODYNAMIC METHODS FOR MISSILE CONFIGURATIONS          PAGE  45
                   STATIC AERODYNAMICS FOR BODY-FIN SET 1

       ******* FLIGHT CONDITIONS AND REFERENCE QUANTITIES *******
     MACH NO  =       1.10                REYNOLDS NO = 2.550E+07 /M
     ALTITUDE =        0.0 M         DYNAMIC PRESSURE =  85822.41 N/M**2
     SIDESLIP =       0.00 DEG                   ROLL =      0.00 DEG     
     REF AREA =      0.001 M**2         MOMENT CENTER =     0.250 M
     REF LENGTH =     0.65 M           LAT REF LENGTH =      0.65 M

                   ---------- DERIVATIVES (PER DEGREE) ----------
         ALPHA       CNA         CMA         CYB         CLNB        CLLB
        -10.00      0.3262     -0.0944     -0.2203      0.0617      0.0001
         -8.00      0.2908     -0.0849     -0.2039      0.0572      0.0001
         -6.00      0.2537     -0.0743     -0.1843      0.0510      0.0001
         -4.00      0.2127     -0.0616     -0.1629      0.0439      0.0000
         -2.00      0.1631     -0.0442     -0.1385      0.0351      0.0000
          0.00      0.1353     -0.0339     -0.1248      0.0296      0.0000
          2.00      0.1631     -0.0442     -0.1385      0.0351      0.0000
          4.00      0.2127     -0.0616     -0.1629      0.0439      0.0000
          6.00      0.2537     -0.0743     -0.1843      0.0510     -0.0001
          8.00      0.2908     -0.0849     -0.2039      0.0572     -0.0001
         10.00      0.3262     -0.0944     -0.2203      0.0617     -0.0001

    PANEL DEFLECTION ANGLES (DEGREES)
    SET    FIN 1   FIN 2   FIN 3   FIN 4   FIN 5   FIN 6   FIN 7   FIN 8
      1    0.00    0.00    0.00    0.00    0.00    0.00    0.00    0.00
1         ***** THE USAF AUTOMATED MISSILE DATCOM * REV 3/99 *****     CASE   1
               AERODYNAMIC METHODS FOR MISSILE CONFIGURATIONS          PAGE  46
                             BODY ALONE PARTIAL OUTPUT

       ******* FLIGHT CONDITIONS AND REFERENCE QUANTITIES *******
     MACH NO  =       1.40                REYNOLDS NO = 3.246E+07 /M
     ALTITUDE =        0.0 M         DYNAMIC PRESSURE = 139018.12 N/M**2
     SIDESLIP =       0.00 DEG                   ROLL =      0.00 DEG     
     REF AREA =      0.001 M**2         MOMENT CENTER =     0.250 M
     REF LENGTH =     0.65 M           LAT REF LENGTH =      0.65 M

      ALPHA    CA-FRIC  CA-PRES/WAVE CA-BASE    CA-PROT     CA-SEP     CA-ALP
     -10.00     0.1534     0.1328     0.1806                           0.0000
      -8.00     0.1551     0.1332     0.1816                           0.0000
      -6.00     0.1565     0.1335     0.1824                           0.0000
      -4.00     0.1574     0.1337     0.1829                           0.0000
      -2.00     0.1580     0.1338     0.1833                           0.0000
       0.00     0.1582     0.1338     0.1834                           0.0000
       2.00     0.1580     0.1338     0.1833                           0.0000
       4.00     0.1574     0.1337     0.1829                           0.0000
       6.00     0.1565     0.1335     0.1824                           0.0000
       8.00     0.1551     0.1332     0.1816                           0.0000
      10.00     0.1534     0.1328     0.1806                           0.0000

                     CROSS FLOW DRAG PROPORTIONALITY FACTOR = 1.00000

      ALPHA    CN-POTEN  CN-VISC   CN-SEP    CM-POTEN  CM-VISC   CM-SEP    CDC
     -10.00    -0.374    -0.591              -0.107     0.090             0.923
      -8.00    -0.302    -0.353              -0.086     0.054             0.859
      -6.00    -0.228    -0.192              -0.065     0.029             0.830
      -4.00    -0.153    -0.083              -0.044     0.013             0.800
      -2.00    -0.077    -0.020              -0.022     0.003             0.770
       0.00     0.000     0.000               0.000     0.000             0.740
       2.00     0.077     0.020               0.022    -0.003             0.770
       4.00     0.153     0.083               0.044    -0.013             0.800
       6.00     0.228     0.192               0.065    -0.029             0.830
       8.00     0.302     0.353               0.086    -0.054             0.859
      10.00     0.374     0.591               0.107    -0.090             0.923
1         ***** THE USAF AUTOMATED MISSILE DATCOM * REV 3/99 *****     CASE   1
               AERODYNAMIC METHODS FOR MISSILE CONFIGURATIONS          PAGE  47
                        FIN SET 1 CA PARTIAL OUTPUT

       ******* FLIGHT CONDITIONS AND REFERENCE QUANTITIES *******
     MACH NO  =       1.40                REYNOLDS NO = 3.246E+07 /M
     ALTITUDE =        0.0 M         DYNAMIC PRESSURE = 139018.12 N/M**2
     SIDESLIP =       0.00 DEG                   ROLL =      0.00 DEG     
     REF AREA =      0.001 M**2         MOMENT CENTER =     0.250 M
     REF LENGTH =     0.65 M           LAT REF LENGTH =      0.65 M

    SINGLE FIN PANEL ZERO-LIFT AXIAL FORCE COMPONENTS

    SKIN FRICTION        0.0079
    SUBSONIC PRESSURE    0.0000
    TRANSONIC WAVE       0.0000
    SUPERSONIC WAVE      0.0098
    LEADING EDGE         0.0000
    TRAILING EDGE        0.0000
    TOTAL CAO            0.0176

    FIN AXIAL FORCE DUE TO ANGLE OF ATTACK

    ALPHA      CA DUE TO LIFT (SINGLE PANEL)   CA-TOTAL (8 FINS)

     -10.00              0.0000                      0.1388
      -8.00              0.0000                      0.1396
      -6.00              0.0000                      0.1402
      -4.00              0.0000                      0.1406
      -2.00              0.0000                      0.1409
       0.00              0.0000                      0.1410
       2.00              0.0000                      0.1409
       4.00              0.0000                      0.1406
       6.00              0.0000                      0.1402
       8.00              0.0000                      0.1396
      10.00              0.0000                      0.1388
1         ***** THE USAF AUTOMATED MISSILE DATCOM * REV 3/99 *****     CASE   1
               AERODYNAMIC METHODS FOR MISSILE CONFIGURATIONS          PAGE  48
                       FIN SET 1 CN, CM PARTIAL OUTPUT

       ******* FLIGHT CONDITIONS AND REFERENCE QUANTITIES *******
     MACH NO  =       1.40                REYNOLDS NO = 3.246E+07 /M
     ALTITUDE =        0.0 M         DYNAMIC PRESSURE = 139018.12 N/M**2
     SIDESLIP =       0.00 DEG                   ROLL =      0.00 DEG     
     REF AREA =      0.001 M**2         MOMENT CENTER =     0.250 M
     REF LENGTH =     0.65 M           LAT REF LENGTH =      0.65 M

    NORMAL FORCE SLOPE AT ALPHA ZERO, CNA =    0.01845/DEG (1 PANEL)
         CENTER OF PRESSURE FOR LINEAR CN =   -0.51200 (CALIBERS FROM C.G.)
     CENTER OF PRESSURE FOR NON-LINEAR CN =   -0.50769 (CALIBERS FROM C.G.)

      ALPHA      CN        CN        CN        CM        CM        CM
               LINEAR  NON-LINEAR  TOTAL     LINEAR  NON-LINEAR  TOTAL

     -10.00   -0.7287   -0.3760   -1.1047    0.3731    0.1909    0.5640
      -8.00   -0.5857   -0.2426   -0.8283    0.2999    0.1232    0.4230
      -6.00   -0.4408   -0.1372   -0.5780    0.2257    0.0697    0.2954
      -4.00   -0.2946   -0.0611   -0.3557    0.1509    0.0310    0.1819
      -2.00   -0.1475   -0.0153   -0.1628    0.0755    0.0078    0.0833
       0.00    0.0000    0.0000    0.0000    0.0000    0.0000    0.0000
       2.00    0.1475    0.0153    0.1628   -0.0755   -0.0078   -0.0833
       4.00    0.2946    0.0611    0.3557   -0.1509   -0.0310   -0.1819
       6.00    0.4408    0.1372    0.5780   -0.2257   -0.0697   -0.2954
       8.00    0.5857    0.2426    0.8283   -0.2999   -0.1232   -0.4230
      10.00    0.7287    0.3760    1.1047   -0.3731   -0.1909   -0.5640
1         ***** THE USAF AUTOMATED MISSILE DATCOM * REV 3/99 *****     CASE   1
               AERODYNAMIC METHODS FOR MISSILE CONFIGURATIONS          PAGE  49
                 AERODYNAMIC FORCE AND MOMENT SYNTHESIS

       ******* FLIGHT CONDITIONS AND REFERENCE QUANTITIES *******
     MACH NO  =       1.40                REYNOLDS NO = 3.246E+07 /M
     ALTITUDE =        0.0 M         DYNAMIC PRESSURE = 139018.12 N/M**2
     SIDESLIP =       0.00 DEG                   ROLL =      0.00 DEG     
     REF AREA =      0.001 M**2         MOMENT CENTER =     0.250 M
     REF LENGTH =     0.65 M           LAT REF LENGTH =      0.65 M

          ---------------FIN SET 1 IN PRESENCE OF THE BODY----------------

      ALPHA       CN         CM         CA         CY         CLN        CLL

     -10.00    -1.7409     0.8914     0.1410     0.0000     0.0000     0.0000
      -8.00    -1.3707     0.7018     0.1410     0.0000     0.0000     0.0000
      -6.00    -0.9953     0.5096     0.1410     0.0000     0.0000     0.0000
      -4.00    -0.6289     0.3220     0.1410     0.0000     0.0000     0.0000
      -2.00    -0.2828     0.1448     0.1410     0.0000     0.0000     0.0000
       0.00     0.0000     0.0000     0.1410     0.0000     0.0000     0.0000
       2.00     0.2828    -0.1448     0.1410     0.0000     0.0000     0.0000
       4.00     0.6289    -0.3220     0.1410     0.0000     0.0000     0.0000
       6.00     0.9953    -0.5096     0.1410     0.0000     0.0000     0.0000
       8.00     1.3707    -0.7018     0.1410     0.0000     0.0000     0.0000
      10.00     1.7409    -0.8914     0.1410     0.0000     0.0000     0.0000
1         ***** THE USAF AUTOMATED MISSILE DATCOM * REV 3/99 *****     CASE   1
               AERODYNAMIC METHODS FOR MISSILE CONFIGURATIONS          PAGE  50
                 AERODYNAMIC FORCE AND MOMENT SYNTHESIS

       ******* FLIGHT CONDITIONS AND REFERENCE QUANTITIES *******
     MACH NO  =       1.40                REYNOLDS NO = 3.246E+07 /M
     ALTITUDE =        0.0 M         DYNAMIC PRESSURE = 139018.12 N/M**2
     SIDESLIP =       0.00 DEG                   ROLL =      0.00 DEG     
     REF AREA =      0.001 M**2         MOMENT CENTER =     0.250 M
     REF LENGTH =     0.65 M           LAT REF LENGTH =      0.65 M

          ---------------FIN SET 1 PANEL CHARACTERISTICS------------------

      ALPHA      PANEL    AEQ (PANEL AXIS SYS.)    PANEL CN

     -10.00        1              0.0000           0.0000
     -10.00        2            -11.1782          -0.3167
     -10.00        3            -15.3443          -0.4819
     -10.00        4             -8.8104          -0.2328
     -10.00        5              0.0000           0.0000
     -10.00        6              8.8104           0.2328
     -10.00        7             15.3443           0.4819
     -10.00        8             11.1782           0.3167
 
      -8.00        1              0.0000           0.0000
      -8.00        2             -9.1084          -0.2429
      -8.00        3            -12.6349          -0.3721
      -8.00        4             -7.8191          -0.2001
      -8.00        5              0.0000           0.0000
      -8.00        6              7.8191           0.2001
      -8.00        7             12.6349           0.3721
      -8.00        8              9.1084           0.2429
 
      -6.00        1              0.0000           0.0000
      -6.00        2             -6.9435          -0.1725
      -6.00        3             -9.7203          -0.2641
      -6.00        4             -6.4589          -0.1578
      -6.00        5              0.0000           0.0000
      -6.00        6              6.4589           0.1578
      -6.00        7              9.7203           0.2641
      -6.00        8              6.9435           0.1725
 
      -4.00        1              0.0000           0.0000
      -4.00        2             -4.6943          -0.1073
      -4.00        3             -6.6239          -0.1628
      -4.00        4             -4.6943          -0.1073
      -4.00        5              0.0000           0.0000
      -4.00        6              4.6943           0.1073
      -4.00        7              6.6239           0.1628
      -4.00        8              4.6943           0.1073
 
      -2.00        1              0.0000           0.0000
      -2.00        2             -2.3674          -0.0489
      -2.00        3             -3.3461          -0.0722
      -2.00        4             -2.3674          -0.0489
      -2.00        5              0.0000           0.0000
      -2.00        6              2.3674           0.0489
      -2.00        7              3.3461           0.0722
      -2.00        8              2.3674           0.0489
 
       0.00        1              0.0000           0.0000
       0.00        2              0.0000           0.0000
       0.00        3              0.0000           0.0000
       0.00        4              0.0000           0.0000
       0.00        5              0.0000           0.0000
       0.00        6              0.0000           0.0000
       0.00        7              0.0000           0.0000
       0.00        8              0.0000           0.0000
 
       2.00        1              0.0000           0.0000
       2.00        2              2.3674           0.0489
       2.00        3              3.3461           0.0722
       2.00        4              2.3674           0.0489
       2.00        5              0.0000           0.0000
       2.00        6             -2.3674          -0.0489
       2.00        7             -3.3461          -0.0722
       2.00        8             -2.3674          -0.0489
 
       4.00        1              0.0000           0.0000
       4.00        2              4.6943           0.1073
       4.00        3              6.6239           0.1628
       4.00        4              4.6943           0.1073
       4.00        5              0.0000           0.0000
       4.00        6             -4.6943          -0.1073
       4.00        7             -6.6239          -0.1628
       4.00        8             -4.6943          -0.1073
 
       6.00        1              0.0000           0.0000
       6.00        2              6.4589           0.1578
       6.00        3              9.7203           0.2641
       6.00        4              6.9435           0.1725
       6.00        5              0.0000           0.0000
       6.00        6             -6.9435          -0.1725
       6.00        7             -9.7203          -0.2641
       6.00        8             -6.4589          -0.1578
 
       8.00        1              0.0000           0.0000
       8.00        2              7.8191           0.2001
       8.00        3             12.6349           0.3721
       8.00        4              9.1084           0.2429
       8.00        5              0.0000           0.0000
       8.00        6             -9.1084          -0.2429
       8.00        7            -12.6349          -0.3721
       8.00        8             -7.8191          -0.2001
 
      10.00        1              0.0000           0.0000
      10.00        2              8.8104           0.2328
      10.00        3             15.3443           0.4819
      10.00        4             11.1782           0.3167
      10.00        5              0.0000           0.0000
      10.00        6            -11.1782          -0.3167
      10.00        7            -15.3443          -0.4819
      10.00        8             -8.8104          -0.2328
 
1         ***** THE USAF AUTOMATED MISSILE DATCOM * REV 3/99 *****     CASE   1
               AERODYNAMIC METHODS FOR MISSILE CONFIGURATIONS          PAGE  51
                 AERODYNAMIC FORCE AND MOMENT SYNTHESIS

       ******* FLIGHT CONDITIONS AND REFERENCE QUANTITIES *******
     MACH NO  =       1.40                REYNOLDS NO = 3.246E+07 /M
     ALTITUDE =        0.0 M         DYNAMIC PRESSURE = 139018.12 N/M**2
     SIDESLIP =       0.00 DEG                   ROLL =      0.00 DEG     
     REF AREA =      0.001 M**2         MOMENT CENTER =     0.250 M
     REF LENGTH =     0.65 M           LAT REF LENGTH =      0.65 M

             CARRYOVER INTERFERENCE FACTORS - FIN SET 1

      ALPHA   K-W(B)   K-B(W)  KK-W(B)  KK-B(W)  XCP-W(B) XCP-B(W) Y-CP/(B/2)

     -10.00   1.6020   1.1241   0.9535   0.6600   0.5120   0.4538   0.3966
      -8.00   1.6237   1.1241   0.9535   0.6600   0.5120   0.4538   0.4045
      -6.00   1.6435   1.1241   0.9535   0.6600   0.5120   0.4538   0.4153
      -4.00   1.6607   1.1241   0.9535   0.6600   0.5120   0.4538   0.4300
      -2.00   1.6743   1.1241   0.9535   0.6600   0.5120   0.4538   0.4432
       0.00   1.6818   1.1241   0.9535   0.6600   0.5120   0.4538   0.4542
       2.00   1.6743   1.1241   0.9535   0.6600   0.5120   0.4538   0.4432
       4.00   1.6607   1.1241   0.9535   0.6600   0.5120   0.4538   0.4300
       6.00   1.6435   1.1241   0.9535   0.6600   0.5120   0.4538   0.4186
       8.00   1.6237   1.1241   0.9535   0.6600   0.5120   0.4538   0.4091
      10.00   1.6020   1.1241   0.9535   0.6600   0.5120   0.4538   0.4056

    NOTE - XCP-W(B) USED FOR STABILITY ONLY DIFFERENT VALUES USED FOR HINGE MOMENTS
1         ***** THE USAF AUTOMATED MISSILE DATCOM * REV 3/99 *****     CASE   1
               AERODYNAMIC METHODS FOR MISSILE CONFIGURATIONS          PAGE  52
        FIN SET 1 PANEL BENDING MOMENTS (ABOUT EXPOSED ROOT CHORD)

       ******* FLIGHT CONDITIONS AND REFERENCE QUANTITIES *******
     MACH NO  =       1.40                REYNOLDS NO = 3.246E+07 /M
     ALTITUDE =        0.0 M         DYNAMIC PRESSURE = 139018.12 N/M**2
     SIDESLIP =       0.00 DEG                   ROLL =      0.00 DEG     
     REF AREA =      0.001 M**2         MOMENT CENTER =     0.250 M
     REF LENGTH =     0.65 M           LAT REF LENGTH =      0.65 M

   ALPHA   PANL 1   PANL 2   PANL 3   PANL 4   PANL 5   PANL 6   PANL 7   PANL 8
 
   -10.0  0.00E+00 -1.84E-03 -2.79E-03 -1.35E-03 -2.77E-10  1.35E-03  2.79E-03  1.84E-03
    -8.0  0.00E+00 -1.44E-03 -2.20E-03 -1.18E-03 -2.27E-10  1.18E-03  2.20E-03  1.44E-03
    -6.0  0.00E+00 -1.05E-03 -1.60E-03 -9.58E-04 -1.71E-10  9.58E-04  1.60E-03  1.05E-03
    -4.0  0.00E+00 -6.74E-04 -1.02E-03 -6.74E-04 -1.23E-10  6.74E-04  1.02E-03  6.74E-04
    -2.0  0.00E+00 -3.17E-04 -4.68E-04 -3.17E-04 -6.41E-11  3.17E-04  4.68E-04  3.17E-04
     0.0  0.00E+00  0.00E+00  0.00E+00  0.00E+00  0.00E+00  0.00E+00  0.00E+00  0.00E+00
     2.0  0.00E+00  3.17E-04  4.68E-04  3.17E-04  6.41E-11 -3.17E-04 -4.68E-04 -3.17E-04
     4.0  0.00E+00  6.74E-04  1.02E-03  6.74E-04  1.23E-10 -6.74E-04 -1.02E-03 -6.74E-04
     6.0  6.31E-12  9.65E-04  1.62E-03  1.06E-03  1.79E-10 -1.06E-03 -1.62E-03 -9.65E-04
     8.0  1.13E-12  1.20E-03  2.22E-03  1.45E-03  2.31E-10 -1.45E-03 -2.22E-03 -1.20E-03
    10.0  0.00E+00  1.38E-03  2.86E-03  1.88E-03  2.83E-10 -1.88E-03 -2.86E-03 -1.38E-03
1         ***** THE USAF AUTOMATED MISSILE DATCOM * REV 3/99 *****     CASE   1
               AERODYNAMIC METHODS FOR MISSILE CONFIGURATIONS          PAGE  53
            FIN SET 1 PANEL HINGE MOMENTS (ABOUT HINGE LINE)

       ******* FLIGHT CONDITIONS AND REFERENCE QUANTITIES *******
     MACH NO  =       1.40                REYNOLDS NO = 3.246E+07 /M
     ALTITUDE =        0.0 M         DYNAMIC PRESSURE = 139018.12 N/M**2
     SIDESLIP =       0.00 DEG                   ROLL =      0.00 DEG     
     REF AREA =      0.001 M**2         MOMENT CENTER =     0.250 M
     REF LENGTH =     0.65 M           LAT REF LENGTH =      0.65 M

   ALPHA   PANL 1   PANL 2   PANL 3   PANL 4   PANL 5   PANL 6   PANL 7   PANL 8
 
   -10.0  0.00E+00 -3.11E-02 -4.50E-02 -2.34E-02 -5.13E-09  2.34E-02  4.50E-02  3.11E-02
    -8.0  0.00E+00 -2.44E-02 -3.59E-02 -2.03E-02 -4.13E-09  2.03E-02  3.59E-02  2.44E-02
    -6.0  0.00E+00 -1.77E-02 -2.63E-02 -1.62E-02 -3.03E-09  1.62E-02  2.63E-02  1.77E-02
    -4.0  0.00E+00 -1.12E-02 -1.67E-02 -1.12E-02 -2.11E-09  1.12E-02  1.67E-02  1.12E-02
    -2.0  0.00E+00 -5.18E-03 -7.61E-03 -5.18E-03 -1.06E-09  5.18E-03  7.61E-03  5.18E-03
     0.0  0.00E+00  0.00E+00  0.00E+00  0.00E+00  0.00E+00  0.00E+00  0.00E+00  0.00E+00
     2.0  0.00E+00  5.18E-03  7.61E-03  5.18E-03  1.06E-09 -5.18E-03 -7.61E-03 -5.18E-03
     4.0  0.00E+00  1.12E-02  1.67E-02  1.12E-02  2.11E-09 -1.12E-02 -1.67E-02 -1.12E-02
     6.0  1.11E-10  1.62E-02  2.63E-02  1.77E-02  3.14E-09 -1.77E-02 -2.63E-02 -1.62E-02
     8.0  2.04E-11  2.03E-02  3.59E-02  2.44E-02  4.15E-09 -2.44E-02 -3.59E-02 -2.03E-02
    10.0  0.00E+00  2.34E-02  4.50E-02  3.11E-02  5.13E-09 -3.11E-02 -4.50E-02 -2.34E-02
1         ***** THE USAF AUTOMATED MISSILE DATCOM * REV 3/99 *****     CASE   1
               AERODYNAMIC METHODS FOR MISSILE CONFIGURATIONS          PAGE  54
                   STATIC AERODYNAMICS FOR BODY-FIN SET 1

       ******* FLIGHT CONDITIONS AND REFERENCE QUANTITIES *******
     MACH NO  =       1.40                REYNOLDS NO = 3.246E+07 /M
     ALTITUDE =        0.0 M         DYNAMIC PRESSURE = 139018.12 N/M**2
     SIDESLIP =       0.00 DEG                   ROLL =      0.00 DEG     
     REF AREA =      0.001 M**2         MOMENT CENTER =     0.250 M
     REF LENGTH =     0.65 M           LAT REF LENGTH =      0.65 M

                   ----- LONGITUDINAL -----     -- LATERAL DIRECTIONAL --
         ALPHA       CN        CM        CA        CY       CLN       CLL

        -10.00    -3.927     1.429     0.608     0.000     0.000     0.000
         -8.00    -2.975     1.100     0.611     0.000     0.000     0.000
         -6.00    -2.096     0.783     0.613     0.000     0.000     0.000
         -4.00    -1.290     0.484     0.615     0.000     0.000     0.000
         -2.00    -0.569     0.212     0.616     0.000     0.000     0.000
          0.00     0.000     0.000     0.616     0.000     0.000     0.000
          2.00     0.569    -0.212     0.616     0.000     0.000     0.000
          4.00     1.290    -0.484     0.615     0.000     0.000     0.000
          6.00     2.096    -0.783     0.613     0.000     0.000     0.000
          8.00     2.975    -1.100     0.611     0.000     0.000     0.000
         10.00     3.927    -1.429     0.608     0.000     0.000     0.000

         ALPHA       CL        CD      CL/CD     X-C.P.

        -10.00    -3.762     1.281    -2.938    -0.364
         -8.00    -2.861     1.019    -2.808    -0.370
         -6.00    -2.021     0.829    -2.437    -0.373
         -4.00    -1.244     0.703    -1.768    -0.375
         -2.00    -0.547     0.636    -0.861    -0.373
          0.00     0.000     0.616     0.000    -0.373
          2.00     0.547     0.636     0.861    -0.373
          4.00     1.244     0.703     1.768    -0.375
          6.00     2.021     0.829     2.437    -0.373
          8.00     2.861     1.019     2.808    -0.370
         10.00     3.762     1.281     2.938    -0.364

    X-C.P. MEAS. FROM MOMENT CENTER IN REF. LENGTHS, NEG. AFT OF MOMENT CENTER
1         ***** THE USAF AUTOMATED MISSILE DATCOM * REV 3/99 *****     CASE   1
               AERODYNAMIC METHODS FOR MISSILE CONFIGURATIONS          PAGE  55
                   STATIC AERODYNAMICS FOR BODY-FIN SET 1

       ******* FLIGHT CONDITIONS AND REFERENCE QUANTITIES *******
     MACH NO  =       1.40                REYNOLDS NO = 3.246E+07 /M
     ALTITUDE =        0.0 M         DYNAMIC PRESSURE = 139018.12 N/M**2
     SIDESLIP =       0.00 DEG                   ROLL =      0.00 DEG     
     REF AREA =      0.001 M**2         MOMENT CENTER =     0.250 M
     REF LENGTH =     0.65 M           LAT REF LENGTH =      0.65 M

                   ---------- DERIVATIVES (PER DEGREE) ----------
         ALPHA       CNA         CMA         CYB         CLNB        CLLB
        -10.00      0.4951     -0.1674     -0.3769      0.1356      0.0003
         -8.00      0.4576     -0.1616     -0.3650      0.1343      0.0002
         -6.00      0.4211     -0.1540     -0.3461      0.1289      0.0001
         -4.00      0.3817     -0.1427     -0.3214      0.1204      0.0000
         -2.00      0.3221     -0.1210     -0.2889      0.1078      0.0000
          0.00      0.2845     -0.1061     -0.2695      0.0996      0.0000
          2.00      0.3221     -0.1210     -0.2889      0.1078      0.0000
          4.00      0.3817     -0.1427     -0.3214      0.1204      0.0000
          6.00      0.4211     -0.1540     -0.3461      0.1289     -0.0001
          8.00      0.4576     -0.1616     -0.3650      0.1343     -0.0002
         10.00      0.4951     -0.1674     -0.3769      0.1356     -0.0003

    PANEL DEFLECTION ANGLES (DEGREES)
    SET    FIN 1   FIN 2   FIN 3   FIN 4   FIN 5   FIN 6   FIN 7   FIN 8
      1    0.00    0.00    0.00    0.00    0.00    0.00    0.00    0.00

    BODY ALONE LINEAR DATA GENERATED FROM VAN DYKE HYBRID THEORY

1         ***** THE USAF AUTOMATED MISSILE DATCOM * REV 3/99 *****     CASE   1
               AERODYNAMIC METHODS FOR MISSILE CONFIGURATIONS          PAGE  56
                             BODY ALONE PARTIAL OUTPUT

       ******* FLIGHT CONDITIONS AND REFERENCE QUANTITIES *******
     MACH NO  =       2.00                REYNOLDS NO = 4.637E+07 /M
     ALTITUDE =        0.0 M         DYNAMIC PRESSURE = 283710.47 N/M**2
     SIDESLIP =       0.00 DEG                   ROLL =      0.00 DEG     
     REF AREA =      0.001 M**2         MOMENT CENTER =     0.250 M
     REF LENGTH =     0.65 M           LAT REF LENGTH =      0.65 M

      ALPHA    CA-FRIC  CA-PRES/WAVE CA-BASE    CA-PROT     CA-SEP     CA-ALP
     -10.00     0.1316     0.1068     0.1448                           0.0000
      -8.00     0.1331     0.1071     0.1456                           0.0000
      -6.00     0.1342     0.1073     0.1462                           0.0000
      -4.00     0.1350     0.1075     0.1466                           0.0000
      -2.00     0.1355     0.1076     0.1469                           0.0000
       0.00     0.1357     0.1076     0.1470                           0.0000
       2.00     0.1355     0.1076     0.1469                           0.0000
       4.00     0.1350     0.1075     0.1466                           0.0000
       6.00     0.1342     0.1073     0.1462                           0.0000
       8.00     0.1331     0.1071     0.1456                           0.0000
      10.00     0.1316     0.1068     0.1448                           0.0000

                     CROSS FLOW DRAG PROPORTIONALITY FACTOR = 1.00000

      ALPHA    CN-POTEN  CN-VISC   CN-SEP    CM-POTEN  CM-VISC   CM-SEP    CDC
     -10.00    -0.418    -0.685              -0.119     0.105             1.071
      -8.00    -0.338    -0.400              -0.096     0.061             0.973
      -6.00    -0.255    -0.203              -0.073     0.031             0.875
      -4.00    -0.171    -0.085              -0.049     0.013             0.825
      -2.00    -0.086    -0.020              -0.024     0.003             0.783
       0.00     0.000     0.000               0.000     0.000             0.740
       2.00     0.086     0.020               0.024    -0.003             0.783
       4.00     0.171     0.085               0.049    -0.013             0.825
       6.00     0.255     0.203               0.073    -0.031             0.875
       8.00     0.338     0.400               0.096    -0.061             0.973
      10.00     0.418     0.685               0.119    -0.105             1.071
1         ***** THE USAF AUTOMATED MISSILE DATCOM * REV 3/99 *****     CASE   1
               AERODYNAMIC METHODS FOR MISSILE CONFIGURATIONS          PAGE  57
                        FIN SET 1 CA PARTIAL OUTPUT

       ******* FLIGHT CONDITIONS AND REFERENCE QUANTITIES *******
     MACH NO  =       2.00                REYNOLDS NO = 4.637E+07 /M
     ALTITUDE =        0.0 M         DYNAMIC PRESSURE = 283710.47 N/M**2
     SIDESLIP =       0.00 DEG                   ROLL =      0.00 DEG     
     REF AREA =      0.001 M**2         MOMENT CENTER =     0.250 M
     REF LENGTH =     0.65 M           LAT REF LENGTH =      0.65 M

    SINGLE FIN PANEL ZERO-LIFT AXIAL FORCE COMPONENTS

    SKIN FRICTION        0.0068
    SUBSONIC PRESSURE    0.0000
    TRANSONIC WAVE       0.0000
    SUPERSONIC WAVE      0.0061
    LEADING EDGE         0.0000
    TRAILING EDGE        0.0000
    TOTAL CAO            0.0129

    FIN AXIAL FORCE DUE TO ANGLE OF ATTACK

    ALPHA      CA DUE TO LIFT (SINGLE PANEL)   CA-TOTAL (8 FINS)

     -10.00              0.0000                      0.1014
      -8.00              0.0000                      0.1020
      -6.00              0.0000                      0.1024
      -4.00              0.0000                      0.1027
      -2.00              0.0000                      0.1029
       0.00              0.0000                      0.1030
       2.00              0.0000                      0.1029
       4.00              0.0000                      0.1027
       6.00              0.0000                      0.1024
       8.00              0.0000                      0.1020
      10.00              0.0000                      0.1014
1         ***** THE USAF AUTOMATED MISSILE DATCOM * REV 3/99 *****     CASE   1
               AERODYNAMIC METHODS FOR MISSILE CONFIGURATIONS          PAGE  58
                       FIN SET 1 CN, CM PARTIAL OUTPUT

       ******* FLIGHT CONDITIONS AND REFERENCE QUANTITIES *******
     MACH NO  =       2.00                REYNOLDS NO = 4.637E+07 /M
     ALTITUDE =        0.0 M         DYNAMIC PRESSURE = 283710.47 N/M**2
     SIDESLIP =       0.00 DEG                   ROLL =      0.00 DEG     
     REF AREA =      0.001 M**2         MOMENT CENTER =     0.250 M
     REF LENGTH =     0.65 M           LAT REF LENGTH =      0.65 M

    NORMAL FORCE SLOPE AT ALPHA ZERO, CNA =    0.01044/DEG (1 PANEL)
         CENTER OF PRESSURE FOR LINEAR CN =   -0.51200 (CALIBERS FROM C.G.)
     CENTER OF PRESSURE FOR NON-LINEAR CN =   -0.50769 (CALIBERS FROM C.G.)

      ALPHA      CN        CN        CN        CM        CM        CM
               LINEAR  NON-LINEAR  TOTAL     LINEAR  NON-LINEAR  TOTAL

     -10.00   -0.4122   -0.0796   -0.4919    0.2111    0.0404    0.2515
      -8.00   -0.3313   -0.0398   -0.3711    0.1696    0.0202    0.1898
      -6.00   -0.2494   -0.0164   -0.2657    0.1277    0.0083    0.1360
      -4.00   -0.1667   -0.0047   -0.1714    0.0853    0.0024    0.0877
      -2.00   -0.0835   -0.0006   -0.0841    0.0427    0.0003    0.0430
       0.00    0.0000    0.0000    0.0000    0.0000    0.0000    0.0000
       2.00    0.0835    0.0006    0.0841   -0.0427   -0.0003   -0.0430
       4.00    0.1667    0.0047    0.1714   -0.0853   -0.0024   -0.0877
       6.00    0.2494    0.0164    0.2657   -0.1277   -0.0083   -0.1360
       8.00    0.3313    0.0398    0.3711   -0.1696   -0.0202   -0.1898
      10.00    0.4122    0.0796    0.4919   -0.2111   -0.0404   -0.2515
1         ***** THE USAF AUTOMATED MISSILE DATCOM * REV 3/99 *****     CASE   1
               AERODYNAMIC METHODS FOR MISSILE CONFIGURATIONS          PAGE  59
                 AERODYNAMIC FORCE AND MOMENT SYNTHESIS

       ******* FLIGHT CONDITIONS AND REFERENCE QUANTITIES *******
     MACH NO  =       2.00                REYNOLDS NO = 4.637E+07 /M
     ALTITUDE =        0.0 M         DYNAMIC PRESSURE = 283710.47 N/M**2
     SIDESLIP =       0.00 DEG                   ROLL =      0.00 DEG     
     REF AREA =      0.001 M**2         MOMENT CENTER =     0.250 M
     REF LENGTH =     0.65 M           LAT REF LENGTH =      0.65 M

          ---------------FIN SET 1 IN PRESENCE OF THE BODY----------------

      ALPHA       CN         CM         CA         CY         CLN        CLL

     -10.00    -0.8243     0.4220     0.1030     0.0000     0.0000     0.0000
      -8.00    -0.6316     0.3234     0.1030     0.0000     0.0000     0.0000
      -6.00    -0.4559     0.2334     0.1030     0.0000     0.0000     0.0000
      -4.00    -0.2945     0.1508     0.1030     0.0000     0.0000     0.0000
      -2.00    -0.1419     0.0727     0.1030     0.0000     0.0000     0.0000
       0.00     0.0000     0.0000     0.1030     0.0000     0.0000     0.0000
       2.00     0.1419    -0.0727     0.1030     0.0000     0.0000     0.0000
       4.00     0.2945    -0.1508     0.1030     0.0000     0.0000     0.0000
       6.00     0.4559    -0.2334     0.1030     0.0000     0.0000     0.0000
       8.00     0.6316    -0.3234     0.1030     0.0000     0.0000     0.0000
      10.00     0.8243    -0.4220     0.1030     0.0000     0.0000     0.0000
1         ***** THE USAF AUTOMATED MISSILE DATCOM * REV 3/99 *****     CASE   1
               AERODYNAMIC METHODS FOR MISSILE CONFIGURATIONS          PAGE  60
                 AERODYNAMIC FORCE AND MOMENT SYNTHESIS

       ******* FLIGHT CONDITIONS AND REFERENCE QUANTITIES *******
     MACH NO  =       2.00                REYNOLDS NO = 4.637E+07 /M
     ALTITUDE =        0.0 M         DYNAMIC PRESSURE = 283710.47 N/M**2
     SIDESLIP =       0.00 DEG                   ROLL =      0.00 DEG     
     REF AREA =      0.001 M**2         MOMENT CENTER =     0.250 M
     REF LENGTH =     0.65 M           LAT REF LENGTH =      0.65 M

          ---------------FIN SET 1 PANEL CHARACTERISTICS------------------

      ALPHA      PANEL    AEQ (PANEL AXIS SYS.)    PANEL CN

     -10.00        1              0.0000           0.0000
     -10.00        2            -11.1452          -0.1465
     -10.00        3            -15.2496          -0.2388
     -10.00        4             -8.2942          -0.0986
     -10.00        5              0.0000           0.0000
     -10.00        6              8.2942           0.0986
     -10.00        7             15.2496           0.2388
     -10.00        8             11.1452           0.1465
 
      -8.00        1              0.0000           0.0000
      -8.00        2             -9.0921          -0.1110
      -8.00        3            -12.5885          -0.1754
      -8.00        4             -7.5396          -0.0876
      -8.00        5              0.0000           0.0000
      -8.00        6              7.5396           0.0876
      -8.00        7             12.5885           0.1754
      -8.00        8              9.0921           0.1110
 
      -6.00        1              0.0000           0.0000
      -6.00        2             -6.9380          -0.0793
      -6.00        3             -9.7071          -0.1210
      -6.00        4             -6.3841          -0.0719
      -6.00        5              0.0000           0.0000
      -6.00        6              6.3841           0.0719
      -6.00        7              9.7071           0.1210
      -6.00        8              6.9380           0.0793
 
      -4.00        1              0.0000           0.0000
      -4.00        2             -4.6929          -0.0510
      -4.00        3             -6.6220          -0.0751
      -4.00        4             -4.6929          -0.0510
      -4.00        5              0.0000           0.0000
      -4.00        6              4.6929           0.0510
      -4.00        7              6.6220           0.0751
      -4.00        8              4.6929           0.0510
 
      -2.00        1              0.0000           0.0000
      -2.00        2             -2.3672          -0.0250
      -2.00        3             -3.3458          -0.0357
      -2.00        4             -2.3672          -0.0250
      -2.00        5              0.0000           0.0000
      -2.00        6              2.3672           0.0250
      -2.00        7              3.3458           0.0357
      -2.00        8              2.3672           0.0250
 
       0.00        1              0.0000           0.0000
       0.00        2              0.0000           0.0000
       0.00        3              0.0000           0.0000
       0.00        4              0.0000           0.0000
       0.00        5              0.0000           0.0000
       0.00        6              0.0000           0.0000
       0.00        7              0.0000           0.0000
       0.00        8              0.0000           0.0000
 
       2.00        1              0.0000           0.0000
       2.00        2              2.3672           0.0250
       2.00        3              3.3458           0.0357
       2.00        4              2.3672           0.0250
       2.00        5              0.0000           0.0000
       2.00        6             -2.3672          -0.0250
       2.00        7             -3.3458          -0.0357
       2.00        8             -2.3672          -0.0250
 
       4.00        1              0.0000           0.0000
       4.00        2              4.6929           0.0510
       4.00        3              6.6220           0.0751
       4.00        4              4.6929           0.0510
       4.00        5              0.0000           0.0000
       4.00        6             -4.6929          -0.0510
       4.00        7             -6.6220          -0.0751
       4.00        8             -4.6929          -0.0510
 
       6.00        1              0.0000           0.0000
       6.00        2              6.3841           0.0719
       6.00        3              9.7071           0.1210
       6.00        4              6.9380           0.0793
       6.00        5              0.0000           0.0000
       6.00        6             -6.9380          -0.0793
       6.00        7             -9.7071          -0.1210
       6.00        8             -6.3841          -0.0719
 
       8.00        1              0.0000           0.0000
       8.00        2              7.5396           0.0876
       8.00        3             12.5885           0.1754
       8.00        4              9.0921           0.1110
       8.00        5              0.0000           0.0000
       8.00        6             -9.0921          -0.1110
       8.00        7            -12.5885          -0.1754
       8.00        8             -7.5396          -0.0876
 
      10.00        1              0.0000           0.0000
      10.00        2              8.2942           0.0986
      10.00        3             15.2496           0.2388
      10.00        4             11.1452           0.1465
      10.00        5              0.0000           0.0000
      10.00        6            -11.1452          -0.1465
      10.00        7            -15.2496          -0.2388
      10.00        8             -8.2942          -0.0986
 
1         ***** THE USAF AUTOMATED MISSILE DATCOM * REV 3/99 *****     CASE   1
               AERODYNAMIC METHODS FOR MISSILE CONFIGURATIONS          PAGE  61
                 AERODYNAMIC FORCE AND MOMENT SYNTHESIS

       ******* FLIGHT CONDITIONS AND REFERENCE QUANTITIES *******
     MACH NO  =       2.00                REYNOLDS NO = 4.637E+07 /M
     ALTITUDE =        0.0 M         DYNAMIC PRESSURE = 283710.47 N/M**2
     SIDESLIP =       0.00 DEG                   ROLL =      0.00 DEG     
     REF AREA =      0.001 M**2         MOMENT CENTER =     0.250 M
     REF LENGTH =     0.65 M           LAT REF LENGTH =      0.65 M

             CARRYOVER INTERFERENCE FACTORS - FIN SET 1

      ALPHA   K-W(B)   K-B(W)  KK-W(B)  KK-B(W)  XCP-W(B) XCP-B(W) Y-CP/(B/2)

     -10.00   1.6002   1.1241   0.9535   0.6600   0.5120   0.4538   0.4277
      -8.00   1.6224   1.1241   0.9535   0.6600   0.5120   0.4538   0.4355
      -6.00   1.6426   1.1241   0.9535   0.6600   0.5120   0.4538   0.4425
      -4.00   1.6602   1.1241   0.9535   0.6600   0.5120   0.4538   0.4487
      -2.00   1.6741   1.1241   0.9535   0.6600   0.5120   0.4538   0.4545
       0.00   1.6818   1.1241   0.9535   0.6600   0.5120   0.4538   0.4600
       2.00   1.6741   1.1241   0.9535   0.6600   0.5120   0.4538   0.4545
       4.00   1.6602   1.1241   0.9535   0.6600   0.5120   0.4538   0.4487
       6.00   1.6426   1.1241   0.9535   0.6600   0.5120   0.4538   0.4441
       8.00   1.6224   1.1241   0.9535   0.6600   0.5120   0.4538   0.4407
      10.00   1.6002   1.1241   0.9535   0.6600   0.5120   0.4538   0.4382

    NOTE - XCP-W(B) USED FOR STABILITY ONLY DIFFERENT VALUES USED FOR HINGE MOMENTS
1         ***** THE USAF AUTOMATED MISSILE DATCOM * REV 3/99 *****     CASE   1
               AERODYNAMIC METHODS FOR MISSILE CONFIGURATIONS          PAGE  62
        FIN SET 1 PANEL BENDING MOMENTS (ABOUT EXPOSED ROOT CHORD)

       ******* FLIGHT CONDITIONS AND REFERENCE QUANTITIES *******
     MACH NO  =       2.00                REYNOLDS NO = 4.637E+07 /M
     ALTITUDE =        0.0 M         DYNAMIC PRESSURE = 283710.47 N/M**2
     SIDESLIP =       0.00 DEG                   ROLL =      0.00 DEG     
     REF AREA =      0.001 M**2         MOMENT CENTER =     0.250 M
     REF LENGTH =     0.65 M           LAT REF LENGTH =      0.65 M

   ALPHA   PANL 1   PANL 2   PANL 3   PANL 4   PANL 5   PANL 6   PANL 7   PANL 8
 
   -10.0  0.00E+00 -9.16E-04 -1.49E-03 -6.16E-04 -1.59E-10  6.16E-04  1.49E-03  9.16E-04
    -8.0  0.00E+00 -7.06E-04 -1.12E-03 -5.58E-04 -1.31E-10  5.58E-04  1.12E-03  7.06E-04
    -6.0  0.00E+00 -5.13E-04 -7.83E-04 -4.65E-04 -1.01E-10  4.65E-04  7.83E-04  5.13E-04
    -4.0  0.00E+00 -3.35E-04 -4.92E-04 -3.35E-04 -6.88E-11  3.35E-04  4.92E-04  3.35E-04
    -2.0  0.00E+00 -1.66E-04 -2.37E-04 -1.66E-04 -3.51E-11  1.66E-04  2.37E-04  1.66E-04
     0.0  0.00E+00  0.00E+00  0.00E+00  0.00E+00  0.00E+00  0.00E+00  0.00E+00  0.00E+00
     2.0  0.00E+00  1.66E-04  2.37E-04  1.66E-04  3.51E-11 -1.66E-04 -2.37E-04 -1.66E-04
     4.0  0.00E+00  3.35E-04  4.92E-04  3.35E-04  6.88E-11 -3.35E-04 -4.92E-04 -3.35E-04
     6.0  0.00E+00  4.67E-04  7.86E-04  5.15E-04  1.01E-10 -5.15E-04 -7.86E-04 -4.67E-04
     8.0  0.00E+00  5.64E-04  1.13E-03  7.15E-04  1.33E-10 -7.15E-04 -1.13E-03 -5.64E-04
    10.0  0.00E+00  6.31E-04  1.53E-03  9.39E-04  1.63E-10 -9.39E-04 -1.53E-03 -6.31E-04
1         ***** THE USAF AUTOMATED MISSILE DATCOM * REV 3/99 *****     CASE   1
               AERODYNAMIC METHODS FOR MISSILE CONFIGURATIONS          PAGE  63
            FIN SET 1 PANEL HINGE MOMENTS (ABOUT HINGE LINE)

       ******* FLIGHT CONDITIONS AND REFERENCE QUANTITIES *******
     MACH NO  =       2.00                REYNOLDS NO = 4.637E+07 /M
     ALTITUDE =        0.0 M         DYNAMIC PRESSURE = 283710.47 N/M**2
     SIDESLIP =       0.00 DEG                   ROLL =      0.00 DEG     
     REF AREA =      0.001 M**2         MOMENT CENTER =     0.250 M
     REF LENGTH =     0.65 M           LAT REF LENGTH =      0.65 M

   ALPHA   PANL 1   PANL 2   PANL 3   PANL 4   PANL 5   PANL 6   PANL 7   PANL 8
 
   -10.0  0.00E+00 -1.41E-02 -2.19E-02 -9.76E-03 -2.65E-09  9.76E-03  2.19E-02  1.41E-02
    -8.0  0.00E+00 -1.09E-02 -1.67E-02 -8.72E-03 -2.14E-09  8.72E-03  1.67E-02  1.09E-02
    -6.0  0.00E+00 -7.93E-03 -1.18E-02 -7.22E-03 -1.62E-09  7.22E-03  1.18E-02  7.93E-03
    -4.0  0.00E+00 -5.18E-03 -7.52E-03 -5.18E-03 -1.09E-09  5.18E-03  7.52E-03  5.18E-03
    -2.0  0.00E+00 -2.57E-03 -3.64E-03 -2.57E-03 -5.49E-10  2.57E-03  3.64E-03  2.57E-03
     0.0  0.00E+00  0.00E+00  0.00E+00  0.00E+00  0.00E+00  0.00E+00  0.00E+00  0.00E+00
     2.0  0.00E+00  2.57E-03  3.64E-03  2.57E-03  5.49E-10 -2.57E-03 -3.64E-03 -2.57E-03
     4.0  0.00E+00  5.18E-03  7.52E-03  5.18E-03  1.09E-09 -5.18E-03 -7.52E-03 -5.18E-03
     6.0  0.00E+00  7.22E-03  1.18E-02  7.93E-03  1.62E-09 -7.93E-03 -1.18E-02 -7.22E-03
     8.0  0.00E+00  8.72E-03  1.67E-02  1.09E-02  2.14E-09 -1.09E-02 -1.67E-02 -8.72E-03
    10.0  0.00E+00  9.76E-03  2.19E-02  1.41E-02  2.65E-09 -1.41E-02 -2.19E-02 -9.76E-03
1         ***** THE USAF AUTOMATED MISSILE DATCOM * REV 3/99 *****     CASE   1
               AERODYNAMIC METHODS FOR MISSILE CONFIGURATIONS          PAGE  64
                   STATIC AERODYNAMICS FOR BODY-FIN SET 1

       ******* FLIGHT CONDITIONS AND REFERENCE QUANTITIES *******
     MACH NO  =       2.00                REYNOLDS NO = 4.637E+07 /M
     ALTITUDE =        0.0 M         DYNAMIC PRESSURE = 283710.47 N/M**2
     SIDESLIP =       0.00 DEG                   ROLL =      0.00 DEG     
     REF AREA =      0.001 M**2         MOMENT CENTER =     0.250 M
     REF LENGTH =     0.65 M           LAT REF LENGTH =      0.65 M

                   ----- LONGITUDINAL -----     -- LATERAL DIRECTIONAL --
         ALPHA       CN        CM        CA        CY       CLN       CLL

        -10.00    -2.507     0.670     0.486     0.000     0.000     0.000
         -8.00    -1.807     0.487     0.489     0.000     0.000     0.000
         -6.00    -1.226     0.333     0.491     0.000     0.000     0.000
         -4.00    -0.750     0.205     0.492     0.000     0.000     0.000
         -2.00    -0.343     0.095     0.493     0.000     0.000     0.000
          0.00     0.000     0.000     0.493     0.000     0.000     0.000
          2.00     0.343    -0.095     0.493     0.000     0.000     0.000
          4.00     0.750    -0.205     0.492     0.000     0.000     0.000
          6.00     1.226    -0.333     0.491     0.000     0.000     0.000
          8.00     1.807    -0.487     0.489     0.000     0.000     0.000
         10.00     2.507    -0.670     0.486     0.000     0.000     0.000

         ALPHA       CL        CD      CL/CD     X-C.P.

        -10.00    -2.384     0.914    -2.608    -0.267
         -8.00    -1.721     0.735    -2.340    -0.269
         -6.00    -1.168     0.616    -1.895    -0.272
         -4.00    -0.714     0.543    -1.314    -0.274
         -2.00    -0.326     0.505    -0.645    -0.276
          0.00     0.000     0.493     0.000    -0.276
          2.00     0.326     0.505     0.645    -0.276
          4.00     0.714     0.543     1.314    -0.274
          6.00     1.168     0.616     1.895    -0.272
          8.00     1.721     0.735     2.340    -0.269
         10.00     2.384     0.914     2.608    -0.267

    X-C.P. MEAS. FROM MOMENT CENTER IN REF. LENGTHS, NEG. AFT OF MOMENT CENTER
1         ***** THE USAF AUTOMATED MISSILE DATCOM * REV 3/99 *****     CASE   1
               AERODYNAMIC METHODS FOR MISSILE CONFIGURATIONS          PAGE  65
                   STATIC AERODYNAMICS FOR BODY-FIN SET 1

       ******* FLIGHT CONDITIONS AND REFERENCE QUANTITIES *******
     MACH NO  =       2.00                REYNOLDS NO = 4.637E+07 /M
     ALTITUDE =        0.0 M         DYNAMIC PRESSURE = 283710.47 N/M**2
     SIDESLIP =       0.00 DEG                   ROLL =      0.00 DEG     
     REF AREA =      0.001 M**2         MOMENT CENTER =     0.250 M
     REF LENGTH =     0.65 M           LAT REF LENGTH =      0.65 M

                   ---------- DERIVATIVES (PER DEGREE) ----------
         ALPHA       CNA         CMA         CYB         CLNB        CLLB
        -10.00      0.3800     -0.0992     -0.2580      0.0710      0.0003
         -8.00      0.3200     -0.0842     -0.2344      0.0651      0.0002
         -6.00      0.2641     -0.0703     -0.2089      0.0578      0.0001
         -4.00      0.2206     -0.0597     -0.1883      0.0516      0.0000
         -2.00      0.1874     -0.0514     -0.1731      0.0476      0.0000
          0.00      0.1715     -0.0473     -0.1677      0.0463      0.0000
          2.00      0.1874     -0.0514     -0.1731      0.0476      0.0000
          4.00      0.2206     -0.0597     -0.1883      0.0516      0.0000
          6.00      0.2641     -0.0703     -0.2089      0.0578     -0.0001
          8.00      0.3200     -0.0842     -0.2344      0.0651     -0.0002
         10.00      0.3800     -0.0992     -0.2580      0.0710     -0.0003

    PANEL DEFLECTION ANGLES (DEGREES)
    SET    FIN 1   FIN 2   FIN 3   FIN 4   FIN 5   FIN 6   FIN 7   FIN 8
      1    0.00    0.00    0.00    0.00    0.00    0.00    0.00    0.00

    BODY ALONE LINEAR DATA GENERATED FROM VAN DYKE HYBRID THEORY

    *** END OF JOB ***
