1         ***** THE USAF AUTOMATED MISSILE DATCOM * REV 3/99 *****
               AERODYNAMIC METHODS FOR MISSILE CONFIGURATIONS     

    CONERR - INPUT ERROR CHECKING

    ERROR CODES - N* DENOTES THE NUMBER OF OCCURENCES OF EACH ERROR
    A - UNKNOWN VARIABLE NAME
    B - MISSING EQUAL SIGN FOLLOWING VARIABLE NAME
    C - NON-ARRAY VARIABLE HAS AN ARRAY ELEMENTDESIGNATION - (N)
    D - NON-ARRAY VARIABLE HAS MULTIPLE VALUES ASSIGNED
    E - ASSIGNED VALUES EXCEED ARRAY DIMENSION
    F - SYNTAX ERROR

    ************************* INPUT DATA CARDS *************************

   1 DIM M                                                                           
      2 ** BLANK CARD - IGNORED
   3  $FLTCON  NALPHA=11.,NMACH=6.,                                                  
   4           MACH=0.3000,0.6000,0.9000,1.1000,1.4000,2.0000,                       
   5           ALPHA=-10.0,-8.0,-6.0,-4.0,-2.0,0.0,2.0,4.0,6.0,8.0,10.0,$            
      6 ** BLANK CARD - IGNORED
   7  $REFQ    XCG=0.1980,                                                           
   8           SREF=0.0010179,                                                       
   9           LREF=0.6000,                                                          
  10           RHR=0.,$                                                              
     11 ** BLANK CARD - IGNORED
  12  $AXIBOD  X0=0.00,                                                              
  13           TNOSE=OGIVE,                                                          
               ** SUBSTITUTING NUMERIC FOR NAME OGIVE
  14           LNOSE=0.1050,                                                         
  15           DNOSE=0.0360,                                                         
  16           BNOSE=0.0,                                                            
  17           TRUNC=.FALSE.,                                                        
  18           LCENTR=0.4950,                                                        
  19           DCENTR=0.0360,                                                        
  20           TAFT=CONE,                                                            
               ** SUBSTITUTING NUMERIC FOR NAME CONE
  21           LAFT=0.0000,                                                          
  22           DAFT=0.0360,                                                          
  23           DEXIT=0.0000,$                                                        
     24 ** BLANK CARD - IGNORED
  25  $FINSET1 XLE=0.4000,0.4000,NPANEL=8.,                                          
  26           SSPAN=0.0180,0.0275,                                                  
  27           CHORD=0.2000,0.2000,                                                  
  28           LER=2*0.0,                                                            
  29           PHIF=0.0,45.0,90.0,135.0,180.0,225.0,270.0,315.0,                     
  30           GAM=0.6667,0.6667,0.6667,0.6667,0.6667,0.6667,0.6667,0.6667,          
  31           SECTYP=HEX,                                                           
               ** SUBSTITUTING NUMERIC FOR NAME HEX
  32           ZUPPER=0.025000,0.025000,                                             
  33           LMAXU=0.4,0.4,                                                        
  34           LFLATU=0.2,0.2,$                                                      
     35 ** BLANK CARD - IGNORED
  36  $DEFLCT  DELTA1=0.6667,0.6667,0.6667,0.6667,0.6667,0.6667,0.6667,0.6667,       
  37           XHINGE=0.5500,$                                                       
     38 ** BLANK CARD - IGNORED
  39 PART                                                                            
  40 NEXT CASE                                                                       
1         ***** THE USAF AUTOMATED MISSILE DATCOM * REV 3/99 *****     CASE   1
               AERODYNAMIC METHODS FOR MISSILE CONFIGURATIONS          PAGE   1
    CASE INPUTS
    FOLLOWING ARE THE CARDS INPUT FOR THIS CASE

 DIM M                                                                           
  $FLTCON  NALPHA=11.,NMACH=6.,                                                  
           MACH=0.3000,0.6000,0.9000,1.1000,1.4000,2.0000,                       
           ALPHA=-10.0,-8.0,-6.0,-4.0,-2.0,0.0,2.0,4.0,6.0,8.0,10.0,$            
  $REFQ    XCG=0.1980,                                                           
           SREF=0.0010179,                                                       
           LREF=0.6000,                                                          
           RHR=0.,$                                                              
  $AXIBOD  X0=0.00,                                                              
           TNOSE=1.,                                                             
           LNOSE=0.1050,                                                         
           DNOSE=0.0360,                                                         
           BNOSE=0.0,                                                            
           TRUNC=.FALSE.,                                                        
           LCENTR=0.4950,                                                        
           DCENTR=0.0360,                                                        
           TAFT=0.,                                                              
           LAFT=0.0000,                                                          
           DAFT=0.0360,                                                          
           DEXIT=0.0000,$                                                        
  $FINSET1 XLE=0.4000,0.4000,NPANEL=8.,                                          
           SSPAN=0.0180,0.0275,                                                  
           CHORD=0.2000,0.2000,                                                  
           LER=2*0.0,                                                            
           PHIF=0.0,45.0,90.0,135.0,180.0,225.0,270.0,315.0,                     
           GAM=0.6667,0.6667,0.6667,0.6667,0.6667,0.6667,0.6667,0.6667,          
           SECTYP=0.,                                                            
           ZUPPER=0.025000,0.025000,                                             
           LMAXU=0.4,0.4,                                                        
           LFLATU=0.2,0.2,$                                                      
  $DEFLCT  DELTA1=0.6667,0.6667,0.6667,0.6667,0.6667,0.6667,0.6667,0.6667,       
           XHINGE=0.5500,$                                                       
 PART                                                                            
 NEXT CASE                                                                       
    * WARNING * THE REYNOLDS NUMBER IS NOT DEFINED, FOR INPUT SPEED  1
                SEA LEVEL ALTITUDE ASSUMED
    * WARNING * THE REYNOLDS NUMBER IS NOT DEFINED, FOR INPUT SPEED  2
                SEA LEVEL ALTITUDE ASSUMED
    * WARNING * THE REYNOLDS NUMBER IS NOT DEFINED, FOR INPUT SPEED  3
                SEA LEVEL ALTITUDE ASSUMED
    * WARNING * THE REYNOLDS NUMBER IS NOT DEFINED, FOR INPUT SPEED  4
                SEA LEVEL ALTITUDE ASSUMED
    * WARNING * THE REYNOLDS NUMBER IS NOT DEFINED, FOR INPUT SPEED  5
                SEA LEVEL ALTITUDE ASSUMED
    * WARNING * THE REYNOLDS NUMBER IS NOT DEFINED, FOR INPUT SPEED  6
                SEA LEVEL ALTITUDE ASSUMED
    THE BOUNDARY LAYER IS ASSUMED TO BE TURBULENT
    THE INPUT UNITS ARE IN METERS, THE SCALE FACTOR IS   1.0000
1         ***** THE USAF AUTOMATED MISSILE DATCOM * REV 3/99 *****     CASE   1
               AERODYNAMIC METHODS FOR MISSILE CONFIGURATIONS          PAGE   2
                        AXISYMMETRIC BODY DEFINITION

                             NOSE   CENTERBODY     AFT BODY        TOTAL
    SHAPE                   OGIVE     CYLINDER     --------
    LENGTH                  0.105        0.495        0.000        0.600   M
    FINENESS RATIO          2.917       13.750        0.000       16.667
    PLANFORM AREA           0.003        0.018        0.000        0.020   M**2
    AREA CENTROID           0.065        0.353        0.000        0.317   M
    WETTED AREA             0.008        0.056        0.000        0.064   M**2
    VOLUME                  0.000        0.001        0.000        0.001   M**3
    VOL. CENTROID           0.072        0.352        0.000        0.324   M

                              MOLD LINE CONTOUR

     LONGITUDINAL STATIONS    0.0000     0.0105     0.0210     0.0315     0.0420 
        0.0525     0.0630     0.0735     0.0840     0.0945     0.1050     0.1545 
        0.2040     0.2535     0.3030     0.3525     0.4020     0.4515     0.5010 
        0.5505     0.6000*

                BODY RADII    0.0000     0.0035     0.0066     0.0093     0.0116 
        0.0136     0.0152     0.0164     0.0173     0.0178     0.0180     0.0180 
        0.0180     0.0180     0.0180     0.0180     0.0180     0.0180     0.0180 
        0.0180     0.0180*
    NOTE - * INDICATES SLOPE DISCONTINUOUS POINTS
1         ***** THE USAF AUTOMATED MISSILE DATCOM * REV 3/99 *****     CASE   1
               AERODYNAMIC METHODS FOR MISSILE CONFIGURATIONS          PAGE   3
                         FIN SET NUMBER 1 AIRFOIL SECTION

                                  NACA S-3-40.0-05.0-20.0

         X/C     X-UPPER   Y-UPPER   X-LOWER   Y-LOWER  MEAN LINE  THICKNESS

       0.00000   0.00000   0.00000   0.00000   0.00000   0.00000   0.00000
       0.00100   0.00100   0.00006   0.00100  -0.00006   0.00000   0.00013
       0.00200   0.00200   0.00013   0.00200  -0.00013   0.00000   0.00025
       0.00300   0.00300   0.00019   0.00300  -0.00019   0.00000   0.00038
       0.00400   0.00400   0.00025   0.00400  -0.00025   0.00000   0.00050
       0.00500   0.00500   0.00031   0.00500  -0.00031   0.00000   0.00063
       0.00600   0.00600   0.00038   0.00600  -0.00038   0.00000   0.00075
       0.00800   0.00800   0.00050   0.00800  -0.00050   0.00000   0.00100
       0.01000   0.01000   0.00063   0.01000  -0.00063   0.00000   0.00125
       0.02000   0.02000   0.00125   0.02000  -0.00125   0.00000   0.00250
       0.03000   0.03000   0.00187   0.03000  -0.00187   0.00000   0.00375
       0.04000   0.04000   0.00250   0.04000  -0.00250   0.00000   0.00500
       0.05000   0.05000   0.00312   0.05000  -0.00312   0.00000   0.00625
       0.06000   0.06000   0.00375   0.06000  -0.00375   0.00000   0.00750
       0.08000   0.08000   0.00500   0.08000  -0.00500   0.00000   0.01000
       0.10000   0.10000   0.00625   0.10000  -0.00625   0.00000   0.01250
       0.12000   0.12000   0.00750   0.12000  -0.00750   0.00000   0.01500
       0.14000   0.14000   0.00875   0.14000  -0.00875   0.00000   0.01750
       0.16000   0.16000   0.01000   0.16000  -0.01000   0.00000   0.02000
       0.18000   0.18000   0.01125   0.18000  -0.01125   0.00000   0.02250
       0.20000   0.20000   0.01250   0.20000  -0.01250   0.00000   0.02500
       0.22000   0.22000   0.01375   0.22000  -0.01375   0.00000   0.02750
       0.24000   0.24000   0.01500   0.24000  -0.01500   0.00000   0.03000
       0.26000   0.26000   0.01625   0.26000  -0.01625   0.00000   0.03250
       0.28000   0.28000   0.01750   0.28000  -0.01750   0.00000   0.03500
       0.30000   0.30000   0.01875   0.30000  -0.01875   0.00000   0.03750
       0.32000   0.32000   0.02000   0.32000  -0.02000   0.00000   0.04000
       0.34000   0.34000   0.02125   0.34000  -0.02125   0.00000   0.04250
       0.36000   0.36000   0.02250   0.36000  -0.02250   0.00000   0.04500
       0.38000   0.38000   0.02375   0.38000  -0.02375   0.00000   0.04750
       0.40000   0.40000   0.02500   0.40000  -0.02500   0.00000   0.05000
       0.42000   0.42000   0.02500   0.42000  -0.02500   0.00000   0.05000
       0.45000   0.45000   0.02500   0.45000  -0.02500   0.00000   0.05000
       0.50000   0.50000   0.02500   0.50000  -0.02500   0.00000   0.05000
       0.55000   0.55000   0.02500   0.55000  -0.02500   0.00000   0.05000
       0.60000   0.60000   0.02500   0.60000  -0.02500   0.00000   0.05000
       0.65000   0.65000   0.02187   0.65000  -0.02187   0.00000   0.04375
       0.70000   0.70000   0.01875   0.70000  -0.01875   0.00000   0.03750
       0.75000   0.75000   0.01562   0.75000  -0.01562   0.00000   0.03125
       0.80000   0.80000   0.01250   0.80000  -0.01250   0.00000   0.02500
       0.82000   0.82000   0.01125   0.82000  -0.01125   0.00000   0.02250
       0.84000   0.84000   0.01000   0.84000  -0.01000   0.00000   0.02000
       0.86000   0.86000   0.00875   0.86000  -0.00875   0.00000   0.01750
       0.88000   0.88000   0.00750   0.88000  -0.00750   0.00000   0.01500
       0.90000   0.90000   0.00625   0.90000  -0.00625   0.00000   0.01250
       0.92000   0.92000   0.00500   0.92000  -0.00500   0.00000   0.01000
       0.94000   0.94000   0.00375   0.94000  -0.00375   0.00000   0.00750
       0.96000   0.96000   0.00250   0.96000  -0.00250   0.00000   0.00500
       0.98000   0.98000   0.00125   0.98000  -0.00125   0.00000   0.00250
       1.00000   1.00000   0.00000   1.00000   0.00000   0.00000   0.00000
1         ***** THE USAF AUTOMATED MISSILE DATCOM * REV 3/99 *****     CASE   1
               AERODYNAMIC METHODS FOR MISSILE CONFIGURATIONS          PAGE   4
                      GEOMETRIC RESULTS FOR FIN SETS

                             FIN SET NUMBER  1
                          (DATA FOR ONE PANEL ONLY)

    SEGMENT   PLAN        ASPECT    TAPER     L.E.     T.E.    M.A.C.    T/C
    NUMBER    AREA        RATIO     RATIO    SWEEP    SWEEP    CHORD    RATIO

      1      0.0019        0.047    1.000    0.000    0.000    0.200    0.050
    TOTAL    0.0019        0.047    1.000    0.000    0.000    0.200    0.050
 
 
 
1         ***** THE USAF AUTOMATED MISSILE DATCOM * REV 3/99 *****     CASE   1
               AERODYNAMIC METHODS FOR MISSILE CONFIGURATIONS          PAGE   5
                           FIN SET 1 SECTION AERODYNAMICS

                        IDEAL ANGLE OF ATTACK =    0.0000 DEG.
                    ZERO LIFT ANGLE OF ATTACK =    0.0000 DEG.
                       IDEAL LIFT COEFFICIENT =    0.0000
        ZERO LIFT PITCHING MOMENT COEFFICIENT =    0.0000
                   MACH ZERO LIFT-CURVE-SLOPE =    0.0963 /DEG.
                          LEADING EDGE RADIUS =    0.0000 FRACTION CHORD
                    MAXIMUM AIRFOIL THICKNESS =    0.0500 FRACTION CHORD
                                      DELTA-Y =    0.3656 PERCENT CHORD


    MACH = 0.300   CL-ALPHA = 0.1031 /DEG.   XAC = 0.2709   CL MAX = 0.7494

    MACH = 0.600   CL-ALPHA = 0.1269 /DEG.   XAC = 0.2700   CL MAX = 0.7647

                   *** CREST CRITICAL MACH NUMBER EXCEEDED ***

                           CREST CRITICAL MACH =    0.8070
                                      LOCATION =    0.4145 FRACTION CHORD
                              LIFT-CURVE-SLOPE =    0.1410 /DEG.
1         ***** THE USAF AUTOMATED MISSILE DATCOM * REV 3/99 *****     CASE   1
               AERODYNAMIC METHODS FOR MISSILE CONFIGURATIONS          PAGE   6
                             BODY ALONE PARTIAL OUTPUT

       ******* FLIGHT CONDITIONS AND REFERENCE QUANTITIES *******
     MACH NO  =       0.30                REYNOLDS NO = 6.955E+06 /M
     ALTITUDE =        0.0 M         DYNAMIC PRESSURE =   6383.49 N/M**2
     SIDESLIP =       0.00 DEG                   ROLL =      0.00 DEG     
     REF AREA =      0.001 M**2         MOMENT CENTER =     0.198 M
     REF LENGTH =     0.60 M           LAT REF LENGTH =      0.60 M

      ALPHA    CA-FRIC  CA-PRES/WAVE CA-BASE    CA-PROT     CA-SEP     CA-ALP
     -10.00     0.2106     0.0121     0.1368                           0.0014
      -8.00     0.2130     0.0122     0.1372                           0.0015
      -6.00     0.2148     0.0123     0.1374                           0.0010
      -4.00     0.2161     0.0124     0.1374                           0.0005
      -2.00     0.2169     0.0124     0.1373                           0.0001
       0.00     0.2172     0.0124     0.1370                           0.0000
       2.00     0.2169     0.0124     0.1373                           0.0001
       4.00     0.2161     0.0124     0.1374                           0.0005
       6.00     0.2148     0.0123     0.1374                           0.0010
       8.00     0.2130     0.0122     0.1372                           0.0015
      10.00     0.2106     0.0121     0.1368                           0.0014

                     CROSS FLOW DRAG PROPORTIONALITY FACTOR = 0.74620

      ALPHA    CN-POTEN  CN-VISC   CN-SEP    CM-POTEN  CM-VISC   CM-SEP    CDC
     -10.00    -0.457    -0.347              -0.033     0.069             0.772
      -8.00    -0.369    -0.221              -0.027     0.044             0.766
      -6.00    -0.278    -0.124              -0.020     0.024             0.759
      -4.00    -0.187    -0.055              -0.014     0.011             0.753
      -2.00    -0.094    -0.014              -0.007     0.003             0.746
       0.00     0.000     0.000               0.000     0.000             0.740
       2.00     0.094     0.014               0.007    -0.003             0.746
       4.00     0.187     0.055               0.014    -0.011             0.753
       6.00     0.278     0.124               0.020    -0.024             0.759
       8.00     0.369     0.221               0.027    -0.044             0.766
      10.00     0.457     0.347               0.033    -0.069             0.772
1         ***** THE USAF AUTOMATED MISSILE DATCOM * REV 3/99 *****     CASE   1
               AERODYNAMIC METHODS FOR MISSILE CONFIGURATIONS          PAGE   7
                        FIN SET 1 CA PARTIAL OUTPUT

       ******* FLIGHT CONDITIONS AND REFERENCE QUANTITIES *******
     MACH NO  =       0.30                REYNOLDS NO = 6.955E+06 /M
     ALTITUDE =        0.0 M         DYNAMIC PRESSURE =   6383.49 N/M**2
     SIDESLIP =       0.00 DEG                   ROLL =      0.00 DEG     
     REF AREA =      0.001 M**2         MOMENT CENTER =     0.198 M
     REF LENGTH =     0.60 M           LAT REF LENGTH =      0.60 M

    SINGLE FIN PANEL ZERO-LIFT AXIAL FORCE COMPONENTS

    SKIN FRICTION        0.0154
    SUBSONIC PRESSURE    0.0012
    TRANSONIC WAVE       0.0000
    SUPERSONIC WAVE      0.0000
    LEADING EDGE         0.0000
    TRAILING EDGE        0.0000
    TOTAL CAO            0.0166

    FIN AXIAL FORCE DUE TO ANGLE OF ATTACK

    ALPHA      CA DUE TO LIFT (SINGLE PANEL)   CA-TOTAL (8 FINS)

     -10.00              0.0000                      0.1309
      -8.00              0.0000                      0.1316
      -6.00              0.0000                      0.1322
      -4.00              0.0000                      0.1326
      -2.00              0.0000                      0.1328
       0.00              0.0000                      0.1329
       2.00              0.0000                      0.1328
       4.00              0.0000                      0.1326
       6.00              0.0000                      0.1322
       8.00              0.0000                      0.1316
      10.00              0.0000                      0.1309
1         ***** THE USAF AUTOMATED MISSILE DATCOM * REV 3/99 *****     CASE   1
               AERODYNAMIC METHODS FOR MISSILE CONFIGURATIONS          PAGE   8
                       FIN SET 1 CN, CM PARTIAL OUTPUT

       ******* FLIGHT CONDITIONS AND REFERENCE QUANTITIES *******
     MACH NO  =       0.30                REYNOLDS NO = 6.955E+06 /M
     ALTITUDE =        0.0 M         DYNAMIC PRESSURE =   6383.49 N/M**2
     SIDESLIP =       0.00 DEG                   ROLL =      0.00 DEG     
     REF AREA =      0.001 M**2         MOMENT CENTER =     0.198 M
     REF LENGTH =     0.60 M           LAT REF LENGTH =      0.60 M

    NORMAL FORCE SLOPE AT ALPHA ZERO, CNA =    0.00486/DEG (1 PANEL)
         CENTER OF PRESSURE FOR LINEAR CN =   -0.42667 (CALIBERS FROM C.G.)
     CENTER OF PRESSURE FOR NON-LINEAR CN =   -0.50333 (CALIBERS FROM C.G.)

      ALPHA      CN        CN        CN        CM        CM        CM
               LINEAR  NON-LINEAR  TOTAL     LINEAR  NON-LINEAR  TOTAL

     -10.00   -0.1919   -0.5325   -0.7244    0.0819    0.2680    0.3499
      -8.00   -0.1542   -0.3416   -0.4958    0.0658    0.1719    0.2377
      -6.00   -0.1161   -0.1925   -0.3085    0.0495    0.0969    0.1464
      -4.00   -0.0776   -0.0857   -0.1632    0.0331    0.0431    0.0762
      -2.00   -0.0388   -0.0214   -0.0603    0.0166    0.0108    0.0274
       0.00    0.0000    0.0000    0.0000    0.0000    0.0000    0.0000
       2.00    0.0388    0.0214    0.0603   -0.0166   -0.0108   -0.0274
       4.00    0.0776    0.0857    0.1632   -0.0331   -0.0431   -0.0762
       6.00    0.1161    0.1925    0.3085   -0.0495   -0.0969   -0.1464
       8.00    0.1542    0.3416    0.4958   -0.0658   -0.1719   -0.2377
      10.00    0.1919    0.5325    0.7244   -0.0819   -0.2680   -0.3499
1         ***** THE USAF AUTOMATED MISSILE DATCOM * REV 3/99 *****     CASE   1
               AERODYNAMIC METHODS FOR MISSILE CONFIGURATIONS          PAGE   9
                 AERODYNAMIC FORCE AND MOMENT SYNTHESIS

       ******* FLIGHT CONDITIONS AND REFERENCE QUANTITIES *******
     MACH NO  =       0.30                REYNOLDS NO = 6.955E+06 /M
     ALTITUDE =        0.0 M         DYNAMIC PRESSURE =   6383.49 N/M**2
     SIDESLIP =       0.00 DEG                   ROLL =      0.00 DEG     
     REF AREA =      0.001 M**2         MOMENT CENTER =     0.198 M
     REF LENGTH =     0.60 M           LAT REF LENGTH =      0.60 M

          ---------------FIN SET 1 IN PRESENCE OF THE BODY----------------

      ALPHA       CN         CM         CA         CY         CLN        CLL

     -10.00    -1.3643     0.5821     0.1345    -0.0033     0.0014    -0.0047
      -8.00    -0.9779     0.4173     0.1342    -0.0018     0.0008    -0.0041
      -6.00    -0.6297     0.2687     0.1340    -0.0007     0.0003    -0.0035
      -4.00    -0.3323     0.1418     0.1337    -0.0001     0.0001    -0.0028
      -2.00    -0.1182     0.0504     0.1335     0.0000     0.0000    -0.0019
       0.00     0.0000     0.0000     0.1332     0.0000     0.0000    -0.0012
       2.00     0.1182    -0.0504     0.1335     0.0000     0.0000    -0.0019
       4.00     0.3323    -0.1418     0.1337     0.0001    -0.0001    -0.0028
       6.00     0.6297    -0.2687     0.1340     0.0007    -0.0003    -0.0035
       8.00     0.9779    -0.4173     0.1342     0.0018    -0.0008    -0.0041
      10.00     1.3643    -0.5821     0.1345     0.0033    -0.0014    -0.0047
1         ***** THE USAF AUTOMATED MISSILE DATCOM * REV 3/99 *****     CASE   1
               AERODYNAMIC METHODS FOR MISSILE CONFIGURATIONS          PAGE  10
                 AERODYNAMIC FORCE AND MOMENT SYNTHESIS

       ******* FLIGHT CONDITIONS AND REFERENCE QUANTITIES *******
     MACH NO  =       0.30                REYNOLDS NO = 6.955E+06 /M
     ALTITUDE =        0.0 M         DYNAMIC PRESSURE =   6383.49 N/M**2
     SIDESLIP =       0.00 DEG                   ROLL =      0.00 DEG     
     REF AREA =      0.001 M**2         MOMENT CENTER =     0.198 M
     REF LENGTH =     0.60 M           LAT REF LENGTH =      0.60 M

          ---------------FIN SET 1 PANEL CHARACTERISTICS------------------

      ALPHA      PANEL    AEQ (PANEL AXIS SYS.)    PANEL CN

     -10.00        1              0.3852           0.0025
     -10.00        2            -10.9286          -0.2099
     -10.00        3            -15.1467          -0.3705
     -10.00        4             -9.1954          -0.1562
     -10.00        5              0.5977           0.0039
     -10.00        6             10.7041           0.2025
     -10.00        7             16.3076           0.4218
     -10.00        8             11.8224           0.2404
 
      -8.00        1              0.4219           0.0027
      -8.00        2             -8.7547          -0.1438
      -8.00        3            -12.2890          -0.2571
      -8.00        4             -7.8838          -0.1206
      -8.00        5              0.6653           0.0043
      -8.00        6              9.2891           0.1589
      -8.00        7             13.4441           0.3007
      -8.00        8              9.6947           0.1709
 
      -6.00        1              0.4594           0.0030
      -6.00        2             -6.5083          -0.0878
      -6.00        3             -9.2682          -0.1583
      -6.00        4             -6.2406          -0.0820
      -6.00        5              0.6827           0.0045
      -6.00        6              7.5592           0.1124
      -6.00        7             10.4193           0.1934
      -6.00        8              7.4974           0.1109
 
      -4.00        1              0.4975           0.0032
      -4.00        2             -4.1895          -0.0438
      -4.00        3             -6.0711          -0.0785
      -4.00        4             -4.0804          -0.0420
      -4.00        5              0.6529           0.0043
      -4.00        6              5.3399           0.0639
      -4.00        7              7.2214           0.1042
      -4.00        8              5.2308           0.0619
 
      -2.00        1              0.5362           0.0035
      -2.00        2             -1.8224          -0.0134
      -2.00        3             -2.7747          -0.0236
      -2.00        4             -1.7673          -0.0129
      -2.00        5              0.6142           0.0040
      -2.00        6              2.9728           0.0261
      -2.00        7              3.9251           0.0396
      -2.00        8              2.9177           0.0254
 
       0.00        1              0.5752           0.0037
       0.00        2              0.5752           0.0037
       0.00        3              0.5752           0.0037
       0.00        4              0.5752           0.0037
       0.00        5              0.5752           0.0037
       0.00        6              0.5752           0.0037
       0.00        7              0.5752           0.0037
       0.00        8              0.5752           0.0037
 
       2.00        1              0.6142           0.0040
       2.00        2              2.9728           0.0261
       2.00        3              3.9251           0.0396
       2.00        4              2.9177           0.0254
       2.00        5              0.5362           0.0035
       2.00        6             -1.8224          -0.0134
       2.00        7             -2.7747          -0.0236
       2.00        8             -1.7673          -0.0129
 
       4.00        1              0.6529           0.0043
       4.00        2              5.3399           0.0639
       4.00        3              7.2214           0.1042
       4.00        4              5.2308           0.0619
       4.00        5              0.4975           0.0032
       4.00        6             -4.1895          -0.0438
       4.00        7             -6.0711          -0.0785
       4.00        8             -4.0804          -0.0420
 
       6.00        1              0.6827           0.0045
       6.00        2              7.5592           0.1124
       6.00        3             10.4193           0.1934
       6.00        4              7.4974           0.1109
       6.00        5              0.4594           0.0030
       6.00        6             -6.5083          -0.0878
       6.00        7             -9.2682          -0.1583
       6.00        8             -6.2406          -0.0820
 
       8.00        1              0.6653           0.0043
       8.00        2              9.2891           0.1589
       8.00        3             13.4441           0.3007
       8.00        4              9.6947           0.1709
       8.00        5              0.4219           0.0027
       8.00        6             -8.7547          -0.1438
       8.00        7            -12.2890          -0.2571
       8.00        8             -7.8838          -0.1206
 
      10.00        1              0.5977           0.0039
      10.00        2             10.7041           0.2025
      10.00        3             16.3076           0.4218
      10.00        4             11.8224           0.2404
      10.00        5              0.3852           0.0025
      10.00        6            -10.9286          -0.2099
      10.00        7            -15.1467          -0.3705
      10.00        8             -9.1954          -0.1562
 
1         ***** THE USAF AUTOMATED MISSILE DATCOM * REV 3/99 *****     CASE   1
               AERODYNAMIC METHODS FOR MISSILE CONFIGURATIONS          PAGE  11
                 AERODYNAMIC FORCE AND MOMENT SYNTHESIS

       ******* FLIGHT CONDITIONS AND REFERENCE QUANTITIES *******
     MACH NO  =       0.30                REYNOLDS NO = 6.955E+06 /M
     ALTITUDE =        0.0 M         DYNAMIC PRESSURE =   6383.49 N/M**2
     SIDESLIP =       0.00 DEG                   ROLL =      0.00 DEG     
     REF AREA =      0.001 M**2         MOMENT CENTER =     0.198 M
     REF LENGTH =     0.60 M           LAT REF LENGTH =      0.60 M

             CARRYOVER INTERFERENCE FACTORS - FIN SET 1

      ALPHA   K-W(B)   K-B(W)  KK-W(B)  KK-B(W)  XCP-W(B) XCP-B(W) Y-CP/(B/2)

     -10.00   1.6234   1.1241   0.9535   0.6600   0.4267   0.4200   0.4388
      -8.00   1.6395   1.1241   0.9535   0.6600   0.4267   0.4200   0.4829
      -6.00   1.6540   1.1241   0.9535   0.6600   0.4267   0.4200   0.5405
      -4.00   1.6666   1.1241   0.9535   0.6600   0.4267   0.4200   0.5875
      -2.00   1.6764   1.1241   0.9535   0.6600   0.4267   0.4200   0.6224
       0.00   1.6818   1.1241   0.9535   0.6600   0.4267   0.4200   0.6432
       2.00   1.6764   1.1241   0.9535   0.6600   0.4267   0.4200   0.6344
       4.00   1.6666   1.1241   0.9535   0.6600   0.4267   0.4200   0.6065
       6.00   1.6540   1.1241   0.9535   0.6600   0.4267   0.4200   0.5681
       8.00   1.6395   1.1241   0.9535   0.6600   0.4267   0.4200   0.5312
      10.00   1.6234   1.1241   0.9535   0.6600   0.4267   0.4200   0.4970

    NOTE - XCP-W(B) USED FOR STABILITY ONLY DIFFERENT VALUES USED FOR HINGE MOMENTS
1         ***** THE USAF AUTOMATED MISSILE DATCOM * REV 3/99 *****     CASE   1
               AERODYNAMIC METHODS FOR MISSILE CONFIGURATIONS          PAGE  12
        FIN SET 1 PANEL BENDING MOMENTS (ABOUT EXPOSED ROOT CHORD)

       ******* FLIGHT CONDITIONS AND REFERENCE QUANTITIES *******
     MACH NO  =       0.30                REYNOLDS NO = 6.955E+06 /M
     ALTITUDE =        0.0 M         DYNAMIC PRESSURE =   6383.49 N/M**2
     SIDESLIP =       0.00 DEG                   ROLL =      0.00 DEG     
     REF AREA =      0.001 M**2         MOMENT CENTER =     0.198 M
     REF LENGTH =     0.60 M           LAT REF LENGTH =      0.60 M

   ALPHA   PANL 1   PANL 2   PANL 3   PANL 4   PANL 5   PANL 6   PANL 7   PANL 8
 
   -10.0  1.73E-05 -1.46E-03 -2.57E-03 -1.09E-03  2.70E-05  1.41E-03  2.93E-03  1.67E-03
    -8.0  2.08E-05 -1.10E-03 -1.97E-03 -9.22E-04  3.32E-05  1.22E-03  2.30E-03  1.31E-03
    -6.0  2.54E-05 -7.52E-04 -1.35E-03 -7.02E-04  3.82E-05  9.62E-04  1.65E-03  9.49E-04
    -4.0  3.00E-05 -4.07E-04 -7.30E-04 -3.91E-04  3.96E-05  5.94E-04  9.69E-04  5.75E-04
    -2.0  3.43E-05 -1.32E-04 -2.33E-04 -1.27E-04  3.94E-05  2.57E-04  3.90E-04  2.50E-04
     0.0  3.81E-05  3.81E-05  3.81E-05  3.81E-05  3.81E-05  3.81E-05  3.81E-05  3.81E-05
     2.0  4.02E-05  2.62E-04  3.98E-04  2.55E-04  3.49E-05 -1.34E-04 -2.37E-04 -1.29E-04
     4.0  4.09E-05  6.14E-04  1.00E-03  5.94E-04  3.09E-05 -4.20E-04 -7.53E-04 -4.04E-04
     6.0  4.01E-05  1.01E-03  1.74E-03  9.97E-04  2.67E-05 -7.90E-04 -1.42E-03 -7.38E-04
     8.0  3.65E-05  1.34E-03  2.53E-03  1.44E-03  2.29E-05 -1.21E-03 -2.16E-03 -1.01E-03
    10.0  3.06E-05  1.59E-03  3.32E-03  1.89E-03  1.95E-05 -1.65E-03 -2.92E-03 -1.23E-03
1         ***** THE USAF AUTOMATED MISSILE DATCOM * REV 3/99 *****     CASE   1
               AERODYNAMIC METHODS FOR MISSILE CONFIGURATIONS          PAGE  13
            FIN SET 1 PANEL HINGE MOMENTS (ABOUT HINGE LINE)

       ******* FLIGHT CONDITIONS AND REFERENCE QUANTITIES *******
     MACH NO  =       0.30                REYNOLDS NO = 6.955E+06 /M
     ALTITUDE =        0.0 M         DYNAMIC PRESSURE =   6383.49 N/M**2
     SIDESLIP =       0.00 DEG                   ROLL =      0.00 DEG     
     REF AREA =      0.001 M**2         MOMENT CENTER =     0.198 M
     REF LENGTH =     0.60 M           LAT REF LENGTH =      0.60 M

   ALPHA   PANL 1   PANL 2   PANL 3   PANL 4   PANL 5   PANL 6   PANL 7   PANL 8
 
   -10.0  4.52E-04 -3.58E-02 -5.98E-02 -2.71E-02  7.07E-04  3.46E-02  6.69E-02  4.06E-02
    -8.0  4.96E-04 -2.50E-02 -4.32E-02 -2.11E-02  7.90E-04  2.75E-02  4.97E-02  2.95E-02
    -6.0  5.40E-04 -1.56E-02 -2.74E-02 -1.46E-02  8.12E-04  1.98E-02  3.31E-02  1.95E-02
    -4.0  5.86E-04 -7.87E-03 -1.39E-02 -7.56E-03  7.75E-04  1.14E-02  1.84E-02  1.11E-02
    -2.0  6.33E-04 -2.43E-03 -4.27E-03 -2.34E-03  7.28E-04  4.72E-03  7.13E-03  4.59E-03
     0.0  6.80E-04  6.80E-04  6.80E-04  6.80E-04  6.80E-04  6.80E-04  6.80E-04  6.80E-04
     2.0  7.28E-04  4.72E-03  7.13E-03  4.59E-03  6.33E-04 -2.43E-03 -4.27E-03 -2.34E-03
     4.0  7.75E-04  1.14E-02  1.84E-02  1.11E-02  5.86E-04 -7.87E-03 -1.39E-02 -7.56E-03
     6.0  8.12E-04  1.98E-02  3.31E-02  1.95E-02  5.40E-04 -1.56E-02 -2.74E-02 -1.46E-02
     8.0  7.90E-04  2.75E-02  4.97E-02  2.95E-02  4.96E-04 -2.50E-02 -4.32E-02 -2.11E-02
    10.0  7.07E-04  3.46E-02  6.69E-02  4.06E-02  4.52E-04 -3.58E-02 -5.98E-02 -2.71E-02
1         ***** THE USAF AUTOMATED MISSILE DATCOM * REV 3/99 *****     CASE   1
               AERODYNAMIC METHODS FOR MISSILE CONFIGURATIONS          PAGE  14
                   STATIC AERODYNAMICS FOR BODY-FIN SET 1

       ******* FLIGHT CONDITIONS AND REFERENCE QUANTITIES *******
     MACH NO  =       0.30                REYNOLDS NO = 6.955E+06 /M
     ALTITUDE =        0.0 M         DYNAMIC PRESSURE =   6383.49 N/M**2
     SIDESLIP =       0.00 DEG                   ROLL =      0.00 DEG     
     REF AREA =      0.001 M**2         MOMENT CENTER =     0.198 M
     REF LENGTH =     0.60 M           LAT REF LENGTH =      0.60 M

                   ----- LONGITUDINAL -----     -- LATERAL DIRECTIONAL --
         ALPHA       CN        CM        CA        CY       CLN       CLL

        -10.00    -3.113     1.014     0.495    -0.006     0.002    -0.005
         -8.00    -2.238     0.716     0.498    -0.003     0.001    -0.004
         -6.00    -1.460     0.453     0.500    -0.001     0.000    -0.004
         -4.00    -0.798     0.233     0.500     0.000     0.000    -0.003
         -2.00    -0.305     0.080     0.500     0.000     0.000    -0.002
          0.00     0.000     0.000     0.500     0.000     0.000    -0.001
          2.00     0.305    -0.080     0.500     0.000     0.000    -0.002
          4.00     0.798    -0.233     0.500     0.000     0.000    -0.003
          6.00     1.460    -0.453     0.500     0.001     0.000    -0.004
          8.00     2.238    -0.716     0.498     0.003    -0.001    -0.004
         10.00     3.113    -1.014     0.495     0.006    -0.002    -0.005

         ALPHA       CL        CD      CL/CD     X-C.P.

        -10.00    -2.980     1.028    -2.897    -0.326
         -8.00    -2.147     0.805    -2.668    -0.320
         -6.00    -1.400     0.649    -2.155    -0.310
         -4.00    -0.761     0.555    -1.372    -0.292
         -2.00    -0.287     0.511    -0.562    -0.261
          0.00     0.000     0.500     0.000    -0.424
          2.00     0.287     0.511     0.562    -0.261
          4.00     0.761     0.555     1.372    -0.292
          6.00     1.400     0.649     2.155    -0.310
          8.00     2.147     0.805     2.668    -0.320
         10.00     2.980     1.028     2.897    -0.326

    X-C.P. MEAS. FROM MOMENT CENTER IN REF. LENGTHS, NEG. AFT OF MOMENT CENTER
1         ***** THE USAF AUTOMATED MISSILE DATCOM * REV 3/99 *****     CASE   1
               AERODYNAMIC METHODS FOR MISSILE CONFIGURATIONS          PAGE  15
                   STATIC AERODYNAMICS FOR BODY-FIN SET 1

       ******* FLIGHT CONDITIONS AND REFERENCE QUANTITIES *******
     MACH NO  =       0.30                REYNOLDS NO = 6.955E+06 /M
     ALTITUDE =        0.0 M         DYNAMIC PRESSURE =   6383.49 N/M**2
     SIDESLIP =       0.00 DEG                   ROLL =      0.00 DEG     
     REF AREA =      0.001 M**2         MOMENT CENTER =     0.198 M
     REF LENGTH =     0.60 M           LAT REF LENGTH =      0.60 M

                   ---------- DERIVATIVES (PER DEGREE) ----------
         ALPHA       CNA         CMA         CYB         CLNB        CLLB
        -10.00      0.4616     -0.1581     -0.3044      0.0988      0.0003
         -8.00      0.4131     -0.1404     -0.2718      0.0862      0.0002
         -6.00      0.3599     -0.1207     -0.2356      0.0722      0.0000
         -4.00      0.2883     -0.0932     -0.1982      0.0577     -0.0001
         -2.00      0.1990     -0.0583     -0.1577      0.0419     -0.0001
          0.00      0.1523     -0.0398     -0.1335      0.0322     -0.0002
          2.00      0.1990     -0.0583     -0.1577      0.0419     -0.0001
          4.00      0.2883     -0.0932     -0.1988      0.0580     -0.0001
          6.00      0.3599     -0.1207     -0.2357      0.0723     -0.0001
          8.00      0.4131     -0.1404     -0.2692      0.0851     -0.0003
         10.00      0.4616     -0.1581     -0.3001      0.0970     -0.0004

    PANEL DEFLECTION ANGLES (DEGREES)
    SET    FIN 1   FIN 2   FIN 3   FIN 4   FIN 5   FIN 6   FIN 7   FIN 8
      1    0.67    0.67    0.67    0.67    0.67    0.67    0.67    0.67
1         ***** THE USAF AUTOMATED MISSILE DATCOM * REV 3/99 *****     CASE   1
               AERODYNAMIC METHODS FOR MISSILE CONFIGURATIONS          PAGE  16
                             BODY ALONE PARTIAL OUTPUT

       ******* FLIGHT CONDITIONS AND REFERENCE QUANTITIES *******
     MACH NO  =       0.60                REYNOLDS NO = 1.391E+07 /M
     ALTITUDE =        0.0 M         DYNAMIC PRESSURE =  25533.94 N/M**2
     SIDESLIP =       0.00 DEG                   ROLL =      0.00 DEG     
     REF AREA =      0.001 M**2         MOMENT CENTER =     0.198 M
     REF LENGTH =     0.60 M           LAT REF LENGTH =      0.60 M

      ALPHA    CA-FRIC  CA-PRES/WAVE CA-BASE    CA-PROT     CA-SEP     CA-ALP
     -10.00     0.1842     0.0126     0.1356                           0.0010
      -8.00     0.1862     0.0127     0.1360                           0.0012
      -6.00     0.1878     0.0128     0.1363                           0.0009
      -4.00     0.1890     0.0129     0.1364                           0.0005
      -2.00     0.1897     0.0130     0.1363                           0.0001
       0.00     0.1899     0.0130     0.1360                           0.0000
       2.00     0.1897     0.0130     0.1363                           0.0001
       4.00     0.1890     0.0129     0.1364                           0.0005
       6.00     0.1878     0.0128     0.1363                           0.0009
       8.00     0.1862     0.0127     0.1360                           0.0012
      10.00     0.1842     0.0126     0.1356                           0.0010

                     CROSS FLOW DRAG PROPORTIONALITY FACTOR = 0.74620

      ALPHA    CN-POTEN  CN-VISC   CN-SEP    CM-POTEN  CM-VISC   CM-SEP    CDC
     -10.00    -0.457    -0.362              -0.033     0.072             0.804
      -8.00    -0.369    -0.229              -0.027     0.045             0.791
      -6.00    -0.278    -0.127              -0.020     0.025             0.778
      -4.00    -0.187    -0.056              -0.014     0.011             0.766
      -2.00    -0.094    -0.014              -0.007     0.003             0.753
       0.00     0.000     0.000               0.000     0.000             0.740
       2.00     0.094     0.014               0.007    -0.003             0.753
       4.00     0.187     0.056               0.014    -0.011             0.766
       6.00     0.278     0.127               0.020    -0.025             0.778
       8.00     0.369     0.229               0.027    -0.045             0.791
      10.00     0.457     0.362               0.033    -0.072             0.804
1         ***** THE USAF AUTOMATED MISSILE DATCOM * REV 3/99 *****     CASE   1
               AERODYNAMIC METHODS FOR MISSILE CONFIGURATIONS          PAGE  17
                        FIN SET 1 CA PARTIAL OUTPUT

       ******* FLIGHT CONDITIONS AND REFERENCE QUANTITIES *******
     MACH NO  =       0.60                REYNOLDS NO = 1.391E+07 /M
     ALTITUDE =        0.0 M         DYNAMIC PRESSURE =  25533.94 N/M**2
     SIDESLIP =       0.00 DEG                   ROLL =      0.00 DEG     
     REF AREA =      0.001 M**2         MOMENT CENTER =     0.198 M
     REF LENGTH =     0.60 M           LAT REF LENGTH =      0.60 M

    SINGLE FIN PANEL ZERO-LIFT AXIAL FORCE COMPONENTS

    SKIN FRICTION        0.0133
    SUBSONIC PRESSURE    0.0011
    TRANSONIC WAVE       0.0000
    SUPERSONIC WAVE      0.0000
    LEADING EDGE         0.0000
    TRAILING EDGE        0.0000
    TOTAL CAO            0.0144

    FIN AXIAL FORCE DUE TO ANGLE OF ATTACK

    ALPHA      CA DUE TO LIFT (SINGLE PANEL)   CA-TOTAL (8 FINS)

     -10.00              0.0000                      0.1135
      -8.00              0.0000                      0.1141
      -6.00              0.0000                      0.1146
      -4.00              0.0000                      0.1149
      -2.00              0.0000                      0.1152
       0.00              0.0000                      0.1152
       2.00              0.0000                      0.1152
       4.00              0.0000                      0.1149
       6.00              0.0000                      0.1146
       8.00              0.0000                      0.1141
      10.00              0.0000                      0.1135
1         ***** THE USAF AUTOMATED MISSILE DATCOM * REV 3/99 *****     CASE   1
               AERODYNAMIC METHODS FOR MISSILE CONFIGURATIONS          PAGE  18
                       FIN SET 1 CN, CM PARTIAL OUTPUT

       ******* FLIGHT CONDITIONS AND REFERENCE QUANTITIES *******
     MACH NO  =       0.60                REYNOLDS NO = 1.391E+07 /M
     ALTITUDE =        0.0 M         DYNAMIC PRESSURE =  25533.94 N/M**2
     SIDESLIP =       0.00 DEG                   ROLL =      0.00 DEG     
     REF AREA =      0.001 M**2         MOMENT CENTER =     0.198 M
     REF LENGTH =     0.60 M           LAT REF LENGTH =      0.60 M

    NORMAL FORCE SLOPE AT ALPHA ZERO, CNA =    0.00486/DEG (1 PANEL)
         CENTER OF PRESSURE FOR LINEAR CN =   -0.42667 (CALIBERS FROM C.G.)
     CENTER OF PRESSURE FOR NON-LINEAR CN =   -0.50333 (CALIBERS FROM C.G.)

      ALPHA      CN        CN        CN        CM        CM        CM
               LINEAR  NON-LINEAR  TOTAL     LINEAR  NON-LINEAR  TOTAL

     -10.00   -0.1919   -0.5667   -0.7586    0.0819    0.2852    0.3671
      -8.00   -0.1542   -0.3635   -0.5178    0.0658    0.1830    0.2488
      -6.00   -0.1161   -0.2048   -0.3209    0.0495    0.1031    0.1526
      -4.00   -0.0776   -0.0912   -0.1688    0.0331    0.0459    0.0790
      -2.00   -0.0389   -0.0228   -0.0617    0.0166    0.0115    0.0281
       0.00    0.0000    0.0000    0.0000    0.0000    0.0000    0.0000
       2.00    0.0389    0.0228    0.0617   -0.0166   -0.0115   -0.0281
       4.00    0.0776    0.0912    0.1688   -0.0331   -0.0459   -0.0790
       6.00    0.1161    0.2048    0.3209   -0.0495   -0.1031   -0.1526
       8.00    0.1542    0.3635    0.5178   -0.0658   -0.1830   -0.2488
      10.00    0.1919    0.5667    0.7586   -0.0819   -0.2852   -0.3671
1         ***** THE USAF AUTOMATED MISSILE DATCOM * REV 3/99 *****     CASE   1
               AERODYNAMIC METHODS FOR MISSILE CONFIGURATIONS          PAGE  19
                 AERODYNAMIC FORCE AND MOMENT SYNTHESIS

       ******* FLIGHT CONDITIONS AND REFERENCE QUANTITIES *******
     MACH NO  =       0.60                REYNOLDS NO = 1.391E+07 /M
     ALTITUDE =        0.0 M         DYNAMIC PRESSURE =  25533.94 N/M**2
     SIDESLIP =       0.00 DEG                   ROLL =      0.00 DEG     
     REF AREA =      0.001 M**2         MOMENT CENTER =     0.198 M
     REF LENGTH =     0.60 M           LAT REF LENGTH =      0.60 M

          ---------------FIN SET 1 IN PRESENCE OF THE BODY----------------

      ALPHA       CN         CM         CA         CY         CLN        CLL

     -10.00    -1.4296     0.6100     0.1169    -0.0036     0.0015    -0.0051
      -8.00    -1.0241     0.4369     0.1166    -0.0020     0.0008    -0.0044
      -6.00    -0.6580     0.2807     0.1164    -0.0007     0.0003    -0.0037
      -4.00    -0.3454     0.1474     0.1161    -0.0002     0.0001    -0.0029
      -2.00    -0.1217     0.0519     0.1158     0.0000     0.0000    -0.0020
       0.00     0.0000     0.0000     0.1156     0.0000     0.0000    -0.0012
       2.00     0.1217    -0.0519     0.1158     0.0000     0.0000    -0.0020
       4.00     0.3454    -0.1474     0.1161     0.0002    -0.0001    -0.0029
       6.00     0.6580    -0.2807     0.1164     0.0007    -0.0003    -0.0037
       8.00     1.0241    -0.4369     0.1166     0.0020    -0.0008    -0.0044
      10.00     1.4296    -0.6100     0.1169     0.0036    -0.0015    -0.0051
1         ***** THE USAF AUTOMATED MISSILE DATCOM * REV 3/99 *****     CASE   1
               AERODYNAMIC METHODS FOR MISSILE CONFIGURATIONS          PAGE  20
                 AERODYNAMIC FORCE AND MOMENT SYNTHESIS

       ******* FLIGHT CONDITIONS AND REFERENCE QUANTITIES *******
     MACH NO  =       0.60                REYNOLDS NO = 1.391E+07 /M
     ALTITUDE =        0.0 M         DYNAMIC PRESSURE =  25533.94 N/M**2
     SIDESLIP =       0.00 DEG                   ROLL =      0.00 DEG     
     REF AREA =      0.001 M**2         MOMENT CENTER =     0.198 M
     REF LENGTH =     0.60 M           LAT REF LENGTH =      0.60 M

          ---------------FIN SET 1 PANEL CHARACTERISTICS------------------

      ALPHA      PANEL    AEQ (PANEL AXIS SYS.)    PANEL CN

     -10.00        1              0.3852           0.0025
     -10.00        2            -10.9258          -0.2200
     -10.00        3            -15.1363          -0.3893
     -10.00        4             -9.1313          -0.1615
     -10.00        5              0.5907           0.0039
     -10.00        6             10.6442           0.2102
     -10.00        7             16.2977           0.4436
     -10.00        8             11.8197           0.2522
 
      -8.00        1              0.4219           0.0028
      -8.00        2             -8.7538          -0.1503
      -8.00        3            -12.2854          -0.2698
      -8.00        4             -7.8608          -0.1253
      -8.00        5              0.6632           0.0044
      -8.00        6              9.2675           0.1656
      -8.00        7             13.4406           0.3158
      -8.00        8              9.6937           0.1789
 
      -6.00        1              0.4594           0.0030
      -6.00        2             -6.5082          -0.0915
      -6.00        3             -9.2677          -0.1657
      -6.00        4             -6.2378          -0.0853
      -6.00        5              0.6825           0.0045
      -6.00        6              7.5565           0.1172
      -6.00        7             10.4189           0.2026
      -6.00        8              7.4973           0.1157
 
      -4.00        1              0.4975           0.0033
      -4.00        2             -4.1895          -0.0453
      -4.00        3             -6.0711          -0.0816
      -4.00        4             -4.0804          -0.0435
      -4.00        5              0.6529           0.0043
      -4.00        6              5.3399           0.0664
      -4.00        7              7.2214           0.1087
      -4.00        8              5.2308           0.0642
 
      -2.00        1              0.5362           0.0035
      -2.00        2             -1.8224          -0.0137
      -2.00        3             -2.7747          -0.0243
      -2.00        4             -1.7673          -0.0132
      -2.00        5              0.6142           0.0041
      -2.00        6              2.9728           0.0269
      -2.00        7              3.9251           0.0409
      -2.00        8              2.9177           0.0261
 
       0.00        1              0.5752           0.0038
       0.00        2              0.5752           0.0038
       0.00        3              0.5752           0.0038
       0.00        4              0.5752           0.0038
       0.00        5              0.5752           0.0038
       0.00        6              0.5752           0.0038
       0.00        7              0.5752           0.0038
       0.00        8              0.5752           0.0038
 
       2.00        1              0.6142           0.0041
       2.00        2              2.9728           0.0269
       2.00        3              3.9251           0.0409
       2.00        4              2.9177           0.0261
       2.00        5              0.5362           0.0035
       2.00        6             -1.8224          -0.0137
       2.00        7             -2.7747          -0.0243
       2.00        8             -1.7673          -0.0132
 
       4.00        1              0.6529           0.0043
       4.00        2              5.3399           0.0664
       4.00        3              7.2214           0.1087
       4.00        4              5.2308           0.0642
       4.00        5              0.4975           0.0033
       4.00        6             -4.1895          -0.0453
       4.00        7             -6.0711          -0.0816
       4.00        8             -4.0804          -0.0435
 
       6.00        1              0.6825           0.0045
       6.00        2              7.5565           0.1172
       6.00        3             10.4189           0.2026
       6.00        4              7.4973           0.1157
       6.00        5              0.4594           0.0030
       6.00        6             -6.5082          -0.0915
       6.00        7             -9.2677          -0.1657
       6.00        8             -6.2378          -0.0853
 
       8.00        1              0.6632           0.0044
       8.00        2              9.2675           0.1656
       8.00        3             13.4406           0.3158
       8.00        4              9.6937           0.1789
       8.00        5              0.4219           0.0028
       8.00        6             -8.7538          -0.1503
       8.00        7            -12.2854          -0.2698
       8.00        8             -7.8608          -0.1253
 
      10.00        1              0.5907           0.0039
      10.00        2             10.6442           0.2102
      10.00        3             16.2977           0.4436
      10.00        4             11.8197           0.2522
      10.00        5              0.3852           0.0025
      10.00        6            -10.9258          -0.2200
      10.00        7            -15.1363          -0.3893
      10.00        8             -9.1313          -0.1615
 
1         ***** THE USAF AUTOMATED MISSILE DATCOM * REV 3/99 *****     CASE   1
               AERODYNAMIC METHODS FOR MISSILE CONFIGURATIONS          PAGE  21
                 AERODYNAMIC FORCE AND MOMENT SYNTHESIS

       ******* FLIGHT CONDITIONS AND REFERENCE QUANTITIES *******
     MACH NO  =       0.60                REYNOLDS NO = 1.391E+07 /M
     ALTITUDE =        0.0 M         DYNAMIC PRESSURE =  25533.94 N/M**2
     SIDESLIP =       0.00 DEG                   ROLL =      0.00 DEG     
     REF AREA =      0.001 M**2         MOMENT CENTER =     0.198 M
     REF LENGTH =     0.60 M           LAT REF LENGTH =      0.60 M

             CARRYOVER INTERFERENCE FACTORS - FIN SET 1

      ALPHA   K-W(B)   K-B(W)  KK-W(B)  KK-B(W)  XCP-W(B) XCP-B(W) Y-CP/(B/2)

     -10.00   1.6234   1.1241   0.9535   0.6600   0.4267   0.4200   0.4449
      -8.00   1.6395   1.1241   0.9535   0.6600   0.4267   0.4200   0.4730
      -6.00   1.6540   1.1241   0.9535   0.6600   0.4267   0.4200   0.5118
      -4.00   1.6666   1.1241   0.9535   0.6600   0.4267   0.4200   0.5434
      -2.00   1.6764   1.1241   0.9535   0.6600   0.4267   0.4200   0.5668
       0.00   1.6818   1.1241   0.9535   0.6600   0.4267   0.4200   0.5805
       2.00   1.6764   1.1241   0.9535   0.6600   0.4267   0.4200   0.5748
       4.00   1.6666   1.1241   0.9535   0.6600   0.4267   0.4200   0.5562
       6.00   1.6540   1.1241   0.9535   0.6600   0.4267   0.4200   0.5305
       8.00   1.6395   1.1241   0.9535   0.6600   0.4267   0.4200   0.5059
      10.00   1.6234   1.1241   0.9535   0.6600   0.4267   0.4200   0.4837

    NOTE - XCP-W(B) USED FOR STABILITY ONLY DIFFERENT VALUES USED FOR HINGE MOMENTS
1         ***** THE USAF AUTOMATED MISSILE DATCOM * REV 3/99 *****     CASE   1
               AERODYNAMIC METHODS FOR MISSILE CONFIGURATIONS          PAGE  22
        FIN SET 1 PANEL BENDING MOMENTS (ABOUT EXPOSED ROOT CHORD)

       ******* FLIGHT CONDITIONS AND REFERENCE QUANTITIES *******
     MACH NO  =       0.60                REYNOLDS NO = 1.391E+07 /M
     ALTITUDE =        0.0 M         DYNAMIC PRESSURE =  25533.94 N/M**2
     SIDESLIP =       0.00 DEG                   ROLL =      0.00 DEG     
     REF AREA =      0.001 M**2         MOMENT CENTER =     0.198 M
     REF LENGTH =     0.60 M           LAT REF LENGTH =      0.60 M

   ALPHA   PANL 1   PANL 2   PANL 3   PANL 4   PANL 5   PANL 6   PANL 7   PANL 8
 
   -10.0  1.78E-05 -1.55E-03 -2.74E-03 -1.14E-03  2.75E-05  1.48E-03  3.12E-03  1.78E-03
    -8.0  2.07E-05 -1.13E-03 -2.02E-03 -9.38E-04  3.30E-05  1.24E-03  2.37E-03  1.34E-03
    -6.0  2.45E-05 -7.41E-04 -1.34E-03 -6.91E-04  3.68E-05  9.50E-04  1.64E-03  9.38E-04
    -4.0  2.82E-05 -3.90E-04 -7.02E-04 -3.74E-04  3.73E-05  5.71E-04  9.35E-04  5.52E-04
    -2.0  3.17E-05 -1.23E-04 -2.18E-04 -1.18E-04  3.65E-05  2.41E-04  3.67E-04  2.35E-04
     0.0  3.49E-05  3.49E-05  3.49E-05  3.49E-05  3.49E-05  3.49E-05  3.49E-05  3.49E-05
     2.0  3.70E-05  2.45E-04  3.73E-04  2.38E-04  3.22E-05 -1.24E-04 -2.21E-04 -1.20E-04
     4.0  3.81E-05  5.84E-04  9.57E-04  5.65E-04  2.88E-05 -3.99E-04 -7.19E-04 -3.83E-04
     6.0  3.81E-05  9.85E-04  1.70E-03  9.72E-04  2.53E-05 -7.68E-04 -1.39E-03 -7.17E-04
     8.0  3.53E-05  1.33E-03  2.53E-03  1.43E-03  2.22E-05 -1.20E-03 -2.16E-03 -1.00E-03
    10.0  2.99E-05  1.61E-03  3.40E-03  1.93E-03  1.93E-05 -1.68E-03 -2.98E-03 -1.24E-03
1         ***** THE USAF AUTOMATED MISSILE DATCOM * REV 3/99 *****     CASE   1
               AERODYNAMIC METHODS FOR MISSILE CONFIGURATIONS          PAGE  23
            FIN SET 1 PANEL HINGE MOMENTS (ABOUT HINGE LINE)

       ******* FLIGHT CONDITIONS AND REFERENCE QUANTITIES *******
     MACH NO  =       0.60                REYNOLDS NO = 1.391E+07 /M
     ALTITUDE =        0.0 M         DYNAMIC PRESSURE =  25533.94 N/M**2
     SIDESLIP =       0.00 DEG                   ROLL =      0.00 DEG     
     REF AREA =      0.001 M**2         MOMENT CENTER =     0.198 M
     REF LENGTH =     0.60 M           LAT REF LENGTH =      0.60 M

   ALPHA   PANL 1   PANL 2   PANL 3   PANL 4   PANL 5   PANL 6   PANL 7   PANL 8
 
   -10.0  4.57E-04 -3.73E-02 -6.24E-02 -2.79E-02  7.07E-04  3.57E-02  6.98E-02  4.23E-02
    -8.0  5.01E-04 -2.60E-02 -4.50E-02 -2.19E-02  7.96E-04  2.85E-02  5.19E-02  3.07E-02
    -6.0  5.46E-04 -1.61E-02 -2.85E-02 -1.51E-02  8.21E-04  2.05E-02  3.45E-02  2.02E-02
    -4.0  5.92E-04 -8.09E-03 -1.44E-02 -7.77E-03  7.84E-04  1.18E-02  1.91E-02  1.14E-02
    -2.0  6.40E-04 -2.47E-03 -4.37E-03 -2.37E-03  7.36E-04  4.83E-03  7.33E-03  4.70E-03
     0.0  6.87E-04  6.87E-04  6.87E-04  6.87E-04  6.87E-04  6.87E-04  6.87E-04  6.87E-04
     2.0  7.36E-04  4.83E-03  7.33E-03  4.70E-03  6.40E-04 -2.47E-03 -4.37E-03 -2.37E-03
     4.0  7.84E-04  1.18E-02  1.91E-02  1.14E-02  5.92E-04 -8.09E-03 -1.44E-02 -7.77E-03
     6.0  8.21E-04  2.05E-02  3.45E-02  2.02E-02  5.46E-04 -1.61E-02 -2.85E-02 -1.51E-02
     8.0  7.96E-04  2.85E-02  5.19E-02  3.07E-02  5.01E-04 -2.60E-02 -4.50E-02 -2.19E-02
    10.0  7.07E-04  3.57E-02  6.98E-02  4.23E-02  4.57E-04 -3.73E-02 -6.24E-02 -2.79E-02
1         ***** THE USAF AUTOMATED MISSILE DATCOM * REV 3/99 *****     CASE   1
               AERODYNAMIC METHODS FOR MISSILE CONFIGURATIONS          PAGE  24
                   STATIC AERODYNAMICS FOR BODY-FIN SET 1

       ******* FLIGHT CONDITIONS AND REFERENCE QUANTITIES *******
     MACH NO  =       0.60                REYNOLDS NO = 1.391E+07 /M
     ALTITUDE =        0.0 M         DYNAMIC PRESSURE =  25533.94 N/M**2
     SIDESLIP =       0.00 DEG                   ROLL =      0.00 DEG     
     REF AREA =      0.001 M**2         MOMENT CENTER =     0.198 M
     REF LENGTH =     0.60 M           LAT REF LENGTH =      0.60 M

                   ----- LONGITUDINAL -----     -- LATERAL DIRECTIONAL --
         ALPHA       CN        CM        CA        CY       CLN       CLL

        -10.00    -3.238     1.064     0.450    -0.006     0.003    -0.005
         -8.00    -2.324     0.750     0.453    -0.003     0.001    -0.004
         -6.00    -1.510     0.473     0.454    -0.001     0.001    -0.004
         -4.00    -0.820     0.243     0.455     0.000     0.000    -0.003
         -2.00    -0.310     0.082     0.455     0.000     0.000    -0.002
          0.00     0.000     0.000     0.454     0.000     0.000    -0.001
          2.00     0.310    -0.082     0.455     0.000     0.000    -0.002
          4.00     0.820    -0.243     0.455     0.000     0.000    -0.003
          6.00     1.510    -0.473     0.454     0.001    -0.001    -0.004
          8.00     2.324    -0.750     0.453     0.003    -0.001    -0.004
         10.00     3.238    -1.064     0.450     0.006    -0.003    -0.005

         ALPHA       CL        CD      CL/CD     X-C.P.

        -10.00    -3.111     1.006    -3.093    -0.329
         -8.00    -2.238     0.772    -2.900    -0.323
         -6.00    -1.455     0.610    -2.386    -0.313
         -4.00    -0.787     0.511    -1.540    -0.296
         -2.00    -0.294     0.465    -0.633    -0.264
          0.00     0.000     0.454     0.000    -0.424
          2.00     0.294     0.465     0.633    -0.264
          4.00     0.787     0.511     1.540    -0.296
          6.00     1.455     0.610     2.386    -0.313
          8.00     2.238     0.772     2.900    -0.323
         10.00     3.111     1.006     3.093    -0.329

    X-C.P. MEAS. FROM MOMENT CENTER IN REF. LENGTHS, NEG. AFT OF MOMENT CENTER
1         ***** THE USAF AUTOMATED MISSILE DATCOM * REV 3/99 *****     CASE   1
               AERODYNAMIC METHODS FOR MISSILE CONFIGURATIONS          PAGE  25
                   STATIC AERODYNAMICS FOR BODY-FIN SET 1

       ******* FLIGHT CONDITIONS AND REFERENCE QUANTITIES *******
     MACH NO  =       0.60                REYNOLDS NO = 1.391E+07 /M
     ALTITUDE =        0.0 M         DYNAMIC PRESSURE =  25533.94 N/M**2
     SIDESLIP =       0.00 DEG                   ROLL =      0.00 DEG     
     REF AREA =      0.001 M**2         MOMENT CENTER =     0.198 M
     REF LENGTH =     0.60 M           LAT REF LENGTH =      0.60 M

                   ---------- DERIVATIVES (PER DEGREE) ----------
         ALPHA       CNA         CMA         CYB         CLNB        CLLB
        -10.00      0.4828     -0.1661     -0.3175      0.1040      0.0004
         -8.00      0.4317     -0.1477     -0.2824      0.0905      0.0002
         -6.00      0.3755     -0.1269     -0.2437      0.0755      0.0000
         -4.00      0.2994     -0.0978     -0.2039      0.0601     -0.0001
         -2.00      0.2046     -0.0606     -0.1610      0.0433     -0.0001
          0.00      0.1552     -0.0410     -0.1353      0.0330     -0.0002
          2.00      0.2046     -0.0606     -0.1610      0.0433     -0.0001
          4.00      0.2994     -0.0978     -0.2045      0.0604     -0.0001
          6.00      0.3755     -0.1269     -0.2437      0.0755     -0.0001
          8.00      0.4317     -0.1477     -0.2795      0.0893     -0.0003
         10.00      0.4828     -0.1661     -0.3129      0.1021     -0.0005

    PANEL DEFLECTION ANGLES (DEGREES)
    SET    FIN 1   FIN 2   FIN 3   FIN 4   FIN 5   FIN 6   FIN 7   FIN 8
      1    0.67    0.67    0.67    0.67    0.67    0.67    0.67    0.67
1         ***** THE USAF AUTOMATED MISSILE DATCOM * REV 3/99 *****     CASE   1
               AERODYNAMIC METHODS FOR MISSILE CONFIGURATIONS          PAGE  26
                             BODY ALONE PARTIAL OUTPUT

       ******* FLIGHT CONDITIONS AND REFERENCE QUANTITIES *******
     MACH NO  =       0.90                REYNOLDS NO = 2.087E+07 /M
     ALTITUDE =        0.0 M         DYNAMIC PRESSURE =  57451.37 N/M**2
     SIDESLIP =       0.00 DEG                   ROLL =      0.00 DEG     
     REF AREA =      0.001 M**2         MOMENT CENTER =     0.198 M
     REF LENGTH =     0.60 M           LAT REF LENGTH =      0.60 M

      ALPHA    CA-FRIC  CA-PRES/WAVE CA-BASE    CA-PROT     CA-SEP     CA-ALP
     -10.00     0.1677     0.0217     0.1315                           0.0008
      -8.00     0.1695     0.0219     0.1319                           0.0011
      -6.00     0.1710     0.0221     0.1322                           0.0008
      -4.00     0.1720     0.0222     0.1323                           0.0004
      -2.00     0.1727     0.0223     0.1322                           0.0001
       0.00     0.1729     0.0223     0.1320                           0.0000
       2.00     0.1727     0.0223     0.1322                           0.0001
       4.00     0.1720     0.0222     0.1323                           0.0004
       6.00     0.1710     0.0221     0.1322                           0.0008
       8.00     0.1695     0.0219     0.1319                           0.0011
      10.00     0.1677     0.0217     0.1315                           0.0008

                     CROSS FLOW DRAG PROPORTIONALITY FACTOR = 0.74880

      ALPHA    CN-POTEN  CN-VISC   CN-SEP    CM-POTEN  CM-VISC   CM-SEP    CDC
     -10.00    -0.475    -0.377              -0.025     0.075             0.836
      -8.00    -0.384    -0.237              -0.020     0.047             0.817
      -6.00    -0.290    -0.130              -0.015     0.026             0.798
      -4.00    -0.194    -0.057              -0.010     0.011             0.778
      -2.00    -0.097    -0.014              -0.005     0.003             0.759
       0.00     0.000     0.000               0.000     0.000             0.740
       2.00     0.097     0.014               0.005    -0.003             0.759
       4.00     0.194     0.057               0.010    -0.011             0.778
       6.00     0.290     0.130               0.015    -0.026             0.798
       8.00     0.384     0.237               0.020    -0.047             0.817
      10.00     0.475     0.377               0.025    -0.075             0.836
1         ***** THE USAF AUTOMATED MISSILE DATCOM * REV 3/99 *****     CASE   1
               AERODYNAMIC METHODS FOR MISSILE CONFIGURATIONS          PAGE  27
                        FIN SET 1 CA PARTIAL OUTPUT

       ******* FLIGHT CONDITIONS AND REFERENCE QUANTITIES *******
     MACH NO  =       0.90                REYNOLDS NO = 2.087E+07 /M
     ALTITUDE =        0.0 M         DYNAMIC PRESSURE =  57451.37 N/M**2
     SIDESLIP =       0.00 DEG                   ROLL =      0.00 DEG     
     REF AREA =      0.001 M**2         MOMENT CENTER =     0.198 M
     REF LENGTH =     0.60 M           LAT REF LENGTH =      0.60 M

    SINGLE FIN PANEL ZERO-LIFT AXIAL FORCE COMPONENTS

    SKIN FRICTION        0.0121
    SUBSONIC PRESSURE    0.0010
    TRANSONIC WAVE       0.0144
    SUPERSONIC WAVE      0.0000
    LEADING EDGE         0.0000
    TRAILING EDGE        0.0000
    TOTAL CAO            0.0275

    FIN AXIAL FORCE DUE TO ANGLE OF ATTACK

    ALPHA      CA DUE TO LIFT (SINGLE PANEL)   CA-TOTAL (8 FINS)

     -10.00              0.0000                      0.2166
      -8.00              0.0000                      0.2178
      -6.00              0.0000                      0.2188
      -4.00              0.0000                      0.2194
      -2.00              0.0000                      0.2198
       0.00              0.0000                      0.2200
       2.00              0.0000                      0.2198
       4.00              0.0000                      0.2194
       6.00              0.0000                      0.2188
       8.00              0.0000                      0.2178
      10.00              0.0000                      0.2166
1         ***** THE USAF AUTOMATED MISSILE DATCOM * REV 3/99 *****     CASE   1
               AERODYNAMIC METHODS FOR MISSILE CONFIGURATIONS          PAGE  28
                       FIN SET 1 CN, CM PARTIAL OUTPUT

       ******* FLIGHT CONDITIONS AND REFERENCE QUANTITIES *******
     MACH NO  =       0.90                REYNOLDS NO = 2.087E+07 /M
     ALTITUDE =        0.0 M         DYNAMIC PRESSURE =  57451.37 N/M**2
     SIDESLIP =       0.00 DEG                   ROLL =      0.00 DEG     
     REF AREA =      0.001 M**2         MOMENT CENTER =     0.198 M
     REF LENGTH =     0.60 M           LAT REF LENGTH =      0.60 M

    NORMAL FORCE SLOPE AT ALPHA ZERO, CNA =    0.00485/DEG (1 PANEL)
         CENTER OF PRESSURE FOR LINEAR CN =   -0.42667 (CALIBERS FROM C.G.)
     CENTER OF PRESSURE FOR NON-LINEAR CN =   -0.50333 (CALIBERS FROM C.G.)

      ALPHA      CN        CN        CN        CM        CM        CM
               LINEAR  NON-LINEAR  TOTAL     LINEAR  NON-LINEAR  TOTAL

     -10.00   -0.1914   -0.3902   -0.5816    0.0817    0.1964    0.2781
      -8.00   -0.1538   -0.2505   -0.4043    0.0656    0.1261    0.1917
      -6.00   -0.1158   -0.1412   -0.2570    0.0494    0.0711    0.1205
      -4.00   -0.0774   -0.0628   -0.1402    0.0330    0.0316    0.0646
      -2.00   -0.0387   -0.0157   -0.0545    0.0165    0.0079    0.0244
       0.00    0.0000    0.0000    0.0000    0.0000    0.0000    0.0000
       2.00    0.0387    0.0157    0.0545   -0.0165   -0.0079   -0.0244
       4.00    0.0774    0.0628    0.1402   -0.0330   -0.0316   -0.0646
       6.00    0.1158    0.1412    0.2570   -0.0494   -0.0711   -0.1205
       8.00    0.1538    0.2505    0.4043   -0.0656   -0.1261   -0.1917
      10.00    0.1914    0.3902    0.5816   -0.0817   -0.1964   -0.2781
1         ***** THE USAF AUTOMATED MISSILE DATCOM * REV 3/99 *****     CASE   1
               AERODYNAMIC METHODS FOR MISSILE CONFIGURATIONS          PAGE  29
                 AERODYNAMIC FORCE AND MOMENT SYNTHESIS

       ******* FLIGHT CONDITIONS AND REFERENCE QUANTITIES *******
     MACH NO  =       0.90                REYNOLDS NO = 2.087E+07 /M
     ALTITUDE =        0.0 M         DYNAMIC PRESSURE =  57451.37 N/M**2
     SIDESLIP =       0.00 DEG                   ROLL =      0.00 DEG     
     REF AREA =      0.001 M**2         MOMENT CENTER =     0.198 M
     REF LENGTH =     0.60 M           LAT REF LENGTH =      0.60 M

          ---------------FIN SET 1 IN PRESENCE OF THE BODY----------------

      ALPHA       CN         CM         CA         CY         CLN        CLL

     -10.00    -1.0700     0.4565     0.2212    -0.0026     0.0011    -0.0038
      -8.00    -0.7787     0.3322     0.2210    -0.0014     0.0006    -0.0033
      -6.00    -0.5113     0.2182     0.2208    -0.0005     0.0002    -0.0028
      -4.00    -0.2777     0.1185     0.2207    -0.0001     0.0000    -0.0022
      -2.00    -0.1039     0.0443     0.2204     0.0000     0.0000    -0.0016
       0.00     0.0000     0.0000     0.2203     0.0000     0.0000    -0.0010
       2.00     0.1039    -0.0443     0.2204     0.0000     0.0000    -0.0016
       4.00     0.2777    -0.1185     0.2207     0.0001     0.0000    -0.0022
       6.00     0.5113    -0.2182     0.2208     0.0005    -0.0002    -0.0028
       8.00     0.7787    -0.3322     0.2210     0.0014    -0.0006    -0.0033
      10.00     1.0700    -0.4565     0.2212     0.0026    -0.0011    -0.0038
1         ***** THE USAF AUTOMATED MISSILE DATCOM * REV 3/99 *****     CASE   1
               AERODYNAMIC METHODS FOR MISSILE CONFIGURATIONS          PAGE  30
                 AERODYNAMIC FORCE AND MOMENT SYNTHESIS

       ******* FLIGHT CONDITIONS AND REFERENCE QUANTITIES *******
     MACH NO  =       0.90                REYNOLDS NO = 2.087E+07 /M
     ALTITUDE =        0.0 M         DYNAMIC PRESSURE =  57451.37 N/M**2
     SIDESLIP =       0.00 DEG                   ROLL =      0.00 DEG     
     REF AREA =      0.001 M**2         MOMENT CENTER =     0.198 M
     REF LENGTH =     0.60 M           LAT REF LENGTH =      0.60 M

          ---------------FIN SET 1 PANEL CHARACTERISTICS------------------

      ALPHA      PANEL    AEQ (PANEL AXIS SYS.)    PANEL CN

     -10.00        1              0.3852           0.0023
     -10.00        2            -10.9290          -0.1674
     -10.00        3            -15.1340          -0.2892
     -10.00        4             -9.0731          -0.1234
     -10.00        5              0.5838           0.0035
     -10.00        6             10.5902           0.1589
     -10.00        7             16.2958           0.3279
     -10.00        8             11.8229           0.1908
 
      -8.00        1              0.4219           0.0025
      -8.00        2             -8.7564          -0.1165
      -8.00        3            -12.2865          -0.2035
      -8.00        4             -7.8412          -0.0975
      -8.00        5              0.6611           0.0040
      -8.00        6              9.2495           0.1273
      -8.00        7             13.4419           0.2366
      -8.00        8              9.6963           0.1375
 
      -6.00        1              0.4593           0.0028
      -6.00        2             -6.5098          -0.0727
      -6.00        3             -9.2697          -0.1278
      -6.00        4             -6.2368          -0.0681
      -6.00        5              0.6823           0.0041
      -6.00        6              7.5557           0.0919
      -6.00        7             10.4209           0.1548
      -6.00        8              7.4989           0.0908
 
      -4.00        1              0.4975           0.0030
      -4.00        2             -4.1902          -0.0375
      -4.00        3             -6.0720          -0.0653
      -4.00        4             -4.0810          -0.0361
      -4.00        5              0.6529           0.0040
      -4.00        6              5.3406           0.0537
      -4.00        7              7.2224           0.0856
      -4.00        8              5.2314           0.0521
 
      -2.00        1              0.5362           0.0032
      -2.00        2             -1.8226          -0.0122
      -2.00        3             -2.7749          -0.0209
      -2.00        4             -1.7675          -0.0117
      -2.00        5              0.6142           0.0037
      -2.00        6              2.9729           0.0230
      -2.00        7              3.9253           0.0341
      -2.00        8              2.9178           0.0224
 
       0.00        1              0.5752           0.0035
       0.00        2              0.5752           0.0035
       0.00        3              0.5752           0.0035
       0.00        4              0.5752           0.0035
       0.00        5              0.5752           0.0035
       0.00        6              0.5752           0.0035
       0.00        7              0.5752           0.0035
       0.00        8              0.5752           0.0035
 
       2.00        1              0.6142           0.0037
       2.00        2              2.9729           0.0230
       2.00        3              3.9253           0.0341
       2.00        4              2.9178           0.0224
       2.00        5              0.5362           0.0032
       2.00        6             -1.8226          -0.0122
       2.00        7             -2.7749          -0.0209
       2.00        8             -1.7675          -0.0117
 
       4.00        1              0.6529           0.0040
       4.00        2              5.3406           0.0537
       4.00        3              7.2224           0.0856
       4.00        4              5.2314           0.0521
       4.00        5              0.4975           0.0030
       4.00        6             -4.1902          -0.0375
       4.00        7             -6.0720          -0.0653
       4.00        8             -4.0810          -0.0361
 
       6.00        1              0.6823           0.0041
       6.00        2              7.5557           0.0919
       6.00        3             10.4209           0.1548
       6.00        4              7.4989           0.0908
       6.00        5              0.4593           0.0028
       6.00        6             -6.5098          -0.0727
       6.00        7             -9.2697          -0.1278
       6.00        8             -6.2368          -0.0681
 
       8.00        1              0.6611           0.0040
       8.00        2              9.2495           0.1273
       8.00        3             13.4419           0.2366
       8.00        4              9.6963           0.1375
       8.00        5              0.4219           0.0025
       8.00        6             -8.7564          -0.1165
       8.00        7            -12.2865          -0.2035
       8.00        8             -7.8412          -0.0975
 
      10.00        1              0.5838           0.0035
      10.00        2             10.5902           0.1589
      10.00        3             16.2958           0.3279
      10.00        4             11.8229           0.1908
      10.00        5              0.3852           0.0023
      10.00        6            -10.9290          -0.1674
      10.00        7            -15.1340          -0.2892
      10.00        8             -9.0731          -0.1234
 
1         ***** THE USAF AUTOMATED MISSILE DATCOM * REV 3/99 *****     CASE   1
               AERODYNAMIC METHODS FOR MISSILE CONFIGURATIONS          PAGE  31
                 AERODYNAMIC FORCE AND MOMENT SYNTHESIS

       ******* FLIGHT CONDITIONS AND REFERENCE QUANTITIES *******
     MACH NO  =       0.90                REYNOLDS NO = 2.087E+07 /M
     ALTITUDE =        0.0 M         DYNAMIC PRESSURE =  57451.37 N/M**2
     SIDESLIP =       0.00 DEG                   ROLL =      0.00 DEG     
     REF AREA =      0.001 M**2         MOMENT CENTER =     0.198 M
     REF LENGTH =     0.60 M           LAT REF LENGTH =      0.60 M

             CARRYOVER INTERFERENCE FACTORS - FIN SET 1

      ALPHA   K-W(B)   K-B(W)  KK-W(B)  KK-B(W)  XCP-W(B) XCP-B(W) Y-CP/(B/2)

     -10.00   1.6243   1.1241   0.9535   0.6600   0.4267   0.4200   0.4509
      -8.00   1.6402   1.1241   0.9535   0.6600   0.4267   0.4200   0.4608
      -6.00   1.6545   1.1241   0.9535   0.6600   0.4267   0.4200   0.4694
      -4.00   1.6668   1.1241   0.9535   0.6600   0.4267   0.4200   0.4766
      -2.00   1.6765   1.1241   0.9535   0.6600   0.4267   0.4200   0.4821
       0.00   1.6818   1.1241   0.9535   0.6600   0.4267   0.4200   0.4856
       2.00   1.6765   1.1241   0.9535   0.6600   0.4267   0.4200   0.4841
       4.00   1.6668   1.1241   0.9535   0.6600   0.4267   0.4200   0.4796
       6.00   1.6545   1.1241   0.9535   0.6600   0.4267   0.4200   0.4737
       8.00   1.6402   1.1241   0.9535   0.6600   0.4267   0.4200   0.4682
      10.00   1.6243   1.1241   0.9535   0.6600   0.4267   0.4200   0.4634

    NOTE - XCP-W(B) USED FOR STABILITY ONLY DIFFERENT VALUES USED FOR HINGE MOMENTS
1         ***** THE USAF AUTOMATED MISSILE DATCOM * REV 3/99 *****     CASE   1
               AERODYNAMIC METHODS FOR MISSILE CONFIGURATIONS          PAGE  32
        FIN SET 1 PANEL BENDING MOMENTS (ABOUT EXPOSED ROOT CHORD)

       ******* FLIGHT CONDITIONS AND REFERENCE QUANTITIES *******
     MACH NO  =       0.90                REYNOLDS NO = 2.087E+07 /M
     ALTITUDE =        0.0 M         DYNAMIC PRESSURE =  57451.37 N/M**2
     SIDESLIP =       0.00 DEG                   ROLL =      0.00 DEG     
     REF AREA =      0.001 M**2         MOMENT CENTER =     0.198 M
     REF LENGTH =     0.60 M           LAT REF LENGTH =      0.60 M

   ALPHA   PANL 1   PANL 2   PANL 3   PANL 4   PANL 5   PANL 6   PANL 7   PANL 8
 
   -10.0  1.65E-05 -1.20E-03 -2.06E-03 -8.81E-04  2.52E-05  1.13E-03  2.34E-03  1.36E-03
    -8.0  1.85E-05 -8.50E-04 -1.48E-03 -7.12E-04  2.93E-05  9.29E-04  1.73E-03  1.00E-03
    -6.0  2.06E-05 -5.41E-04 -9.50E-04 -5.06E-04  3.08E-05  6.83E-04  1.15E-03  6.75E-04
    -4.0  2.26E-05 -2.83E-04 -4.93E-04 -2.72E-04  2.99E-05  4.05E-04  6.46E-04  3.93E-04
    -2.0  2.47E-05 -9.28E-05 -1.59E-04 -8.94E-05  2.84E-05  1.75E-04  2.60E-04  1.71E-04
     0.0  2.68E-05  2.68E-05  2.68E-05  2.68E-05  2.68E-05  2.68E-05  2.68E-05  2.68E-05
     2.0  2.85E-05  1.76E-04  2.61E-04  1.72E-04  2.48E-05 -9.31E-05 -1.60E-04 -8.98E-05
     4.0  3.01E-05  4.08E-04  6.50E-04  3.95E-04  2.28E-05 -2.85E-04 -4.96E-04 -2.74E-04
     6.0  3.11E-05  6.89E-04  1.16E-03  6.81E-04  2.08E-05 -5.45E-04 -9.58E-04 -5.10E-04
     8.0  2.98E-05  9.44E-04  1.75E-03  1.02E-03  1.88E-05 -8.63E-04 -1.51E-03 -7.23E-04
    10.0  2.59E-05  1.17E-03  2.41E-03  1.40E-03  1.70E-05 -1.23E-03 -2.12E-03 -9.05E-04
1         ***** THE USAF AUTOMATED MISSILE DATCOM * REV 3/99 *****     CASE   1
               AERODYNAMIC METHODS FOR MISSILE CONFIGURATIONS          PAGE  33
            FIN SET 1 PANEL HINGE MOMENTS (ABOUT HINGE LINE)

       ******* FLIGHT CONDITIONS AND REFERENCE QUANTITIES *******
     MACH NO  =       0.90                REYNOLDS NO = 2.087E+07 /M
     ALTITUDE =        0.0 M         DYNAMIC PRESSURE =  57451.37 N/M**2
     SIDESLIP =       0.00 DEG                   ROLL =      0.00 DEG     
     REF AREA =      0.001 M**2         MOMENT CENTER =     0.198 M
     REF LENGTH =     0.60 M           LAT REF LENGTH =      0.60 M

   ALPHA   PANL 1   PANL 2   PANL 3   PANL 4   PANL 5   PANL 6   PANL 7   PANL 8
 
   -10.0  4.12E-04 -2.86E-02 -4.79E-02 -2.13E-02  6.29E-04  2.72E-02  5.37E-02  3.24E-02
    -8.0  4.52E-04 -2.01E-02 -3.44E-02 -1.70E-02  7.14E-04  2.20E-02  3.97E-02  2.37E-02
    -6.0  4.92E-04 -1.27E-02 -2.20E-02 -1.19E-02  7.38E-04  1.60E-02  2.65E-02  1.58E-02
    -4.0  5.34E-04 -6.61E-03 -1.14E-02 -6.36E-03  7.05E-04  9.44E-03  1.49E-02  9.15E-03
    -2.0  5.76E-04 -2.16E-03 -3.70E-03 -2.08E-03  6.62E-04  4.07E-03  6.02E-03  3.96E-03
     0.0  6.19E-04  6.19E-04  6.19E-04  6.19E-04  6.19E-04  6.19E-04  6.19E-04  6.19E-04
     2.0  6.62E-04  4.07E-03  6.02E-03  3.96E-03  5.76E-04 -2.16E-03 -3.70E-03 -2.08E-03
     4.0  7.05E-04  9.44E-03  1.49E-02  9.15E-03  5.34E-04 -6.61E-03 -1.14E-02 -6.36E-03
     6.0  7.38E-04  1.60E-02  2.65E-02  1.58E-02  4.92E-04 -1.27E-02 -2.20E-02 -1.19E-02
     8.0  7.14E-04  2.20E-02  3.97E-02  2.37E-02  4.52E-04 -2.01E-02 -3.44E-02 -1.70E-02
    10.0  6.29E-04  2.72E-02  5.37E-02  3.24E-02  4.12E-04 -2.86E-02 -4.79E-02 -2.13E-02
1         ***** THE USAF AUTOMATED MISSILE DATCOM * REV 3/99 *****     CASE   1
               AERODYNAMIC METHODS FOR MISSILE CONFIGURATIONS          PAGE  34
                   STATIC AERODYNAMICS FOR BODY-FIN SET 1

       ******* FLIGHT CONDITIONS AND REFERENCE QUANTITIES *******
     MACH NO  =       0.90                REYNOLDS NO = 2.087E+07 /M
     ALTITUDE =        0.0 M         DYNAMIC PRESSURE =  57451.37 N/M**2
     SIDESLIP =       0.00 DEG                   ROLL =      0.00 DEG     
     REF AREA =      0.001 M**2         MOMENT CENTER =     0.198 M
     REF LENGTH =     0.60 M           LAT REF LENGTH =      0.60 M

                   ----- LONGITUDINAL -----     -- LATERAL DIRECTIONAL --
         ALPHA       CN        CM        CA        CY       CLN       CLL

        -10.00    -2.663     0.817     0.543    -0.004     0.002    -0.004
         -8.00    -1.933     0.583     0.545    -0.002     0.001    -0.003
         -6.00    -1.279     0.375     0.547    -0.001     0.000    -0.003
         -4.00    -0.716     0.198     0.548     0.000     0.000    -0.002
         -2.00    -0.285     0.071     0.548     0.000     0.000    -0.002
          0.00     0.000     0.000     0.547     0.000     0.000    -0.001
          2.00     0.285    -0.071     0.548     0.000     0.000    -0.002
          4.00     0.716    -0.198     0.548     0.000     0.000    -0.002
          6.00     1.279    -0.375     0.547     0.001     0.000    -0.003
          8.00     1.933    -0.583     0.545     0.002    -0.001    -0.003
         10.00     2.663    -0.817     0.543     0.004    -0.002    -0.004

         ALPHA       CL        CD      CL/CD     X-C.P.

        -10.00    -2.529     0.997    -2.536    -0.307
         -8.00    -1.838     0.809    -2.272    -0.302
         -6.00    -1.215     0.678    -1.793    -0.293
         -4.00    -0.676     0.596    -1.133    -0.277
         -2.00    -0.265     0.557    -0.476    -0.250
          0.00     0.000     0.547     0.000    -0.424
          2.00     0.265     0.557     0.476    -0.250
          4.00     0.676     0.596     1.133    -0.277
          6.00     1.215     0.678     1.793    -0.293
          8.00     1.838     0.809     2.272    -0.302
         10.00     2.529     0.997     2.536    -0.307

    X-C.P. MEAS. FROM MOMENT CENTER IN REF. LENGTHS, NEG. AFT OF MOMENT CENTER
1         ***** THE USAF AUTOMATED MISSILE DATCOM * REV 3/99 *****     CASE   1
               AERODYNAMIC METHODS FOR MISSILE CONFIGURATIONS          PAGE  35
                   STATIC AERODYNAMICS FOR BODY-FIN SET 1

       ******* FLIGHT CONDITIONS AND REFERENCE QUANTITIES *******
     MACH NO  =       0.90                REYNOLDS NO = 2.087E+07 /M
     ALTITUDE =        0.0 M         DYNAMIC PRESSURE =  57451.37 N/M**2
     SIDESLIP =       0.00 DEG                   ROLL =      0.00 DEG     
     REF AREA =      0.001 M**2         MOMENT CENTER =     0.198 M
     REF LENGTH =     0.60 M           LAT REF LENGTH =      0.60 M

                   ---------- DERIVATIVES (PER DEGREE) ----------
         ALPHA       CNA         CMA         CYB         CLNB        CLLB
        -10.00      0.3844     -0.1235     -0.2602      0.0794      0.0003
         -8.00      0.3460     -0.1106     -0.2354      0.0704      0.0001
         -6.00      0.3042     -0.0962     -0.2074      0.0601      0.0000
         -4.00      0.2483     -0.0759     -0.1781      0.0491     -0.0001
         -2.00      0.1787     -0.0495     -0.1466      0.0372     -0.0001
          0.00      0.1424     -0.0356     -0.1281      0.0299     -0.0002
          2.00      0.1787     -0.0495     -0.1466      0.0372     -0.0001
          4.00      0.2483     -0.0759     -0.1786      0.0493     -0.0001
          6.00      0.3042     -0.0962     -0.2075      0.0601     -0.0001
          8.00      0.3460     -0.1106     -0.2333      0.0695     -0.0002
         10.00      0.3844     -0.1235     -0.2570      0.0780     -0.0003

    PANEL DEFLECTION ANGLES (DEGREES)
    SET    FIN 1   FIN 2   FIN 3   FIN 4   FIN 5   FIN 6   FIN 7   FIN 8
      1    0.67    0.67    0.67    0.67    0.67    0.67    0.67    0.67
1         ***** THE USAF AUTOMATED MISSILE DATCOM * REV 3/99 *****     CASE   1
               AERODYNAMIC METHODS FOR MISSILE CONFIGURATIONS          PAGE  36
                             BODY ALONE PARTIAL OUTPUT

       ******* FLIGHT CONDITIONS AND REFERENCE QUANTITIES *******
     MACH NO  =       1.10                REYNOLDS NO = 2.550E+07 /M
     ALTITUDE =        0.0 M         DYNAMIC PRESSURE =  85822.41 N/M**2
     SIDESLIP =       0.00 DEG                   ROLL =      0.00 DEG     
     REF AREA =      0.001 M**2         MOMENT CENTER =     0.198 M
     REF LENGTH =     0.60 M           LAT REF LENGTH =      0.60 M

      ALPHA    CA-FRIC  CA-PRES/WAVE CA-BASE    CA-PROT     CA-SEP     CA-ALP
     -10.00     0.1586     0.0942     0.2013                           0.0013
      -8.00     0.1603     0.0952     0.2021                           0.0016
      -6.00     0.1617     0.0961     0.2027                           0.0012
      -4.00     0.1627     0.0966     0.2031                           0.0006
      -2.00     0.1633     0.0970     0.2032                           0.0002
       0.00     0.1635     0.0971     0.2030                           0.0000
       2.00     0.1633     0.0970     0.2032                           0.0002
       4.00     0.1627     0.0966     0.2031                           0.0006
       6.00     0.1617     0.0961     0.2027                           0.0012
       8.00     0.1603     0.0952     0.2021                           0.0016
      10.00     0.1586     0.0942     0.2013                           0.0013

                     CROSS FLOW DRAG PROPORTIONALITY FACTOR = 0.97103

      ALPHA    CN-POTEN  CN-VISC   CN-SEP    CM-POTEN  CM-VISC   CM-SEP    CDC
     -10.00    -0.529    -0.502              -0.016     0.099             0.857
      -8.00    -0.427    -0.314              -0.013     0.062             0.834
      -6.00    -0.322    -0.172              -0.010     0.034             0.810
      -4.00    -0.216    -0.074              -0.007     0.015             0.787
      -2.00    -0.108    -0.018              -0.003     0.004             0.764
       0.00     0.000     0.000               0.000     0.000             0.740
       2.00     0.108     0.018               0.003    -0.004             0.764
       4.00     0.216     0.074               0.007    -0.015             0.787
       6.00     0.322     0.172               0.010    -0.034             0.810
       8.00     0.427     0.314               0.013    -0.062             0.834
      10.00     0.529     0.502               0.016    -0.099             0.857
1         ***** THE USAF AUTOMATED MISSILE DATCOM * REV 3/99 *****     CASE   1
               AERODYNAMIC METHODS FOR MISSILE CONFIGURATIONS          PAGE  37
                        FIN SET 1 CA PARTIAL OUTPUT

       ******* FLIGHT CONDITIONS AND REFERENCE QUANTITIES *******
     MACH NO  =       1.10                REYNOLDS NO = 2.550E+07 /M
     ALTITUDE =        0.0 M         DYNAMIC PRESSURE =  85822.41 N/M**2
     SIDESLIP =       0.00 DEG                   ROLL =      0.00 DEG     
     REF AREA =      0.001 M**2         MOMENT CENTER =     0.198 M
     REF LENGTH =     0.60 M           LAT REF LENGTH =      0.60 M

    SINGLE FIN PANEL ZERO-LIFT AXIAL FORCE COMPONENTS

    SKIN FRICTION        0.0114
    SUBSONIC PRESSURE    0.0005
    TRANSONIC WAVE       0.0000
    SUPERSONIC WAVE      0.0260
    LEADING EDGE         0.0000
    TRAILING EDGE        0.0000
    TOTAL CAO            0.0379

    FIN AXIAL FORCE DUE TO ANGLE OF ATTACK

    ALPHA      CA DUE TO LIFT (SINGLE PANEL)   CA-TOTAL (8 FINS)

     -10.00              0.0000                      0.2983
      -8.00              0.0000                      0.3000
      -6.00              0.0000                      0.3013
      -4.00              0.0000                      0.3022
      -2.00              0.0000                      0.3027
       0.00              0.0000                      0.3029
       2.00              0.0000                      0.3027
       4.00              0.0000                      0.3022
       6.00              0.0000                      0.3013
       8.00              0.0000                      0.3000
      10.00              0.0000                      0.2983
1         ***** THE USAF AUTOMATED MISSILE DATCOM * REV 3/99 *****     CASE   1
               AERODYNAMIC METHODS FOR MISSILE CONFIGURATIONS          PAGE  38
                       FIN SET 1 CN, CM PARTIAL OUTPUT

       ******* FLIGHT CONDITIONS AND REFERENCE QUANTITIES *******
     MACH NO  =       1.10                REYNOLDS NO = 2.550E+07 /M
     ALTITUDE =        0.0 M         DYNAMIC PRESSURE =  85822.41 N/M**2
     SIDESLIP =       0.00 DEG                   ROLL =      0.00 DEG     
     REF AREA =      0.001 M**2         MOMENT CENTER =     0.198 M
     REF LENGTH =     0.60 M           LAT REF LENGTH =      0.60 M

    NORMAL FORCE SLOPE AT ALPHA ZERO, CNA =    0.00492/DEG (1 PANEL)
         CENTER OF PRESSURE FOR LINEAR CN =   -0.51000 (CALIBERS FROM C.G.)
     CENTER OF PRESSURE FOR NON-LINEAR CN =   -0.50333 (CALIBERS FROM C.G.)

      ALPHA      CN        CN        CN        CM        CM        CM
               LINEAR  NON-LINEAR  TOTAL     LINEAR  NON-LINEAR  TOTAL

     -10.00   -0.1942   -0.2777   -0.4719    0.0991    0.1398    0.2388
      -8.00   -0.1561   -0.1784   -0.3345    0.0796    0.0898    0.1694
      -6.00   -0.1175   -0.1006   -0.2181    0.0599    0.0506    0.1106
      -4.00   -0.0785   -0.0448   -0.1233    0.0401    0.0225    0.0626
      -2.00   -0.0393   -0.0112   -0.0505    0.0201    0.0056    0.0257
       0.00    0.0000    0.0000    0.0000    0.0000    0.0000    0.0000
       2.00    0.0393    0.0112    0.0505   -0.0201   -0.0056   -0.0257
       4.00    0.0785    0.0448    0.1233   -0.0401   -0.0225   -0.0626
       6.00    0.1175    0.1006    0.2181   -0.0599   -0.0506   -0.1106
       8.00    0.1561    0.1784    0.3345   -0.0796   -0.0898   -0.1694
      10.00    0.1942    0.2777    0.4719   -0.0991   -0.1398   -0.2388
1         ***** THE USAF AUTOMATED MISSILE DATCOM * REV 3/99 *****     CASE   1
               AERODYNAMIC METHODS FOR MISSILE CONFIGURATIONS          PAGE  39
                 AERODYNAMIC FORCE AND MOMENT SYNTHESIS

       ******* FLIGHT CONDITIONS AND REFERENCE QUANTITIES *******
     MACH NO  =       1.10                REYNOLDS NO = 2.550E+07 /M
     ALTITUDE =        0.0 M         DYNAMIC PRESSURE =  85822.41 N/M**2
     SIDESLIP =       0.00 DEG                   ROLL =      0.00 DEG     
     REF AREA =      0.001 M**2         MOMENT CENTER =     0.198 M
     REF LENGTH =     0.60 M           LAT REF LENGTH =      0.60 M

          ---------------FIN SET 1 IN PRESENCE OF THE BODY----------------

      ALPHA       CN         CM         CA         CY         CLN        CLL

     -10.00    -0.8387     0.4277     0.3038    -0.0019     0.0010    -0.0029
      -8.00    -0.6224     0.3174     0.3037    -0.0010     0.0005    -0.0026
      -6.00    -0.4193     0.2138     0.3036    -0.0003     0.0002    -0.0023
      -4.00    -0.2361     0.1204     0.3035    -0.0001     0.0000    -0.0018
      -2.00    -0.0936     0.0477     0.3033     0.0000     0.0000    -0.0014
       0.00     0.0000     0.0000     0.3032     0.0000     0.0000    -0.0010
       2.00     0.0936    -0.0477     0.3033     0.0000     0.0000    -0.0014
       4.00     0.2361    -0.1204     0.3035     0.0001     0.0000    -0.0018
       6.00     0.4193    -0.2138     0.3036     0.0003    -0.0002    -0.0023
       8.00     0.6224    -0.3174     0.3037     0.0010    -0.0005    -0.0026
      10.00     0.8387    -0.4277     0.3038     0.0019    -0.0010    -0.0029
1         ***** THE USAF AUTOMATED MISSILE DATCOM * REV 3/99 *****     CASE   1
               AERODYNAMIC METHODS FOR MISSILE CONFIGURATIONS          PAGE  40
                 AERODYNAMIC FORCE AND MOMENT SYNTHESIS

       ******* FLIGHT CONDITIONS AND REFERENCE QUANTITIES *******
     MACH NO  =       1.10                REYNOLDS NO = 2.550E+07 /M
     ALTITUDE =        0.0 M         DYNAMIC PRESSURE =  85822.41 N/M**2
     SIDESLIP =       0.00 DEG                   ROLL =      0.00 DEG     
     REF AREA =      0.001 M**2         MOMENT CENTER =     0.198 M
     REF LENGTH =     0.60 M           LAT REF LENGTH =      0.60 M

          ---------------FIN SET 1 PANEL CHARACTERISTICS------------------

      ALPHA      PANEL    AEQ (PANEL AXIS SYS.)    PANEL CN

     -10.00        1              0.3894           0.0022
     -10.00        2            -10.8696          -0.1336
     -10.00        3            -15.0496          -0.2245
     -10.00        4             -8.9584          -0.0989
     -10.00        5              0.5947           0.0034
     -10.00        6             10.4853           0.1263
     -10.00        7             16.2184           0.2534
     -10.00        8             11.7713           0.1515
 
      -8.00        1              0.4258           0.0025
      -8.00        2             -8.7202          -0.0949
      -8.00        3            -12.2362          -0.1611
      -8.00        4             -7.7825          -0.0799
      -8.00        5              0.6673           0.0039
      -8.00        6              9.1983           0.1030
      -8.00        7             13.3984           0.1862
      -8.00        8              9.6675           0.1113
 
      -6.00        1              0.4629           0.0027
      -6.00        2             -6.4902          -0.0610
      -6.00        3             -9.2437          -0.1038
      -6.00        4             -6.2140          -0.0572
      -6.00        5              0.6859           0.0040
      -6.00        6              7.5395           0.0762
      -6.00        7             10.4016           0.1247
      -6.00        8              7.4864           0.0754
 
      -4.00        1              0.5009           0.0029
      -4.00        2             -4.1808          -0.0327
      -4.00        3             -6.0603          -0.0552
      -4.00        4             -4.0718          -0.0316
      -4.00        5              0.6561           0.0038
      -4.00        6              5.3379           0.0460
      -4.00        7              7.2173           0.0714
      -4.00        8              5.2289           0.0447
 
      -2.00        1              0.5395           0.0031
      -2.00        2             -1.8181          -0.0113
      -2.00        3             -2.7700          -0.0189
      -2.00        4             -1.7631          -0.0109
      -2.00        5              0.6175           0.0036
      -2.00        6              2.9752           0.0207
      -2.00        7              3.9271           0.0300
      -2.00        8              2.9201           0.0202
 
       0.00        1              0.5785           0.0033
       0.00        2              0.5785           0.0033
       0.00        3              0.5785           0.0033
       0.00        4              0.5785           0.0033
       0.00        5              0.5785           0.0033
       0.00        6              0.5785           0.0033
       0.00        7              0.5785           0.0033
       0.00        8              0.5785           0.0033
 
       2.00        1              0.6175           0.0036
       2.00        2              2.9752           0.0207
       2.00        3              3.9271           0.0300
       2.00        4              2.9201           0.0202
       2.00        5              0.5395           0.0031
       2.00        6             -1.8181          -0.0113
       2.00        7             -2.7700          -0.0189
       2.00        8             -1.7631          -0.0109
 
       4.00        1              0.6561           0.0038
       4.00        2              5.3379           0.0460
       4.00        3              7.2173           0.0714
       4.00        4              5.2289           0.0447
       4.00        5              0.5009           0.0029
       4.00        6             -4.1808          -0.0327
       4.00        7             -6.0603          -0.0552
       4.00        8             -4.0718          -0.0316
 
       6.00        1              0.6859           0.0040
       6.00        2              7.5395           0.0762
       6.00        3             10.4016           0.1247
       6.00        4              7.4864           0.0754
       6.00        5              0.4629           0.0027
       6.00        6             -6.4902          -0.0610
       6.00        7             -9.2437          -0.1038
       6.00        8             -6.2141          -0.0572
 
       8.00        1              0.6673           0.0039
       8.00        2              9.1983           0.1030
       8.00        3             13.3984           0.1862
       8.00        4              9.6675           0.1113
       8.00        5              0.4258           0.0025
       8.00        6             -8.7202          -0.0949
       8.00        7            -12.2362          -0.1611
       8.00        8             -7.7825          -0.0799
 
      10.00        1              0.5947           0.0034
      10.00        2             10.4853           0.1263
      10.00        3             16.2184           0.2534
      10.00        4             11.7713           0.1515
      10.00        5              0.3894           0.0022
      10.00        6            -10.8696          -0.1336
      10.00        7            -15.0496          -0.2245
      10.00        8             -8.9585          -0.0989
 
1         ***** THE USAF AUTOMATED MISSILE DATCOM * REV 3/99 *****     CASE   1
               AERODYNAMIC METHODS FOR MISSILE CONFIGURATIONS          PAGE  41
                 AERODYNAMIC FORCE AND MOMENT SYNTHESIS

       ******* FLIGHT CONDITIONS AND REFERENCE QUANTITIES *******
     MACH NO  =       1.10                REYNOLDS NO = 2.550E+07 /M
     ALTITUDE =        0.0 M         DYNAMIC PRESSURE =  85822.41 N/M**2
     SIDESLIP =       0.00 DEG                   ROLL =      0.00 DEG     
     REF AREA =      0.001 M**2         MOMENT CENTER =     0.198 M
     REF LENGTH =     0.60 M           LAT REF LENGTH =      0.60 M

             CARRYOVER INTERFERENCE FACTORS - FIN SET 1

      ALPHA   K-W(B)   K-B(W)  KK-W(B)  KK-B(W)  XCP-W(B) XCP-B(W) Y-CP/(B/2)

     -10.00   1.6165   1.1241   0.9535   0.6600   0.5100   0.4200   0.4446
      -8.00   1.6344   1.1241   0.9535   0.6600   0.5100   0.4200   0.4505
      -6.00   1.6507   1.1241   0.9535   0.6600   0.5100   0.4200   0.4559
      -4.00   1.6647   1.1241   0.9535   0.6600   0.5100   0.4200   0.4604
      -2.00   1.6757   1.1241   0.9535   0.6600   0.5100   0.4200   0.4641
       0.00   1.6818   1.1241   0.9535   0.6600   0.5100   0.4200   0.4666
       2.00   1.6757   1.1241   0.9535   0.6600   0.5100   0.4200   0.4655
       4.00   1.6647   1.1241   0.9535   0.6600   0.5100   0.4200   0.4624
       6.00   1.6507   1.1241   0.9535   0.6600   0.5100   0.4200   0.4586
       8.00   1.6344   1.1241   0.9535   0.6600   0.5100   0.4200   0.4552
      10.00   1.6165   1.1241   0.9535   0.6600   0.5100   0.4200   0.4524

    NOTE - XCP-W(B) USED FOR STABILITY ONLY DIFFERENT VALUES USED FOR HINGE MOMENTS
1         ***** THE USAF AUTOMATED MISSILE DATCOM * REV 3/99 *****     CASE   1
               AERODYNAMIC METHODS FOR MISSILE CONFIGURATIONS          PAGE  42
        FIN SET 1 PANEL BENDING MOMENTS (ABOUT EXPOSED ROOT CHORD)

       ******* FLIGHT CONDITIONS AND REFERENCE QUANTITIES *******
     MACH NO  =       1.10                REYNOLDS NO = 2.550E+07 /M
     ALTITUDE =        0.0 M         DYNAMIC PRESSURE =  85822.41 N/M**2
     SIDESLIP =       0.00 DEG                   ROLL =      0.00 DEG     
     REF AREA =      0.001 M**2         MOMENT CENTER =     0.198 M
     REF LENGTH =     0.60 M           LAT REF LENGTH =      0.60 M

   ALPHA   PANL 1   PANL 2   PANL 3   PANL 4   PANL 5   PANL 6   PANL 7   PANL 8
 
   -10.0  1.58E-05 -9.40E-04 -1.58E-03 -6.96E-04  2.42E-05  8.89E-04  1.78E-03  1.07E-03
    -8.0  1.75E-05 -6.77E-04 -1.15E-03 -5.70E-04  2.76E-05  7.35E-04  1.33E-03  7.94E-04
    -6.0  1.92E-05 -4.40E-04 -7.49E-04 -4.13E-04  2.87E-05  5.50E-04  9.00E-04  5.44E-04
    -4.0  2.11E-05 -2.39E-04 -4.02E-04 -2.30E-04  2.77E-05  3.35E-04  5.20E-04  3.26E-04
    -2.0  2.29E-05 -8.30E-05 -1.39E-04 -8.01E-05  2.62E-05  1.52E-04  2.21E-04  1.49E-04
     0.0  2.47E-05  2.47E-05  2.47E-05  2.47E-05  2.47E-05  2.47E-05  2.47E-05  2.47E-05
     2.0  2.63E-05  1.53E-04  2.21E-04  1.49E-04  2.29E-05 -8.32E-05 -1.39E-04 -8.03E-05
     4.0  2.78E-05  3.37E-04  5.22E-04  3.27E-04  2.11E-05 -2.40E-04 -4.04E-04 -2.31E-04
     6.0  2.89E-05  5.53E-04  9.05E-04  5.47E-04  1.94E-05 -4.43E-04 -7.54E-04 -4.16E-04
     8.0  2.79E-05  7.43E-04  1.34E-03  8.02E-04  1.77E-05 -6.84E-04 -1.16E-03 -5.76E-04
    10.0  2.46E-05  9.04E-04  1.81E-03  1.09E-03  1.60E-05 -9.57E-04 -1.61E-03 -7.09E-04
1         ***** THE USAF AUTOMATED MISSILE DATCOM * REV 3/99 *****     CASE   1
               AERODYNAMIC METHODS FOR MISSILE CONFIGURATIONS          PAGE  43
            FIN SET 1 PANEL HINGE MOMENTS (ABOUT HINGE LINE)

       ******* FLIGHT CONDITIONS AND REFERENCE QUANTITIES *******
     MACH NO  =       1.10                REYNOLDS NO = 2.550E+07 /M
     ALTITUDE =        0.0 M         DYNAMIC PRESSURE =  85822.41 N/M**2
     SIDESLIP =       0.00 DEG                   ROLL =      0.00 DEG     
     REF AREA =      0.001 M**2         MOMENT CENTER =     0.198 M
     REF LENGTH =     0.60 M           LAT REF LENGTH =      0.60 M

   ALPHA   PANL 1   PANL 2   PANL 3   PANL 4   PANL 5   PANL 6   PANL 7   PANL 8
 
   -10.0  3.83E-04 -2.22E-02 -3.67E-02 -1.66E-02  5.88E-04  2.11E-02  4.11E-02  2.51E-02
    -8.0  4.19E-04 -1.59E-02 -2.67E-02 -1.35E-02  6.61E-04  1.73E-02  3.07E-02  1.86E-02
    -6.0  4.56E-04 -1.03E-02 -1.74E-02 -9.69E-03  6.80E-04  1.28E-02  2.08E-02  1.27E-02
    -4.0  4.94E-04 -5.56E-03 -9.34E-03 -5.37E-03  6.50E-04  7.80E-03  1.20E-02  7.58E-03
    -2.0  5.33E-04 -1.93E-03 -3.22E-03 -1.86E-03  6.11E-04  3.53E-03  5.11E-03  3.45E-03
     0.0  5.72E-04  5.72E-04  5.72E-04  5.72E-04  5.72E-04  5.72E-04  5.72E-04  5.72E-04
     2.0  6.11E-04  3.53E-03  5.11E-03  3.45E-03  5.33E-04 -1.93E-03 -3.22E-03 -1.86E-03
     4.0  6.50E-04  7.80E-03  1.20E-02  7.58E-03  4.94E-04 -5.56E-03 -9.34E-03 -5.37E-03
     6.0  6.80E-04  1.28E-02  2.08E-02  1.27E-02  4.56E-04 -1.03E-02 -1.74E-02 -9.69E-03
     8.0  6.61E-04  1.73E-02  3.07E-02  1.86E-02  4.19E-04 -1.59E-02 -2.67E-02 -1.35E-02
    10.0  5.88E-04  2.11E-02  4.11E-02  2.51E-02  3.83E-04 -2.22E-02 -3.67E-02 -1.66E-02
1         ***** THE USAF AUTOMATED MISSILE DATCOM * REV 3/99 *****     CASE   1
               AERODYNAMIC METHODS FOR MISSILE CONFIGURATIONS          PAGE  44
                   STATIC AERODYNAMICS FOR BODY-FIN SET 1

       ******* FLIGHT CONDITIONS AND REFERENCE QUANTITIES *******
     MACH NO  =       1.10                REYNOLDS NO = 2.550E+07 /M
     ALTITUDE =        0.0 M         DYNAMIC PRESSURE =  85822.41 N/M**2
     SIDESLIP =       0.00 DEG                   ROLL =      0.00 DEG     
     REF AREA =      0.001 M**2         MOMENT CENTER =     0.198 M
     REF LENGTH =     0.60 M           LAT REF LENGTH =      0.60 M

                   ----- LONGITUDINAL -----     -- LATERAL DIRECTIONAL --
         ALPHA       CN        CM        CA        CY       CLN       CLL

        -10.00    -2.452     0.756     0.759    -0.003     0.002    -0.003
         -8.00    -1.791     0.546     0.763    -0.002     0.001    -0.003
         -6.00    -1.199     0.358     0.765    -0.001     0.000    -0.002
         -4.00    -0.686     0.196     0.766     0.000     0.000    -0.002
         -2.00    -0.283     0.074     0.767     0.000     0.000    -0.001
          0.00     0.000     0.000     0.767     0.000     0.000    -0.001
          2.00     0.283    -0.074     0.767     0.000     0.000    -0.001
          4.00     0.686    -0.196     0.766     0.000     0.000    -0.002
          6.00     1.199    -0.358     0.765     0.001     0.000    -0.002
          8.00     1.791    -0.546     0.763     0.002    -0.001    -0.003
         10.00     2.452    -0.756     0.759     0.003    -0.002    -0.003

         ALPHA       CL        CD      CL/CD     X-C.P.

        -10.00    -2.283     1.173    -1.946    -0.308
         -8.00    -1.667     1.005    -1.659    -0.305
         -6.00    -1.112     0.886    -1.255    -0.299
         -4.00    -0.631     0.812    -0.776    -0.285
         -2.00    -0.256     0.776    -0.329    -0.263
          0.00     0.000     0.767     0.000    -0.474
          2.00     0.256     0.776     0.329    -0.263
          4.00     0.631     0.812     0.776    -0.285
          6.00     1.112     0.886     1.255    -0.299
          8.00     1.667     1.005     1.659    -0.305
         10.00     2.283     1.173     1.946    -0.308

    X-C.P. MEAS. FROM MOMENT CENTER IN REF. LENGTHS, NEG. AFT OF MOMENT CENTER
1         ***** THE USAF AUTOMATED MISSILE DATCOM * REV 3/99 *****     CASE   1
               AERODYNAMIC METHODS FOR MISSILE CONFIGURATIONS          PAGE  45
                   STATIC AERODYNAMICS FOR BODY-FIN SET 1

       ******* FLIGHT CONDITIONS AND REFERENCE QUANTITIES *******
     MACH NO  =       1.10                REYNOLDS NO = 2.550E+07 /M
     ALTITUDE =        0.0 M         DYNAMIC PRESSURE =  85822.41 N/M**2
     SIDESLIP =       0.00 DEG                   ROLL =      0.00 DEG     
     REF AREA =      0.001 M**2         MOMENT CENTER =     0.198 M
     REF LENGTH =     0.60 M           LAT REF LENGTH =      0.60 M

                   ---------- DERIVATIVES (PER DEGREE) ----------
         ALPHA       CNA         CMA         CYB         CLNB        CLLB
        -10.00      0.3483     -0.1101     -0.2402      0.0736      0.0002
         -8.00      0.3132     -0.0995     -0.2193      0.0663      0.0001
         -6.00      0.2761     -0.0877     -0.1958      0.0578      0.0000
         -4.00      0.2289     -0.0709     -0.1711      0.0486      0.0000
         -2.00      0.1713     -0.0489     -0.1448      0.0385     -0.0001
          0.00      0.1413     -0.0372     -0.1301      0.0325     -0.0001
          2.00      0.1713     -0.0489     -0.1448      0.0385     -0.0001
          4.00      0.2289     -0.0709     -0.1714      0.0488     -0.0001
          6.00      0.2761     -0.0877     -0.1958      0.0578     -0.0001
          8.00      0.3132     -0.0995     -0.2179      0.0656     -0.0001
         10.00      0.3483     -0.1101     -0.2379      0.0724     -0.0002

    PANEL DEFLECTION ANGLES (DEGREES)
    SET    FIN 1   FIN 2   FIN 3   FIN 4   FIN 5   FIN 6   FIN 7   FIN 8
      1    0.67    0.67    0.67    0.67    0.67    0.67    0.67    0.67
1         ***** THE USAF AUTOMATED MISSILE DATCOM * REV 3/99 *****     CASE   1
               AERODYNAMIC METHODS FOR MISSILE CONFIGURATIONS          PAGE  46
                             BODY ALONE PARTIAL OUTPUT

       ******* FLIGHT CONDITIONS AND REFERENCE QUANTITIES *******
     MACH NO  =       1.40                REYNOLDS NO = 3.246E+07 /M
     ALTITUDE =        0.0 M         DYNAMIC PRESSURE = 139018.12 N/M**2
     SIDESLIP =       0.00 DEG                   ROLL =      0.00 DEG     
     REF AREA =      0.001 M**2         MOMENT CENTER =     0.198 M
     REF LENGTH =     0.60 M           LAT REF LENGTH =      0.60 M

      ALPHA    CA-FRIC  CA-PRES/WAVE CA-BASE    CA-PROT     CA-SEP     CA-ALP
     -10.00     0.1465     0.1125     0.1806                           0.0000
      -8.00     0.1481     0.1128     0.1816                           0.0000
      -6.00     0.1494     0.1130     0.1824                           0.0000
      -4.00     0.1503     0.1132     0.1829                           0.0000
      -2.00     0.1508     0.1133     0.1833                           0.0000
       0.00     0.1510     0.1133     0.1834                           0.0000
       2.00     0.1508     0.1133     0.1833                           0.0000
       4.00     0.1503     0.1132     0.1829                           0.0000
       6.00     0.1494     0.1130     0.1824                           0.0000
       8.00     0.1481     0.1128     0.1816                           0.0000
      10.00     0.1465     0.1125     0.1806                           0.0000

                     CROSS FLOW DRAG PROPORTIONALITY FACTOR = 1.00000

      ALPHA    CN-POTEN  CN-VISC   CN-SEP    CM-POTEN  CM-VISC   CM-SEP    CDC
     -10.00    -0.394    -0.557              -0.099     0.110             0.923
      -8.00    -0.318    -0.333              -0.080     0.066             0.859
      -6.00    -0.240    -0.181              -0.061     0.036             0.830
      -4.00    -0.161    -0.078              -0.041     0.015             0.800
      -2.00    -0.081    -0.019              -0.020     0.004             0.770
       0.00     0.000     0.000               0.000     0.000             0.740
       2.00     0.081     0.019               0.020    -0.004             0.770
       4.00     0.161     0.078               0.041    -0.015             0.800
       6.00     0.240     0.181               0.061    -0.036             0.830
       8.00     0.318     0.333               0.080    -0.066             0.859
      10.00     0.394     0.557               0.099    -0.110             0.923
1         ***** THE USAF AUTOMATED MISSILE DATCOM * REV 3/99 *****     CASE   1
               AERODYNAMIC METHODS FOR MISSILE CONFIGURATIONS          PAGE  47
                        FIN SET 1 CA PARTIAL OUTPUT

       ******* FLIGHT CONDITIONS AND REFERENCE QUANTITIES *******
     MACH NO  =       1.40                REYNOLDS NO = 3.246E+07 /M
     ALTITUDE =        0.0 M         DYNAMIC PRESSURE = 139018.12 N/M**2
     SIDESLIP =       0.00 DEG                   ROLL =      0.00 DEG     
     REF AREA =      0.001 M**2         MOMENT CENTER =     0.198 M
     REF LENGTH =     0.60 M           LAT REF LENGTH =      0.60 M

    SINGLE FIN PANEL ZERO-LIFT AXIAL FORCE COMPONENTS

    SKIN FRICTION        0.0105
    SUBSONIC PRESSURE    0.0000
    TRANSONIC WAVE       0.0000
    SUPERSONIC WAVE      0.0133
    LEADING EDGE         0.0000
    TRAILING EDGE        0.0000
    TOTAL CAO            0.0238

    FIN AXIAL FORCE DUE TO ANGLE OF ATTACK

    ALPHA      CA DUE TO LIFT (SINGLE PANEL)   CA-TOTAL (8 FINS)

     -10.00              0.0000                      0.1879
      -8.00              0.0000                      0.1889
      -6.00              0.0000                      0.1897
      -4.00              0.0000                      0.1903
      -2.00              0.0000                      0.1907
       0.00              0.0000                      0.1908
       2.00              0.0000                      0.1907
       4.00              0.0000                      0.1903
       6.00              0.0000                      0.1897
       8.00              0.0000                      0.1889
      10.00              0.0000                      0.1879
1         ***** THE USAF AUTOMATED MISSILE DATCOM * REV 3/99 *****     CASE   1
               AERODYNAMIC METHODS FOR MISSILE CONFIGURATIONS          PAGE  48
                       FIN SET 1 CN, CM PARTIAL OUTPUT

       ******* FLIGHT CONDITIONS AND REFERENCE QUANTITIES *******
     MACH NO  =       1.40                REYNOLDS NO = 3.246E+07 /M
     ALTITUDE =        0.0 M         DYNAMIC PRESSURE = 139018.12 N/M**2
     SIDESLIP =       0.00 DEG                   ROLL =      0.00 DEG     
     REF AREA =      0.001 M**2         MOMENT CENTER =     0.198 M
     REF LENGTH =     0.60 M           LAT REF LENGTH =      0.60 M

    NORMAL FORCE SLOPE AT ALPHA ZERO, CNA =    0.02636/DEG (1 PANEL)
         CENTER OF PRESSURE FOR LINEAR CN =   -0.51000 (CALIBERS FROM C.G.)
     CENTER OF PRESSURE FOR NON-LINEAR CN =   -0.50333 (CALIBERS FROM C.G.)

      ALPHA      CN        CN        CN        CM        CM        CM
               LINEAR  NON-LINEAR  TOTAL     LINEAR  NON-LINEAR  TOTAL

     -10.00   -1.0410   -0.5372   -1.5782    0.5309    0.2704    0.8013
      -8.00   -0.8367   -0.3466   -1.1833    0.4267    0.1745    0.6012
      -6.00   -0.6298   -0.1960   -0.8258    0.3212    0.0987    0.4198
      -4.00   -0.4209   -0.0872   -0.5082    0.2147    0.0439    0.2586
      -2.00   -0.2108   -0.0218   -0.2326    0.1075    0.0110    0.1185
       0.00    0.0000    0.0000    0.0000    0.0000    0.0000    0.0000
       2.00    0.2108    0.0218    0.2326   -0.1075   -0.0110   -0.1185
       4.00    0.4209    0.0872    0.5082   -0.2147   -0.0439   -0.2586
       6.00    0.6298    0.1960    0.8258   -0.3212   -0.0987   -0.4198
       8.00    0.8367    0.3466    1.1833   -0.4267   -0.1745   -0.6012
      10.00    1.0410    0.5372    1.5782   -0.5309   -0.2704   -0.8013
1         ***** THE USAF AUTOMATED MISSILE DATCOM * REV 3/99 *****     CASE   1
               AERODYNAMIC METHODS FOR MISSILE CONFIGURATIONS          PAGE  49
                 AERODYNAMIC FORCE AND MOMENT SYNTHESIS

       ******* FLIGHT CONDITIONS AND REFERENCE QUANTITIES *******
     MACH NO  =       1.40                REYNOLDS NO = 3.246E+07 /M
     ALTITUDE =        0.0 M         DYNAMIC PRESSURE = 139018.12 N/M**2
     SIDESLIP =       0.00 DEG                   ROLL =      0.00 DEG     
     REF AREA =      0.001 M**2         MOMENT CENTER =     0.198 M
     REF LENGTH =     0.60 M           LAT REF LENGTH =      0.60 M

          ---------------FIN SET 1 IN PRESENCE OF THE BODY----------------

      ALPHA       CN         CM         CA         CY         CLN        CLL

     -10.00    -2.5505     1.3007     0.1934    -0.0034     0.0018    -0.0083
      -8.00    -2.0091     1.0246     0.1932    -0.0017     0.0009    -0.0076
      -6.00    -1.4538     0.7415     0.1930    -0.0006     0.0003    -0.0069
      -4.00    -0.9003     0.4591     0.1928    -0.0001     0.0001    -0.0063
      -2.00    -0.4063     0.2072     0.1925     0.0000     0.0000    -0.0055
       0.00     0.0000     0.0000     0.1923     0.0000     0.0000    -0.0049
       2.00     0.4063    -0.2072     0.1925     0.0000     0.0000    -0.0055
       4.00     0.9003    -0.4591     0.1928     0.0001    -0.0001    -0.0063
       6.00     1.4538    -0.7415     0.1930     0.0006    -0.0003    -0.0069
       8.00     2.0091    -1.0246     0.1932     0.0017    -0.0009    -0.0076
      10.00     2.5505    -1.3007     0.1934     0.0034    -0.0018    -0.0083
1         ***** THE USAF AUTOMATED MISSILE DATCOM * REV 3/99 *****     CASE   1
               AERODYNAMIC METHODS FOR MISSILE CONFIGURATIONS          PAGE  50
                 AERODYNAMIC FORCE AND MOMENT SYNTHESIS

       ******* FLIGHT CONDITIONS AND REFERENCE QUANTITIES *******
     MACH NO  =       1.40                REYNOLDS NO = 3.246E+07 /M
     ALTITUDE =        0.0 M         DYNAMIC PRESSURE = 139018.12 N/M**2
     SIDESLIP =       0.00 DEG                   ROLL =      0.00 DEG     
     REF AREA =      0.001 M**2         MOMENT CENTER =     0.198 M
     REF LENGTH =     0.60 M           LAT REF LENGTH =      0.60 M

          ---------------FIN SET 1 PANEL CHARACTERISTICS------------------

      ALPHA      PANEL    AEQ (PANEL AXIS SYS.)    PANEL CN

     -10.00        1              0.3950           0.0111
     -10.00        2            -10.7586          -0.4303
     -10.00        3            -14.8841          -0.6610
     -10.00        4             -8.6685          -0.3258
     -10.00        5              0.6193           0.0174
     -10.00        6             10.2146           0.4023
     -10.00        7             16.0617           0.7320
     -10.00        8             11.6703           0.4787
 
      -8.00        1              0.4306           0.0121
      -8.00        2             -8.6549          -0.3251
      -8.00        3            -12.1443          -0.5044
      -8.00        4             -7.6683          -0.2790
      -8.00        5              0.6808           0.0191
      -8.00        6              9.0941           0.3463
      -8.00        7             13.3144           0.5697
      -8.00        8              9.6112           0.3718
 
      -6.00        1              0.4672           0.0131
      -6.00        2             -6.4559          -0.2253
      -6.00        3             -9.1970          -0.3514
      -6.00        4             -6.1722          -0.2132
      -6.00        5              0.6907           0.0194
      -6.00        6              7.5049           0.2716
      -6.00        7             10.3626           0.4099
      -6.00        8              7.4603           0.2695
 
      -4.00        1              0.5049           0.0141
      -4.00        2             -4.1657          -0.1331
      -4.00        3             -6.0407          -0.2076
      -4.00        4             -4.0569          -0.1290
      -4.00        5              0.6597           0.0185
      -4.00        6              5.3303           0.1784
      -4.00        7              7.2054           0.2581
      -4.00        8              5.2216           0.1740
 
      -2.00        1              0.5433           0.0152
      -2.00        2             -1.8123          -0.0523
      -2.00        3             -2.7634          -0.0830
      -2.00        4             -1.7573          -0.0506
      -2.00        5              0.6213           0.0174
      -2.00        6              2.9769           0.0903
      -2.00        7              3.9280           0.1242
      -2.00        8              2.9219           0.0884
 
       0.00        1              0.5823           0.0163
       0.00        2              0.5823           0.0163
       0.00        3              0.5823           0.0163
       0.00        4              0.5823           0.0163
       0.00        5              0.5823           0.0163
       0.00        6              0.5823           0.0163
       0.00        7              0.5823           0.0163
       0.00        8              0.5823           0.0163
 
       2.00        1              0.6213           0.0174
       2.00        2              2.9769           0.0903
       2.00        3              3.9280           0.1242
       2.00        4              2.9219           0.0884
       2.00        5              0.5433           0.0152
       2.00        6             -1.8123          -0.0523
       2.00        7             -2.7634          -0.0830
       2.00        8             -1.7573          -0.0506
 
       4.00        1              0.6597           0.0185
       4.00        2              5.3303           0.1784
       4.00        3              7.2054           0.2581
       4.00        4              5.2216           0.1740
       4.00        5              0.5049           0.0141
       4.00        6             -4.1657          -0.1331
       4.00        7             -6.0407          -0.2076
       4.00        8             -4.0570          -0.1290
 
       6.00        1              0.6907           0.0194
       6.00        2              7.5049           0.2716
       6.00        3             10.3626           0.4099
       6.00        4              7.4603           0.2695
       6.00        5              0.4672           0.0131
       6.00        6             -6.4559          -0.2253
       6.00        7             -9.1970          -0.3514
       6.00        8             -6.1722          -0.2132
 
       8.00        1              0.6808           0.0191
       8.00        2              9.0941           0.3463
       8.00        3             13.3144           0.5697
       8.00        4              9.6112           0.3718
       8.00        5              0.4306           0.0121
       8.00        6             -8.6549          -0.3251
       8.00        7            -12.1443          -0.5044
       8.00        8             -7.6683          -0.2790
 
      10.00        1              0.6193           0.0174
      10.00        2             10.2146           0.4023
      10.00        3             16.0617           0.7320
      10.00        4             11.6703           0.4787
      10.00        5              0.3950           0.0111
      10.00        6            -10.7586          -0.4303
      10.00        7            -14.8841          -0.6610
      10.00        8             -8.6685          -0.3258
 
1         ***** THE USAF AUTOMATED MISSILE DATCOM * REV 3/99 *****     CASE   1
               AERODYNAMIC METHODS FOR MISSILE CONFIGURATIONS          PAGE  51
                 AERODYNAMIC FORCE AND MOMENT SYNTHESIS

       ******* FLIGHT CONDITIONS AND REFERENCE QUANTITIES *******
     MACH NO  =       1.40                REYNOLDS NO = 3.246E+07 /M
     ALTITUDE =        0.0 M         DYNAMIC PRESSURE = 139018.12 N/M**2
     SIDESLIP =       0.00 DEG                   ROLL =      0.00 DEG     
     REF AREA =      0.001 M**2         MOMENT CENTER =     0.198 M
     REF LENGTH =     0.60 M           LAT REF LENGTH =      0.60 M

             CARRYOVER INTERFERENCE FACTORS - FIN SET 1

      ALPHA   K-W(B)   K-B(W)  KK-W(B)  KK-B(W)  XCP-W(B) XCP-B(W) Y-CP/(B/2)

     -10.00   1.6020   1.1241   0.9535   0.6600   0.5100   0.4200   0.3857
      -8.00   1.6237   1.1241   0.9535   0.6600   0.5100   0.4200   0.3778
      -6.00   1.6435   1.1241   0.9535   0.6600   0.5100   0.4200   0.3911
      -4.00   1.6607   1.1241   0.9535   0.6600   0.5100   0.4200   0.4076
      -2.00   1.6743   1.1241   0.9535   0.6600   0.5100   0.4200   0.4317
       0.00   1.6818   1.1241   0.9535   0.6600   0.5100   0.4200   0.4520
       2.00   1.6743   1.1241   0.9535   0.6600   0.5100   0.4200   0.4423
       4.00   1.6607   1.1241   0.9535   0.6600   0.5100   0.4200   0.4202
       6.00   1.6435   1.1241   0.9535   0.6600   0.5100   0.4200   0.3985
       8.00   1.6237   1.1241   0.9535   0.6600   0.5100   0.4200   0.3899
      10.00   1.6020   1.1241   0.9535   0.6600   0.5100   0.4200   0.3838

    NOTE - XCP-W(B) USED FOR STABILITY ONLY DIFFERENT VALUES USED FOR HINGE MOMENTS
1         ***** THE USAF AUTOMATED MISSILE DATCOM * REV 3/99 *****     CASE   1
               AERODYNAMIC METHODS FOR MISSILE CONFIGURATIONS          PAGE  52
        FIN SET 1 PANEL BENDING MOMENTS (ABOUT EXPOSED ROOT CHORD)

       ******* FLIGHT CONDITIONS AND REFERENCE QUANTITIES *******
     MACH NO  =       1.40                REYNOLDS NO = 3.246E+07 /M
     ALTITUDE =        0.0 M         DYNAMIC PRESSURE = 139018.12 N/M**2
     SIDESLIP =       0.00 DEG                   ROLL =      0.00 DEG     
     REF AREA =      0.001 M**2         MOMENT CENTER =     0.198 M
     REF LENGTH =     0.60 M           LAT REF LENGTH =      0.60 M

   ALPHA   PANL 1   PANL 2   PANL 3   PANL 4   PANL 5   PANL 6   PANL 7   PANL 8
 
   -10.0  6.75E-05 -2.63E-03 -4.04E-03 -1.99E-03  1.06E-04  2.46E-03  4.47E-03  2.92E-03
    -8.0  7.21E-05 -1.94E-03 -3.02E-03 -1.67E-03  1.14E-04  2.07E-03  3.41E-03  2.22E-03
    -6.0  8.10E-05 -1.40E-03 -2.18E-03 -1.32E-03  1.20E-04  1.68E-03  2.54E-03  1.67E-03
    -4.0  9.13E-05 -8.59E-04 -1.34E-03 -8.33E-04  1.19E-04  1.15E-03  1.67E-03  1.12E-03
    -2.0  1.04E-04 -3.58E-04 -5.67E-04 -3.46E-04  1.19E-04  6.17E-04  8.49E-04  6.04E-04
     0.0  1.17E-04  1.17E-04  1.17E-04  1.17E-04  1.17E-04  1.17E-04  1.17E-04  1.17E-04
     2.0  1.22E-04  6.32E-04  8.70E-04  6.19E-04  1.07E-04 -3.66E-04 -5.81E-04 -3.55E-04
     4.0  1.23E-04  1.19E-03  1.72E-03  1.16E-03  9.41E-05 -8.86E-04 -1.38E-03 -8.58E-04
     6.0  1.22E-04  1.71E-03  2.59E-03  1.70E-03  8.26E-05 -1.42E-03 -2.22E-03 -1.35E-03
     8.0  1.18E-04  2.14E-03  3.52E-03  2.30E-03  7.44E-05 -2.01E-03 -3.11E-03 -1.72E-03
    10.0  1.06E-04  2.44E-03  4.45E-03  2.91E-03  6.72E-05 -2.62E-03 -4.02E-03 -1.98E-03
1         ***** THE USAF AUTOMATED MISSILE DATCOM * REV 3/99 *****     CASE   1
               AERODYNAMIC METHODS FOR MISSILE CONFIGURATIONS          PAGE  53
            FIN SET 1 PANEL HINGE MOMENTS (ABOUT HINGE LINE)

       ******* FLIGHT CONDITIONS AND REFERENCE QUANTITIES *******
     MACH NO  =       1.40                REYNOLDS NO = 3.246E+07 /M
     ALTITUDE =        0.0 M         DYNAMIC PRESSURE = 139018.12 N/M**2
     SIDESLIP =       0.00 DEG                   ROLL =      0.00 DEG     
     REF AREA =      0.001 M**2         MOMENT CENTER =     0.198 M
     REF LENGTH =     0.60 M           LAT REF LENGTH =      0.60 M

   ALPHA   PANL 1   PANL 2   PANL 3   PANL 4   PANL 5   PANL 6   PANL 7   PANL 8
 
   -10.0  1.80E-03 -6.46E-02 -9.46E-02 -4.99E-02  2.82E-03  6.07E-02  1.03E-01  7.12E-02
    -8.0  1.96E-03 -4.98E-02 -7.46E-02 -4.32E-02  3.11E-03  5.29E-02  8.31E-02  5.65E-02
    -6.0  2.13E-03 -3.52E-02 -5.36E-02 -3.34E-02  3.15E-03  4.21E-02  6.18E-02  4.18E-02
    -4.0  2.30E-03 -2.12E-02 -3.26E-02 -2.05E-02  3.01E-03  2.81E-02  4.01E-02  2.75E-02
    -2.0  2.48E-03 -8.45E-03 -1.33E-02 -8.18E-03  2.83E-03  1.45E-02  1.98E-02  1.42E-02
     0.0  2.65E-03  2.65E-03  2.65E-03  2.65E-03  2.65E-03  2.65E-03  2.65E-03  2.65E-03
     2.0  2.83E-03  1.45E-02  1.98E-02  1.42E-02  2.48E-03 -8.45E-03 -1.33E-02 -8.18E-03
     4.0  3.01E-03  2.81E-02  4.01E-02  2.75E-02  2.30E-03 -2.12E-02 -3.26E-02 -2.05E-02
     6.0  3.15E-03  4.21E-02  6.18E-02  4.18E-02  2.13E-03 -3.52E-02 -5.36E-02 -3.34E-02
     8.0  3.11E-03  5.29E-02  8.31E-02  5.65E-02  1.96E-03 -4.98E-02 -7.46E-02 -4.32E-02
    10.0  2.82E-03  6.07E-02  1.03E-01  7.12E-02  1.80E-03 -6.46E-02 -9.46E-02 -4.99E-02
1         ***** THE USAF AUTOMATED MISSILE DATCOM * REV 3/99 *****     CASE   1
               AERODYNAMIC METHODS FOR MISSILE CONFIGURATIONS          PAGE  54
                   STATIC AERODYNAMICS FOR BODY-FIN SET 1

       ******* FLIGHT CONDITIONS AND REFERENCE QUANTITIES *******
     MACH NO  =       1.40                REYNOLDS NO = 3.246E+07 /M
     ALTITUDE =        0.0 M         DYNAMIC PRESSURE = 139018.12 N/M**2
     SIDESLIP =       0.00 DEG                   ROLL =      0.00 DEG     
     REF AREA =      0.001 M**2         MOMENT CENTER =     0.198 M
     REF LENGTH =     0.60 M           LAT REF LENGTH =      0.60 M

                   ----- LONGITUDINAL -----     -- LATERAL DIRECTIONAL --
         ALPHA       CN        CM        CA        CY       CLN       CLL

        -10.00    -5.290     2.063     0.633    -0.006     0.003    -0.008
         -8.00    -4.050     1.595     0.636    -0.003     0.001    -0.008
         -6.00    -2.869     1.134     0.638    -0.001     0.001    -0.007
         -4.00    -1.748     0.690     0.639     0.000     0.000    -0.006
         -2.00    -0.778     0.305     0.640     0.000     0.000    -0.005
          0.00     0.000     0.000     0.640     0.000     0.000    -0.005
          2.00     0.778    -0.305     0.640     0.000     0.000    -0.005
          4.00     1.748    -0.690     0.639     0.000     0.000    -0.006
          6.00     2.869    -1.134     0.638     0.001    -0.001    -0.007
          8.00     4.050    -1.595     0.636     0.003    -0.001    -0.008
         10.00     5.290    -2.063     0.633     0.006    -0.003    -0.008

         ALPHA       CL        CD      CL/CD     X-C.P.

        -10.00    -5.100     1.542    -3.308    -0.390
         -8.00    -3.923     1.193    -3.287    -0.394
         -6.00    -2.787     0.934    -2.983    -0.395
         -4.00    -1.699     0.760    -2.237    -0.395
         -2.00    -0.756     0.667    -1.133    -0.392
          0.00     0.000     0.640     0.000    -0.474
          2.00     0.756     0.667     1.133    -0.392
          4.00     1.699     0.760     2.237    -0.395
          6.00     2.787     0.934     2.983    -0.395
          8.00     3.923     1.193     3.287    -0.394
         10.00     5.100     1.542     3.308    -0.390

    X-C.P. MEAS. FROM MOMENT CENTER IN REF. LENGTHS, NEG. AFT OF MOMENT CENTER
1         ***** THE USAF AUTOMATED MISSILE DATCOM * REV 3/99 *****     CASE   1
               AERODYNAMIC METHODS FOR MISSILE CONFIGURATIONS          PAGE  55
                   STATIC AERODYNAMICS FOR BODY-FIN SET 1

       ******* FLIGHT CONDITIONS AND REFERENCE QUANTITIES *******
     MACH NO  =       1.40                REYNOLDS NO = 3.246E+07 /M
     ALTITUDE =        0.0 M         DYNAMIC PRESSURE = 139018.12 N/M**2
     SIDESLIP =       0.00 DEG                   ROLL =      0.00 DEG     
     REF AREA =      0.001 M**2         MOMENT CENTER =     0.198 M
     REF LENGTH =     0.60 M           LAT REF LENGTH =      0.60 M

                   ---------- DERIVATIVES (PER DEGREE) ----------
         ALPHA       CNA         CMA         CYB         CLNB        CLLB
        -10.00      0.6348     -0.2365     -0.5185      0.2017      0.0003
         -8.00      0.6052     -0.2322     -0.4986      0.1958      0.0002
         -6.00      0.5755     -0.2262     -0.4700      0.1852      0.0000
         -4.00      0.5221     -0.2073     -0.4355      0.1717     -0.0001
         -2.00      0.4362     -0.1724     -0.3947      0.1549     -0.0001
          0.00      0.3892     -0.1526     -0.3703      0.1443     -0.0002
          2.00      0.4362     -0.1724     -0.3947      0.1549     -0.0001
          4.00      0.5221     -0.2073     -0.4361      0.1719     -0.0001
          6.00      0.5755     -0.2262     -0.4702      0.1853     -0.0001
          8.00      0.6052     -0.2322     -0.4962      0.1947     -0.0004
         10.00      0.6348     -0.2365     -0.5140      0.1996     -0.0005

    PANEL DEFLECTION ANGLES (DEGREES)
    SET    FIN 1   FIN 2   FIN 3   FIN 4   FIN 5   FIN 6   FIN 7   FIN 8
      1    0.67    0.67    0.67    0.67    0.67    0.67    0.67    0.67

    BODY ALONE LINEAR DATA GENERATED FROM VAN DYKE HYBRID THEORY

1         ***** THE USAF AUTOMATED MISSILE DATCOM * REV 3/99 *****     CASE   1
               AERODYNAMIC METHODS FOR MISSILE CONFIGURATIONS          PAGE  56
                             BODY ALONE PARTIAL OUTPUT

       ******* FLIGHT CONDITIONS AND REFERENCE QUANTITIES *******
     MACH NO  =       2.00                REYNOLDS NO = 4.637E+07 /M
     ALTITUDE =        0.0 M         DYNAMIC PRESSURE = 283710.47 N/M**2
     SIDESLIP =       0.00 DEG                   ROLL =      0.00 DEG     
     REF AREA =      0.001 M**2         MOMENT CENTER =     0.198 M
     REF LENGTH =     0.60 M           LAT REF LENGTH =      0.60 M

      ALPHA    CA-FRIC  CA-PRES/WAVE CA-BASE    CA-PROT     CA-SEP     CA-ALP
     -10.00     0.1257     0.1041     0.1448                           0.0000
      -8.00     0.1271     0.1044     0.1456                           0.0000
      -6.00     0.1281     0.1046     0.1462                           0.0000
      -4.00     0.1289     0.1047     0.1466                           0.0000
      -2.00     0.1294     0.1048     0.1469                           0.0000
       0.00     0.1296     0.1049     0.1470                           0.0000
       2.00     0.1294     0.1048     0.1469                           0.0000
       4.00     0.1289     0.1047     0.1466                           0.0000
       6.00     0.1281     0.1046     0.1462                           0.0000
       8.00     0.1271     0.1044     0.1456                           0.0000
      10.00     0.1257     0.1041     0.1448                           0.0000

                     CROSS FLOW DRAG PROPORTIONALITY FACTOR = 1.00000

      ALPHA    CN-POTEN  CN-VISC   CN-SEP    CM-POTEN  CM-VISC   CM-SEP    CDC
     -10.00    -0.451    -0.646              -0.114     0.128             1.071
      -8.00    -0.364    -0.377              -0.092     0.075             0.973
      -6.00    -0.275    -0.191              -0.069     0.038             0.875
      -4.00    -0.184    -0.080              -0.046     0.016             0.825
      -2.00    -0.092    -0.019              -0.023     0.004             0.783
       0.00     0.000     0.000               0.000     0.000             0.740
       2.00     0.092     0.019               0.023    -0.004             0.783
       4.00     0.184     0.080               0.046    -0.016             0.825
       6.00     0.275     0.191               0.069    -0.038             0.875
       8.00     0.364     0.377               0.092    -0.075             0.973
      10.00     0.451     0.646               0.114    -0.128             1.071
1         ***** THE USAF AUTOMATED MISSILE DATCOM * REV 3/99 *****     CASE   1
               AERODYNAMIC METHODS FOR MISSILE CONFIGURATIONS          PAGE  57
                        FIN SET 1 CA PARTIAL OUTPUT

       ******* FLIGHT CONDITIONS AND REFERENCE QUANTITIES *******
     MACH NO  =       2.00                REYNOLDS NO = 4.637E+07 /M
     ALTITUDE =        0.0 M         DYNAMIC PRESSURE = 283710.47 N/M**2
     SIDESLIP =       0.00 DEG                   ROLL =      0.00 DEG     
     REF AREA =      0.001 M**2         MOMENT CENTER =     0.198 M
     REF LENGTH =     0.60 M           LAT REF LENGTH =      0.60 M

    SINGLE FIN PANEL ZERO-LIFT AXIAL FORCE COMPONENTS

    SKIN FRICTION        0.0091
    SUBSONIC PRESSURE    0.0000
    TRANSONIC WAVE       0.0000
    SUPERSONIC WAVE      0.0082
    LEADING EDGE         0.0000
    TRAILING EDGE        0.0000
    TOTAL CAO            0.0172

    FIN AXIAL FORCE DUE TO ANGLE OF ATTACK

    ALPHA      CA DUE TO LIFT (SINGLE PANEL)   CA-TOTAL (8 FINS)

     -10.00              0.0000                      0.1359
      -8.00              0.0000                      0.1366
      -6.00              0.0000                      0.1372
      -4.00              0.0000                      0.1376
      -2.00              0.0000                      0.1379
       0.00              0.0000                      0.1379
       2.00              0.0000                      0.1379
       4.00              0.0000                      0.1376
       6.00              0.0000                      0.1372
       8.00              0.0000                      0.1366
      10.00              0.0000                      0.1359
1         ***** THE USAF AUTOMATED MISSILE DATCOM * REV 3/99 *****     CASE   1
               AERODYNAMIC METHODS FOR MISSILE CONFIGURATIONS          PAGE  58
                       FIN SET 1 CN, CM PARTIAL OUTPUT

       ******* FLIGHT CONDITIONS AND REFERENCE QUANTITIES *******
     MACH NO  =       2.00                REYNOLDS NO = 4.637E+07 /M
     ALTITUDE =        0.0 M         DYNAMIC PRESSURE = 283710.47 N/M**2
     SIDESLIP =       0.00 DEG                   ROLL =      0.00 DEG     
     REF AREA =      0.001 M**2         MOMENT CENTER =     0.198 M
     REF LENGTH =     0.60 M           LAT REF LENGTH =      0.60 M

    NORMAL FORCE SLOPE AT ALPHA ZERO, CNA =    0.01491/DEG (1 PANEL)
         CENTER OF PRESSURE FOR LINEAR CN =   -0.51000 (CALIBERS FROM C.G.)
     CENTER OF PRESSURE FOR NON-LINEAR CN =   -0.50333 (CALIBERS FROM C.G.)

      ALPHA      CN        CN        CN        CM        CM        CM
               LINEAR  NON-LINEAR  TOTAL     LINEAR  NON-LINEAR  TOTAL

     -10.00   -0.5889   -0.1138   -0.7027    0.3003    0.0573    0.3576
      -8.00   -0.4733   -0.0569   -0.5302    0.2414    0.0286    0.2700
      -6.00   -0.3562   -0.0234   -0.3796    0.1817    0.0118    0.1935
      -4.00   -0.2381   -0.0068   -0.2449    0.1214    0.0034    0.1248
      -2.00   -0.1192   -0.0008   -0.1201    0.0608    0.0004    0.0612
       0.00    0.0000    0.0000    0.0000    0.0000    0.0000    0.0000
       2.00    0.1192    0.0008    0.1201   -0.0608   -0.0004   -0.0612
       4.00    0.2381    0.0068    0.2449   -0.1214   -0.0034   -0.1248
       6.00    0.3562    0.0234    0.3796   -0.1817   -0.0118   -0.1935
       8.00    0.4733    0.0569    0.5302   -0.2414   -0.0286   -0.2700
      10.00    0.5889    0.1138    0.7027   -0.3003   -0.0573   -0.3576
1         ***** THE USAF AUTOMATED MISSILE DATCOM * REV 3/99 *****     CASE   1
               AERODYNAMIC METHODS FOR MISSILE CONFIGURATIONS          PAGE  59
                 AERODYNAMIC FORCE AND MOMENT SYNTHESIS

       ******* FLIGHT CONDITIONS AND REFERENCE QUANTITIES *******
     MACH NO  =       2.00                REYNOLDS NO = 4.637E+07 /M
     ALTITUDE =        0.0 M         DYNAMIC PRESSURE = 283710.47 N/M**2
     SIDESLIP =       0.00 DEG                   ROLL =      0.00 DEG     
     REF AREA =      0.001 M**2         MOMENT CENTER =     0.198 M
     REF LENGTH =     0.60 M           LAT REF LENGTH =      0.60 M

          ---------------FIN SET 1 IN PRESENCE OF THE BODY----------------

      ALPHA       CN         CM         CA         CY         CLN        CLL

     -10.00    -1.2156     0.6200     0.1394    -0.0024     0.0012    -0.0045
      -8.00    -0.9310     0.4748     0.1392    -0.0007     0.0004    -0.0039
      -6.00    -0.6677     0.3405     0.1390    -0.0001     0.0000    -0.0033
      -4.00    -0.4215     0.2150     0.1389     0.0000     0.0000    -0.0029
      -2.00    -0.2031     0.1036     0.1388     0.0000     0.0000    -0.0027
       0.00     0.0000     0.0000     0.1388     0.0000     0.0000    -0.0026
       2.00     0.2031    -0.1036     0.1388     0.0000     0.0000    -0.0027
       4.00     0.4215    -0.2150     0.1389     0.0000     0.0000    -0.0029
       6.00     0.6677    -0.3405     0.1390     0.0001     0.0000    -0.0033
       8.00     0.9310    -0.4748     0.1392     0.0007    -0.0004    -0.0039
      10.00     1.2156    -0.6200     0.1394     0.0024    -0.0012    -0.0045
1         ***** THE USAF AUTOMATED MISSILE DATCOM * REV 3/99 *****     CASE   1
               AERODYNAMIC METHODS FOR MISSILE CONFIGURATIONS          PAGE  60
                 AERODYNAMIC FORCE AND MOMENT SYNTHESIS

       ******* FLIGHT CONDITIONS AND REFERENCE QUANTITIES *******
     MACH NO  =       2.00                REYNOLDS NO = 4.637E+07 /M
     ALTITUDE =        0.0 M         DYNAMIC PRESSURE = 283710.47 N/M**2
     SIDESLIP =       0.00 DEG                   ROLL =      0.00 DEG     
     REF AREA =      0.001 M**2         MOMENT CENTER =     0.198 M
     REF LENGTH =     0.60 M           LAT REF LENGTH =      0.60 M

          ---------------FIN SET 1 PANEL CHARACTERISTICS------------------

      ALPHA      PANEL    AEQ (PANEL AXIS SYS.)    PANEL CN

     -10.00        1              0.4009           0.0060
     -10.00        2            -10.7259          -0.1983
     -10.00        3            -14.8032          -0.3244
     -10.00        4             -8.2080          -0.1390
     -10.00        5              0.6579           0.0098
     -10.00        6              9.7997           0.1751
     -10.00        7             15.9943           0.3711
     -10.00        8             11.6494           0.2232
 
      -8.00        1              0.4362           0.0065
      -8.00        2             -8.6367          -0.1483
      -8.00        3            -12.1061          -0.2362
      -8.00        4             -7.4756          -0.1238
      -8.00        5              0.6992           0.0104
      -8.00        6              8.9251           0.1547
      -8.00        7             13.2882           0.2725
      -8.00        8              9.6043           0.1704
 
      -6.00        1              0.4728           0.0071
      -6.00        2             -6.4462          -0.1039
      -6.00        3             -9.1840          -0.1606
      -6.00        4             -6.1436          -0.0983
      -6.00        5              0.6982           0.0104
      -6.00        6              7.4880           0.1241
      -6.00        7             10.3606           0.1889
      -6.00        8              7.4616           0.1236
 
      -4.00        1              0.5104           0.0076
      -4.00        2             -4.1588          -0.0640
      -4.00        3             -6.0333          -0.0963
      -4.00        4             -4.0501          -0.0623
      -4.00        5              0.6652           0.0099
      -4.00        6              5.3344           0.0839
      -4.00        7              7.2089           0.1185
      -4.00        8              5.2257           0.0820
 
      -2.00        1              0.5488           0.0082
      -2.00        2             -1.8066          -0.0271
      -2.00        3             -2.7575          -0.0417
      -2.00        4             -1.7515          -0.0263
      -2.00        5              0.6268           0.0094
      -2.00        6              2.9821           0.0452
      -2.00        7              3.9331           0.0604
      -2.00        8              2.9271           0.0443
 
       0.00        1              0.5878           0.0088
       0.00        2              0.5878           0.0088
       0.00        3              0.5878           0.0088
       0.00        4              0.5878           0.0088
       0.00        5              0.5878           0.0088
       0.00        6              0.5878           0.0088
       0.00        7              0.5878           0.0088
       0.00        8              0.5878           0.0088
 
       2.00        1              0.6268           0.0094
       2.00        2              2.9821           0.0452
       2.00        3              3.9331           0.0604
       2.00        4              2.9271           0.0443
       2.00        5              0.5488           0.0082
       2.00        6             -1.8066          -0.0271
       2.00        7             -2.7575          -0.0417
       2.00        8             -1.7516          -0.0263
 
       4.00        1              0.6652           0.0099
       4.00        2              5.3344           0.0839
       4.00        3              7.2089           0.1185
       4.00        4              5.2257           0.0820
       4.00        5              0.5104           0.0076
       4.00        6             -4.1588          -0.0640
       4.00        7             -6.0333          -0.0963
       4.00        8             -4.0501          -0.0623
 
       6.00        1              0.6982           0.0104
       6.00        2              7.4880           0.1241
       6.00        3             10.3606           0.1889
       6.00        4              7.4616           0.1236
       6.00        5              0.4728           0.0071
       6.00        6             -6.4462          -0.1039
       6.00        7             -9.1840          -0.1606
       6.00        8             -6.1436          -0.0983
 
       8.00        1              0.6992           0.0104
       8.00        2              8.9251           0.1547
       8.00        3             13.2882           0.2725
       8.00        4              9.6043           0.1704
       8.00        5              0.4362           0.0065
       8.00        6             -8.6367          -0.1483
       8.00        7            -12.1061          -0.2362
       8.00        8             -7.4756          -0.1238
 
      10.00        1              0.6579           0.0098
      10.00        2              9.7997           0.1751
      10.00        3             15.9943           0.3711
      10.00        4             11.6494           0.2232
      10.00        5              0.4009           0.0060
      10.00        6            -10.7259          -0.1983
      10.00        7            -14.8032          -0.3244
      10.00        8             -8.2080          -0.1390
 
1         ***** THE USAF AUTOMATED MISSILE DATCOM * REV 3/99 *****     CASE   1
               AERODYNAMIC METHODS FOR MISSILE CONFIGURATIONS          PAGE  61
                 AERODYNAMIC FORCE AND MOMENT SYNTHESIS

       ******* FLIGHT CONDITIONS AND REFERENCE QUANTITIES *******
     MACH NO  =       2.00                REYNOLDS NO = 4.637E+07 /M
     ALTITUDE =        0.0 M         DYNAMIC PRESSURE = 283710.47 N/M**2
     SIDESLIP =       0.00 DEG                   ROLL =      0.00 DEG     
     REF AREA =      0.001 M**2         MOMENT CENTER =     0.198 M
     REF LENGTH =     0.60 M           LAT REF LENGTH =      0.60 M

             CARRYOVER INTERFERENCE FACTORS - FIN SET 1

      ALPHA   K-W(B)   K-B(W)  KK-W(B)  KK-B(W)  XCP-W(B) XCP-B(W) Y-CP/(B/2)

     -10.00   1.6002   1.1241   0.9535   0.6600   0.5100   0.4200   0.4084
      -8.00   1.6224   1.1241   0.9535   0.6600   0.5100   0.4200   0.4174
      -6.00   1.6426   1.1241   0.9535   0.6600   0.5100   0.4200   0.4299
      -4.00   1.6602   1.1241   0.9535   0.6600   0.5100   0.4200   0.4409
      -2.00   1.6741   1.1241   0.9535   0.6600   0.5100   0.4200   0.4509
       0.00   1.6818   1.1241   0.9535   0.6600   0.5100   0.4200   0.4603
       2.00   1.6741   1.1241   0.9535   0.6600   0.5100   0.4200   0.4557
       4.00   1.6602   1.1241   0.9535   0.6600   0.5100   0.4200   0.4461
       6.00   1.6426   1.1241   0.9535   0.6600   0.5100   0.4200   0.4366
       8.00   1.6224   1.1241   0.9535   0.6600   0.5100   0.4200   0.4298
      10.00   1.6002   1.1241   0.9535   0.6600   0.5100   0.4200   0.4258

    NOTE - XCP-W(B) USED FOR STABILITY ONLY DIFFERENT VALUES USED FOR HINGE MOMENTS
1         ***** THE USAF AUTOMATED MISSILE DATCOM * REV 3/99 *****     CASE   1
               AERODYNAMIC METHODS FOR MISSILE CONFIGURATIONS          PAGE  62
        FIN SET 1 PANEL BENDING MOMENTS (ABOUT EXPOSED ROOT CHORD)

       ******* FLIGHT CONDITIONS AND REFERENCE QUANTITIES *******
     MACH NO  =       2.00                REYNOLDS NO = 4.637E+07 /M
     ALTITUDE =        0.0 M         DYNAMIC PRESSURE = 283710.47 N/M**2
     SIDESLIP =       0.00 DEG                   ROLL =      0.00 DEG     
     REF AREA =      0.001 M**2         MOMENT CENTER =     0.198 M
     REF LENGTH =     0.60 M           LAT REF LENGTH =      0.60 M

   ALPHA   PANL 1   PANL 2   PANL 3   PANL 4   PANL 5   PANL 6   PANL 7   PANL 8
 
   -10.0  3.87E-05 -1.28E-03 -2.10E-03 -8.99E-04  6.35E-05  1.13E-03  2.40E-03  1.44E-03
    -8.0  4.30E-05 -9.80E-04 -1.56E-03 -8.19E-04  6.90E-05  1.02E-03  1.80E-03  1.13E-03
    -6.0  4.80E-05 -7.07E-04 -1.09E-03 -6.69E-04  7.09E-05  8.45E-04  1.29E-03  8.41E-04
    -4.0  5.32E-05 -4.47E-04 -6.72E-04 -4.35E-04  6.93E-05  5.86E-04  8.27E-04  5.72E-04
    -2.0  5.85E-05 -1.93E-04 -2.98E-04 -1.88E-04  6.68E-05  3.23E-04  4.31E-04  3.17E-04
     0.0  6.39E-05  6.39E-05  6.39E-05  6.39E-05  6.39E-05  6.39E-05  6.39E-05  6.39E-05
     2.0  6.75E-05  3.26E-04  4.35E-04  3.20E-04  5.91E-05 -1.96E-04 -3.01E-04 -1.90E-04
     4.0  7.01E-05  5.93E-04  8.37E-04  5.79E-04  5.38E-05 -4.52E-04 -6.80E-04 -4.40E-04
     6.0  7.20E-05  8.58E-04  1.31E-03  8.54E-04  4.88E-05 -7.18E-04 -1.11E-03 -6.80E-04
     8.0  7.10E-05  1.05E-03  1.85E-03  1.16E-03  4.43E-05 -1.01E-03 -1.61E-03 -8.43E-04
    10.0  6.62E-05  1.18E-03  2.50E-03  1.50E-03  4.03E-05 -1.34E-03 -2.19E-03 -9.37E-04
1         ***** THE USAF AUTOMATED MISSILE DATCOM * REV 3/99 *****     CASE   1
               AERODYNAMIC METHODS FOR MISSILE CONFIGURATIONS          PAGE  63
            FIN SET 1 PANEL HINGE MOMENTS (ABOUT HINGE LINE)

       ******* FLIGHT CONDITIONS AND REFERENCE QUANTITIES *******
     MACH NO  =       2.00                REYNOLDS NO = 4.637E+07 /M
     ALTITUDE =        0.0 M         DYNAMIC PRESSURE = 283710.47 N/M**2
     SIDESLIP =       0.00 DEG                   ROLL =      0.00 DEG     
     REF AREA =      0.001 M**2         MOMENT CENTER =     0.198 M
     REF LENGTH =     0.60 M           LAT REF LENGTH =      0.60 M

   ALPHA   PANL 1   PANL 2   PANL 3   PANL 4   PANL 5   PANL 6   PANL 7   PANL 8
 
   -10.0  9.59E-04 -2.97E-02 -4.63E-02 -2.13E-02  1.57E-03  2.64E-02  5.20E-02  3.31E-02
    -8.0  1.04E-03 -2.26E-02 -3.49E-02 -1.91E-02  1.67E-03  2.35E-02  3.97E-02  2.58E-02
    -6.0  1.13E-03 -1.61E-02 -2.44E-02 -1.53E-02  1.67E-03  1.91E-02  2.84E-02  1.90E-02
    -4.0  1.22E-03 -1.01E-02 -1.50E-02 -9.79E-03  1.59E-03  1.31E-02  1.83E-02  1.28E-02
    -2.0  1.31E-03 -4.32E-03 -6.61E-03 -4.18E-03  1.50E-03  7.15E-03  9.50E-03  7.02E-03
     0.0  1.41E-03  1.41E-03  1.41E-03  1.41E-03  1.41E-03  1.41E-03  1.41E-03  1.41E-03
     2.0  1.50E-03  7.15E-03  9.50E-03  7.02E-03  1.31E-03 -4.32E-03 -6.61E-03 -4.18E-03
     4.0  1.59E-03  1.31E-02  1.83E-02  1.28E-02  1.22E-03 -1.01E-02 -1.50E-02 -9.79E-03
     6.0  1.67E-03  1.91E-02  2.84E-02  1.90E-02  1.13E-03 -1.61E-02 -2.44E-02 -1.53E-02
     8.0  1.67E-03  2.35E-02  3.97E-02  2.58E-02  1.04E-03 -2.26E-02 -3.49E-02 -1.91E-02
    10.0  1.57E-03  2.64E-02  5.20E-02  3.31E-02  9.59E-04 -2.97E-02 -4.63E-02 -2.13E-02
1         ***** THE USAF AUTOMATED MISSILE DATCOM * REV 3/99 *****     CASE   1
               AERODYNAMIC METHODS FOR MISSILE CONFIGURATIONS          PAGE  64
                   STATIC AERODYNAMICS FOR BODY-FIN SET 1

       ******* FLIGHT CONDITIONS AND REFERENCE QUANTITIES *******
     MACH NO  =       2.00                REYNOLDS NO = 4.637E+07 /M
     ALTITUDE =        0.0 M         DYNAMIC PRESSURE = 283710.47 N/M**2
     SIDESLIP =       0.00 DEG                   ROLL =      0.00 DEG     
     REF AREA =      0.001 M**2         MOMENT CENTER =     0.198 M
     REF LENGTH =     0.60 M           LAT REF LENGTH =      0.60 M

                   ----- LONGITUDINAL -----     -- LATERAL DIRECTIONAL --
         ALPHA       CN        CM        CA        CY       CLN       CLL

        -10.00    -3.166     0.993     0.514    -0.004     0.002    -0.004
         -8.00    -2.317     0.729     0.516    -0.001     0.001    -0.004
         -6.00    -1.590     0.501     0.518     0.000     0.000    -0.003
         -4.00    -0.971     0.304     0.519     0.000     0.000    -0.003
         -2.00    -0.451     0.141     0.520     0.000     0.000    -0.003
          0.00     0.000     0.000     0.520     0.000     0.000    -0.003
          2.00     0.451    -0.141     0.520     0.000     0.000    -0.003
          4.00     0.971    -0.304     0.519     0.000     0.000    -0.003
          6.00     1.590    -0.501     0.518     0.000     0.000    -0.003
          8.00     2.317    -0.729     0.516     0.001    -0.001    -0.004
         10.00     3.166    -0.993     0.514     0.004    -0.002    -0.004

         ALPHA       CL        CD      CL/CD     X-C.P.

        -10.00    -3.028     1.056    -2.868    -0.314
         -8.00    -2.222     0.834    -2.666    -0.315
         -6.00    -1.528     0.681    -2.242    -0.315
         -4.00    -0.933     0.586    -1.592    -0.313
         -2.00    -0.432     0.535    -0.808    -0.314
          0.00     0.000     0.520     0.000    -0.474
          2.00     0.432     0.535     0.808    -0.314
          4.00     0.933     0.586     1.592    -0.313
          6.00     1.528     0.681     2.242    -0.315
          8.00     2.222     0.834     2.666    -0.315
         10.00     3.028     1.056     2.868    -0.314

    X-C.P. MEAS. FROM MOMENT CENTER IN REF. LENGTHS, NEG. AFT OF MOMENT CENTER
1         ***** THE USAF AUTOMATED MISSILE DATCOM * REV 3/99 *****     CASE   1
               AERODYNAMIC METHODS FOR MISSILE CONFIGURATIONS          PAGE  65
                   STATIC AERODYNAMICS FOR BODY-FIN SET 1

       ******* FLIGHT CONDITIONS AND REFERENCE QUANTITIES *******
     MACH NO  =       2.00                REYNOLDS NO = 4.637E+07 /M
     ALTITUDE =        0.0 M         DYNAMIC PRESSURE = 283710.47 N/M**2
     SIDESLIP =       0.00 DEG                   ROLL =      0.00 DEG     
     REF AREA =      0.001 M**2         MOMENT CENTER =     0.198 M
     REF LENGTH =     0.60 M           LAT REF LENGTH =      0.60 M

                   ---------- DERIVATIVES (PER DEGREE) ----------
         ALPHA       CNA         CMA         CYB         CLNB        CLLB
        -10.00      0.4556     -0.1412     -0.3313      0.1067      0.0004
         -8.00      0.3935     -0.1229     -0.2990      0.0957      0.0003
         -6.00      0.3362     -0.1061     -0.2671      0.0844      0.0000
         -4.00      0.2848     -0.0899     -0.2437      0.0764      0.0000
         -2.00      0.2427     -0.0761     -0.2271      0.0712      0.0000
          0.00      0.2254     -0.0707     -0.2212      0.0694      0.0000
          2.00      0.2427     -0.0761     -0.2271      0.0712      0.0000
          4.00      0.2848     -0.0899     -0.2437      0.0764      0.0000
          6.00      0.3362     -0.1061     -0.2669      0.0843     -0.0001
          8.00      0.3935     -0.1229     -0.2984      0.0954     -0.0003
         10.00      0.4556     -0.1412     -0.3300      0.1060     -0.0004

    PANEL DEFLECTION ANGLES (DEGREES)
    SET    FIN 1   FIN 2   FIN 3   FIN 4   FIN 5   FIN 6   FIN 7   FIN 8
      1    0.67    0.67    0.67    0.67    0.67    0.67    0.67    0.67

    BODY ALONE LINEAR DATA GENERATED FROM VAN DYKE HYBRID THEORY

    *** END OF JOB ***
