1         ***** THE USAF AUTOMATED MISSILE DATCOM * REV 3/99 *****
               AERODYNAMIC METHODS FOR MISSILE CONFIGURATIONS     

    CONERR - INPUT ERROR CHECKING

    ERROR CODES - N* DENOTES THE NUMBER OF OCCURENCES OF EACH ERROR
    A - UNKNOWN VARIABLE NAME
    B - MISSING EQUAL SIGN FOLLOWING VARIABLE NAME
    C - NON-ARRAY VARIABLE HAS AN ARRAY ELEMENTDESIGNATION - (N)
    D - NON-ARRAY VARIABLE HAS MULTIPLE VALUES ASSIGNED
    E - ASSIGNED VALUES EXCEED ARRAY DIMENSION
    F - SYNTAX ERROR

    ************************* INPUT DATA CARDS *************************

   1 DIM M                                                                           
      2 ** BLANK CARD - IGNORED
   3  $FLTCON  NALPHA=11.,NMACH=6.,                                                  
   4           MACH=0.3000,0.6000,0.9000,1.1000,1.4000,2.0000,                       
   5           ALPHA=-10.0,-8.0,-6.0,-4.0,-2.0,0.0,2.0,4.0,6.0,8.0,10.0,$            
      6 ** BLANK CARD - IGNORED
   7  $REFQ    XCG=0.2500,                                                           
   8           SREF=0.0010179,                                                       
   9           LREF=0.6500,                                                          
  10           RHR=0.,$                                                              
     11 ** BLANK CARD - IGNORED
  12  $AXIBOD  X0=0.00,                                                              
  13           TNOSE=CONE,                                                           
               ** SUBSTITUTING NUMERIC FOR NAME CONE
  14           LNOSE=0.1000,                                                         
  15           DNOSE=0.0360,                                                         
  16           BNOSE=0.0,                                                            
  17           TRUNC=.FALSE.,                                                        
  18           LCENTR=0.5500,                                                        
  19           DCENTR=0.0360,                                                        
  20           TAFT=CONE,                                                            
               ** SUBSTITUTING NUMERIC FOR NAME CONE
  21           LAFT=0.0000,                                                          
  22           DAFT=0.0360,                                                          
  23           DEXIT=0.0000,$                                                        
     24 ** BLANK CARD - IGNORED
  25  $FINSET1 XLE=0.4500,0.4500,NPANEL=8.,                                          
  26           SSPAN=0.0180,0.0275,                                                  
  27           CHORD=0.2000,0.2000,                                                  
  28           LER=2*0.0,                                                            
  29           PHIF=0.0,45.0,90.0,135.0,180.0,225.0,270.0,315.0,                     
  30           SECTYP=HEX,                                                           
               ** SUBSTITUTING NUMERIC FOR NAME HEX
  31           ZUPPER=0.025000,0.025000,                                             
  32           LMAXU=0.4,0.4,                                                        
  33           LFLATU=0.2,0.2,$                                                      
     34 ** BLANK CARD - IGNORED
  35  $DEFLCT  DELTA1=0.0000,0.0000,0.0000,0.0000,0.0000,0.0000,0.0000,0.0000,       
  36           XHINGE=0.6000,$                                                       
     37 ** BLANK CARD - IGNORED
  38 PART                                                                            
  39 NEXT CASE                                                                       
1         ***** THE USAF AUTOMATED MISSILE DATCOM * REV 3/99 *****     CASE   1
               AERODYNAMIC METHODS FOR MISSILE CONFIGURATIONS          PAGE   1
    CASE INPUTS
    FOLLOWING ARE THE CARDS INPUT FOR THIS CASE

 DIM M                                                                           
  $FLTCON  NALPHA=11.,NMACH=6.,                                                  
           MACH=0.3000,0.6000,0.9000,1.1000,1.4000,2.0000,                       
           ALPHA=-10.0,-8.0,-6.0,-4.0,-2.0,0.0,2.0,4.0,6.0,8.0,10.0,$            
  $REFQ    XCG=0.2500,                                                           
           SREF=0.0010179,                                                       
           LREF=0.6500,                                                          
           RHR=0.,$                                                              
  $AXIBOD  X0=0.00,                                                              
           TNOSE=0.,                                                             
           LNOSE=0.1000,                                                         
           DNOSE=0.0360,                                                         
           BNOSE=0.0,                                                            
           TRUNC=.FALSE.,                                                        
           LCENTR=0.5500,                                                        
           DCENTR=0.0360,                                                        
           TAFT=0.,                                                              
           LAFT=0.0000,                                                          
           DAFT=0.0360,                                                          
           DEXIT=0.0000,$                                                        
  $FINSET1 XLE=0.4500,0.4500,NPANEL=8.,                                          
           SSPAN=0.0180,0.0275,                                                  
           CHORD=0.2000,0.2000,                                                  
           LER=2*0.0,                                                            
           PHIF=0.0,45.0,90.0,135.0,180.0,225.0,270.0,315.0,                     
           SECTYP=0.,                                                            
           ZUPPER=0.025000,0.025000,                                             
           LMAXU=0.4,0.4,                                                        
           LFLATU=0.2,0.2,$                                                      
  $DEFLCT  DELTA1=0.0000,0.0000,0.0000,0.0000,0.0000,0.0000,0.0000,0.0000,       
           XHINGE=0.6000,$                                                       
 PART                                                                            
 NEXT CASE                                                                       
    * WARNING * THE REYNOLDS NUMBER IS NOT DEFINED, FOR INPUT SPEED  1
                SEA LEVEL ALTITUDE ASSUMED
    * WARNING * THE REYNOLDS NUMBER IS NOT DEFINED, FOR INPUT SPEED  2
                SEA LEVEL ALTITUDE ASSUMED
    * WARNING * THE REYNOLDS NUMBER IS NOT DEFINED, FOR INPUT SPEED  3
                SEA LEVEL ALTITUDE ASSUMED
    * WARNING * THE REYNOLDS NUMBER IS NOT DEFINED, FOR INPUT SPEED  4
                SEA LEVEL ALTITUDE ASSUMED
    * WARNING * THE REYNOLDS NUMBER IS NOT DEFINED, FOR INPUT SPEED  5
                SEA LEVEL ALTITUDE ASSUMED
    * WARNING * THE REYNOLDS NUMBER IS NOT DEFINED, FOR INPUT SPEED  6
                SEA LEVEL ALTITUDE ASSUMED
    THE BOUNDARY LAYER IS ASSUMED TO BE TURBULENT
    THE INPUT UNITS ARE IN METERS, THE SCALE FACTOR IS   1.0000
1         ***** THE USAF AUTOMATED MISSILE DATCOM * REV 3/99 *****     CASE   1
               AERODYNAMIC METHODS FOR MISSILE CONFIGURATIONS          PAGE   2
                        AXISYMMETRIC BODY DEFINITION

                             NOSE   CENTERBODY     AFT BODY        TOTAL
    SHAPE                   CONIC     CYLINDER     --------
    LENGTH                  0.100        0.550        0.000        0.650   M
    FINENESS RATIO          2.778       15.278        0.000       18.056
    PLANFORM AREA           0.002        0.020        0.000        0.022   M**2
    AREA CENTROID           0.067        0.375        0.000        0.349   M
    WETTED AREA             0.006        0.062        0.000        0.068   M**2
    VOLUME                  0.000        0.001        0.000        0.001   M**3
    VOL. CENTROID           0.075        0.375        0.000        0.358   M

                              MOLD LINE CONTOUR

     LONGITUDINAL STATIONS    0.0000     0.0100     0.0200     0.0300     0.0400 
        0.0500     0.0600     0.0700     0.0800     0.0900     0.1000*    0.1550 
        0.2100     0.2650     0.3200     0.3750     0.4300     0.4850     0.5400 
        0.5950     0.6500*

                BODY RADII    0.0000     0.0018     0.0036     0.0054     0.0072 
        0.0090     0.0108     0.0126     0.0144     0.0162     0.0180*    0.0180 
        0.0180     0.0180     0.0180     0.0180     0.0180     0.0180     0.0180 
        0.0180     0.0180*
    NOTE - * INDICATES SLOPE DISCONTINUOUS POINTS
1         ***** THE USAF AUTOMATED MISSILE DATCOM * REV 3/99 *****     CASE   1
               AERODYNAMIC METHODS FOR MISSILE CONFIGURATIONS          PAGE   3
                         FIN SET NUMBER 1 AIRFOIL SECTION

                                  NACA S-3-40.0-05.0-20.0

         X/C     X-UPPER   Y-UPPER   X-LOWER   Y-LOWER  MEAN LINE  THICKNESS

       0.00000   0.00000   0.00000   0.00000   0.00000   0.00000   0.00000
       0.00100   0.00100   0.00006   0.00100  -0.00006   0.00000   0.00013
       0.00200   0.00200   0.00013   0.00200  -0.00013   0.00000   0.00025
       0.00300   0.00300   0.00019   0.00300  -0.00019   0.00000   0.00038
       0.00400   0.00400   0.00025   0.00400  -0.00025   0.00000   0.00050
       0.00500   0.00500   0.00031   0.00500  -0.00031   0.00000   0.00063
       0.00600   0.00600   0.00038   0.00600  -0.00038   0.00000   0.00075
       0.00800   0.00800   0.00050   0.00800  -0.00050   0.00000   0.00100
       0.01000   0.01000   0.00063   0.01000  -0.00063   0.00000   0.00125
       0.02000   0.02000   0.00125   0.02000  -0.00125   0.00000   0.00250
       0.03000   0.03000   0.00187   0.03000  -0.00187   0.00000   0.00375
       0.04000   0.04000   0.00250   0.04000  -0.00250   0.00000   0.00500
       0.05000   0.05000   0.00312   0.05000  -0.00312   0.00000   0.00625
       0.06000   0.06000   0.00375   0.06000  -0.00375   0.00000   0.00750
       0.08000   0.08000   0.00500   0.08000  -0.00500   0.00000   0.01000
       0.10000   0.10000   0.00625   0.10000  -0.00625   0.00000   0.01250
       0.12000   0.12000   0.00750   0.12000  -0.00750   0.00000   0.01500
       0.14000   0.14000   0.00875   0.14000  -0.00875   0.00000   0.01750
       0.16000   0.16000   0.01000   0.16000  -0.01000   0.00000   0.02000
       0.18000   0.18000   0.01125   0.18000  -0.01125   0.00000   0.02250
       0.20000   0.20000   0.01250   0.20000  -0.01250   0.00000   0.02500
       0.22000   0.22000   0.01375   0.22000  -0.01375   0.00000   0.02750
       0.24000   0.24000   0.01500   0.24000  -0.01500   0.00000   0.03000
       0.26000   0.26000   0.01625   0.26000  -0.01625   0.00000   0.03250
       0.28000   0.28000   0.01750   0.28000  -0.01750   0.00000   0.03500
       0.30000   0.30000   0.01875   0.30000  -0.01875   0.00000   0.03750
       0.32000   0.32000   0.02000   0.32000  -0.02000   0.00000   0.04000
       0.34000   0.34000   0.02125   0.34000  -0.02125   0.00000   0.04250
       0.36000   0.36000   0.02250   0.36000  -0.02250   0.00000   0.04500
       0.38000   0.38000   0.02375   0.38000  -0.02375   0.00000   0.04750
       0.40000   0.40000   0.02500   0.40000  -0.02500   0.00000   0.05000
       0.42000   0.42000   0.02500   0.42000  -0.02500   0.00000   0.05000
       0.45000   0.45000   0.02500   0.45000  -0.02500   0.00000   0.05000
       0.50000   0.50000   0.02500   0.50000  -0.02500   0.00000   0.05000
       0.55000   0.55000   0.02500   0.55000  -0.02500   0.00000   0.05000
       0.60000   0.60000   0.02500   0.60000  -0.02500   0.00000   0.05000
       0.65000   0.65000   0.02187   0.65000  -0.02187   0.00000   0.04375
       0.70000   0.70000   0.01875   0.70000  -0.01875   0.00000   0.03750
       0.75000   0.75000   0.01562   0.75000  -0.01562   0.00000   0.03125
       0.80000   0.80000   0.01250   0.80000  -0.01250   0.00000   0.02500
       0.82000   0.82000   0.01125   0.82000  -0.01125   0.00000   0.02250
       0.84000   0.84000   0.01000   0.84000  -0.01000   0.00000   0.02000
       0.86000   0.86000   0.00875   0.86000  -0.00875   0.00000   0.01750
       0.88000   0.88000   0.00750   0.88000  -0.00750   0.00000   0.01500
       0.90000   0.90000   0.00625   0.90000  -0.00625   0.00000   0.01250
       0.92000   0.92000   0.00500   0.92000  -0.00500   0.00000   0.01000
       0.94000   0.94000   0.00375   0.94000  -0.00375   0.00000   0.00750
       0.96000   0.96000   0.00250   0.96000  -0.00250   0.00000   0.00500
       0.98000   0.98000   0.00125   0.98000  -0.00125   0.00000   0.00250
       1.00000   1.00000   0.00000   1.00000   0.00000   0.00000   0.00000
1         ***** THE USAF AUTOMATED MISSILE DATCOM * REV 3/99 *****     CASE   1
               AERODYNAMIC METHODS FOR MISSILE CONFIGURATIONS          PAGE   4
                      GEOMETRIC RESULTS FOR FIN SETS

                             FIN SET NUMBER  1
                          (DATA FOR ONE PANEL ONLY)

    SEGMENT   PLAN        ASPECT    TAPER     L.E.     T.E.    M.A.C.    T/C
    NUMBER    AREA        RATIO     RATIO    SWEEP    SWEEP    CHORD    RATIO

      1      0.0019        0.047    1.000    0.000    0.000    0.200    0.050
    TOTAL    0.0019        0.047    1.000    0.000    0.000    0.200    0.050
 
 
 
1         ***** THE USAF AUTOMATED MISSILE DATCOM * REV 3/99 *****     CASE   1
               AERODYNAMIC METHODS FOR MISSILE CONFIGURATIONS          PAGE   5
                           FIN SET 1 SECTION AERODYNAMICS

                        IDEAL ANGLE OF ATTACK =    0.0000 DEG.
                    ZERO LIFT ANGLE OF ATTACK =    0.0000 DEG.
                       IDEAL LIFT COEFFICIENT =    0.0000
        ZERO LIFT PITCHING MOMENT COEFFICIENT =    0.0000
                   MACH ZERO LIFT-CURVE-SLOPE =    0.0963 /DEG.
                          LEADING EDGE RADIUS =    0.0000 FRACTION CHORD
                    MAXIMUM AIRFOIL THICKNESS =    0.0500 FRACTION CHORD
                                      DELTA-Y =    0.3656 PERCENT CHORD


    MACH = 0.300   CL-ALPHA = 0.1031 /DEG.   XAC = 0.2709   CL MAX = 0.7494

    MACH = 0.600   CL-ALPHA = 0.1269 /DEG.   XAC = 0.2700   CL MAX = 0.7647

                   *** CREST CRITICAL MACH NUMBER EXCEEDED ***

                           CREST CRITICAL MACH =    0.8070
                                      LOCATION =    0.4145 FRACTION CHORD
                              LIFT-CURVE-SLOPE =    0.1410 /DEG.
1         ***** THE USAF AUTOMATED MISSILE DATCOM * REV 3/99 *****     CASE   1
               AERODYNAMIC METHODS FOR MISSILE CONFIGURATIONS          PAGE   6
                             BODY ALONE PARTIAL OUTPUT

       ******* FLIGHT CONDITIONS AND REFERENCE QUANTITIES *******
     MACH NO  =       0.30                REYNOLDS NO = 6.955E+06 /M
     ALTITUDE =        0.0 M         DYNAMIC PRESSURE =   6383.49 N/M**2
     SIDESLIP =       0.00 DEG                   ROLL =      0.00 DEG     
     REF AREA =      0.001 M**2         MOMENT CENTER =     0.250 M
     REF LENGTH =     0.65 M           LAT REF LENGTH =      0.65 M

      ALPHA    CA-FRIC  CA-PRES/WAVE CA-BASE    CA-PROT     CA-SEP     CA-ALP
     -10.00     0.2204     0.0128     0.1368                           0.0016
      -8.00     0.2229     0.0129     0.1372                           0.0016
      -6.00     0.2248     0.0130     0.1374                           0.0011
      -4.00     0.2262     0.0131     0.1374                           0.0005
      -2.00     0.2270     0.0132     0.1373                           0.0001
       0.00     0.2273     0.0132     0.1370                           0.0000
       2.00     0.2270     0.0132     0.1373                           0.0001
       4.00     0.2262     0.0131     0.1374                           0.0005
       6.00     0.2248     0.0130     0.1374                           0.0011
       8.00     0.2229     0.0129     0.1372                           0.0016
      10.00     0.2204     0.0128     0.1368                           0.0016

                     CROSS FLOW DRAG PROPORTIONALITY FACTOR = 0.76143

      ALPHA    CN-POTEN  CN-VISC   CN-SEP    CM-POTEN  CM-VISC   CM-SEP    CDC
     -10.00    -0.449    -0.376              -0.046     0.057             0.772
      -8.00    -0.363    -0.240              -0.037     0.037             0.766
      -6.00    -0.274    -0.134              -0.028     0.020             0.759
      -4.00    -0.183    -0.059              -0.019     0.009             0.753
      -2.00    -0.092    -0.015              -0.009     0.002             0.746
       0.00     0.000     0.000               0.000     0.000             0.740
       2.00     0.092     0.015               0.009    -0.002             0.746
       4.00     0.183     0.059               0.019    -0.009             0.753
       6.00     0.274     0.134               0.028    -0.020             0.759
       8.00     0.363     0.240               0.037    -0.037             0.766
      10.00     0.449     0.376               0.046    -0.057             0.772
1         ***** THE USAF AUTOMATED MISSILE DATCOM * REV 3/99 *****     CASE   1
               AERODYNAMIC METHODS FOR MISSILE CONFIGURATIONS          PAGE   7
                        FIN SET 1 CA PARTIAL OUTPUT

       ******* FLIGHT CONDITIONS AND REFERENCE QUANTITIES *******
     MACH NO  =       0.30                REYNOLDS NO = 6.955E+06 /M
     ALTITUDE =        0.0 M         DYNAMIC PRESSURE =   6383.49 N/M**2
     SIDESLIP =       0.00 DEG                   ROLL =      0.00 DEG     
     REF AREA =      0.001 M**2         MOMENT CENTER =     0.250 M
     REF LENGTH =     0.65 M           LAT REF LENGTH =      0.65 M

    SINGLE FIN PANEL ZERO-LIFT AXIAL FORCE COMPONENTS

    SKIN FRICTION        0.0154
    SUBSONIC PRESSURE    0.0012
    TRANSONIC WAVE       0.0000
    SUPERSONIC WAVE      0.0000
    LEADING EDGE         0.0000
    TRAILING EDGE        0.0000
    TOTAL CAO            0.0166

    FIN AXIAL FORCE DUE TO ANGLE OF ATTACK

    ALPHA      CA DUE TO LIFT (SINGLE PANEL)   CA-TOTAL (8 FINS)

     -10.00              0.0000                      0.1309
      -8.00              0.0000                      0.1316
      -6.00              0.0000                      0.1322
      -4.00              0.0000                      0.1326
      -2.00              0.0000                      0.1328
       0.00              0.0000                      0.1329
       2.00              0.0000                      0.1328
       4.00              0.0000                      0.1326
       6.00              0.0000                      0.1322
       8.00              0.0000                      0.1316
      10.00              0.0000                      0.1309
1         ***** THE USAF AUTOMATED MISSILE DATCOM * REV 3/99 *****     CASE   1
               AERODYNAMIC METHODS FOR MISSILE CONFIGURATIONS          PAGE   8
                       FIN SET 1 CN, CM PARTIAL OUTPUT

       ******* FLIGHT CONDITIONS AND REFERENCE QUANTITIES *******
     MACH NO  =       0.30                REYNOLDS NO = 6.955E+06 /M
     ALTITUDE =        0.0 M         DYNAMIC PRESSURE =   6383.49 N/M**2
     SIDESLIP =       0.00 DEG                   ROLL =      0.00 DEG     
     REF AREA =      0.001 M**2         MOMENT CENTER =     0.250 M
     REF LENGTH =     0.65 M           LAT REF LENGTH =      0.65 M

    NORMAL FORCE SLOPE AT ALPHA ZERO, CNA =    0.00486/DEG (1 PANEL)
         CENTER OF PRESSURE FOR LINEAR CN =   -0.39077 (CALIBERS FROM C.G.)
     CENTER OF PRESSURE FOR NON-LINEAR CN =   -0.46154 (CALIBERS FROM C.G.)

      ALPHA      CN        CN        CN        CM        CM        CM
               LINEAR  NON-LINEAR  TOTAL     LINEAR  NON-LINEAR  TOTAL

     -10.00   -0.1919   -0.5325   -0.7244    0.0750    0.2458    0.3207
      -8.00   -0.1542   -0.3416   -0.4958    0.0603    0.1576    0.2179
      -6.00   -0.1161   -0.1925   -0.3085    0.0454    0.0888    0.1342
      -4.00   -0.0776   -0.0857   -0.1632    0.0303    0.0395    0.0698
      -2.00   -0.0388   -0.0214   -0.0603    0.0152    0.0099    0.0251
       0.00    0.0000    0.0000    0.0000    0.0000    0.0000    0.0000
       2.00    0.0388    0.0214    0.0603   -0.0152   -0.0099   -0.0251
       4.00    0.0776    0.0857    0.1632   -0.0303   -0.0395   -0.0698
       6.00    0.1161    0.1925    0.3085   -0.0454   -0.0888   -0.1342
       8.00    0.1542    0.3416    0.4958   -0.0603   -0.1576   -0.2179
      10.00    0.1919    0.5325    0.7244   -0.0750   -0.2458   -0.3207
1         ***** THE USAF AUTOMATED MISSILE DATCOM * REV 3/99 *****     CASE   1
               AERODYNAMIC METHODS FOR MISSILE CONFIGURATIONS          PAGE   9
                 AERODYNAMIC FORCE AND MOMENT SYNTHESIS

       ******* FLIGHT CONDITIONS AND REFERENCE QUANTITIES *******
     MACH NO  =       0.30                REYNOLDS NO = 6.955E+06 /M
     ALTITUDE =        0.0 M         DYNAMIC PRESSURE =   6383.49 N/M**2
     SIDESLIP =       0.00 DEG                   ROLL =      0.00 DEG     
     REF AREA =      0.001 M**2         MOMENT CENTER =     0.250 M
     REF LENGTH =     0.65 M           LAT REF LENGTH =      0.65 M

          ---------------FIN SET 1 IN PRESENCE OF THE BODY----------------

      ALPHA       CN         CM         CA         CY         CLN        CLL

     -10.00    -1.3475     0.5265     0.1329     0.0000     0.0000     0.0000
      -8.00    -0.9651     0.3771     0.1329     0.0000     0.0000     0.0000
      -6.00    -0.6215     0.2428     0.1329     0.0000     0.0000     0.0000
      -4.00    -0.3303     0.1291     0.1329     0.0000     0.0000     0.0000
      -2.00    -0.1158     0.0453     0.1329     0.0000     0.0000     0.0000
       0.00     0.0000     0.0000     0.1329     0.0000     0.0000     0.0000
       2.00     0.1158    -0.0453     0.1329     0.0000     0.0000     0.0000
       4.00     0.3303    -0.1291     0.1329     0.0000     0.0000     0.0000
       6.00     0.6215    -0.2428     0.1329     0.0000     0.0000     0.0000
       8.00     0.9651    -0.3771     0.1329     0.0000     0.0000     0.0000
      10.00     1.3475    -0.5265     0.1329     0.0000     0.0000     0.0000
1         ***** THE USAF AUTOMATED MISSILE DATCOM * REV 3/99 *****     CASE   1
               AERODYNAMIC METHODS FOR MISSILE CONFIGURATIONS          PAGE  10
                 AERODYNAMIC FORCE AND MOMENT SYNTHESIS

       ******* FLIGHT CONDITIONS AND REFERENCE QUANTITIES *******
     MACH NO  =       0.30                REYNOLDS NO = 6.955E+06 /M
     ALTITUDE =        0.0 M         DYNAMIC PRESSURE =   6383.49 N/M**2
     SIDESLIP =       0.00 DEG                   ROLL =      0.00 DEG     
     REF AREA =      0.001 M**2         MOMENT CENTER =     0.250 M
     REF LENGTH =     0.65 M           LAT REF LENGTH =      0.65 M

          ---------------FIN SET 1 PANEL CHARACTERISTICS------------------

      ALPHA      PANEL    AEQ (PANEL AXIS SYS.)    PANEL CN

     -10.00        1              0.0000           0.0000
     -10.00        2            -11.3641          -0.2245
     -10.00        3            -15.6833          -0.3938
     -10.00        4             -9.7077          -0.1713
     -10.00        5              0.0000           0.0000
     -10.00        6              9.7077           0.1713
     -10.00        7             15.6833           0.3938
     -10.00        8             11.3641           0.2245
 
      -8.00        1              0.0000           0.0000
      -8.00        2             -9.2165          -0.1568
      -8.00        3            -12.8329          -0.2772
      -8.00        4             -8.3788          -0.1335
      -8.00        5              0.0000           0.0000
      -8.00        6              8.3788           0.1335
      -8.00        7             12.8329           0.2772
      -8.00        8              9.2165           0.1568
 
      -6.00        1              0.0000           0.0000
      -6.00        2             -6.9978          -0.0989
      -6.00        3             -9.8216          -0.1748
      -6.00        4             -6.7552          -0.0934
      -6.00        5              0.0000           0.0000
      -6.00        6              6.7552           0.0934
      -6.00        7              9.8216           0.1748
      -6.00        8              6.9978           0.0989
 
      -4.00        1              0.0000           0.0000
      -4.00        2             -4.7108          -0.0525
      -4.00        3             -6.6471          -0.0909
      -4.00        4             -4.7108          -0.0525
      -4.00        5              0.0000           0.0000
      -4.00        6              4.7108           0.0525
      -4.00        7              6.6471           0.0909
      -4.00        8              4.7108           0.0525
 
      -2.00        1              0.0000           0.0000
      -2.00        2             -2.3704          -0.0189
      -2.00        3             -3.3503          -0.0312
      -2.00        4             -2.3704          -0.0189
      -2.00        5              0.0000           0.0000
      -2.00        6              2.3704           0.0189
      -2.00        7              3.3503           0.0312
      -2.00        8              2.3704           0.0189
 
       0.00        1              0.0000           0.0000
       0.00        2              0.0000           0.0000
       0.00        3              0.0000           0.0000
       0.00        4              0.0000           0.0000
       0.00        5              0.0000           0.0000
       0.00        6              0.0000           0.0000
       0.00        7              0.0000           0.0000
       0.00        8              0.0000           0.0000
 
       2.00        1              0.0000           0.0000
       2.00        2              2.3704           0.0189
       2.00        3              3.3503           0.0312
       2.00        4              2.3704           0.0189
       2.00        5              0.0000           0.0000
       2.00        6             -2.3704          -0.0189
       2.00        7             -3.3503          -0.0312
       2.00        8             -2.3704          -0.0189
 
       4.00        1              0.0000           0.0000
       4.00        2              4.7108           0.0525
       4.00        3              6.6471           0.0909
       4.00        4              4.7108           0.0525
       4.00        5              0.0000           0.0000
       4.00        6             -4.7108          -0.0525
       4.00        7             -6.6471          -0.0909
       4.00        8             -4.7108          -0.0525
 
       6.00        1              0.0000           0.0000
       6.00        2              6.7552           0.0934
       6.00        3              9.8216           0.1748
       6.00        4              6.9978           0.0989
       6.00        5              0.0000           0.0000
       6.00        6             -6.9978          -0.0989
       6.00        7             -9.8216          -0.1748
       6.00        8             -6.7552          -0.0934
 
       8.00        1              0.0000           0.0000
       8.00        2              8.3788           0.1335
       8.00        3             12.8329           0.2772
       8.00        4              9.2165           0.1568
       8.00        5              0.0000           0.0000
       8.00        6             -9.2165          -0.1568
       8.00        7            -12.8329          -0.2772
       8.00        8             -8.3788          -0.1335
 
      10.00        1              0.0000           0.0000
      10.00        2              9.7077           0.1713
      10.00        3             15.6833           0.3938
      10.00        4             11.3641           0.2245
      10.00        5              0.0000           0.0000
      10.00        6            -11.3641          -0.2245
      10.00        7            -15.6833          -0.3938
      10.00        8             -9.7077          -0.1713
 
1         ***** THE USAF AUTOMATED MISSILE DATCOM * REV 3/99 *****     CASE   1
               AERODYNAMIC METHODS FOR MISSILE CONFIGURATIONS          PAGE  11
                 AERODYNAMIC FORCE AND MOMENT SYNTHESIS

       ******* FLIGHT CONDITIONS AND REFERENCE QUANTITIES *******
     MACH NO  =       0.30                REYNOLDS NO = 6.955E+06 /M
     ALTITUDE =        0.0 M         DYNAMIC PRESSURE =   6383.49 N/M**2
     SIDESLIP =       0.00 DEG                   ROLL =      0.00 DEG     
     REF AREA =      0.001 M**2         MOMENT CENTER =     0.250 M
     REF LENGTH =     0.65 M           LAT REF LENGTH =      0.65 M

             CARRYOVER INTERFERENCE FACTORS - FIN SET 1

      ALPHA   K-W(B)   K-B(W)  KK-W(B)  KK-B(W)  XCP-W(B) XCP-B(W) Y-CP/(B/2)

     -10.00   1.6234   1.1241   0.9535   0.6600   0.3908   0.3846   0.4452
      -8.00   1.6395   1.1241   0.9535   0.6600   0.3908   0.3846   0.4964
      -6.00   1.6540   1.1241   0.9535   0.6600   0.3908   0.3846   0.5519
      -4.00   1.6666   1.1241   0.9535   0.6600   0.3908   0.3846   0.5965
      -2.00   1.6764   1.1241   0.9535   0.6600   0.3908   0.3846   0.6286
       0.00   1.6818   1.1241   0.9535   0.6600   0.3908   0.3846   0.6468
       2.00   1.6764   1.1241   0.9535   0.6600   0.3908   0.3846   0.6286
       4.00   1.6666   1.1241   0.9535   0.6600   0.3908   0.3846   0.5965
       6.00   1.6540   1.1241   0.9535   0.6600   0.3908   0.3846   0.5573
       8.00   1.6395   1.1241   0.9535   0.6600   0.3908   0.3846   0.5188
      10.00   1.6234   1.1241   0.9535   0.6600   0.3908   0.3846   0.4825

    NOTE - XCP-W(B) USED FOR STABILITY ONLY DIFFERENT VALUES USED FOR HINGE MOMENTS
1         ***** THE USAF AUTOMATED MISSILE DATCOM * REV 3/99 *****     CASE   1
               AERODYNAMIC METHODS FOR MISSILE CONFIGURATIONS          PAGE  12
        FIN SET 1 PANEL BENDING MOMENTS (ABOUT EXPOSED ROOT CHORD)

       ******* FLIGHT CONDITIONS AND REFERENCE QUANTITIES *******
     MACH NO  =       0.30                REYNOLDS NO = 6.955E+06 /M
     ALTITUDE =        0.0 M         DYNAMIC PRESSURE =   6383.49 N/M**2
     SIDESLIP =       0.00 DEG                   ROLL =      0.00 DEG     
     REF AREA =      0.001 M**2         MOMENT CENTER =     0.250 M
     REF LENGTH =     0.65 M           LAT REF LENGTH =      0.65 M

   ALPHA   PANL 1   PANL 2   PANL 3   PANL 4   PANL 5   PANL 6   PANL 7   PANL 8
 
   -10.0  0.00E+00 -1.46E-03 -2.56E-03 -1.11E-03 -1.17E-10  1.11E-03  2.56E-03  1.46E-03
    -8.0  0.00E+00 -1.14E-03 -2.01E-03 -9.69E-04 -9.10E-11  9.69E-04  2.01E-03  1.14E-03
    -6.0  7.76E-13 -7.98E-04 -1.41E-03 -7.53E-04 -7.46E-11  7.53E-04  1.41E-03  7.98E-04
    -4.0  0.00E+00 -4.58E-04 -7.93E-04 -4.58E-04 -5.63E-11  4.58E-04  7.93E-04  4.58E-04
    -2.0  0.00E+00 -1.74E-04 -2.86E-04 -1.74E-04 -2.98E-11  1.74E-04  2.86E-04  1.74E-04
     0.0  0.00E+00  0.00E+00  0.00E+00  0.00E+00  0.00E+00  0.00E+00  0.00E+00  0.00E+00
     2.0  0.00E+00  1.74E-04  2.86E-04  1.74E-04  2.98E-11 -1.74E-04 -2.86E-04 -1.74E-04
     4.0  0.00E+00  4.58E-04  7.93E-04  4.58E-04  5.63E-11 -4.58E-04 -7.93E-04 -4.58E-04
     6.0  3.14E-12  7.60E-04  1.42E-03  8.06E-04  7.93E-11 -8.06E-04 -1.42E-03 -7.60E-04
     8.0  1.69E-12  1.01E-03  2.10E-03  1.19E-03  9.68E-11 -1.19E-03 -2.10E-03 -1.01E-03
    10.0 -1.45E-11  1.21E-03  2.78E-03  1.58E-03  1.12E-10 -1.58E-03 -2.78E-03 -1.21E-03
1         ***** THE USAF AUTOMATED MISSILE DATCOM * REV 3/99 *****     CASE   1
               AERODYNAMIC METHODS FOR MISSILE CONFIGURATIONS          PAGE  13
            FIN SET 1 PANEL HINGE MOMENTS (ABOUT HINGE LINE)

       ******* FLIGHT CONDITIONS AND REFERENCE QUANTITIES *******
     MACH NO  =       0.30                REYNOLDS NO = 6.955E+06 /M
     ALTITUDE =        0.0 M         DYNAMIC PRESSURE =   6383.49 N/M**2
     SIDESLIP =       0.00 DEG                   ROLL =      0.00 DEG     
     REF AREA =      0.001 M**2         MOMENT CENTER =     0.250 M
     REF LENGTH =     0.65 M           LAT REF LENGTH =      0.65 M

   ALPHA   PANL 1   PANL 2   PANL 3   PANL 4   PANL 5   PANL 6   PANL 7   PANL 8
 
   -10.0  0.00E+00 -3.52E-02 -5.82E-02 -2.73E-02 -3.01E-09  2.73E-02  5.82E-02  3.52E-02
    -8.0  0.00E+00 -2.51E-02 -4.27E-02 -2.15E-02 -2.11E-09  2.15E-02  4.27E-02  2.51E-02
    -6.0  1.62E-11 -1.61E-02 -2.78E-02 -1.52E-02 -1.55E-09  1.52E-02  2.78E-02  1.61E-02
    -4.0  0.00E+00 -8.68E-03 -1.49E-02 -8.68E-03 -1.09E-09  8.68E-03  1.49E-02  8.68E-03
    -2.0  0.00E+00 -3.16E-03 -5.19E-03 -3.16E-03 -5.45E-10  3.16E-03  5.19E-03  3.16E-03
     0.0  0.00E+00  0.00E+00  0.00E+00  0.00E+00  0.00E+00  0.00E+00  0.00E+00  0.00E+00
     2.0  0.00E+00  3.16E-03  5.19E-03  3.16E-03  5.45E-10 -3.16E-03 -5.19E-03 -3.16E-03
     4.0  0.00E+00  8.68E-03  1.49E-02  8.68E-03  1.09E-09 -8.68E-03 -1.49E-02 -8.68E-03
     6.0  6.47E-11  1.52E-02  2.78E-02  1.61E-02  1.64E-09 -1.61E-02 -2.78E-02 -1.52E-02
     8.0  3.75E-11  2.15E-02  4.27E-02  2.51E-02  2.15E-09 -2.51E-02 -4.27E-02 -2.15E-02
    10.0 -3.46E-10  2.73E-02  5.82E-02  3.52E-02  2.67E-09 -3.52E-02 -5.82E-02 -2.73E-02
1         ***** THE USAF AUTOMATED MISSILE DATCOM * REV 3/99 *****     CASE   1
               AERODYNAMIC METHODS FOR MISSILE CONFIGURATIONS          PAGE  14
                   STATIC AERODYNAMICS FOR BODY-FIN SET 1

       ******* FLIGHT CONDITIONS AND REFERENCE QUANTITIES *******
     MACH NO  =       0.30                REYNOLDS NO = 6.955E+06 /M
     ALTITUDE =        0.0 M         DYNAMIC PRESSURE =   6383.49 N/M**2
     SIDESLIP =       0.00 DEG                   ROLL =      0.00 DEG     
     REF AREA =      0.001 M**2         MOMENT CENTER =     0.250 M
     REF LENGTH =     0.65 M           LAT REF LENGTH =      0.65 M

                   ----- LONGITUDINAL -----     -- LATERAL DIRECTIONAL --
         ALPHA       CN        CM        CA        CY       CLN       CLL

        -10.00    -3.106     0.897     0.504     0.000     0.000     0.000
         -8.00    -2.229     0.631     0.507     0.000     0.000     0.000
         -6.00    -1.452     0.398     0.509     0.000     0.000     0.000
         -4.00    -0.796     0.205     0.510     0.000     0.000     0.000
         -2.00    -0.300     0.068     0.511     0.000     0.000     0.000
          0.00     0.000     0.000     0.510     0.000     0.000     0.000
          2.00     0.300    -0.068     0.511     0.000     0.000     0.000
          4.00     0.796    -0.205     0.510     0.000     0.000     0.000
          6.00     1.452    -0.398     0.509     0.000     0.000     0.000
          8.00     2.229    -0.631     0.507     0.000     0.000     0.000
         10.00     3.106    -0.897     0.504     0.000     0.000     0.000

         ALPHA       CL        CD      CL/CD     X-C.P.

        -10.00    -2.971     1.036    -2.867    -0.289
         -8.00    -2.137     0.813    -2.629    -0.283
         -6.00    -1.390     0.658    -2.113    -0.274
         -4.00    -0.758     0.564    -1.343    -0.258
         -2.00    -0.282     0.521    -0.542    -0.226
          0.00     0.000     0.510     0.000    -0.226
          2.00     0.282     0.521     0.542    -0.226
          4.00     0.758     0.564     1.343    -0.258
          6.00     1.390     0.658     2.113    -0.274
          8.00     2.137     0.813     2.629    -0.283
         10.00     2.971     1.036     2.867    -0.289

    X-C.P. MEAS. FROM MOMENT CENTER IN REF. LENGTHS, NEG. AFT OF MOMENT CENTER
1         ***** THE USAF AUTOMATED MISSILE DATCOM * REV 3/99 *****     CASE   1
               AERODYNAMIC METHODS FOR MISSILE CONFIGURATIONS          PAGE  15
                   STATIC AERODYNAMICS FOR BODY-FIN SET 1

       ******* FLIGHT CONDITIONS AND REFERENCE QUANTITIES *******
     MACH NO  =       0.30                REYNOLDS NO = 6.955E+06 /M
     ALTITUDE =        0.0 M         DYNAMIC PRESSURE =   6383.49 N/M**2
     SIDESLIP =       0.00 DEG                   ROLL =      0.00 DEG     
     REF AREA =      0.001 M**2         MOMENT CENTER =     0.250 M
     REF LENGTH =     0.65 M           LAT REF LENGTH =      0.65 M

                   ---------- DERIVATIVES (PER DEGREE) ----------
         ALPHA       CNA         CMA         CYB         CLNB        CLLB
        -10.00      0.4635     -0.1410     -0.3026      0.0868      0.0004
         -8.00      0.4133     -0.1248     -0.2707      0.0759      0.0003
         -6.00      0.3580     -0.1065     -0.2350      0.0636      0.0001
         -4.00      0.2874     -0.0824     -0.1974      0.0506      0.0000
         -2.00      0.1985     -0.0512     -0.1558      0.0360      0.0000
          0.00      0.1501     -0.0340     -0.1300      0.0266      0.0000
          2.00      0.1985     -0.0512     -0.1558      0.0360      0.0000
          4.00      0.2874     -0.0824     -0.1974      0.0506      0.0000
          6.00      0.3580     -0.1065     -0.2350      0.0636     -0.0001
          8.00      0.4133     -0.1248     -0.2707      0.0759     -0.0003
         10.00      0.4635     -0.1410     -0.3026      0.0868     -0.0004

    PANEL DEFLECTION ANGLES (DEGREES)
    SET    FIN 1   FIN 2   FIN 3   FIN 4   FIN 5   FIN 6   FIN 7   FIN 8
      1    0.00    0.00    0.00    0.00    0.00    0.00    0.00    0.00
1         ***** THE USAF AUTOMATED MISSILE DATCOM * REV 3/99 *****     CASE   1
               AERODYNAMIC METHODS FOR MISSILE CONFIGURATIONS          PAGE  16
                             BODY ALONE PARTIAL OUTPUT

       ******* FLIGHT CONDITIONS AND REFERENCE QUANTITIES *******
     MACH NO  =       0.60                REYNOLDS NO = 1.391E+07 /M
     ALTITUDE =        0.0 M         DYNAMIC PRESSURE =  25533.94 N/M**2
     SIDESLIP =       0.00 DEG                   ROLL =      0.00 DEG     
     REF AREA =      0.001 M**2         MOMENT CENTER =     0.250 M
     REF LENGTH =     0.65 M           LAT REF LENGTH =      0.65 M

      ALPHA    CA-FRIC  CA-PRES/WAVE CA-BASE    CA-PROT     CA-SEP     CA-ALP
     -10.00     0.1929     0.0133     0.1356                           0.0011
      -8.00     0.1950     0.0135     0.1360                           0.0013
      -6.00     0.1967     0.0136     0.1363                           0.0009
      -4.00     0.1979     0.0137     0.1364                           0.0005
      -2.00     0.1986     0.0137     0.1363                           0.0001
       0.00     0.1988     0.0138     0.1360                           0.0000
       2.00     0.1986     0.0137     0.1363                           0.0001
       4.00     0.1979     0.0137     0.1364                           0.0005
       6.00     0.1967     0.0136     0.1363                           0.0009
       8.00     0.1950     0.0135     0.1360                           0.0013
      10.00     0.1929     0.0133     0.1356                           0.0011

                     CROSS FLOW DRAG PROPORTIONALITY FACTOR = 0.76143

      ALPHA    CN-POTEN  CN-VISC   CN-SEP    CM-POTEN  CM-VISC   CM-SEP    CDC
     -10.00    -0.449    -0.392              -0.046     0.060             0.804
      -8.00    -0.363    -0.248              -0.037     0.038             0.791
      -6.00    -0.274    -0.137              -0.028     0.021             0.778
      -4.00    -0.183    -0.060              -0.019     0.009             0.766
      -2.00    -0.092    -0.015              -0.009     0.002             0.753
       0.00     0.000     0.000               0.000     0.000             0.740
       2.00     0.092     0.015               0.009    -0.002             0.753
       4.00     0.183     0.060               0.019    -0.009             0.766
       6.00     0.274     0.137               0.028    -0.021             0.778
       8.00     0.363     0.248               0.037    -0.038             0.791
      10.00     0.449     0.392               0.046    -0.060             0.804
1         ***** THE USAF AUTOMATED MISSILE DATCOM * REV 3/99 *****     CASE   1
               AERODYNAMIC METHODS FOR MISSILE CONFIGURATIONS          PAGE  17
                        FIN SET 1 CA PARTIAL OUTPUT

       ******* FLIGHT CONDITIONS AND REFERENCE QUANTITIES *******
     MACH NO  =       0.60                REYNOLDS NO = 1.391E+07 /M
     ALTITUDE =        0.0 M         DYNAMIC PRESSURE =  25533.94 N/M**2
     SIDESLIP =       0.00 DEG                   ROLL =      0.00 DEG     
     REF AREA =      0.001 M**2         MOMENT CENTER =     0.250 M
     REF LENGTH =     0.65 M           LAT REF LENGTH =      0.65 M

    SINGLE FIN PANEL ZERO-LIFT AXIAL FORCE COMPONENTS

    SKIN FRICTION        0.0133
    SUBSONIC PRESSURE    0.0011
    TRANSONIC WAVE       0.0000
    SUPERSONIC WAVE      0.0000
    LEADING EDGE         0.0000
    TRAILING EDGE        0.0000
    TOTAL CAO            0.0144

    FIN AXIAL FORCE DUE TO ANGLE OF ATTACK

    ALPHA      CA DUE TO LIFT (SINGLE PANEL)   CA-TOTAL (8 FINS)

     -10.00              0.0000                      0.1135
      -8.00              0.0000                      0.1141
      -6.00              0.0000                      0.1146
      -4.00              0.0000                      0.1149
      -2.00              0.0000                      0.1152
       0.00              0.0000                      0.1152
       2.00              0.0000                      0.1152
       4.00              0.0000                      0.1149
       6.00              0.0000                      0.1146
       8.00              0.0000                      0.1141
      10.00              0.0000                      0.1135
1         ***** THE USAF AUTOMATED MISSILE DATCOM * REV 3/99 *****     CASE   1
               AERODYNAMIC METHODS FOR MISSILE CONFIGURATIONS          PAGE  18
                       FIN SET 1 CN, CM PARTIAL OUTPUT

       ******* FLIGHT CONDITIONS AND REFERENCE QUANTITIES *******
     MACH NO  =       0.60                REYNOLDS NO = 1.391E+07 /M
     ALTITUDE =        0.0 M         DYNAMIC PRESSURE =  25533.94 N/M**2
     SIDESLIP =       0.00 DEG                   ROLL =      0.00 DEG     
     REF AREA =      0.001 M**2         MOMENT CENTER =     0.250 M
     REF LENGTH =     0.65 M           LAT REF LENGTH =      0.65 M

    NORMAL FORCE SLOPE AT ALPHA ZERO, CNA =    0.00486/DEG (1 PANEL)
         CENTER OF PRESSURE FOR LINEAR CN =   -0.39077 (CALIBERS FROM C.G.)
     CENTER OF PRESSURE FOR NON-LINEAR CN =   -0.46154 (CALIBERS FROM C.G.)

      ALPHA      CN        CN        CN        CM        CM        CM
               LINEAR  NON-LINEAR  TOTAL     LINEAR  NON-LINEAR  TOTAL

     -10.00   -0.1919   -0.5667   -0.7586    0.0750    0.2616    0.3365
      -8.00   -0.1542   -0.3635   -0.5178    0.0603    0.1678    0.2280
      -6.00   -0.1161   -0.2048   -0.3209    0.0454    0.0945    0.1399
      -4.00   -0.0776   -0.0912   -0.1688    0.0303    0.0421    0.0724
      -2.00   -0.0389   -0.0228   -0.0617    0.0152    0.0105    0.0257
       0.00    0.0000    0.0000    0.0000    0.0000    0.0000    0.0000
       2.00    0.0389    0.0228    0.0617   -0.0152   -0.0105   -0.0257
       4.00    0.0776    0.0912    0.1688   -0.0303   -0.0421   -0.0724
       6.00    0.1161    0.2048    0.3209   -0.0454   -0.0945   -0.1399
       8.00    0.1542    0.3635    0.5178   -0.0603   -0.1678   -0.2280
      10.00    0.1919    0.5667    0.7586   -0.0750   -0.2616   -0.3365
1         ***** THE USAF AUTOMATED MISSILE DATCOM * REV 3/99 *****     CASE   1
               AERODYNAMIC METHODS FOR MISSILE CONFIGURATIONS          PAGE  19
                 AERODYNAMIC FORCE AND MOMENT SYNTHESIS

       ******* FLIGHT CONDITIONS AND REFERENCE QUANTITIES *******
     MACH NO  =       0.60                REYNOLDS NO = 1.391E+07 /M
     ALTITUDE =        0.0 M         DYNAMIC PRESSURE =  25533.94 N/M**2
     SIDESLIP =       0.00 DEG                   ROLL =      0.00 DEG     
     REF AREA =      0.001 M**2         MOMENT CENTER =     0.250 M
     REF LENGTH =     0.65 M           LAT REF LENGTH =      0.65 M

          ---------------FIN SET 1 IN PRESENCE OF THE BODY----------------

      ALPHA       CN         CM         CA         CY         CLN        CLL

     -10.00    -1.4112     0.5514     0.1152     0.0000     0.0000     0.0000
      -8.00    -1.0102     0.3947     0.1152     0.0000     0.0000     0.0000
      -6.00    -0.6491     0.2537     0.1152     0.0000     0.0000     0.0000
      -4.00    -0.3433     0.1341     0.1152     0.0000     0.0000     0.0000
      -2.00    -0.1191     0.0466     0.1152     0.0000     0.0000     0.0000
       0.00     0.0000     0.0000     0.1152     0.0000     0.0000     0.0000
       2.00     0.1191    -0.0466     0.1152     0.0000     0.0000     0.0000
       4.00     0.3433    -0.1341     0.1152     0.0000     0.0000     0.0000
       6.00     0.6491    -0.2537     0.1152     0.0000     0.0000     0.0000
       8.00     1.0102    -0.3947     0.1152     0.0000     0.0000     0.0000
      10.00     1.4112    -0.5514     0.1152     0.0000     0.0000     0.0000
1         ***** THE USAF AUTOMATED MISSILE DATCOM * REV 3/99 *****     CASE   1
               AERODYNAMIC METHODS FOR MISSILE CONFIGURATIONS          PAGE  20
                 AERODYNAMIC FORCE AND MOMENT SYNTHESIS

       ******* FLIGHT CONDITIONS AND REFERENCE QUANTITIES *******
     MACH NO  =       0.60                REYNOLDS NO = 1.391E+07 /M
     ALTITUDE =        0.0 M         DYNAMIC PRESSURE =  25533.94 N/M**2
     SIDESLIP =       0.00 DEG                   ROLL =      0.00 DEG     
     REF AREA =      0.001 M**2         MOMENT CENTER =     0.250 M
     REF LENGTH =     0.65 M           LAT REF LENGTH =      0.65 M

          ---------------FIN SET 1 PANEL CHARACTERISTICS------------------

      ALPHA      PANEL    AEQ (PANEL AXIS SYS.)    PANEL CN

     -10.00        1              0.0000           0.0000
     -10.00        2            -11.3608          -0.2354
     -10.00        3            -15.6712          -0.4139
     -10.00        4             -9.6355          -0.1771
     -10.00        5              0.0000           0.0000
     -10.00        6              9.6355           0.1771
     -10.00        7             15.6712           0.4139
     -10.00        8             11.3608           0.2354
 
      -8.00        1              0.0000           0.0000
      -8.00        2             -9.2152          -0.1641
      -8.00        3            -12.8281          -0.2910
      -8.00        4             -8.3495          -0.1387
      -8.00        5              0.0000           0.0000
      -8.00        6              8.3495           0.1387
      -8.00        7             12.8281           0.2910
      -8.00        8              9.2152           0.1641
 
      -6.00        1              0.0000           0.0000
      -6.00        2             -6.9975          -0.1031
      -6.00        3             -9.8206          -0.1830
      -6.00        4             -6.7488          -0.0971
      -6.00        5              0.0000           0.0000
      -6.00        6              6.7488           0.0971
      -6.00        7              9.8206           0.1830
      -6.00        8              6.9975           0.1031
 
      -4.00        1              0.0000           0.0000
      -4.00        2             -4.7108          -0.0544
      -4.00        3             -6.6471          -0.0947
      -4.00        4             -4.7108          -0.0544
      -4.00        5              0.0000           0.0000
      -4.00        6              4.7108           0.0544
      -4.00        7              6.6471           0.0947
      -4.00        8              4.7108           0.0544
 
      -2.00        1              0.0000           0.0000
      -2.00        2             -2.3704          -0.0194
      -2.00        3             -3.3503          -0.0321
      -2.00        4             -2.3704          -0.0194
      -2.00        5              0.0000           0.0000
      -2.00        6              2.3704           0.0194
      -2.00        7              3.3503           0.0321
      -2.00        8              2.3704           0.0194
 
       0.00        1              0.0000           0.0000
       0.00        2              0.0000           0.0000
       0.00        3              0.0000           0.0000
       0.00        4              0.0000           0.0000
       0.00        5              0.0000           0.0000
       0.00        6              0.0000           0.0000
       0.00        7              0.0000           0.0000
       0.00        8              0.0000           0.0000
 
       2.00        1              0.0000           0.0000
       2.00        2              2.3704           0.0194
       2.00        3              3.3503           0.0321
       2.00        4              2.3704           0.0194
       2.00        5              0.0000           0.0000
       2.00        6             -2.3704          -0.0194
       2.00        7             -3.3503          -0.0321
       2.00        8             -2.3704          -0.0194
 
       4.00        1              0.0000           0.0000
       4.00        2              4.7108           0.0544
       4.00        3              6.6471           0.0947
       4.00        4              4.7108           0.0544
       4.00        5              0.0000           0.0000
       4.00        6             -4.7108          -0.0544
       4.00        7             -6.6471          -0.0947
       4.00        8             -4.7108          -0.0544
 
       6.00        1              0.0000           0.0000
       6.00        2              6.7488           0.0971
       6.00        3              9.8206           0.1830
       6.00        4              6.9975           0.1031
       6.00        5              0.0000           0.0000
       6.00        6             -6.9975          -0.1031
       6.00        7             -9.8206          -0.1830
       6.00        8             -6.7488          -0.0971
 
       8.00        1              0.0000           0.0000
       8.00        2              8.3495           0.1387
       8.00        3             12.8281           0.2910
       8.00        4              9.2152           0.1641
       8.00        5              0.0000           0.0000
       8.00        6             -9.2152          -0.1641
       8.00        7            -12.8281          -0.2910
       8.00        8             -8.3495          -0.1387
 
      10.00        1              0.0000           0.0000
      10.00        2              9.6355           0.1771
      10.00        3             15.6712           0.4139
      10.00        4             11.3608           0.2354
      10.00        5              0.0000           0.0000
      10.00        6            -11.3608          -0.2354
      10.00        7            -15.6712          -0.4139
      10.00        8             -9.6355          -0.1771
 
1         ***** THE USAF AUTOMATED MISSILE DATCOM * REV 3/99 *****     CASE   1
               AERODYNAMIC METHODS FOR MISSILE CONFIGURATIONS          PAGE  21
                 AERODYNAMIC FORCE AND MOMENT SYNTHESIS

       ******* FLIGHT CONDITIONS AND REFERENCE QUANTITIES *******
     MACH NO  =       0.60                REYNOLDS NO = 1.391E+07 /M
     ALTITUDE =        0.0 M         DYNAMIC PRESSURE =  25533.94 N/M**2
     SIDESLIP =       0.00 DEG                   ROLL =      0.00 DEG     
     REF AREA =      0.001 M**2         MOMENT CENTER =     0.250 M
     REF LENGTH =     0.65 M           LAT REF LENGTH =      0.65 M

             CARRYOVER INTERFERENCE FACTORS - FIN SET 1

      ALPHA   K-W(B)   K-B(W)  KK-W(B)  KK-B(W)  XCP-W(B) XCP-B(W) Y-CP/(B/2)

     -10.00   1.6234   1.1241   0.9535   0.6600   0.3908   0.3846   0.4498
      -8.00   1.6395   1.1241   0.9535   0.6600   0.3908   0.3846   0.4821
      -6.00   1.6540   1.1241   0.9535   0.6600   0.3908   0.3846   0.5195
      -4.00   1.6666   1.1241   0.9535   0.6600   0.3908   0.3846   0.5494
      -2.00   1.6764   1.1241   0.9535   0.6600   0.3908   0.3846   0.5709
       0.00   1.6818   1.1241   0.9535   0.6600   0.3908   0.3846   0.5829
       2.00   1.6764   1.1241   0.9535   0.6600   0.3908   0.3846   0.5709
       4.00   1.6666   1.1241   0.9535   0.6600   0.3908   0.3846   0.5494
       6.00   1.6540   1.1241   0.9535   0.6600   0.3908   0.3846   0.5232
       8.00   1.6395   1.1241   0.9535   0.6600   0.3908   0.3846   0.4977
      10.00   1.6234   1.1241   0.9535   0.6600   0.3908   0.3846   0.4741

    NOTE - XCP-W(B) USED FOR STABILITY ONLY DIFFERENT VALUES USED FOR HINGE MOMENTS
1         ***** THE USAF AUTOMATED MISSILE DATCOM * REV 3/99 *****     CASE   1
               AERODYNAMIC METHODS FOR MISSILE CONFIGURATIONS          PAGE  22
        FIN SET 1 PANEL BENDING MOMENTS (ABOUT EXPOSED ROOT CHORD)

       ******* FLIGHT CONDITIONS AND REFERENCE QUANTITIES *******
     MACH NO  =       0.60                REYNOLDS NO = 1.391E+07 /M
     ALTITUDE =        0.0 M         DYNAMIC PRESSURE =  25533.94 N/M**2
     SIDESLIP =       0.00 DEG                   ROLL =      0.00 DEG     
     REF AREA =      0.001 M**2         MOMENT CENTER =     0.250 M
     REF LENGTH =     0.65 M           LAT REF LENGTH =      0.65 M

   ALPHA   PANL 1   PANL 2   PANL 3   PANL 4   PANL 5   PANL 6   PANL 7   PANL 8
 
   -10.0  0.00E+00 -1.55E-03 -2.72E-03 -1.16E-03 -1.20E-10  1.16E-03  2.72E-03  1.55E-03
    -8.0  0.00E+00 -1.16E-03 -2.05E-03 -9.77E-04 -8.97E-11  9.77E-04  2.05E-03  1.16E-03
    -6.0  7.61E-13 -7.83E-04 -1.39E-03 -7.37E-04 -7.13E-11  7.37E-04  1.39E-03  7.83E-04
    -4.0  0.00E+00 -4.37E-04 -7.61E-04 -4.37E-04 -5.27E-11  4.37E-04  7.61E-04  4.37E-04
    -2.0  0.00E+00 -1.62E-04 -2.68E-04 -1.62E-04 -2.75E-11  1.62E-04  2.68E-04  1.62E-04
     0.0  0.00E+00  0.00E+00  0.00E+00  0.00E+00  0.00E+00  0.00E+00  0.00E+00  0.00E+00
     2.0  0.00E+00  1.62E-04  2.68E-04  1.62E-04  2.75E-11 -1.62E-04 -2.68E-04 -1.62E-04
     4.0  0.00E+00  4.37E-04  7.61E-04  4.37E-04  5.27E-11 -4.37E-04 -7.61E-04 -4.37E-04
     6.0  3.07E-12  7.43E-04  1.40E-03  7.89E-04  7.56E-11 -7.89E-04 -1.40E-03 -7.43E-04
     8.0  1.70E-12  1.01E-03  2.12E-03  1.19E-03  9.43E-11 -1.19E-03 -2.12E-03 -1.01E-03
    10.0 -1.51E-11  1.23E-03  2.87E-03  1.63E-03  1.12E-10 -1.63E-03 -2.87E-03 -1.23E-03
1         ***** THE USAF AUTOMATED MISSILE DATCOM * REV 3/99 *****     CASE   1
               AERODYNAMIC METHODS FOR MISSILE CONFIGURATIONS          PAGE  23
            FIN SET 1 PANEL HINGE MOMENTS (ABOUT HINGE LINE)

       ******* FLIGHT CONDITIONS AND REFERENCE QUANTITIES *******
     MACH NO  =       0.60                REYNOLDS NO = 1.391E+07 /M
     ALTITUDE =        0.0 M         DYNAMIC PRESSURE =  25533.94 N/M**2
     SIDESLIP =       0.00 DEG                   ROLL =      0.00 DEG     
     REF AREA =      0.001 M**2         MOMENT CENTER =     0.250 M
     REF LENGTH =     0.65 M           LAT REF LENGTH =      0.65 M

   ALPHA   PANL 1   PANL 2   PANL 3   PANL 4   PANL 5   PANL 6   PANL 7   PANL 8
 
   -10.0  0.00E+00 -3.66E-02 -6.08E-02 -2.81E-02 -3.06E-09  2.81E-02  6.08E-02  3.66E-02
    -8.0  0.00E+00 -2.61E-02 -4.45E-02 -2.22E-02 -2.13E-09  2.22E-02  4.45E-02  2.61E-02
    -6.0  1.68E-11 -1.67E-02 -2.89E-02 -1.58E-02 -1.57E-09  1.58E-02  2.89E-02  1.67E-02
    -4.0  0.00E+00 -8.95E-03 -1.54E-02 -8.95E-03 -1.10E-09  8.95E-03  1.54E-02  8.95E-03
    -2.0  0.00E+00 -3.22E-03 -5.32E-03 -3.22E-03 -5.51E-10  3.22E-03  5.32E-03  3.22E-03
     0.0  0.00E+00  0.00E+00  0.00E+00  0.00E+00  0.00E+00  0.00E+00  0.00E+00  0.00E+00
     2.0  0.00E+00  3.22E-03  5.32E-03  3.22E-03  5.51E-10 -3.22E-03 -5.32E-03 -3.22E-03
     4.0  0.00E+00  8.95E-03  1.54E-02  8.95E-03  1.10E-09 -8.95E-03 -1.54E-02 -8.95E-03
     6.0  6.70E-11  1.58E-02  2.89E-02  1.67E-02  1.65E-09 -1.67E-02 -2.89E-02 -1.58E-02
     8.0  3.92E-11  2.22E-02  4.45E-02  2.61E-02  2.17E-09 -2.61E-02 -4.45E-02 -2.22E-02
    10.0 -3.64E-10  2.81E-02  6.08E-02  3.66E-02  2.69E-09 -3.66E-02 -6.08E-02 -2.81E-02
1         ***** THE USAF AUTOMATED MISSILE DATCOM * REV 3/99 *****     CASE   1
               AERODYNAMIC METHODS FOR MISSILE CONFIGURATIONS          PAGE  24
                   STATIC AERODYNAMICS FOR BODY-FIN SET 1

       ******* FLIGHT CONDITIONS AND REFERENCE QUANTITIES *******
     MACH NO  =       0.60                REYNOLDS NO = 1.391E+07 /M
     ALTITUDE =        0.0 M         DYNAMIC PRESSURE =  25533.94 N/M**2
     SIDESLIP =       0.00 DEG                   ROLL =      0.00 DEG     
     REF AREA =      0.001 M**2         MOMENT CENTER =     0.250 M
     REF LENGTH =     0.65 M           LAT REF LENGTH =      0.65 M

                   ----- LONGITUDINAL -----     -- LATERAL DIRECTIONAL --
         ALPHA       CN        CM        CA        CY       CLN       CLL

        -10.00    -3.229     0.941     0.458     0.000     0.000     0.000
         -8.00    -2.313     0.662     0.461     0.000     0.000     0.000
         -6.00    -1.501     0.416     0.463     0.000     0.000     0.000
         -4.00    -0.818     0.214     0.464     0.000     0.000     0.000
         -2.00    -0.306     0.070     0.464     0.000     0.000     0.000
          0.00     0.000     0.000     0.464     0.000     0.000     0.000
          2.00     0.306    -0.070     0.464     0.000     0.000     0.000
          4.00     0.818    -0.214     0.464     0.000     0.000     0.000
          6.00     1.501    -0.416     0.463     0.000     0.000     0.000
          8.00     2.313    -0.662     0.461     0.000     0.000     0.000
         10.00     3.229    -0.941     0.458     0.000     0.000     0.000

         ALPHA       CL        CD      CL/CD     X-C.P.

        -10.00    -3.101     1.012    -3.064    -0.291
         -8.00    -2.226     0.778    -2.860    -0.286
         -6.00    -1.445     0.617    -2.341    -0.277
         -4.00    -0.784     0.520    -1.509    -0.261
         -2.00    -0.289     0.474    -0.610    -0.229
          0.00     0.000     0.464     0.000    -0.229
          2.00     0.289     0.474     0.610    -0.229
          4.00     0.784     0.520     1.509    -0.261
          6.00     1.445     0.617     2.341    -0.277
          8.00     2.226     0.778     2.860    -0.286
         10.00     3.101     1.012     3.064    -0.291

    X-C.P. MEAS. FROM MOMENT CENTER IN REF. LENGTHS, NEG. AFT OF MOMENT CENTER
1         ***** THE USAF AUTOMATED MISSILE DATCOM * REV 3/99 *****     CASE   1
               AERODYNAMIC METHODS FOR MISSILE CONFIGURATIONS          PAGE  25
                   STATIC AERODYNAMICS FOR BODY-FIN SET 1

       ******* FLIGHT CONDITIONS AND REFERENCE QUANTITIES *******
     MACH NO  =       0.60                REYNOLDS NO = 1.391E+07 /M
     ALTITUDE =        0.0 M         DYNAMIC PRESSURE =  25533.94 N/M**2
     SIDESLIP =       0.00 DEG                   ROLL =      0.00 DEG     
     REF AREA =      0.001 M**2         MOMENT CENTER =     0.250 M
     REF LENGTH =     0.65 M           LAT REF LENGTH =      0.65 M

                   ---------- DERIVATIVES (PER DEGREE) ----------
         ALPHA       CNA         CMA         CYB         CLNB        CLLB
        -10.00      0.4846     -0.1481     -0.3156      0.0915      0.0005
         -8.00      0.4317     -0.1312     -0.2812      0.0798      0.0003
         -6.00      0.3733     -0.1120     -0.2430      0.0666      0.0001
         -4.00      0.2984     -0.0865     -0.2030      0.0527      0.0000
         -2.00      0.2041     -0.0534     -0.1589      0.0372      0.0000
          0.00      0.1529     -0.0350     -0.1316      0.0272      0.0000
          2.00      0.2041     -0.0534     -0.1589      0.0372      0.0000
          4.00      0.2984     -0.0865     -0.2030      0.0527      0.0000
          6.00      0.3733     -0.1120     -0.2430      0.0666     -0.0001
          8.00      0.4317     -0.1312     -0.2812      0.0798     -0.0003
         10.00      0.4846     -0.1481     -0.3156      0.0915     -0.0005

    PANEL DEFLECTION ANGLES (DEGREES)
    SET    FIN 1   FIN 2   FIN 3   FIN 4   FIN 5   FIN 6   FIN 7   FIN 8
      1    0.00    0.00    0.00    0.00    0.00    0.00    0.00    0.00
1         ***** THE USAF AUTOMATED MISSILE DATCOM * REV 3/99 *****     CASE   1
               AERODYNAMIC METHODS FOR MISSILE CONFIGURATIONS          PAGE  26
                             BODY ALONE PARTIAL OUTPUT

       ******* FLIGHT CONDITIONS AND REFERENCE QUANTITIES *******
     MACH NO  =       0.90                REYNOLDS NO = 2.087E+07 /M
     ALTITUDE =        0.0 M         DYNAMIC PRESSURE =  57451.37 N/M**2
     SIDESLIP =       0.00 DEG                   ROLL =      0.00 DEG     
     REF AREA =      0.001 M**2         MOMENT CENTER =     0.250 M
     REF LENGTH =     0.65 M           LAT REF LENGTH =      0.65 M

      ALPHA    CA-FRIC  CA-PRES/WAVE CA-BASE    CA-PROT     CA-SEP     CA-ALP
     -10.00     0.1756     0.0411     0.1315                           0.0012
      -8.00     0.1775     0.0415     0.1319                           0.0014
      -6.00     0.1791     0.0419     0.1322                           0.0010
      -4.00     0.1802     0.0422     0.1323                           0.0005
      -2.00     0.1808     0.0423     0.1322                           0.0001
       0.00     0.1810     0.0424     0.1320                           0.0000
       2.00     0.1808     0.0423     0.1322                           0.0001
       4.00     0.1802     0.0422     0.1323                           0.0005
       6.00     0.1791     0.0419     0.1322                           0.0010
       8.00     0.1775     0.0415     0.1319                           0.0014
      10.00     0.1756     0.0411     0.1315                           0.0012

                     CROSS FLOW DRAG PROPORTIONALITY FACTOR = 0.76387

      ALPHA    CN-POTEN  CN-VISC   CN-SEP    CM-POTEN  CM-VISC   CM-SEP    CDC
     -10.00    -0.461    -0.408              -0.041     0.062             0.836
      -8.00    -0.372    -0.256              -0.033     0.039             0.817
      -6.00    -0.281    -0.141              -0.025     0.022             0.798
      -4.00    -0.188    -0.061              -0.017     0.009             0.778
      -2.00    -0.094    -0.015              -0.008     0.002             0.759
       0.00     0.000     0.000               0.000     0.000             0.740
       2.00     0.094     0.015               0.008    -0.002             0.759
       4.00     0.188     0.061               0.017    -0.009             0.778
       6.00     0.281     0.141               0.025    -0.022             0.798
       8.00     0.372     0.256               0.033    -0.039             0.817
      10.00     0.461     0.408               0.041    -0.062             0.836
1         ***** THE USAF AUTOMATED MISSILE DATCOM * REV 3/99 *****     CASE   1
               AERODYNAMIC METHODS FOR MISSILE CONFIGURATIONS          PAGE  27
                        FIN SET 1 CA PARTIAL OUTPUT

       ******* FLIGHT CONDITIONS AND REFERENCE QUANTITIES *******
     MACH NO  =       0.90                REYNOLDS NO = 2.087E+07 /M
     ALTITUDE =        0.0 M         DYNAMIC PRESSURE =  57451.37 N/M**2
     SIDESLIP =       0.00 DEG                   ROLL =      0.00 DEG     
     REF AREA =      0.001 M**2         MOMENT CENTER =     0.250 M
     REF LENGTH =     0.65 M           LAT REF LENGTH =      0.65 M

    SINGLE FIN PANEL ZERO-LIFT AXIAL FORCE COMPONENTS

    SKIN FRICTION        0.0121
    SUBSONIC PRESSURE    0.0010
    TRANSONIC WAVE       0.0144
    SUPERSONIC WAVE      0.0000
    LEADING EDGE         0.0000
    TRAILING EDGE        0.0000
    TOTAL CAO            0.0275

    FIN AXIAL FORCE DUE TO ANGLE OF ATTACK

    ALPHA      CA DUE TO LIFT (SINGLE PANEL)   CA-TOTAL (8 FINS)

     -10.00              0.0000                      0.2166
      -8.00              0.0000                      0.2178
      -6.00              0.0000                      0.2188
      -4.00              0.0000                      0.2194
      -2.00              0.0000                      0.2198
       0.00              0.0000                      0.2200
       2.00              0.0000                      0.2198
       4.00              0.0000                      0.2194
       6.00              0.0000                      0.2188
       8.00              0.0000                      0.2178
      10.00              0.0000                      0.2166
1         ***** THE USAF AUTOMATED MISSILE DATCOM * REV 3/99 *****     CASE   1
               AERODYNAMIC METHODS FOR MISSILE CONFIGURATIONS          PAGE  28
                       FIN SET 1 CN, CM PARTIAL OUTPUT

       ******* FLIGHT CONDITIONS AND REFERENCE QUANTITIES *******
     MACH NO  =       0.90                REYNOLDS NO = 2.087E+07 /M
     ALTITUDE =        0.0 M         DYNAMIC PRESSURE =  57451.37 N/M**2
     SIDESLIP =       0.00 DEG                   ROLL =      0.00 DEG     
     REF AREA =      0.001 M**2         MOMENT CENTER =     0.250 M
     REF LENGTH =     0.65 M           LAT REF LENGTH =      0.65 M

    NORMAL FORCE SLOPE AT ALPHA ZERO, CNA =    0.00485/DEG (1 PANEL)
         CENTER OF PRESSURE FOR LINEAR CN =   -0.39077 (CALIBERS FROM C.G.)
     CENTER OF PRESSURE FOR NON-LINEAR CN =   -0.46154 (CALIBERS FROM C.G.)

      ALPHA      CN        CN        CN        CM        CM        CM
               LINEAR  NON-LINEAR  TOTAL     LINEAR  NON-LINEAR  TOTAL

     -10.00   -0.1914   -0.3902   -0.5816    0.0748    0.1801    0.2549
      -8.00   -0.1538   -0.2505   -0.4043    0.0601    0.1156    0.1757
      -6.00   -0.1158   -0.1412   -0.2570    0.0452    0.0652    0.1104
      -4.00   -0.0774   -0.0628   -0.1402    0.0302    0.0290    0.0592
      -2.00   -0.0387   -0.0157   -0.0545    0.0151    0.0073    0.0224
       0.00    0.0000    0.0000    0.0000    0.0000    0.0000    0.0000
       2.00    0.0387    0.0157    0.0545   -0.0151   -0.0073   -0.0224
       4.00    0.0774    0.0628    0.1402   -0.0302   -0.0290   -0.0592
       6.00    0.1158    0.1412    0.2570   -0.0452   -0.0652   -0.1104
       8.00    0.1538    0.2505    0.4043   -0.0601   -0.1156   -0.1757
      10.00    0.1914    0.3902    0.5816   -0.0748   -0.1801   -0.2549
1         ***** THE USAF AUTOMATED MISSILE DATCOM * REV 3/99 *****     CASE   1
               AERODYNAMIC METHODS FOR MISSILE CONFIGURATIONS          PAGE  29
                 AERODYNAMIC FORCE AND MOMENT SYNTHESIS

       ******* FLIGHT CONDITIONS AND REFERENCE QUANTITIES *******
     MACH NO  =       0.90                REYNOLDS NO = 2.087E+07 /M
     ALTITUDE =        0.0 M         DYNAMIC PRESSURE =  57451.37 N/M**2
     SIDESLIP =       0.00 DEG                   ROLL =      0.00 DEG     
     REF AREA =      0.001 M**2         MOMENT CENTER =     0.250 M
     REF LENGTH =     0.65 M           LAT REF LENGTH =      0.65 M

          ---------------FIN SET 1 IN PRESENCE OF THE BODY----------------

      ALPHA       CN         CM         CA         CY         CLN        CLL

     -10.00    -1.0563     0.4128     0.2200     0.0000     0.0000     0.0000
      -8.00    -0.7683     0.3002     0.2200     0.0000     0.0000     0.0000
      -6.00    -0.5047     0.1972     0.2200     0.0000     0.0000     0.0000
      -4.00    -0.2762     0.1079     0.2200     0.0000     0.0000     0.0000
      -2.00    -0.1021     0.0399     0.2200     0.0000     0.0000     0.0000
       0.00     0.0000     0.0000     0.2200     0.0000     0.0000     0.0000
       2.00     0.1021    -0.0399     0.2200     0.0000     0.0000     0.0000
       4.00     0.2762    -0.1079     0.2200     0.0000     0.0000     0.0000
       6.00     0.5047    -0.1972     0.2200     0.0000     0.0000     0.0000
       8.00     0.7683    -0.3002     0.2200     0.0000     0.0000     0.0000
      10.00     1.0563    -0.4128     0.2200     0.0000     0.0000     0.0000
1         ***** THE USAF AUTOMATED MISSILE DATCOM * REV 3/99 *****     CASE   1
               AERODYNAMIC METHODS FOR MISSILE CONFIGURATIONS          PAGE  30
                 AERODYNAMIC FORCE AND MOMENT SYNTHESIS

       ******* FLIGHT CONDITIONS AND REFERENCE QUANTITIES *******
     MACH NO  =       0.90                REYNOLDS NO = 2.087E+07 /M
     ALTITUDE =        0.0 M         DYNAMIC PRESSURE =  57451.37 N/M**2
     SIDESLIP =       0.00 DEG                   ROLL =      0.00 DEG     
     REF AREA =      0.001 M**2         MOMENT CENTER =     0.250 M
     REF LENGTH =     0.65 M           LAT REF LENGTH =      0.65 M

          ---------------FIN SET 1 PANEL CHARACTERISTICS------------------

      ALPHA      PANEL    AEQ (PANEL AXIS SYS.)    PANEL CN

     -10.00        1              0.0000           0.0000
     -10.00        2            -11.3634          -0.1786
     -10.00        3            -15.6673          -0.3067
     -10.00        4             -9.5692          -0.1346
     -10.00        5              0.0000           0.0000
     -10.00        6              9.5692           0.1346
     -10.00        7             15.6673           0.3067
     -10.00        8             11.3634           0.1786
 
      -8.00        1              0.0000           0.0000
      -8.00        2             -9.2175          -0.1266
      -8.00        3            -12.8282          -0.2188
      -8.00        4             -8.3237          -0.1073
      -8.00        5              0.0000           0.0000
      -8.00        6              8.3237           0.1073
      -8.00        7             12.8282           0.2188
      -8.00        8              9.2175           0.1266
 
      -6.00        1              0.0000           0.0000
      -6.00        2             -6.9990          -0.0815
      -6.00        3             -9.8220          -0.1404
      -6.00        4             -6.7442          -0.0769
      -6.00        5              0.0000           0.0000
      -6.00        6              6.7442           0.0769
      -6.00        7              9.8220           0.1404
      -6.00        8              6.9990           0.0815
 
      -4.00        1              0.0000           0.0000
      -4.00        2             -4.7115          -0.0445
      -4.00        3             -6.6481          -0.0751
      -4.00        4             -4.7115          -0.0445
      -4.00        5              0.0000           0.0000
      -4.00        6              4.7115           0.0445
      -4.00        7              6.6481           0.0751
      -4.00        8              4.7115           0.0445
 
      -2.00        1              0.0000           0.0000
      -2.00        2             -2.3705          -0.0169
      -2.00        3             -3.3505          -0.0272
      -2.00        4             -2.3705          -0.0169
      -2.00        5              0.0000           0.0000
      -2.00        6              2.3705           0.0169
      -2.00        7              3.3505           0.0272
      -2.00        8              2.3705           0.0169
 
       0.00        1              0.0000           0.0000
       0.00        2              0.0000           0.0000
       0.00        3              0.0000           0.0000
       0.00        4              0.0000           0.0000
       0.00        5              0.0000           0.0000
       0.00        6              0.0000           0.0000
       0.00        7              0.0000           0.0000
       0.00        8              0.0000           0.0000
 
       2.00        1              0.0000           0.0000
       2.00        2              2.3705           0.0169
       2.00        3              3.3505           0.0272
       2.00        4              2.3705           0.0169
       2.00        5              0.0000           0.0000
       2.00        6             -2.3705          -0.0169
       2.00        7             -3.3505          -0.0272
       2.00        8             -2.3705          -0.0169
 
       4.00        1              0.0000           0.0000
       4.00        2              4.7115           0.0445
       4.00        3              6.6481           0.0751
       4.00        4              4.7115           0.0445
       4.00        5              0.0000           0.0000
       4.00        6             -4.7115          -0.0445
       4.00        7             -6.6481          -0.0751
       4.00        8             -4.7115          -0.0445
 
       6.00        1              0.0000           0.0000
       6.00        2              6.7442           0.0769
       6.00        3              9.8220           0.1404
       6.00        4              6.9990           0.0815
       6.00        5              0.0000           0.0000
       6.00        6             -6.9990          -0.0815
       6.00        7             -9.8220          -0.1404
       6.00        8             -6.7442          -0.0769
 
       8.00        1              0.0000           0.0000
       8.00        2              8.3237           0.1073
       8.00        3             12.8282           0.2188
       8.00        4              9.2175           0.1266
       8.00        5              0.0000           0.0000
       8.00        6             -9.2175          -0.1266
       8.00        7            -12.8282          -0.2188
       8.00        8             -8.3237          -0.1073
 
      10.00        1              0.0000           0.0000
      10.00        2              9.5692           0.1346
      10.00        3             15.6673           0.3067
      10.00        4             11.3634           0.1786
      10.00        5              0.0000           0.0000
      10.00        6            -11.3634          -0.1786
      10.00        7            -15.6673          -0.3067
      10.00        8             -9.5692          -0.1346
 
1         ***** THE USAF AUTOMATED MISSILE DATCOM * REV 3/99 *****     CASE   1
               AERODYNAMIC METHODS FOR MISSILE CONFIGURATIONS          PAGE  31
                 AERODYNAMIC FORCE AND MOMENT SYNTHESIS

       ******* FLIGHT CONDITIONS AND REFERENCE QUANTITIES *******
     MACH NO  =       0.90                REYNOLDS NO = 2.087E+07 /M
     ALTITUDE =        0.0 M         DYNAMIC PRESSURE =  57451.37 N/M**2
     SIDESLIP =       0.00 DEG                   ROLL =      0.00 DEG     
     REF AREA =      0.001 M**2         MOMENT CENTER =     0.250 M
     REF LENGTH =     0.65 M           LAT REF LENGTH =      0.65 M

             CARRYOVER INTERFERENCE FACTORS - FIN SET 1

      ALPHA   K-W(B)   K-B(W)  KK-W(B)  KK-B(W)  XCP-W(B) XCP-B(W) Y-CP/(B/2)

     -10.00   1.6243   1.1241   0.9535   0.6600   0.3908   0.3846   0.4531
      -8.00   1.6402   1.1241   0.9535   0.6600   0.3908   0.3846   0.4628
      -6.00   1.6545   1.1241   0.9535   0.6600   0.3908   0.3846   0.4712
      -4.00   1.6668   1.1241   0.9535   0.6600   0.3908   0.3846   0.4780
      -2.00   1.6765   1.1241   0.9535   0.6600   0.3908   0.3846   0.4831
       0.00   1.6818   1.1241   0.9535   0.6600   0.3908   0.3846   0.4863
       2.00   1.6765   1.1241   0.9535   0.6600   0.3908   0.3846   0.4831
       4.00   1.6668   1.1241   0.9535   0.6600   0.3908   0.3846   0.4780
       6.00   1.6545   1.1241   0.9535   0.6600   0.3908   0.3846   0.4720
       8.00   1.6402   1.1241   0.9535   0.6600   0.3908   0.3846   0.4664
      10.00   1.6243   1.1241   0.9535   0.6600   0.3908   0.3846   0.4613

    NOTE - XCP-W(B) USED FOR STABILITY ONLY DIFFERENT VALUES USED FOR HINGE MOMENTS
1         ***** THE USAF AUTOMATED MISSILE DATCOM * REV 3/99 *****     CASE   1
               AERODYNAMIC METHODS FOR MISSILE CONFIGURATIONS          PAGE  32
        FIN SET 1 PANEL BENDING MOMENTS (ABOUT EXPOSED ROOT CHORD)

       ******* FLIGHT CONDITIONS AND REFERENCE QUANTITIES *******
     MACH NO  =       0.90                REYNOLDS NO = 2.087E+07 /M
     ALTITUDE =        0.0 M         DYNAMIC PRESSURE =  57451.37 N/M**2
     SIDESLIP =       0.00 DEG                   ROLL =      0.00 DEG     
     REF AREA =      0.001 M**2         MOMENT CENTER =     0.250 M
     REF LENGTH =     0.65 M           LAT REF LENGTH =      0.65 M

   ALPHA   PANL 1   PANL 2   PANL 3   PANL 4   PANL 5   PANL 6   PANL 7   PANL 8
 
   -10.0  0.00E+00 -1.18E-03 -2.03E-03 -8.91E-04 -1.12E-10  8.91E-04  2.03E-03  1.18E-03
    -8.0  0.00E+00 -8.56E-04 -1.48E-03 -7.26E-04 -7.92E-11  7.26E-04  1.48E-03  8.56E-04
    -6.0  6.50E-13 -5.61E-04 -9.67E-04 -5.29E-04 -5.94E-11  5.29E-04  9.67E-04  5.61E-04
    -4.0  0.00E+00 -3.11E-04 -5.25E-04 -3.11E-04 -4.21E-11  3.11E-04  5.25E-04  3.11E-04
    -2.0  0.00E+00 -1.19E-04 -1.92E-04 -1.19E-04 -2.14E-11  1.19E-04  1.92E-04  1.19E-04
     0.0  0.00E+00  0.00E+00  0.00E+00  0.00E+00  0.00E+00  0.00E+00  0.00E+00  0.00E+00
     2.0  0.00E+00  1.19E-04  1.92E-04  1.19E-04  2.14E-11 -1.19E-04 -1.92E-04 -1.19E-04
     4.0  0.00E+00  3.11E-04  5.25E-04  3.11E-04  4.21E-11 -3.11E-04 -5.25E-04 -3.11E-04
     6.0  2.61E-12  5.30E-04  9.69E-04  5.62E-04  6.27E-11 -5.62E-04 -9.69E-04 -5.30E-04
     8.0  1.52E-12  7.32E-04  1.49E-03  8.63E-04  8.13E-11 -8.63E-04 -1.49E-03 -7.32E-04
    10.0 -1.40E-11  9.07E-04  2.07E-03  1.20E-03  9.99E-11 -1.20E-03 -2.07E-03 -9.07E-04
1         ***** THE USAF AUTOMATED MISSILE DATCOM * REV 3/99 *****     CASE   1
               AERODYNAMIC METHODS FOR MISSILE CONFIGURATIONS          PAGE  33
            FIN SET 1 PANEL HINGE MOMENTS (ABOUT HINGE LINE)

       ******* FLIGHT CONDITIONS AND REFERENCE QUANTITIES *******
     MACH NO  =       0.90                REYNOLDS NO = 2.087E+07 /M
     ALTITUDE =        0.0 M         DYNAMIC PRESSURE =  57451.37 N/M**2
     SIDESLIP =       0.00 DEG                   ROLL =      0.00 DEG     
     REF AREA =      0.001 M**2         MOMENT CENTER =     0.250 M
     REF LENGTH =     0.65 M           LAT REF LENGTH =      0.65 M

   ALPHA   PANL 1   PANL 2   PANL 3   PANL 4   PANL 5   PANL 6   PANL 7   PANL 8
 
   -10.0  0.00E+00 -2.81E-02 -4.66E-02 -2.14E-02 -2.78E-09  2.14E-02  4.66E-02  2.81E-02
    -8.0  0.00E+00 -2.02E-02 -3.40E-02 -1.72E-02 -1.92E-09  1.72E-02  3.40E-02  2.02E-02
    -6.0  1.55E-11 -1.31E-02 -2.23E-02 -1.24E-02 -1.42E-09  1.24E-02  2.23E-02  1.31E-02
    -4.0  0.00E+00 -7.24E-03 -1.21E-02 -7.24E-03 -9.91E-10  7.24E-03  1.21E-02  7.24E-03
    -2.0  0.00E+00 -2.77E-03 -4.43E-03 -2.77E-03 -4.98E-10  2.77E-03  4.43E-03  2.77E-03
     0.0  0.00E+00  0.00E+00  0.00E+00  0.00E+00  0.00E+00  0.00E+00  0.00E+00  0.00E+00
     2.0  0.00E+00  2.77E-03  4.43E-03  2.77E-03  4.98E-10 -2.77E-03 -4.43E-03 -2.77E-03
     4.0  0.00E+00  7.24E-03  1.21E-02  7.24E-03  9.91E-10 -7.24E-03 -1.21E-02 -7.24E-03
     6.0  6.21E-11  1.24E-02  2.23E-02  1.31E-02  1.49E-09 -1.31E-02 -2.23E-02 -1.24E-02
     8.0  3.65E-11  1.72E-02  3.40E-02  2.02E-02  1.96E-09 -2.02E-02 -3.40E-02 -1.72E-02
    10.0 -3.42E-10  2.14E-02  4.66E-02  2.81E-02  2.44E-09 -2.81E-02 -4.66E-02 -2.14E-02
1         ***** THE USAF AUTOMATED MISSILE DATCOM * REV 3/99 *****     CASE   1
               AERODYNAMIC METHODS FOR MISSILE CONFIGURATIONS          PAGE  34
                   STATIC AERODYNAMICS FOR BODY-FIN SET 1

       ******* FLIGHT CONDITIONS AND REFERENCE QUANTITIES *******
     MACH NO  =       0.90                REYNOLDS NO = 2.087E+07 /M
     ALTITUDE =        0.0 M         DYNAMIC PRESSURE =  57451.37 N/M**2
     SIDESLIP =       0.00 DEG                   ROLL =      0.00 DEG     
     REF AREA =      0.001 M**2         MOMENT CENTER =     0.250 M
     REF LENGTH =     0.65 M           LAT REF LENGTH =      0.65 M

                   ----- LONGITUDINAL -----     -- LATERAL DIRECTIONAL --
         ALPHA       CN        CM        CA        CY       CLN       CLL

        -10.00    -2.657     0.715     0.569     0.000     0.000     0.000
         -8.00    -1.924     0.509     0.572     0.000     0.000     0.000
         -6.00    -1.270     0.326     0.574     0.000     0.000     0.000
         -4.00    -0.712     0.172     0.575     0.000     0.000     0.000
         -2.00    -0.280     0.060     0.575     0.000     0.000     0.000
          0.00     0.000     0.000     0.575     0.000     0.000     0.000
          2.00     0.280    -0.060     0.575     0.000     0.000     0.000
          4.00     0.712    -0.172     0.575     0.000     0.000     0.000
          6.00     1.270    -0.326     0.574     0.000     0.000     0.000
          8.00     1.924    -0.509     0.572     0.000     0.000     0.000
         10.00     2.657    -0.715     0.569     0.000     0.000     0.000

         ALPHA       CL        CD      CL/CD     X-C.P.

        -10.00    -2.518     1.022    -2.463    -0.269
         -8.00    -1.825     0.834    -2.187    -0.265
         -6.00    -1.203     0.704    -1.710    -0.257
         -4.00    -0.670     0.623    -1.075    -0.242
         -2.00    -0.260     0.585    -0.444    -0.215
          0.00     0.000     0.575     0.000    -0.215
          2.00     0.260     0.585     0.444    -0.215
          4.00     0.670     0.623     1.075    -0.242
          6.00     1.203     0.704     1.710    -0.257
          8.00     1.825     0.834     2.187    -0.265
         10.00     2.518     1.022     2.463    -0.269

    X-C.P. MEAS. FROM MOMENT CENTER IN REF. LENGTHS, NEG. AFT OF MOMENT CENTER
1         ***** THE USAF AUTOMATED MISSILE DATCOM * REV 3/99 *****     CASE   1
               AERODYNAMIC METHODS FOR MISSILE CONFIGURATIONS          PAGE  35
                   STATIC AERODYNAMICS FOR BODY-FIN SET 1

       ******* FLIGHT CONDITIONS AND REFERENCE QUANTITIES *******
     MACH NO  =       0.90                REYNOLDS NO = 2.087E+07 /M
     ALTITUDE =        0.0 M         DYNAMIC PRESSURE =  57451.37 N/M**2
     SIDESLIP =       0.00 DEG                   ROLL =      0.00 DEG     
     REF AREA =      0.001 M**2         MOMENT CENTER =     0.250 M
     REF LENGTH =     0.65 M           LAT REF LENGTH =      0.65 M

                   ---------- DERIVATIVES (PER DEGREE) ----------
         ALPHA       CNA         CMA         CYB         CLNB        CLLB
        -10.00      0.3868     -0.1091     -0.2583      0.0689      0.0003
         -8.00      0.3466     -0.0974     -0.2340      0.0613      0.0002
         -6.00      0.3027     -0.0842     -0.2064      0.0523      0.0001
         -4.00      0.2473     -0.0664     -0.1770      0.0426      0.0000
         -2.00      0.1778     -0.0431     -0.1444      0.0316      0.0000
          0.00      0.1400     -0.0301     -0.1248      0.0246      0.0000
          2.00      0.1778     -0.0431     -0.1444      0.0316      0.0000
          4.00      0.2473     -0.0664     -0.1770      0.0426      0.0000
          6.00      0.3027     -0.0842     -0.2064      0.0523     -0.0001
          8.00      0.3466     -0.0974     -0.2340      0.0613     -0.0002
         10.00      0.3868     -0.1091     -0.2583      0.0689     -0.0003

    PANEL DEFLECTION ANGLES (DEGREES)
    SET    FIN 1   FIN 2   FIN 3   FIN 4   FIN 5   FIN 6   FIN 7   FIN 8
      1    0.00    0.00    0.00    0.00    0.00    0.00    0.00    0.00
1         ***** THE USAF AUTOMATED MISSILE DATCOM * REV 3/99 *****     CASE   1
               AERODYNAMIC METHODS FOR MISSILE CONFIGURATIONS          PAGE  36
                             BODY ALONE PARTIAL OUTPUT

       ******* FLIGHT CONDITIONS AND REFERENCE QUANTITIES *******
     MACH NO  =       1.10                REYNOLDS NO = 2.550E+07 /M
     ALTITUDE =        0.0 M         DYNAMIC PRESSURE =  85822.41 N/M**2
     SIDESLIP =       0.00 DEG                   ROLL =      0.00 DEG     
     REF AREA =      0.001 M**2         MOMENT CENTER =     0.250 M
     REF LENGTH =     0.65 M           LAT REF LENGTH =      0.65 M

      ALPHA    CA-FRIC  CA-PRES/WAVE CA-BASE    CA-PROT     CA-SEP     CA-ALP
     -10.00     0.1661     0.1222     0.2013                           0.0019
      -8.00     0.1679     0.1235     0.2021                           0.0019
      -6.00     0.1694     0.1246     0.2027                           0.0014
      -4.00     0.1704     0.1253     0.2031                           0.0007
      -2.00     0.1710     0.1258     0.2032                           0.0002
       0.00     0.1712     0.1260     0.2030                           0.0000
       2.00     0.1710     0.1258     0.2032                           0.0002
       4.00     0.1704     0.1253     0.2031                           0.0007
       6.00     0.1694     0.1246     0.2027                           0.0014
       8.00     0.1679     0.1235     0.2021                           0.0019
      10.00     0.1661     0.1222     0.2013                           0.0019

                     CROSS FLOW DRAG PROPORTIONALITY FACTOR = 0.97277

      ALPHA    CN-POTEN  CN-VISC   CN-SEP    CM-POTEN  CM-VISC   CM-SEP    CDC
     -10.00    -0.505    -0.533              -0.037     0.081             0.857
      -8.00    -0.407    -0.333              -0.030     0.051             0.834
      -6.00    -0.308    -0.183              -0.022     0.028             0.810
      -4.00    -0.206    -0.079              -0.015     0.012             0.787
      -2.00    -0.103    -0.019              -0.008     0.003             0.764
       0.00     0.000     0.000               0.000     0.000             0.740
       2.00     0.103     0.019               0.008    -0.003             0.764
       4.00     0.206     0.079               0.015    -0.012             0.787
       6.00     0.308     0.183               0.022    -0.028             0.810
       8.00     0.407     0.333               0.030    -0.051             0.834
      10.00     0.505     0.533               0.037    -0.081             0.857
1         ***** THE USAF AUTOMATED MISSILE DATCOM * REV 3/99 *****     CASE   1
               AERODYNAMIC METHODS FOR MISSILE CONFIGURATIONS          PAGE  37
                        FIN SET 1 CA PARTIAL OUTPUT

       ******* FLIGHT CONDITIONS AND REFERENCE QUANTITIES *******
     MACH NO  =       1.10                REYNOLDS NO = 2.550E+07 /M
     ALTITUDE =        0.0 M         DYNAMIC PRESSURE =  85822.41 N/M**2
     SIDESLIP =       0.00 DEG                   ROLL =      0.00 DEG     
     REF AREA =      0.001 M**2         MOMENT CENTER =     0.250 M
     REF LENGTH =     0.65 M           LAT REF LENGTH =      0.65 M

    SINGLE FIN PANEL ZERO-LIFT AXIAL FORCE COMPONENTS

    SKIN FRICTION        0.0114
    SUBSONIC PRESSURE    0.0005
    TRANSONIC WAVE       0.0000
    SUPERSONIC WAVE      0.0260
    LEADING EDGE         0.0000
    TRAILING EDGE        0.0000
    TOTAL CAO            0.0379

    FIN AXIAL FORCE DUE TO ANGLE OF ATTACK

    ALPHA      CA DUE TO LIFT (SINGLE PANEL)   CA-TOTAL (8 FINS)

     -10.00              0.0000                      0.2983
      -8.00              0.0000                      0.3000
      -6.00              0.0000                      0.3013
      -4.00              0.0000                      0.3022
      -2.00              0.0000                      0.3027
       0.00              0.0000                      0.3029
       2.00              0.0000                      0.3027
       4.00              0.0000                      0.3022
       6.00              0.0000                      0.3013
       8.00              0.0000                      0.3000
      10.00              0.0000                      0.2983
1         ***** THE USAF AUTOMATED MISSILE DATCOM * REV 3/99 *****     CASE   1
               AERODYNAMIC METHODS FOR MISSILE CONFIGURATIONS          PAGE  38
                       FIN SET 1 CN, CM PARTIAL OUTPUT

       ******* FLIGHT CONDITIONS AND REFERENCE QUANTITIES *******
     MACH NO  =       1.10                REYNOLDS NO = 2.550E+07 /M
     ALTITUDE =        0.0 M         DYNAMIC PRESSURE =  85822.41 N/M**2
     SIDESLIP =       0.00 DEG                   ROLL =      0.00 DEG     
     REF AREA =      0.001 M**2         MOMENT CENTER =     0.250 M
     REF LENGTH =     0.65 M           LAT REF LENGTH =      0.65 M

    NORMAL FORCE SLOPE AT ALPHA ZERO, CNA =    0.00492/DEG (1 PANEL)
         CENTER OF PRESSURE FOR LINEAR CN =   -0.46769 (CALIBERS FROM C.G.)
     CENTER OF PRESSURE FOR NON-LINEAR CN =   -0.46154 (CALIBERS FROM C.G.)

      ALPHA      CN        CN        CN        CM        CM        CM
               LINEAR  NON-LINEAR  TOTAL     LINEAR  NON-LINEAR  TOTAL

     -10.00   -0.1942   -0.2777   -0.4719    0.0908    0.1282    0.2190
      -8.00   -0.1561   -0.1784   -0.3345    0.0730    0.0823    0.1553
      -6.00   -0.1175   -0.1006   -0.2181    0.0550    0.0464    0.1014
      -4.00   -0.0785   -0.0448   -0.1233    0.0367    0.0207    0.0574
      -2.00   -0.0393   -0.0112   -0.0505    0.0184    0.0052    0.0236
       0.00    0.0000    0.0000    0.0000    0.0000    0.0000    0.0000
       2.00    0.0393    0.0112    0.0505   -0.0184   -0.0052   -0.0236
       4.00    0.0785    0.0448    0.1233   -0.0367   -0.0207   -0.0574
       6.00    0.1175    0.1006    0.2181   -0.0550   -0.0464   -0.1014
       8.00    0.1561    0.1784    0.3345   -0.0730   -0.0823   -0.1553
      10.00    0.1942    0.2777    0.4719   -0.0908   -0.1282   -0.2190
1         ***** THE USAF AUTOMATED MISSILE DATCOM * REV 3/99 *****     CASE   1
               AERODYNAMIC METHODS FOR MISSILE CONFIGURATIONS          PAGE  39
                 AERODYNAMIC FORCE AND MOMENT SYNTHESIS

       ******* FLIGHT CONDITIONS AND REFERENCE QUANTITIES *******
     MACH NO  =       1.10                REYNOLDS NO = 2.550E+07 /M
     ALTITUDE =        0.0 M         DYNAMIC PRESSURE =  85822.41 N/M**2
     SIDESLIP =       0.00 DEG                   ROLL =      0.00 DEG     
     REF AREA =      0.001 M**2         MOMENT CENTER =     0.250 M
     REF LENGTH =     0.65 M           LAT REF LENGTH =      0.65 M

          ---------------FIN SET 1 IN PRESENCE OF THE BODY----------------

      ALPHA       CN         CM         CA         CY         CLN        CLL

     -10.00    -0.8281     0.3873     0.3029     0.0000     0.0000     0.0000
      -8.00    -0.6144     0.2873     0.3029     0.0000     0.0000     0.0000
      -6.00    -0.4141     0.1937     0.3029     0.0000     0.0000     0.0000
      -4.00    -0.2351     0.1100     0.3029     0.0000     0.0000     0.0000
      -2.00    -0.0923     0.0432     0.3029     0.0000     0.0000     0.0000
       0.00     0.0000     0.0000     0.3029     0.0000     0.0000     0.0000
       2.00     0.0923    -0.0432     0.3029     0.0000     0.0000     0.0000
       4.00     0.2351    -0.1100     0.3029     0.0000     0.0000     0.0000
       6.00     0.4141    -0.1937     0.3029     0.0000     0.0000     0.0000
       8.00     0.6144    -0.2873     0.3029     0.0000     0.0000     0.0000
      10.00     0.8281    -0.3873     0.3029     0.0000     0.0000     0.0000
1         ***** THE USAF AUTOMATED MISSILE DATCOM * REV 3/99 *****     CASE   1
               AERODYNAMIC METHODS FOR MISSILE CONFIGURATIONS          PAGE  40
                 AERODYNAMIC FORCE AND MOMENT SYNTHESIS

       ******* FLIGHT CONDITIONS AND REFERENCE QUANTITIES *******
     MACH NO  =       1.10                REYNOLDS NO = 2.550E+07 /M
     ALTITUDE =        0.0 M         DYNAMIC PRESSURE =  85822.41 N/M**2
     SIDESLIP =       0.00 DEG                   ROLL =      0.00 DEG     
     REF AREA =      0.001 M**2         MOMENT CENTER =     0.250 M
     REF LENGTH =     0.65 M           LAT REF LENGTH =      0.65 M

          ---------------FIN SET 1 PANEL CHARACTERISTICS------------------

      ALPHA      PANEL    AEQ (PANEL AXIS SYS.)    PANEL CN

     -10.00        1              0.0000           0.0000
     -10.00        2            -11.3076          -0.1422
     -10.00        3            -15.5851          -0.2375
     -10.00        4             -9.4524          -0.1075
     -10.00        5              0.0000           0.0000
     -10.00        6              9.4524           0.1075
     -10.00        7             15.5851           0.2375
     -10.00        8             11.3076           0.1422
 
      -8.00        1              0.0000           0.0000
      -8.00        2             -9.1848          -0.1028
      -8.00        3            -12.7804          -0.1726
      -8.00        4             -8.2624          -0.0875
      -8.00        5              0.0000           0.0000
      -8.00        6              8.2624           0.0875
      -8.00        7             12.7804           0.1726
      -8.00        8              9.1848           0.1028
 
      -6.00        1              0.0000           0.0000
      -6.00        2             -6.9828          -0.0679
      -6.00        3             -9.7987          -0.1136
      -6.00        4             -6.7203          -0.0642
      -6.00        5              0.0000           0.0000
      -6.00        6              6.7203           0.0642
      -6.00        7              9.7987           0.1136
      -6.00        8              6.9828           0.0679
 
      -4.00        1              0.0000           0.0000
      -4.00        2             -4.7055          -0.0385
      -4.00        3             -6.6397          -0.0631
      -4.00        4             -4.7055          -0.0385
      -4.00        5              0.0000           0.0000
      -4.00        6              4.7055           0.0385
      -4.00        7              6.6397           0.0631
      -4.00        8              4.7055           0.0385
 
      -2.00        1              0.0000           0.0000
      -2.00        2             -2.3694          -0.0155
      -2.00        3             -3.3490          -0.0242
      -2.00        4             -2.3694          -0.0155
      -2.00        5              0.0000           0.0000
      -2.00        6              2.3694           0.0155
      -2.00        7              3.3490           0.0242
      -2.00        8              2.3695           0.0155
 
       0.00        1              0.0000           0.0000
       0.00        2              0.0000           0.0000
       0.00        3              0.0000           0.0000
       0.00        4              0.0000           0.0000
       0.00        5              0.0000           0.0000
       0.00        6              0.0000           0.0000
       0.00        7              0.0000           0.0000
       0.00        8              0.0000           0.0000
 
       2.00        1              0.0000           0.0000
       2.00        2              2.3694           0.0155
       2.00        3              3.3490           0.0242
       2.00        4              2.3694           0.0155
       2.00        5              0.0000           0.0000
       2.00        6             -2.3694          -0.0155
       2.00        7             -3.3490          -0.0242
       2.00        8             -2.3695          -0.0155
 
       4.00        1              0.0000           0.0000
       4.00        2              4.7055           0.0385
       4.00        3              6.6397           0.0631
       4.00        4              4.7055           0.0385
       4.00        5              0.0000           0.0000
       4.00        6             -4.7055          -0.0385
       4.00        7             -6.6397          -0.0631
       4.00        8             -4.7055          -0.0385
 
       6.00        1              0.0000           0.0000
       6.00        2              6.7203           0.0642
       6.00        3              9.7987           0.1136
       6.00        4              6.9828           0.0679
       6.00        5              0.0000           0.0000
       6.00        6             -6.9828          -0.0679
       6.00        7             -9.7987          -0.1136
       6.00        8             -6.7203          -0.0642
 
       8.00        1              0.0000           0.0000
       8.00        2              8.2624           0.0875
       8.00        3             12.7804           0.1726
       8.00        4              9.1848           0.1028
       8.00        5              0.0000           0.0000
       8.00        6             -9.1848          -0.1028
       8.00        7            -12.7804          -0.1726
       8.00        8             -8.2624          -0.0875
 
      10.00        1              0.0000           0.0000
      10.00        2              9.4524           0.1075
      10.00        3             15.5851           0.2375
      10.00        4             11.3076           0.1422
      10.00        5              0.0000           0.0000
      10.00        6            -11.3076          -0.1422
      10.00        7            -15.5851          -0.2375
      10.00        8             -9.4524          -0.1075
 
1         ***** THE USAF AUTOMATED MISSILE DATCOM * REV 3/99 *****     CASE   1
               AERODYNAMIC METHODS FOR MISSILE CONFIGURATIONS          PAGE  41
                 AERODYNAMIC FORCE AND MOMENT SYNTHESIS

       ******* FLIGHT CONDITIONS AND REFERENCE QUANTITIES *******
     MACH NO  =       1.10                REYNOLDS NO = 2.550E+07 /M
     ALTITUDE =        0.0 M         DYNAMIC PRESSURE =  85822.41 N/M**2
     SIDESLIP =       0.00 DEG                   ROLL =      0.00 DEG     
     REF AREA =      0.001 M**2         MOMENT CENTER =     0.250 M
     REF LENGTH =     0.65 M           LAT REF LENGTH =      0.65 M

             CARRYOVER INTERFERENCE FACTORS - FIN SET 1

      ALPHA   K-W(B)   K-B(W)  KK-W(B)  KK-B(W)  XCP-W(B) XCP-B(W) Y-CP/(B/2)

     -10.00   1.6165   1.1241   0.9535   0.6600   0.4677   0.3846   0.4459
      -8.00   1.6344   1.1241   0.9535   0.6600   0.4677   0.3846   0.4518
      -6.00   1.6507   1.1241   0.9535   0.6600   0.4677   0.3846   0.4570
      -4.00   1.6647   1.1241   0.9535   0.6600   0.4677   0.3846   0.4613
      -2.00   1.6757   1.1241   0.9535   0.6600   0.4677   0.3846   0.4648
       0.00   1.6818   1.1241   0.9535   0.6600   0.4677   0.3846   0.4671
       2.00   1.6757   1.1241   0.9535   0.6600   0.4677   0.3846   0.4648
       4.00   1.6647   1.1241   0.9535   0.6600   0.4677   0.3846   0.4613
       6.00   1.6507   1.1241   0.9535   0.6600   0.4677   0.3846   0.4575
       8.00   1.6344   1.1241   0.9535   0.6600   0.4677   0.3846   0.4541
      10.00   1.6165   1.1241   0.9535   0.6600   0.4677   0.3846   0.4511

    NOTE - XCP-W(B) USED FOR STABILITY ONLY DIFFERENT VALUES USED FOR HINGE MOMENTS
1         ***** THE USAF AUTOMATED MISSILE DATCOM * REV 3/99 *****     CASE   1
               AERODYNAMIC METHODS FOR MISSILE CONFIGURATIONS          PAGE  42
        FIN SET 1 PANEL BENDING MOMENTS (ABOUT EXPOSED ROOT CHORD)

       ******* FLIGHT CONDITIONS AND REFERENCE QUANTITIES *******
     MACH NO  =       1.10                REYNOLDS NO = 2.550E+07 /M
     ALTITUDE =        0.0 M         DYNAMIC PRESSURE =  85822.41 N/M**2
     SIDESLIP =       0.00 DEG                   ROLL =      0.00 DEG     
     REF AREA =      0.001 M**2         MOMENT CENTER =     0.250 M
     REF LENGTH =     0.65 M           LAT REF LENGTH =      0.65 M

   ALPHA   PANL 1   PANL 2   PANL 3   PANL 4   PANL 5   PANL 6   PANL 7   PANL 8
 
   -10.0  0.00E+00 -9.27E-04 -1.55E-03 -7.00E-04 -1.05E-10  7.00E-04  1.55E-03  9.27E-04
    -8.0  0.00E+00 -6.79E-04 -1.14E-03 -5.77E-04 -7.24E-11  5.77E-04  1.14E-03  6.79E-04
    -6.0  0.00E+00 -4.54E-04 -7.59E-04 -4.29E-04 -5.52E-11  4.29E-04  7.59E-04  4.54E-04
    -4.0  0.00E+00 -2.60E-04 -4.25E-04 -2.60E-04 -3.89E-11  2.60E-04  4.25E-04  2.60E-04
    -2.0  0.00E+00 -1.05E-04 -1.65E-04 -1.05E-04 -1.97E-11  1.05E-04  1.65E-04  1.05E-04
     0.0  0.00E+00  0.00E+00  0.00E+00  0.00E+00  0.00E+00  0.00E+00  0.00E+00  0.00E+00
     2.0  0.00E+00  1.05E-04  1.65E-04  1.05E-04  1.97E-11 -1.05E-04 -1.65E-04 -1.05E-04
     4.0  0.00E+00  2.60E-04  4.25E-04  2.60E-04  3.89E-11 -2.60E-04 -4.25E-04 -2.60E-04
     6.0  2.27E-12  4.29E-04  7.60E-04  4.54E-04  5.75E-11 -4.54E-04 -7.60E-04 -4.29E-04
     8.0  2.73E-12  5.80E-04  1.15E-03  6.82E-04  7.55E-11 -6.82E-04 -1.15E-03 -5.80E-04
    10.0 -1.29E-11  7.09E-04  1.57E-03  9.37E-04  9.31E-11 -9.37E-04 -1.57E-03 -7.09E-04
1         ***** THE USAF AUTOMATED MISSILE DATCOM * REV 3/99 *****     CASE   1
               AERODYNAMIC METHODS FOR MISSILE CONFIGURATIONS          PAGE  43
            FIN SET 1 PANEL HINGE MOMENTS (ABOUT HINGE LINE)

       ******* FLIGHT CONDITIONS AND REFERENCE QUANTITIES *******
     MACH NO  =       1.10                REYNOLDS NO = 2.550E+07 /M
     ALTITUDE =        0.0 M         DYNAMIC PRESSURE =  85822.41 N/M**2
     SIDESLIP =       0.00 DEG                   ROLL =      0.00 DEG     
     REF AREA =      0.001 M**2         MOMENT CENTER =     0.250 M
     REF LENGTH =     0.65 M           LAT REF LENGTH =      0.65 M

   ALPHA   PANL 1   PANL 2   PANL 3   PANL 4   PANL 5   PANL 6   PANL 7   PANL 8
 
   -10.0  0.00E+00 -2.18E-02 -3.57E-02 -1.66E-02 -2.54E-09  1.66E-02  3.57E-02  2.18E-02
    -8.0  0.00E+00 -1.59E-02 -2.63E-02 -1.36E-02 -1.73E-09  1.36E-02  2.63E-02  1.59E-02
    -6.0  0.00E+00 -1.06E-02 -1.75E-02 -1.00E-02 -1.31E-09  1.00E-02  1.75E-02  1.06E-02
    -4.0  0.00E+00 -6.04E-03 -9.84E-03 -6.04E-03 -9.12E-10  6.04E-03  9.84E-03  6.04E-03
    -2.0  0.00E+00 -2.44E-03 -3.81E-03 -2.44E-03 -4.58E-10  2.44E-03  3.81E-03  2.44E-03
     0.0  0.00E+00  0.00E+00  0.00E+00  0.00E+00  0.00E+00  0.00E+00  0.00E+00  0.00E+00
     2.0  0.00E+00  2.44E-03  3.81E-03  2.44E-03  4.58E-10 -2.44E-03 -3.81E-03 -2.44E-03
     4.0  0.00E+00  6.04E-03  9.84E-03  6.04E-03  9.12E-10 -6.04E-03 -9.84E-03 -6.04E-03
     6.0  5.37E-11  1.00E-02  1.75E-02  1.06E-02  1.36E-09 -1.06E-02 -1.75E-02 -1.00E-02
     8.0  6.51E-11  1.36E-02  2.63E-02  1.59E-02  1.80E-09 -1.59E-02 -2.63E-02 -1.36E-02
    10.0 -3.09E-10  1.66E-02  3.57E-02  2.18E-02  2.23E-09 -2.18E-02 -3.57E-02 -1.66E-02
1         ***** THE USAF AUTOMATED MISSILE DATCOM * REV 3/99 *****     CASE   1
               AERODYNAMIC METHODS FOR MISSILE CONFIGURATIONS          PAGE  44
                   STATIC AERODYNAMICS FOR BODY-FIN SET 1

       ******* FLIGHT CONDITIONS AND REFERENCE QUANTITIES *******
     MACH NO  =       1.10                REYNOLDS NO = 2.550E+07 /M
     ALTITUDE =        0.0 M         DYNAMIC PRESSURE =  85822.41 N/M**2
     SIDESLIP =       0.00 DEG                   ROLL =      0.00 DEG     
     REF AREA =      0.001 M**2         MOMENT CENTER =     0.250 M
     REF LENGTH =     0.65 M           LAT REF LENGTH =      0.65 M

                   ----- LONGITUDINAL -----     -- LATERAL DIRECTIONAL --
         ALPHA       CN        CM        CA        CY       CLN       CLL

        -10.00    -2.442     0.653     0.794     0.000     0.000     0.000
         -8.00    -1.778     0.471     0.798     0.000     0.000     0.000
         -6.00    -1.187     0.308     0.801     0.000     0.000     0.000
         -4.00    -0.679     0.168     0.802     0.000     0.000     0.000
         -2.00    -0.277     0.062     0.803     0.000     0.000     0.000
          0.00     0.000     0.000     0.803     0.000     0.000     0.000
          2.00     0.277    -0.062     0.803     0.000     0.000     0.000
          4.00     0.679    -0.168     0.802     0.000     0.000     0.000
          6.00     1.187    -0.308     0.801     0.000     0.000     0.000
          8.00     1.778    -0.471     0.798     0.000     0.000     0.000
         10.00     2.442    -0.653     0.794     0.000     0.000     0.000

         ALPHA       CL        CD      CL/CD     X-C.P.

        -10.00    -2.267     1.206    -1.879    -0.268
         -8.00    -1.649     1.038    -1.589    -0.265
         -6.00    -1.096     0.921    -1.191    -0.259
         -4.00    -0.621     0.848    -0.733    -0.248
         -2.00    -0.249     0.812    -0.306    -0.225
          0.00     0.000     0.803     0.000    -0.225
          2.00     0.249     0.812     0.306    -0.225
          4.00     0.621     0.848     0.733    -0.248
          6.00     1.096     0.921     1.191    -0.259
          8.00     1.649     1.038     1.589    -0.265
         10.00     2.267     1.206     1.879    -0.268

    X-C.P. MEAS. FROM MOMENT CENTER IN REF. LENGTHS, NEG. AFT OF MOMENT CENTER
1         ***** THE USAF AUTOMATED MISSILE DATCOM * REV 3/99 *****     CASE   1
               AERODYNAMIC METHODS FOR MISSILE CONFIGURATIONS          PAGE  45
                   STATIC AERODYNAMICS FOR BODY-FIN SET 1

       ******* FLIGHT CONDITIONS AND REFERENCE QUANTITIES *******
     MACH NO  =       1.10                REYNOLDS NO = 2.550E+07 /M
     ALTITUDE =        0.0 M         DYNAMIC PRESSURE =  85822.41 N/M**2
     SIDESLIP =       0.00 DEG                   ROLL =      0.00 DEG     
     REF AREA =      0.001 M**2         MOMENT CENTER =     0.250 M
     REF LENGTH =     0.65 M           LAT REF LENGTH =      0.65 M

                   ---------- DERIVATIVES (PER DEGREE) ----------
         ALPHA       CNA         CMA         CYB         CLNB        CLLB
        -10.00      0.3507     -0.0959     -0.2379      0.0629      0.0002
         -8.00      0.3138     -0.0864     -0.2174      0.0570      0.0001
         -6.00      0.2745     -0.0757     -0.1941      0.0497      0.0000
         -4.00      0.2273     -0.0613     -0.1692      0.0417      0.0000
         -2.00      0.1696     -0.0420     -0.1420      0.0325      0.0000
          0.00      0.1384     -0.0312     -0.1265      0.0267      0.0000
          2.00      0.1696     -0.0420     -0.1420      0.0325      0.0000
          4.00      0.2273     -0.0613     -0.1692      0.0417      0.0000
          6.00      0.2745     -0.0757     -0.1941      0.0497      0.0000
          8.00      0.3138     -0.0864     -0.2174      0.0570     -0.0001
         10.00      0.3507     -0.0959     -0.2379      0.0629     -0.0002

    PANEL DEFLECTION ANGLES (DEGREES)
    SET    FIN 1   FIN 2   FIN 3   FIN 4   FIN 5   FIN 6   FIN 7   FIN 8
      1    0.00    0.00    0.00    0.00    0.00    0.00    0.00    0.00
1         ***** THE USAF AUTOMATED MISSILE DATCOM * REV 3/99 *****     CASE   1
               AERODYNAMIC METHODS FOR MISSILE CONFIGURATIONS          PAGE  46
                             BODY ALONE PARTIAL OUTPUT

       ******* FLIGHT CONDITIONS AND REFERENCE QUANTITIES *******
     MACH NO  =       1.40                REYNOLDS NO = 3.246E+07 /M
     ALTITUDE =        0.0 M         DYNAMIC PRESSURE = 139018.12 N/M**2
     SIDESLIP =       0.00 DEG                   ROLL =      0.00 DEG     
     REF AREA =      0.001 M**2         MOMENT CENTER =     0.250 M
     REF LENGTH =     0.65 M           LAT REF LENGTH =      0.65 M

      ALPHA    CA-FRIC  CA-PRES/WAVE CA-BASE    CA-PROT     CA-SEP     CA-ALP
     -10.00     0.1534     0.1328     0.1806                           0.0000
      -8.00     0.1551     0.1332     0.1816                           0.0000
      -6.00     0.1565     0.1335     0.1824                           0.0000
      -4.00     0.1574     0.1337     0.1829                           0.0000
      -2.00     0.1580     0.1338     0.1833                           0.0000
       0.00     0.1582     0.1338     0.1834                           0.0000
       2.00     0.1580     0.1338     0.1833                           0.0000
       4.00     0.1574     0.1337     0.1829                           0.0000
       6.00     0.1565     0.1335     0.1824                           0.0000
       8.00     0.1551     0.1332     0.1816                           0.0000
      10.00     0.1534     0.1328     0.1806                           0.0000

                     CROSS FLOW DRAG PROPORTIONALITY FACTOR = 1.00000

      ALPHA    CN-POTEN  CN-VISC   CN-SEP    CM-POTEN  CM-VISC   CM-SEP    CDC
     -10.00    -0.374    -0.591              -0.107     0.090             0.923
      -8.00    -0.302    -0.353              -0.086     0.054             0.859
      -6.00    -0.228    -0.192              -0.065     0.029             0.830
      -4.00    -0.153    -0.083              -0.044     0.013             0.800
      -2.00    -0.077    -0.020              -0.022     0.003             0.770
       0.00     0.000     0.000               0.000     0.000             0.740
       2.00     0.077     0.020               0.022    -0.003             0.770
       4.00     0.153     0.083               0.044    -0.013             0.800
       6.00     0.228     0.192               0.065    -0.029             0.830
       8.00     0.302     0.353               0.086    -0.054             0.859
      10.00     0.374     0.591               0.107    -0.090             0.923
1         ***** THE USAF AUTOMATED MISSILE DATCOM * REV 3/99 *****     CASE   1
               AERODYNAMIC METHODS FOR MISSILE CONFIGURATIONS          PAGE  47
                        FIN SET 1 CA PARTIAL OUTPUT

       ******* FLIGHT CONDITIONS AND REFERENCE QUANTITIES *******
     MACH NO  =       1.40                REYNOLDS NO = 3.246E+07 /M
     ALTITUDE =        0.0 M         DYNAMIC PRESSURE = 139018.12 N/M**2
     SIDESLIP =       0.00 DEG                   ROLL =      0.00 DEG     
     REF AREA =      0.001 M**2         MOMENT CENTER =     0.250 M
     REF LENGTH =     0.65 M           LAT REF LENGTH =      0.65 M

    SINGLE FIN PANEL ZERO-LIFT AXIAL FORCE COMPONENTS

    SKIN FRICTION        0.0105
    SUBSONIC PRESSURE    0.0000
    TRANSONIC WAVE       0.0000
    SUPERSONIC WAVE      0.0133
    LEADING EDGE         0.0000
    TRAILING EDGE        0.0000
    TOTAL CAO            0.0238

    FIN AXIAL FORCE DUE TO ANGLE OF ATTACK

    ALPHA      CA DUE TO LIFT (SINGLE PANEL)   CA-TOTAL (8 FINS)

     -10.00              0.0000                      0.1879
      -8.00              0.0000                      0.1889
      -6.00              0.0000                      0.1897
      -4.00              0.0000                      0.1903
      -2.00              0.0000                      0.1907
       0.00              0.0000                      0.1908
       2.00              0.0000                      0.1907
       4.00              0.0000                      0.1903
       6.00              0.0000                      0.1897
       8.00              0.0000                      0.1889
      10.00              0.0000                      0.1879
1         ***** THE USAF AUTOMATED MISSILE DATCOM * REV 3/99 *****     CASE   1
               AERODYNAMIC METHODS FOR MISSILE CONFIGURATIONS          PAGE  48
                       FIN SET 1 CN, CM PARTIAL OUTPUT

       ******* FLIGHT CONDITIONS AND REFERENCE QUANTITIES *******
     MACH NO  =       1.40                REYNOLDS NO = 3.246E+07 /M
     ALTITUDE =        0.0 M         DYNAMIC PRESSURE = 139018.12 N/M**2
     SIDESLIP =       0.00 DEG                   ROLL =      0.00 DEG     
     REF AREA =      0.001 M**2         MOMENT CENTER =     0.250 M
     REF LENGTH =     0.65 M           LAT REF LENGTH =      0.65 M

    NORMAL FORCE SLOPE AT ALPHA ZERO, CNA =    0.02636/DEG (1 PANEL)
         CENTER OF PRESSURE FOR LINEAR CN =   -0.46769 (CALIBERS FROM C.G.)
     CENTER OF PRESSURE FOR NON-LINEAR CN =   -0.46154 (CALIBERS FROM C.G.)

      ALPHA      CN        CN        CN        CM        CM        CM
               LINEAR  NON-LINEAR  TOTAL     LINEAR  NON-LINEAR  TOTAL

     -10.00   -1.0410   -0.5372   -1.5782    0.4869    0.2479    0.7348
      -8.00   -0.8367   -0.3466   -1.1833    0.3913    0.1600    0.5513
      -6.00   -0.6298   -0.1960   -0.8258    0.2945    0.0905    0.3850
      -4.00   -0.4209   -0.0872   -0.5082    0.1969    0.0403    0.2371
      -2.00   -0.2108   -0.0218   -0.2326    0.0986    0.0101    0.1087
       0.00    0.0000    0.0000    0.0000    0.0000    0.0000    0.0000
       2.00    0.2108    0.0218    0.2326   -0.0986   -0.0101   -0.1087
       4.00    0.4209    0.0872    0.5082   -0.1969   -0.0403   -0.2371
       6.00    0.6298    0.1960    0.8258   -0.2945   -0.0905   -0.3850
       8.00    0.8367    0.3466    1.1833   -0.3913   -0.1600   -0.5513
      10.00    1.0410    0.5372    1.5782   -0.4869   -0.2479   -0.7348
1         ***** THE USAF AUTOMATED MISSILE DATCOM * REV 3/99 *****     CASE   1
               AERODYNAMIC METHODS FOR MISSILE CONFIGURATIONS          PAGE  49
                 AERODYNAMIC FORCE AND MOMENT SYNTHESIS

       ******* FLIGHT CONDITIONS AND REFERENCE QUANTITIES *******
     MACH NO  =       1.40                REYNOLDS NO = 3.246E+07 /M
     ALTITUDE =        0.0 M         DYNAMIC PRESSURE = 139018.12 N/M**2
     SIDESLIP =       0.00 DEG                   ROLL =      0.00 DEG     
     REF AREA =      0.001 M**2         MOMENT CENTER =     0.250 M
     REF LENGTH =     0.65 M           LAT REF LENGTH =      0.65 M

          ---------------FIN SET 1 IN PRESENCE OF THE BODY----------------

      ALPHA       CN         CM         CA         CY         CLN        CLL

     -10.00    -2.5211     1.1791     0.1908     0.0000     0.0000     0.0000
      -8.00    -1.9865     0.9291     0.1908     0.0000     0.0000     0.0000
      -6.00    -1.4389     0.6730     0.1908     0.0000     0.0000     0.0000
      -4.00    -0.8985     0.4202     0.1908     0.0000     0.0000     0.0000
      -2.00    -0.4039     0.1889     0.1908     0.0000     0.0000     0.0000
       0.00     0.0000     0.0000     0.1908     0.0000     0.0000     0.0000
       2.00     0.4039    -0.1889     0.1908     0.0000     0.0000     0.0000
       4.00     0.8985    -0.4202     0.1908     0.0000     0.0000     0.0000
       6.00     1.4389    -0.6730     0.1908     0.0000     0.0000     0.0000
       8.00     1.9865    -0.9291     0.1908     0.0000     0.0000     0.0000
      10.00     2.5211    -1.1791     0.1908     0.0000     0.0000     0.0000
1         ***** THE USAF AUTOMATED MISSILE DATCOM * REV 3/99 *****     CASE   1
               AERODYNAMIC METHODS FOR MISSILE CONFIGURATIONS          PAGE  50
                 AERODYNAMIC FORCE AND MOMENT SYNTHESIS

       ******* FLIGHT CONDITIONS AND REFERENCE QUANTITIES *******
     MACH NO  =       1.40                REYNOLDS NO = 3.246E+07 /M
     ALTITUDE =        0.0 M         DYNAMIC PRESSURE = 139018.12 N/M**2
     SIDESLIP =       0.00 DEG                   ROLL =      0.00 DEG     
     REF AREA =      0.001 M**2         MOMENT CENTER =     0.250 M
     REF LENGTH =     0.65 M           LAT REF LENGTH =      0.65 M

          ---------------FIN SET 1 PANEL CHARACTERISTICS------------------

      ALPHA      PANEL    AEQ (PANEL AXIS SYS.)    PANEL CN

     -10.00        1              0.0000           0.0000
     -10.00        2            -11.2004          -0.4536
     -10.00        3            -15.4198          -0.6930
     -10.00        4             -9.1502          -0.3491
     -10.00        5              0.0000           0.0000
     -10.00        6              9.1502           0.3491
     -10.00        7             15.4198           0.6930
     -10.00        8             11.2004           0.4536
 
      -8.00        1              0.0000           0.0000
      -8.00        2             -9.1236          -0.3478
      -8.00        3            -12.6908          -0.5346
      -8.00        4             -8.1410          -0.3008
      -8.00        5              0.0000           0.0000
      -8.00        6              8.1410           0.3008
      -8.00        7             12.6908           0.5346
      -8.00        8              9.1236           0.3478
 
      -6.00        1              0.0000           0.0000
      -6.00        2             -6.9523          -0.2469
      -6.00        3             -9.7547          -0.3790
      -6.00        4             -6.6720          -0.2346
      -6.00        5              0.0000           0.0000
      -6.00        6              6.6720           0.2346
      -6.00        7              9.7547           0.3790
      -6.00        8              6.9523           0.2469
 
      -4.00        1              0.0000           0.0000
      -4.00        2             -4.6943          -0.1533
      -4.00        3             -6.6239          -0.2325
      -4.00        4             -4.6943          -0.1533
      -4.00        5              0.0000           0.0000
      -4.00        6              4.6943           0.1533
      -4.00        7              6.6239           0.2325
      -4.00        8              4.6943           0.1533
 
      -2.00        1              0.0000           0.0000
      -2.00        2             -2.3674          -0.0699
      -2.00        3             -3.3461          -0.1032
      -2.00        4             -2.3674          -0.0699
      -2.00        5              0.0000           0.0000
      -2.00        6              2.3674           0.0699
      -2.00        7              3.3461           0.1032
      -2.00        8              2.3674           0.0699
 
       0.00        1              0.0000           0.0000
       0.00        2              0.0000           0.0000
       0.00        3              0.0000           0.0000
       0.00        4              0.0000           0.0000
       0.00        5              0.0000           0.0000
       0.00        6              0.0000           0.0000
       0.00        7              0.0000           0.0000
       0.00        8              0.0000           0.0000
 
       2.00        1              0.0000           0.0000
       2.00        2              2.3674           0.0699
       2.00        3              3.3461           0.1032
       2.00        4              2.3674           0.0699
       2.00        5              0.0000           0.0000
       2.00        6             -2.3674          -0.0699
       2.00        7             -3.3461          -0.1032
       2.00        8             -2.3674          -0.0699
 
       4.00        1              0.0000           0.0000
       4.00        2              4.6943           0.1533
       4.00        3              6.6239           0.2325
       4.00        4              4.6943           0.1533
       4.00        5              0.0000           0.0000
       4.00        6             -4.6943          -0.1533
       4.00        7             -6.6239          -0.2325
       4.00        8             -4.6943          -0.1533
 
       6.00        1              0.0000           0.0000
       6.00        2              6.6720           0.2346
       6.00        3              9.7547           0.3790
       6.00        4              6.9523           0.2469
       6.00        5              0.0000           0.0000
       6.00        6             -6.9523          -0.2469
       6.00        7             -9.7547          -0.3790
       6.00        8             -6.6720          -0.2346
 
       8.00        1              0.0000           0.0000
       8.00        2              8.1410           0.3008
       8.00        3             12.6908           0.5346
       8.00        4              9.1236           0.3478
       8.00        5              0.0000           0.0000
       8.00        6             -9.1236          -0.3478
       8.00        7            -12.6908          -0.5346
       8.00        8             -8.1410          -0.3008
 
      10.00        1              0.0000           0.0000
      10.00        2              9.1502           0.3491
      10.00        3             15.4198           0.6930
      10.00        4             11.2004           0.4536
      10.00        5              0.0000           0.0000
      10.00        6            -11.2004          -0.4536
      10.00        7            -15.4198          -0.6930
      10.00        8             -9.1502          -0.3491
 
1         ***** THE USAF AUTOMATED MISSILE DATCOM * REV 3/99 *****     CASE   1
               AERODYNAMIC METHODS FOR MISSILE CONFIGURATIONS          PAGE  51
                 AERODYNAMIC FORCE AND MOMENT SYNTHESIS

       ******* FLIGHT CONDITIONS AND REFERENCE QUANTITIES *******
     MACH NO  =       1.40                REYNOLDS NO = 3.246E+07 /M
     ALTITUDE =        0.0 M         DYNAMIC PRESSURE = 139018.12 N/M**2
     SIDESLIP =       0.00 DEG                   ROLL =      0.00 DEG     
     REF AREA =      0.001 M**2         MOMENT CENTER =     0.250 M
     REF LENGTH =     0.65 M           LAT REF LENGTH =      0.65 M

             CARRYOVER INTERFERENCE FACTORS - FIN SET 1

      ALPHA   K-W(B)   K-B(W)  KK-W(B)  KK-B(W)  XCP-W(B) XCP-B(W) Y-CP/(B/2)

     -10.00   1.6020   1.1241   0.9535   0.6600   0.4677   0.3846   0.3820
      -8.00   1.6237   1.1241   0.9535   0.6600   0.4677   0.3846   0.3809
      -6.00   1.6435   1.1241   0.9535   0.6600   0.4677   0.3846   0.3941
      -4.00   1.6607   1.1241   0.9535   0.6600   0.4677   0.3846   0.4134
      -2.00   1.6743   1.1241   0.9535   0.6600   0.4677   0.3846   0.4369
       0.00   1.6818   1.1241   0.9535   0.6600   0.4677   0.3846   0.4566
       2.00   1.6743   1.1241   0.9535   0.6600   0.4677   0.3846   0.4369
       4.00   1.6607   1.1241   0.9535   0.6600   0.4677   0.3846   0.4134
       6.00   1.6435   1.1241   0.9535   0.6600   0.4677   0.3846   0.3957
       8.00   1.6237   1.1241   0.9535   0.6600   0.4677   0.3846   0.3871
      10.00   1.6020   1.1241   0.9535   0.6600   0.4677   0.3846   0.3807

    NOTE - XCP-W(B) USED FOR STABILITY ONLY DIFFERENT VALUES USED FOR HINGE MOMENTS
1         ***** THE USAF AUTOMATED MISSILE DATCOM * REV 3/99 *****     CASE   1
               AERODYNAMIC METHODS FOR MISSILE CONFIGURATIONS          PAGE  52
        FIN SET 1 PANEL BENDING MOMENTS (ABOUT EXPOSED ROOT CHORD)

       ******* FLIGHT CONDITIONS AND REFERENCE QUANTITIES *******
     MACH NO  =       1.40                REYNOLDS NO = 3.246E+07 /M
     ALTITUDE =        0.0 M         DYNAMIC PRESSURE = 139018.12 N/M**2
     SIDESLIP =       0.00 DEG                   ROLL =      0.00 DEG     
     REF AREA =      0.001 M**2         MOMENT CENTER =     0.250 M
     REF LENGTH =     0.65 M           LAT REF LENGTH =      0.65 M

   ALPHA   PANL 1   PANL 2   PANL 3   PANL 4   PANL 5   PANL 6   PANL 7   PANL 8
 
   -10.0 -1.84E-11 -2.53E-03 -3.87E-03 -1.95E-03 -3.90E-10  1.95E-03  3.87E-03  2.53E-03
    -8.0  0.00E+00 -1.94E-03 -2.98E-03 -1.67E-03 -3.00E-10  1.67E-03  2.98E-03  1.94E-03
    -6.0  0.00E+00 -1.42E-03 -2.18E-03 -1.35E-03 -2.33E-10  1.35E-03  2.18E-03  1.42E-03
    -4.0  0.00E+00 -9.26E-04 -1.40E-03 -9.26E-04 -1.70E-10  9.26E-04  1.40E-03  9.26E-04
    -2.0  0.00E+00 -4.46E-04 -6.59E-04 -4.46E-04 -9.02E-11  4.46E-04  6.59E-04  4.46E-04
     0.0  0.00E+00  0.00E+00  0.00E+00  0.00E+00  0.00E+00  0.00E+00  0.00E+00  0.00E+00
     2.0  0.00E+00  4.46E-04  6.59E-04  4.46E-04  9.02E-11 -4.46E-04 -6.59E-04 -4.46E-04
     4.0  0.00E+00  9.26E-04  1.40E-03  9.26E-04  1.70E-10 -9.26E-04 -1.40E-03 -9.26E-04
     6.0  7.84E-12  1.36E-03  2.19E-03  1.43E-03  2.41E-10 -1.43E-03 -2.19E-03 -1.36E-03
     8.0  7.53E-12  1.70E-03  3.02E-03  1.97E-03  3.12E-10 -1.97E-03 -3.02E-03 -1.70E-03
    10.0 -9.17E-12  1.94E-03  3.86E-03  2.52E-03  3.62E-10 -2.52E-03 -3.86E-03 -1.94E-03
1         ***** THE USAF AUTOMATED MISSILE DATCOM * REV 3/99 *****     CASE   1
               AERODYNAMIC METHODS FOR MISSILE CONFIGURATIONS          PAGE  53
            FIN SET 1 PANEL HINGE MOMENTS (ABOUT HINGE LINE)

       ******* FLIGHT CONDITIONS AND REFERENCE QUANTITIES *******
     MACH NO  =       1.40                REYNOLDS NO = 3.246E+07 /M
     ALTITUDE =        0.0 M         DYNAMIC PRESSURE = 139018.12 N/M**2
     SIDESLIP =       0.00 DEG                   ROLL =      0.00 DEG     
     REF AREA =      0.001 M**2         MOMENT CENTER =     0.250 M
     REF LENGTH =     0.65 M           LAT REF LENGTH =      0.65 M

   ALPHA   PANL 1   PANL 2   PANL 3   PANL 4   PANL 5   PANL 6   PANL 7   PANL 8
 
   -10.0 -4.96E-10 -6.26E-02 -9.10E-02 -4.92E-02 -1.05E-08  4.92E-02  9.10E-02  6.26E-02
    -8.0  0.00E+00 -4.90E-02 -7.25E-02 -4.28E-02 -8.10E-09  4.28E-02  7.25E-02  4.90E-02
    -6.0  0.00E+00 -3.55E-02 -5.31E-02 -3.38E-02 -6.08E-09  3.38E-02  5.31E-02  3.55E-02
    -4.0  0.00E+00 -2.24E-02 -3.35E-02 -2.24E-02 -4.23E-09  2.24E-02  3.35E-02  2.24E-02
    -2.0  0.00E+00 -1.04E-02 -1.52E-02 -1.04E-02 -2.13E-09  1.04E-02  1.52E-02  1.04E-02
     0.0  0.00E+00  0.00E+00  0.00E+00  0.00E+00  0.00E+00  0.00E+00  0.00E+00  0.00E+00
     2.0  0.00E+00  1.04E-02  1.52E-02  1.04E-02  2.13E-09 -1.04E-02 -1.52E-02 -1.04E-02
     4.0  0.00E+00  2.24E-02  3.35E-02  2.24E-02  4.23E-09 -2.24E-02 -3.35E-02 -2.24E-02
     6.0  2.04E-10  3.38E-02  5.31E-02  3.55E-02  6.29E-09 -3.55E-02 -5.31E-02 -3.38E-02
     8.0  2.01E-10  4.28E-02  7.25E-02  4.90E-02  8.31E-09 -4.90E-02 -7.25E-02 -4.28E-02
    10.0 -2.48E-10  4.92E-02  9.10E-02  6.26E-02  9.78E-09 -6.26E-02 -9.10E-02 -4.92E-02
1         ***** THE USAF AUTOMATED MISSILE DATCOM * REV 3/99 *****     CASE   1
               AERODYNAMIC METHODS FOR MISSILE CONFIGURATIONS          PAGE  54
                   STATIC AERODYNAMICS FOR BODY-FIN SET 1

       ******* FLIGHT CONDITIONS AND REFERENCE QUANTITIES *******
     MACH NO  =       1.40                REYNOLDS NO = 3.246E+07 /M
     ALTITUDE =        0.0 M         DYNAMIC PRESSURE = 139018.12 N/M**2
     SIDESLIP =       0.00 DEG                   ROLL =      0.00 DEG     
     REF AREA =      0.001 M**2         MOMENT CENTER =     0.250 M
     REF LENGTH =     0.65 M           LAT REF LENGTH =      0.65 M

                   ----- LONGITUDINAL -----     -- LATERAL DIRECTIONAL --
         ALPHA       CN        CM        CA        CY       CLN       CLL

        -10.00    -5.255     1.843     0.658     0.000     0.000     0.000
         -8.00    -4.017     1.426     0.661     0.000     0.000     0.000
         -6.00    -2.843     1.016     0.663     0.000     0.000     0.000
         -4.00    -1.742     0.623     0.665     0.000     0.000     0.000
         -2.00    -0.772     0.274     0.666     0.000     0.000     0.000
          0.00     0.000     0.000     0.666     0.000     0.000     0.000
          2.00     0.772    -0.274     0.666     0.000     0.000     0.000
          4.00     1.742    -0.623     0.665     0.000     0.000     0.000
          6.00     2.843    -1.016     0.663     0.000     0.000     0.000
          8.00     4.017    -1.426     0.661     0.000     0.000     0.000
         10.00     5.255    -1.843     0.658     0.000     0.000     0.000

         ALPHA       CL        CD      CL/CD     X-C.P.

        -10.00    -5.061     1.560    -3.244    -0.351
         -8.00    -3.886     1.213    -3.203    -0.355
         -6.00    -2.758     0.957    -2.883    -0.357
         -4.00    -1.691     0.785    -2.155    -0.358
         -2.00    -0.748     0.692    -1.080    -0.356
          0.00     0.000     0.666     0.000    -0.356
          2.00     0.748     0.692     1.080    -0.356
          4.00     1.691     0.785     2.155    -0.358
          6.00     2.758     0.957     2.883    -0.357
          8.00     3.886     1.213     3.203    -0.355
         10.00     5.061     1.560     3.244    -0.351

    X-C.P. MEAS. FROM MOMENT CENTER IN REF. LENGTHS, NEG. AFT OF MOMENT CENTER
1         ***** THE USAF AUTOMATED MISSILE DATCOM * REV 3/99 *****     CASE   1
               AERODYNAMIC METHODS FOR MISSILE CONFIGURATIONS          PAGE  55
                   STATIC AERODYNAMICS FOR BODY-FIN SET 1

       ******* FLIGHT CONDITIONS AND REFERENCE QUANTITIES *******
     MACH NO  =       1.40                REYNOLDS NO = 3.246E+07 /M
     ALTITUDE =        0.0 M         DYNAMIC PRESSURE = 139018.12 N/M**2
     SIDESLIP =       0.00 DEG                   ROLL =      0.00 DEG     
     REF AREA =      0.001 M**2         MOMENT CENTER =     0.250 M
     REF LENGTH =     0.65 M           LAT REF LENGTH =      0.65 M

                   ---------- DERIVATIVES (PER DEGREE) ----------
         ALPHA       CNA         CMA         CYB         CLNB        CLLB
        -10.00      0.6354     -0.2104     -0.5099      0.1779      0.0003
         -8.00      0.6028     -0.2068     -0.4935      0.1746      0.0004
         -6.00      0.5686     -0.2007     -0.4673      0.1665      0.0001
         -4.00      0.5175     -0.1853     -0.4337      0.1549      0.0000
         -2.00      0.4346     -0.1557     -0.3916      0.1394      0.0000
          0.00      0.3858     -0.1372     -0.3655      0.1292      0.0000
          2.00      0.4346     -0.1557     -0.3916      0.1394      0.0000
          4.00      0.5175     -0.1853     -0.4337      0.1549      0.0000
          6.00      0.5686     -0.2007     -0.4673      0.1665     -0.0001
          8.00      0.6028     -0.2068     -0.4935      0.1746     -0.0004
         10.00      0.6354     -0.2104     -0.5099      0.1779     -0.0003

    PANEL DEFLECTION ANGLES (DEGREES)
    SET    FIN 1   FIN 2   FIN 3   FIN 4   FIN 5   FIN 6   FIN 7   FIN 8
      1    0.00    0.00    0.00    0.00    0.00    0.00    0.00    0.00

    BODY ALONE LINEAR DATA GENERATED FROM VAN DYKE HYBRID THEORY

1         ***** THE USAF AUTOMATED MISSILE DATCOM * REV 3/99 *****     CASE   1
               AERODYNAMIC METHODS FOR MISSILE CONFIGURATIONS          PAGE  56
                             BODY ALONE PARTIAL OUTPUT

       ******* FLIGHT CONDITIONS AND REFERENCE QUANTITIES *******
     MACH NO  =       2.00                REYNOLDS NO = 4.637E+07 /M
     ALTITUDE =        0.0 M         DYNAMIC PRESSURE = 283710.47 N/M**2
     SIDESLIP =       0.00 DEG                   ROLL =      0.00 DEG     
     REF AREA =      0.001 M**2         MOMENT CENTER =     0.250 M
     REF LENGTH =     0.65 M           LAT REF LENGTH =      0.65 M

      ALPHA    CA-FRIC  CA-PRES/WAVE CA-BASE    CA-PROT     CA-SEP     CA-ALP
     -10.00     0.1316     0.1068     0.1448                           0.0000
      -8.00     0.1331     0.1071     0.1456                           0.0000
      -6.00     0.1342     0.1073     0.1462                           0.0000
      -4.00     0.1350     0.1075     0.1466                           0.0000
      -2.00     0.1355     0.1076     0.1469                           0.0000
       0.00     0.1357     0.1076     0.1470                           0.0000
       2.00     0.1355     0.1076     0.1469                           0.0000
       4.00     0.1350     0.1075     0.1466                           0.0000
       6.00     0.1342     0.1073     0.1462                           0.0000
       8.00     0.1331     0.1071     0.1456                           0.0000
      10.00     0.1316     0.1068     0.1448                           0.0000

                     CROSS FLOW DRAG PROPORTIONALITY FACTOR = 1.00000

      ALPHA    CN-POTEN  CN-VISC   CN-SEP    CM-POTEN  CM-VISC   CM-SEP    CDC
     -10.00    -0.418    -0.685              -0.119     0.105             1.071
      -8.00    -0.338    -0.400              -0.096     0.061             0.973
      -6.00    -0.255    -0.203              -0.073     0.031             0.875
      -4.00    -0.171    -0.085              -0.049     0.013             0.825
      -2.00    -0.086    -0.020              -0.024     0.003             0.783
       0.00     0.000     0.000               0.000     0.000             0.740
       2.00     0.086     0.020               0.024    -0.003             0.783
       4.00     0.171     0.085               0.049    -0.013             0.825
       6.00     0.255     0.203               0.073    -0.031             0.875
       8.00     0.338     0.400               0.096    -0.061             0.973
      10.00     0.418     0.685               0.119    -0.105             1.071
1         ***** THE USAF AUTOMATED MISSILE DATCOM * REV 3/99 *****     CASE   1
               AERODYNAMIC METHODS FOR MISSILE CONFIGURATIONS          PAGE  57
                        FIN SET 1 CA PARTIAL OUTPUT

       ******* FLIGHT CONDITIONS AND REFERENCE QUANTITIES *******
     MACH NO  =       2.00                REYNOLDS NO = 4.637E+07 /M
     ALTITUDE =        0.0 M         DYNAMIC PRESSURE = 283710.47 N/M**2
     SIDESLIP =       0.00 DEG                   ROLL =      0.00 DEG     
     REF AREA =      0.001 M**2         MOMENT CENTER =     0.250 M
     REF LENGTH =     0.65 M           LAT REF LENGTH =      0.65 M

    SINGLE FIN PANEL ZERO-LIFT AXIAL FORCE COMPONENTS

    SKIN FRICTION        0.0091
    SUBSONIC PRESSURE    0.0000
    TRANSONIC WAVE       0.0000
    SUPERSONIC WAVE      0.0082
    LEADING EDGE         0.0000
    TRAILING EDGE        0.0000
    TOTAL CAO            0.0172

    FIN AXIAL FORCE DUE TO ANGLE OF ATTACK

    ALPHA      CA DUE TO LIFT (SINGLE PANEL)   CA-TOTAL (8 FINS)

     -10.00              0.0000                      0.1359
      -8.00              0.0000                      0.1366
      -6.00              0.0000                      0.1372
      -4.00              0.0000                      0.1376
      -2.00              0.0000                      0.1379
       0.00              0.0000                      0.1379
       2.00              0.0000                      0.1379
       4.00              0.0000                      0.1376
       6.00              0.0000                      0.1372
       8.00              0.0000                      0.1366
      10.00              0.0000                      0.1359
1         ***** THE USAF AUTOMATED MISSILE DATCOM * REV 3/99 *****     CASE   1
               AERODYNAMIC METHODS FOR MISSILE CONFIGURATIONS          PAGE  58
                       FIN SET 1 CN, CM PARTIAL OUTPUT

       ******* FLIGHT CONDITIONS AND REFERENCE QUANTITIES *******
     MACH NO  =       2.00                REYNOLDS NO = 4.637E+07 /M
     ALTITUDE =        0.0 M         DYNAMIC PRESSURE = 283710.47 N/M**2
     SIDESLIP =       0.00 DEG                   ROLL =      0.00 DEG     
     REF AREA =      0.001 M**2         MOMENT CENTER =     0.250 M
     REF LENGTH =     0.65 M           LAT REF LENGTH =      0.65 M

    NORMAL FORCE SLOPE AT ALPHA ZERO, CNA =    0.01491/DEG (1 PANEL)
         CENTER OF PRESSURE FOR LINEAR CN =   -0.46769 (CALIBERS FROM C.G.)
     CENTER OF PRESSURE FOR NON-LINEAR CN =   -0.46154 (CALIBERS FROM C.G.)

      ALPHA      CN        CN        CN        CM        CM        CM
               LINEAR  NON-LINEAR  TOTAL     LINEAR  NON-LINEAR  TOTAL

     -10.00   -0.5889   -0.1138   -0.7027    0.2754    0.0525    0.3279
      -8.00   -0.4733   -0.0569   -0.5302    0.2214    0.0263    0.2476
      -6.00   -0.3562   -0.0234   -0.3796    0.1666    0.0108    0.1774
      -4.00   -0.2381   -0.0068   -0.2449    0.1114    0.0031    0.1145
      -2.00   -0.1192   -0.0008   -0.1201    0.0558    0.0004    0.0562
       0.00    0.0000    0.0000    0.0000    0.0000    0.0000    0.0000
       2.00    0.1192    0.0008    0.1201   -0.0558   -0.0004   -0.0562
       4.00    0.2381    0.0068    0.2449   -0.1114   -0.0031   -0.1145
       6.00    0.3562    0.0234    0.3796   -0.1666   -0.0108   -0.1774
       8.00    0.4733    0.0569    0.5302   -0.2214   -0.0263   -0.2476
      10.00    0.5889    0.1138    0.7027   -0.2754   -0.0525   -0.3279
1         ***** THE USAF AUTOMATED MISSILE DATCOM * REV 3/99 *****     CASE   1
               AERODYNAMIC METHODS FOR MISSILE CONFIGURATIONS          PAGE  59
                 AERODYNAMIC FORCE AND MOMENT SYNTHESIS

       ******* FLIGHT CONDITIONS AND REFERENCE QUANTITIES *******
     MACH NO  =       2.00                REYNOLDS NO = 4.637E+07 /M
     ALTITUDE =        0.0 M         DYNAMIC PRESSURE = 283710.47 N/M**2
     SIDESLIP =       0.00 DEG                   ROLL =      0.00 DEG     
     REF AREA =      0.001 M**2         MOMENT CENTER =     0.250 M
     REF LENGTH =     0.65 M           LAT REF LENGTH =      0.65 M

          ---------------FIN SET 1 IN PRESENCE OF THE BODY----------------

      ALPHA       CN         CM         CA         CY         CLN        CLL

     -10.00    -1.1968     0.5597     0.1379     0.0000     0.0000     0.0000
      -8.00    -0.9176     0.4291     0.1379     0.0000     0.0000     0.0000
      -6.00    -0.6597     0.3085     0.1379     0.0000     0.0000     0.0000
      -4.00    -0.4207     0.1967     0.1379     0.0000     0.0000     0.0000
      -2.00    -0.2027     0.0948     0.1379     0.0000     0.0000     0.0000
       0.00     0.0000     0.0000     0.1379     0.0000     0.0000     0.0000
       2.00     0.2027    -0.0948     0.1379     0.0000     0.0000     0.0000
       4.00     0.4207    -0.1967     0.1379     0.0000     0.0000     0.0000
       6.00     0.6597    -0.3085     0.1379     0.0000     0.0000     0.0000
       8.00     0.9176    -0.4291     0.1379     0.0000     0.0000     0.0000
      10.00     1.1968    -0.5597     0.1379     0.0000     0.0000     0.0000
1         ***** THE USAF AUTOMATED MISSILE DATCOM * REV 3/99 *****     CASE   1
               AERODYNAMIC METHODS FOR MISSILE CONFIGURATIONS          PAGE  60
                 AERODYNAMIC FORCE AND MOMENT SYNTHESIS

       ******* FLIGHT CONDITIONS AND REFERENCE QUANTITIES *******
     MACH NO  =       2.00                REYNOLDS NO = 4.637E+07 /M
     ALTITUDE =        0.0 M         DYNAMIC PRESSURE = 283710.47 N/M**2
     SIDESLIP =       0.00 DEG                   ROLL =      0.00 DEG     
     REF AREA =      0.001 M**2         MOMENT CENTER =     0.250 M
     REF LENGTH =     0.65 M           LAT REF LENGTH =      0.65 M

          ---------------FIN SET 1 PANEL CHARACTERISTICS------------------

      ALPHA      PANEL    AEQ (PANEL AXIS SYS.)    PANEL CN

     -10.00        1              0.0000           0.0000
     -10.00        2            -11.1710          -0.2100
     -10.00        3            -15.3367          -0.3445
     -10.00        4             -8.6670          -0.1490
     -10.00        5              0.0000           0.0000
     -10.00        6              8.6670           0.1490
     -10.00        7             15.3367           0.3445
     -10.00        8             11.1710           0.2100
 
      -8.00        1              0.0000           0.0000
      -8.00        2             -9.1094          -0.1589
      -8.00        3            -12.6525          -0.2525
      -8.00        4             -7.9150          -0.1328
      -8.00        5              0.0000           0.0000
      -8.00        6              7.9150           0.1328
      -8.00        7             12.6525           0.2525
      -8.00        8              9.1094           0.1589
 
      -6.00        1              0.0000           0.0000
      -6.00        2             -6.9475          -0.1134
      -6.00        3             -9.7444          -0.1738
      -6.00        4             -6.6247          -0.1073
      -6.00        5              0.0000           0.0000
      -6.00        6              6.6247           0.1073
      -6.00        7              9.7444           0.1738
      -6.00        8              6.9475           0.1134
 
      -4.00        1              0.0000           0.0000
      -4.00        2             -4.6929          -0.0729
      -4.00        3             -6.6220          -0.1072
      -4.00        4             -4.6929          -0.0729
      -4.00        5              0.0000           0.0000
      -4.00        6              4.6929           0.0729
      -4.00        7              6.6220           0.1072
      -4.00        8              4.6929           0.0729
 
      -2.00        1              0.0000           0.0000
      -2.00        2             -2.3672          -0.0357
      -2.00        3             -3.3458          -0.0509
      -2.00        4             -2.3672          -0.0357
      -2.00        5              0.0000           0.0000
      -2.00        6              2.3672           0.0357
      -2.00        7              3.3458           0.0509
      -2.00        8              2.3672           0.0357
 
       0.00        1              0.0000           0.0000
       0.00        2              0.0000           0.0000
       0.00        3              0.0000           0.0000
       0.00        4              0.0000           0.0000
       0.00        5              0.0000           0.0000
       0.00        6              0.0000           0.0000
       0.00        7              0.0000           0.0000
       0.00        8              0.0000           0.0000
 
       2.00        1              0.0000           0.0000
       2.00        2              2.3672           0.0357
       2.00        3              3.3458           0.0509
       2.00        4              2.3672           0.0357
       2.00        5              0.0000           0.0000
       2.00        6             -2.3672          -0.0357
       2.00        7             -3.3458          -0.0509
       2.00        8             -2.3672          -0.0357
 
       4.00        1              0.0000           0.0000
       4.00        2              4.6929           0.0729
       4.00        3              6.6220           0.1072
       4.00        4              4.6929           0.0729
       4.00        5              0.0000           0.0000
       4.00        6             -4.6929          -0.0729
       4.00        7             -6.6220          -0.1072
       4.00        8             -4.6929          -0.0729
 
       6.00        1              0.0000           0.0000
       6.00        2              6.6247           0.1073
       6.00        3              9.7444           0.1738
       6.00        4              6.9475           0.1134
       6.00        5              0.0000           0.0000
       6.00        6             -6.9475          -0.1134
       6.00        7             -9.7444          -0.1738
       6.00        8             -6.6247          -0.1073
 
       8.00        1              0.0000           0.0000
       8.00        2              7.9150           0.1328
       8.00        3             12.6525           0.2525
       8.00        4              9.1094           0.1589
       8.00        5              0.0000           0.0000
       8.00        6             -9.1094          -0.1589
       8.00        7            -12.6525          -0.2525
       8.00        8             -7.9150          -0.1328
 
      10.00        1              0.0000           0.0000
      10.00        2              8.6670           0.1490
      10.00        3             15.3367           0.3445
      10.00        4             11.1710           0.2100
      10.00        5              0.0000           0.0000
      10.00        6            -11.1710          -0.2100
      10.00        7            -15.3367          -0.3445
      10.00        8             -8.6670          -0.1490
 
1         ***** THE USAF AUTOMATED MISSILE DATCOM * REV 3/99 *****     CASE   1
               AERODYNAMIC METHODS FOR MISSILE CONFIGURATIONS          PAGE  61
                 AERODYNAMIC FORCE AND MOMENT SYNTHESIS

       ******* FLIGHT CONDITIONS AND REFERENCE QUANTITIES *******
     MACH NO  =       2.00                REYNOLDS NO = 4.637E+07 /M
     ALTITUDE =        0.0 M         DYNAMIC PRESSURE = 283710.47 N/M**2
     SIDESLIP =       0.00 DEG                   ROLL =      0.00 DEG     
     REF AREA =      0.001 M**2         MOMENT CENTER =     0.250 M
     REF LENGTH =     0.65 M           LAT REF LENGTH =      0.65 M

             CARRYOVER INTERFERENCE FACTORS - FIN SET 1

      ALPHA   K-W(B)   K-B(W)  KK-W(B)  KK-B(W)  XCP-W(B) XCP-B(W) Y-CP/(B/2)

     -10.00   1.6002   1.1241   0.9535   0.6600   0.4677   0.3846   0.4091
      -8.00   1.6224   1.1241   0.9535   0.6600   0.4677   0.3846   0.4205
      -6.00   1.6426   1.1241   0.9535   0.6600   0.4677   0.3846   0.4326
      -4.00   1.6602   1.1241   0.9535   0.6600   0.4677   0.3846   0.4433
      -2.00   1.6741   1.1241   0.9535   0.6600   0.4677   0.3846   0.4532
       0.00   1.6818   1.1241   0.9535   0.6600   0.4677   0.3846   0.4626
       2.00   1.6741   1.1241   0.9535   0.6600   0.4677   0.3846   0.4532
       4.00   1.6602   1.1241   0.9535   0.6600   0.4677   0.3846   0.4433
       6.00   1.6426   1.1241   0.9535   0.6600   0.4677   0.3846   0.4342
       8.00   1.6224   1.1241   0.9535   0.6600   0.4677   0.3846   0.4274
      10.00   1.6002   1.1241   0.9535   0.6600   0.4677   0.3846   0.4231

    NOTE - XCP-W(B) USED FOR STABILITY ONLY DIFFERENT VALUES USED FOR HINGE MOMENTS
1         ***** THE USAF AUTOMATED MISSILE DATCOM * REV 3/99 *****     CASE   1
               AERODYNAMIC METHODS FOR MISSILE CONFIGURATIONS          PAGE  62
        FIN SET 1 PANEL BENDING MOMENTS (ABOUT EXPOSED ROOT CHORD)

       ******* FLIGHT CONDITIONS AND REFERENCE QUANTITIES *******
     MACH NO  =       2.00                REYNOLDS NO = 4.637E+07 /M
     ALTITUDE =        0.0 M         DYNAMIC PRESSURE = 283710.47 N/M**2
     SIDESLIP =       0.00 DEG                   ROLL =      0.00 DEG     
     REF AREA =      0.001 M**2         MOMENT CENTER =     0.250 M
     REF LENGTH =     0.65 M           LAT REF LENGTH =      0.65 M

   ALPHA   PANL 1   PANL 2   PANL 3   PANL 4   PANL 5   PANL 6   PANL 7   PANL 8
 
   -10.0  0.00E+00 -1.26E-03 -2.06E-03 -8.91E-04 -2.18E-10  8.91E-04  2.06E-03  1.26E-03
    -8.0  0.00E+00 -9.77E-04 -1.55E-03 -8.16E-04 -1.81E-10  8.16E-04  1.55E-03  9.77E-04
    -6.0  0.00E+00 -7.17E-04 -1.10E-03 -6.78E-04 -1.41E-10  6.78E-04  1.10E-03  7.17E-04
    -4.0  0.00E+00 -4.72E-04 -6.95E-04 -4.72E-04 -9.71E-11  4.72E-04  6.95E-04  4.72E-04
    -2.0  0.00E+00 -2.36E-04 -3.37E-04 -2.36E-04 -5.00E-11  2.36E-04  3.37E-04  2.36E-04
     0.0  0.00E+00  0.00E+00  0.00E+00  0.00E+00  0.00E+00  0.00E+00  0.00E+00  0.00E+00
     2.0  0.00E+00  2.36E-04  3.37E-04  2.36E-04  5.00E-11 -2.36E-04 -3.37E-04 -2.36E-04
     4.0  0.00E+00  4.72E-04  6.95E-04  4.72E-04  9.71E-11 -4.72E-04 -6.95E-04 -4.72E-04
     6.0  0.00E+00  6.81E-04  1.10E-03  7.20E-04  1.41E-10 -7.20E-04 -1.10E-03 -6.81E-04
     8.0  0.00E+00  8.30E-04  1.58E-03  9.93E-04  1.84E-10 -9.93E-04 -1.58E-03 -8.30E-04
    10.0  0.00E+00  9.21E-04  2.13E-03  1.30E-03  2.25E-10 -1.30E-03 -2.13E-03 -9.21E-04
1         ***** THE USAF AUTOMATED MISSILE DATCOM * REV 3/99 *****     CASE   1
               AERODYNAMIC METHODS FOR MISSILE CONFIGURATIONS          PAGE  63
            FIN SET 1 PANEL HINGE MOMENTS (ABOUT HINGE LINE)

       ******* FLIGHT CONDITIONS AND REFERENCE QUANTITIES *******
     MACH NO  =       2.00                REYNOLDS NO = 4.637E+07 /M
     ALTITUDE =        0.0 M         DYNAMIC PRESSURE = 283710.47 N/M**2
     SIDESLIP =       0.00 DEG                   ROLL =      0.00 DEG     
     REF AREA =      0.001 M**2         MOMENT CENTER =     0.250 M
     REF LENGTH =     0.65 M           LAT REF LENGTH =      0.65 M

   ALPHA   PANL 1   PANL 2   PANL 3   PANL 4   PANL 5   PANL 6   PANL 7   PANL 8
 
   -10.0  0.00E+00 -2.89E-02 -4.50E-02 -2.10E-02 -5.40E-09  2.10E-02  4.50E-02  2.89E-02
    -8.0  0.00E+00 -2.23E-02 -3.42E-02 -1.88E-02 -4.36E-09  1.88E-02  3.42E-02  2.23E-02
    -6.0  0.00E+00 -1.62E-02 -2.42E-02 -1.53E-02 -3.30E-09  1.53E-02  2.42E-02  1.62E-02
    -4.0  0.00E+00 -1.05E-02 -1.53E-02 -1.05E-02 -2.22E-09  1.05E-02  1.53E-02  1.05E-02
    -2.0  0.00E+00 -5.23E-03 -7.42E-03 -5.23E-03 -1.12E-09  5.23E-03  7.42E-03  5.23E-03
     0.0  0.00E+00  0.00E+00  0.00E+00  0.00E+00  0.00E+00  0.00E+00  0.00E+00  0.00E+00
     2.0  0.00E+00  5.23E-03  7.42E-03  5.23E-03  1.12E-09 -5.23E-03 -7.42E-03 -5.23E-03
     4.0  0.00E+00  1.05E-02  1.53E-02  1.05E-02  2.22E-09 -1.05E-02 -1.53E-02 -1.05E-02
     6.0  0.00E+00  1.53E-02  2.42E-02  1.62E-02  3.30E-09 -1.62E-02 -2.42E-02 -1.53E-02
     8.0  0.00E+00  1.88E-02  3.42E-02  2.23E-02  4.36E-09 -2.23E-02 -3.42E-02 -1.88E-02
    10.0  0.00E+00  2.10E-02  4.50E-02  2.89E-02  5.40E-09 -2.89E-02 -4.50E-02 -2.10E-02
1         ***** THE USAF AUTOMATED MISSILE DATCOM * REV 3/99 *****     CASE   1
               AERODYNAMIC METHODS FOR MISSILE CONFIGURATIONS          PAGE  64
                   STATIC AERODYNAMICS FOR BODY-FIN SET 1

       ******* FLIGHT CONDITIONS AND REFERENCE QUANTITIES *******
     MACH NO  =       2.00                REYNOLDS NO = 4.637E+07 /M
     ALTITUDE =        0.0 M         DYNAMIC PRESSURE = 283710.47 N/M**2
     SIDESLIP =       0.00 DEG                   ROLL =      0.00 DEG     
     REF AREA =      0.001 M**2         MOMENT CENTER =     0.250 M
     REF LENGTH =     0.65 M           LAT REF LENGTH =      0.65 M

                   ----- LONGITUDINAL -----     -- LATERAL DIRECTIONAL --
         ALPHA       CN        CM        CA        CY       CLN       CLL

        -10.00    -3.141     0.868     0.521     0.000     0.000     0.000
         -8.00    -2.291     0.638     0.524     0.000     0.000     0.000
         -6.00    -1.569     0.440     0.526     0.000     0.000     0.000
         -4.00    -0.962     0.271     0.527     0.000     0.000     0.000
         -2.00    -0.445     0.126     0.528     0.000     0.000     0.000
          0.00     0.000     0.000     0.528     0.000     0.000     0.000
          2.00     0.445    -0.126     0.528     0.000     0.000     0.000
          4.00     0.962    -0.271     0.527     0.000     0.000     0.000
          6.00     1.569    -0.440     0.526     0.000     0.000     0.000
          8.00     2.291    -0.638     0.524     0.000     0.000     0.000
         10.00     3.141    -0.868     0.521     0.000     0.000     0.000

         ALPHA       CL        CD      CL/CD     X-C.P.

        -10.00    -3.003     1.059    -2.836    -0.276
         -8.00    -2.196     0.837    -2.622    -0.279
         -6.00    -1.506     0.687    -2.192    -0.281
         -4.00    -0.922     0.593    -1.556    -0.281
         -2.00    -0.426     0.543    -0.784    -0.283
          0.00     0.000     0.528     0.000    -0.283
          2.00     0.426     0.543     0.784    -0.283
          4.00     0.922     0.593     1.556    -0.281
          6.00     1.506     0.687     2.192    -0.281
          8.00     2.196     0.837     2.622    -0.279
         10.00     3.003     1.059     2.836    -0.276

    X-C.P. MEAS. FROM MOMENT CENTER IN REF. LENGTHS, NEG. AFT OF MOMENT CENTER
1         ***** THE USAF AUTOMATED MISSILE DATCOM * REV 3/99 *****     CASE   1
               AERODYNAMIC METHODS FOR MISSILE CONFIGURATIONS          PAGE  65
                   STATIC AERODYNAMICS FOR BODY-FIN SET 1

       ******* FLIGHT CONDITIONS AND REFERENCE QUANTITIES *******
     MACH NO  =       2.00                REYNOLDS NO = 4.637E+07 /M
     ALTITUDE =        0.0 M         DYNAMIC PRESSURE = 283710.47 N/M**2
     SIDESLIP =       0.00 DEG                   ROLL =      0.00 DEG     
     REF AREA =      0.001 M**2         MOMENT CENTER =     0.250 M
     REF LENGTH =     0.65 M           LAT REF LENGTH =      0.65 M

                   ---------- DERIVATIVES (PER DEGREE) ----------
         ALPHA       CNA         CMA         CYB         CLNB        CLLB
        -10.00      0.4573     -0.1229     -0.3277      0.0931      0.0004
         -8.00      0.3926     -0.1070     -0.2975      0.0848      0.0003
         -6.00      0.3321     -0.0919     -0.2655      0.0751      0.0001
         -4.00      0.2810     -0.0786     -0.2414      0.0679      0.0000
         -2.00      0.2403     -0.0676     -0.2241      0.0633      0.0000
          0.00      0.2224     -0.0629     -0.2180      0.0618      0.0000
          2.00      0.2403     -0.0676     -0.2241      0.0633      0.0000
          4.00      0.2810     -0.0786     -0.2414      0.0679      0.0000
          6.00      0.3321     -0.0919     -0.2655      0.0751     -0.0001
          8.00      0.3926     -0.1070     -0.2975      0.0848     -0.0003
         10.00      0.4573     -0.1229     -0.3277      0.0931     -0.0004

    PANEL DEFLECTION ANGLES (DEGREES)
    SET    FIN 1   FIN 2   FIN 3   FIN 4   FIN 5   FIN 6   FIN 7   FIN 8
      1    0.00    0.00    0.00    0.00    0.00    0.00    0.00    0.00

    BODY ALONE LINEAR DATA GENERATED FROM VAN DYKE HYBRID THEORY

    *** END OF JOB ***
