1         ***** THE USAF AUTOMATED MISSILE DATCOM * REV 3/99 *****
               AERODYNAMIC METHODS FOR MISSILE CONFIGURATIONS     

    CONERR - INPUT ERROR CHECKING

    ERROR CODES - N* DENOTES THE NUMBER OF OCCURENCES OF EACH ERROR
    A - UNKNOWN VARIABLE NAME
    B - MISSING EQUAL SIGN FOLLOWING VARIABLE NAME
    C - NON-ARRAY VARIABLE HAS AN ARRAY ELEMENTDESIGNATION - (N)
    D - NON-ARRAY VARIABLE HAS MULTIPLE VALUES ASSIGNED
    E - ASSIGNED VALUES EXCEED ARRAY DIMENSION
    F - SYNTAX ERROR

    ************************* INPUT DATA CARDS *************************

   1 DIM M                                                                           
      2 ** BLANK CARD - IGNORED
   3  $FLTCON  NALPHA=11.,NMACH=6.,                                                  
   4           MACH=0.3000,0.6000,0.9000,1.1000,1.4000,2.0000,                       
   5           ALPHA=-10.0,-8.0,-6.0,-4.0,-2.0,0.0,2.0,4.0,6.0,8.0,10.0,$            
      6 ** BLANK CARD - IGNORED
   7  $REFQ    XCG=0.2500,                                                           
   8           SREF=0.0010179,                                                       
   9           LREF=0.6500,                                                          
  10           RHR=0.,$                                                              
     11 ** BLANK CARD - IGNORED
  12  $AXIBOD  X0=0.00,                                                              
  13           TNOSE=CONE,                                                           
               ** SUBSTITUTING NUMERIC FOR NAME CONE
  14           LNOSE=0.1000,                                                         
  15           DNOSE=0.0360,                                                         
  16           BNOSE=0.0,                                                            
  17           TRUNC=.FALSE.,                                                        
  18           LCENTR=0.5500,                                                        
  19           DCENTR=0.0360,                                                        
  20           TAFT=CONE,                                                            
               ** SUBSTITUTING NUMERIC FOR NAME CONE
  21           LAFT=0.0000,                                                          
  22           DAFT=0.0360,                                                          
  23           DEXIT=0.0000,$                                                        
     24 ** BLANK CARD - IGNORED
  25  $FINSET1 XLE=0.4700,0.4700,NPANEL=8.,                                          
  26           SSPAN=0.0180,0.0275,                                                  
  27           CHORD=0.1800,0.1800,                                                  
  28           LER=2*0.0,                                                            
  29           PHIF=0.0,45.0,90.0,135.0,180.0,225.0,270.0,315.0,                     
  30           SECTYP=HEX,                                                           
               ** SUBSTITUTING NUMERIC FOR NAME HEX
  31           ZUPPER=0.025000,0.025000,                                             
  32           LMAXU=0.4,0.4,                                                        
  33           LFLATU=0.2,0.2,$                                                      
     34 ** BLANK CARD - IGNORED
  35  $DEFLCT  DELTA1=0.0000,0.0000,0.0000,0.0000,0.0000,0.0000,0.0000,0.0000,       
  36           XHINGE=0.6050,$                                                       
     37 ** BLANK CARD - IGNORED
  38 PART                                                                            
  39 NEXT CASE                                                                       
1         ***** THE USAF AUTOMATED MISSILE DATCOM * REV 3/99 *****     CASE   1
               AERODYNAMIC METHODS FOR MISSILE CONFIGURATIONS          PAGE   1
    CASE INPUTS
    FOLLOWING ARE THE CARDS INPUT FOR THIS CASE

 DIM M                                                                           
  $FLTCON  NALPHA=11.,NMACH=6.,                                                  
           MACH=0.3000,0.6000,0.9000,1.1000,1.4000,2.0000,                       
           ALPHA=-10.0,-8.0,-6.0,-4.0,-2.0,0.0,2.0,4.0,6.0,8.0,10.0,$            
  $REFQ    XCG=0.2500,                                                           
           SREF=0.0010179,                                                       
           LREF=0.6500,                                                          
           RHR=0.,$                                                              
  $AXIBOD  X0=0.00,                                                              
           TNOSE=0.,                                                             
           LNOSE=0.1000,                                                         
           DNOSE=0.0360,                                                         
           BNOSE=0.0,                                                            
           TRUNC=.FALSE.,                                                        
           LCENTR=0.5500,                                                        
           DCENTR=0.0360,                                                        
           TAFT=0.,                                                              
           LAFT=0.0000,                                                          
           DAFT=0.0360,                                                          
           DEXIT=0.0000,$                                                        
  $FINSET1 XLE=0.4700,0.4700,NPANEL=8.,                                          
           SSPAN=0.0180,0.0275,                                                  
           CHORD=0.1800,0.1800,                                                  
           LER=2*0.0,                                                            
           PHIF=0.0,45.0,90.0,135.0,180.0,225.0,270.0,315.0,                     
           SECTYP=0.,                                                            
           ZUPPER=0.025000,0.025000,                                             
           LMAXU=0.4,0.4,                                                        
           LFLATU=0.2,0.2,$                                                      
  $DEFLCT  DELTA1=0.0000,0.0000,0.0000,0.0000,0.0000,0.0000,0.0000,0.0000,       
           XHINGE=0.6050,$                                                       
 PART                                                                            
 NEXT CASE                                                                       
    * WARNING * THE REYNOLDS NUMBER IS NOT DEFINED, FOR INPUT SPEED  1
                SEA LEVEL ALTITUDE ASSUMED
    * WARNING * THE REYNOLDS NUMBER IS NOT DEFINED, FOR INPUT SPEED  2
                SEA LEVEL ALTITUDE ASSUMED
    * WARNING * THE REYNOLDS NUMBER IS NOT DEFINED, FOR INPUT SPEED  3
                SEA LEVEL ALTITUDE ASSUMED
    * WARNING * THE REYNOLDS NUMBER IS NOT DEFINED, FOR INPUT SPEED  4
                SEA LEVEL ALTITUDE ASSUMED
    * WARNING * THE REYNOLDS NUMBER IS NOT DEFINED, FOR INPUT SPEED  5
                SEA LEVEL ALTITUDE ASSUMED
    * WARNING * THE REYNOLDS NUMBER IS NOT DEFINED, FOR INPUT SPEED  6
                SEA LEVEL ALTITUDE ASSUMED
    THE BOUNDARY LAYER IS ASSUMED TO BE TURBULENT
    THE INPUT UNITS ARE IN METERS, THE SCALE FACTOR IS   1.0000
1         ***** THE USAF AUTOMATED MISSILE DATCOM * REV 3/99 *****     CASE   1
               AERODYNAMIC METHODS FOR MISSILE CONFIGURATIONS          PAGE   2
                        AXISYMMETRIC BODY DEFINITION

                             NOSE   CENTERBODY     AFT BODY        TOTAL
    SHAPE                   CONIC     CYLINDER     --------
    LENGTH                  0.100        0.550        0.000        0.650   M
    FINENESS RATIO          2.778       15.278        0.000       18.056
    PLANFORM AREA           0.002        0.020        0.000        0.022   M**2
    AREA CENTROID           0.067        0.375        0.000        0.349   M
    WETTED AREA             0.006        0.062        0.000        0.068   M**2
    VOLUME                  0.000        0.001        0.000        0.001   M**3
    VOL. CENTROID           0.075        0.375        0.000        0.358   M

                              MOLD LINE CONTOUR

     LONGITUDINAL STATIONS    0.0000     0.0100     0.0200     0.0300     0.0400 
        0.0500     0.0600     0.0700     0.0800     0.0900     0.1000*    0.1550 
        0.2100     0.2650     0.3200     0.3750     0.4300     0.4850     0.5400 
        0.5950     0.6500*

                BODY RADII    0.0000     0.0018     0.0036     0.0054     0.0072 
        0.0090     0.0108     0.0126     0.0144     0.0162     0.0180*    0.0180 
        0.0180     0.0180     0.0180     0.0180     0.0180     0.0180     0.0180 
        0.0180     0.0180*
    NOTE - * INDICATES SLOPE DISCONTINUOUS POINTS
1         ***** THE USAF AUTOMATED MISSILE DATCOM * REV 3/99 *****     CASE   1
               AERODYNAMIC METHODS FOR MISSILE CONFIGURATIONS          PAGE   3
                         FIN SET NUMBER 1 AIRFOIL SECTION

                                  NACA S-3-40.0-05.0-20.0

         X/C     X-UPPER   Y-UPPER   X-LOWER   Y-LOWER  MEAN LINE  THICKNESS

       0.00000   0.00000   0.00000   0.00000   0.00000   0.00000   0.00000
       0.00100   0.00100   0.00006   0.00100  -0.00006   0.00000   0.00013
       0.00200   0.00200   0.00013   0.00200  -0.00013   0.00000   0.00025
       0.00300   0.00300   0.00019   0.00300  -0.00019   0.00000   0.00038
       0.00400   0.00400   0.00025   0.00400  -0.00025   0.00000   0.00050
       0.00500   0.00500   0.00031   0.00500  -0.00031   0.00000   0.00063
       0.00600   0.00600   0.00038   0.00600  -0.00038   0.00000   0.00075
       0.00800   0.00800   0.00050   0.00800  -0.00050   0.00000   0.00100
       0.01000   0.01000   0.00063   0.01000  -0.00063   0.00000   0.00125
       0.02000   0.02000   0.00125   0.02000  -0.00125   0.00000   0.00250
       0.03000   0.03000   0.00187   0.03000  -0.00187   0.00000   0.00375
       0.04000   0.04000   0.00250   0.04000  -0.00250   0.00000   0.00500
       0.05000   0.05000   0.00312   0.05000  -0.00312   0.00000   0.00625
       0.06000   0.06000   0.00375   0.06000  -0.00375   0.00000   0.00750
       0.08000   0.08000   0.00500   0.08000  -0.00500   0.00000   0.01000
       0.10000   0.10000   0.00625   0.10000  -0.00625   0.00000   0.01250
       0.12000   0.12000   0.00750   0.12000  -0.00750   0.00000   0.01500
       0.14000   0.14000   0.00875   0.14000  -0.00875   0.00000   0.01750
       0.16000   0.16000   0.01000   0.16000  -0.01000   0.00000   0.02000
       0.18000   0.18000   0.01125   0.18000  -0.01125   0.00000   0.02250
       0.20000   0.20000   0.01250   0.20000  -0.01250   0.00000   0.02500
       0.22000   0.22000   0.01375   0.22000  -0.01375   0.00000   0.02750
       0.24000   0.24000   0.01500   0.24000  -0.01500   0.00000   0.03000
       0.26000   0.26000   0.01625   0.26000  -0.01625   0.00000   0.03250
       0.28000   0.28000   0.01750   0.28000  -0.01750   0.00000   0.03500
       0.30000   0.30000   0.01875   0.30000  -0.01875   0.00000   0.03750
       0.32000   0.32000   0.02000   0.32000  -0.02000   0.00000   0.04000
       0.34000   0.34000   0.02125   0.34000  -0.02125   0.00000   0.04250
       0.36000   0.36000   0.02250   0.36000  -0.02250   0.00000   0.04500
       0.38000   0.38000   0.02375   0.38000  -0.02375   0.00000   0.04750
       0.40000   0.40000   0.02500   0.40000  -0.02500   0.00000   0.05000
       0.42000   0.42000   0.02500   0.42000  -0.02500   0.00000   0.05000
       0.45000   0.45000   0.02500   0.45000  -0.02500   0.00000   0.05000
       0.50000   0.50000   0.02500   0.50000  -0.02500   0.00000   0.05000
       0.55000   0.55000   0.02500   0.55000  -0.02500   0.00000   0.05000
       0.60000   0.60000   0.02500   0.60000  -0.02500   0.00000   0.05000
       0.65000   0.65000   0.02187   0.65000  -0.02187   0.00000   0.04375
       0.70000   0.70000   0.01875   0.70000  -0.01875   0.00000   0.03750
       0.75000   0.75000   0.01562   0.75000  -0.01562   0.00000   0.03125
       0.80000   0.80000   0.01250   0.80000  -0.01250   0.00000   0.02500
       0.82000   0.82000   0.01125   0.82000  -0.01125   0.00000   0.02250
       0.84000   0.84000   0.01000   0.84000  -0.01000   0.00000   0.02000
       0.86000   0.86000   0.00875   0.86000  -0.00875   0.00000   0.01750
       0.88000   0.88000   0.00750   0.88000  -0.00750   0.00000   0.01500
       0.90000   0.90000   0.00625   0.90000  -0.00625   0.00000   0.01250
       0.92000   0.92000   0.00500   0.92000  -0.00500   0.00000   0.01000
       0.94000   0.94000   0.00375   0.94000  -0.00375   0.00000   0.00750
       0.96000   0.96000   0.00250   0.96000  -0.00250   0.00000   0.00500
       0.98000   0.98000   0.00125   0.98000  -0.00125   0.00000   0.00250
       1.00000   1.00000   0.00000   1.00000   0.00000   0.00000   0.00000
1         ***** THE USAF AUTOMATED MISSILE DATCOM * REV 3/99 *****     CASE   1
               AERODYNAMIC METHODS FOR MISSILE CONFIGURATIONS          PAGE   4
                      GEOMETRIC RESULTS FOR FIN SETS

                             FIN SET NUMBER  1
                          (DATA FOR ONE PANEL ONLY)

    SEGMENT   PLAN        ASPECT    TAPER     L.E.     T.E.    M.A.C.    T/C
    NUMBER    AREA        RATIO     RATIO    SWEEP    SWEEP    CHORD    RATIO

      1      0.0017        0.053    1.000    0.000    0.000    0.180    0.050
    TOTAL    0.0017        0.053    1.000    0.000    0.000    0.180    0.050
 
 
 
1         ***** THE USAF AUTOMATED MISSILE DATCOM * REV 3/99 *****     CASE   1
               AERODYNAMIC METHODS FOR MISSILE CONFIGURATIONS          PAGE   5
                           FIN SET 1 SECTION AERODYNAMICS

                        IDEAL ANGLE OF ATTACK =    0.0000 DEG.
                    ZERO LIFT ANGLE OF ATTACK =    0.0000 DEG.
                       IDEAL LIFT COEFFICIENT =    0.0000
        ZERO LIFT PITCHING MOMENT COEFFICIENT =    0.0000
                   MACH ZERO LIFT-CURVE-SLOPE =    0.0963 /DEG.
                          LEADING EDGE RADIUS =    0.0000 FRACTION CHORD
                    MAXIMUM AIRFOIL THICKNESS =    0.0500 FRACTION CHORD
                                      DELTA-Y =    0.3656 PERCENT CHORD


    MACH = 0.300   CL-ALPHA = 0.1025 /DEG.   XAC = 0.2710   CL MAX = 0.7479

    MACH = 0.600   CL-ALPHA = 0.1265 /DEG.   XAC = 0.2701   CL MAX = 0.7617

                   *** CREST CRITICAL MACH NUMBER EXCEEDED ***

                           CREST CRITICAL MACH =    0.8070
                                      LOCATION =    0.4145 FRACTION CHORD
                              LIFT-CURVE-SLOPE =    0.1410 /DEG.
1         ***** THE USAF AUTOMATED MISSILE DATCOM * REV 3/99 *****     CASE   1
               AERODYNAMIC METHODS FOR MISSILE CONFIGURATIONS          PAGE   6
                             BODY ALONE PARTIAL OUTPUT

       ******* FLIGHT CONDITIONS AND REFERENCE QUANTITIES *******
     MACH NO  =       0.30                REYNOLDS NO = 6.955E+06 /M
     ALTITUDE =        0.0 M         DYNAMIC PRESSURE =   6383.49 N/M**2
     SIDESLIP =       0.00 DEG                   ROLL =      0.00 DEG     
     REF AREA =      0.001 M**2         MOMENT CENTER =     0.250 M
     REF LENGTH =     0.65 M           LAT REF LENGTH =      0.65 M

      ALPHA    CA-FRIC  CA-PRES/WAVE CA-BASE    CA-PROT     CA-SEP     CA-ALP
     -10.00     0.2204     0.0128     0.1368                           0.0016
      -8.00     0.2229     0.0129     0.1372                           0.0016
      -6.00     0.2248     0.0130     0.1374                           0.0011
      -4.00     0.2262     0.0131     0.1374                           0.0005
      -2.00     0.2270     0.0132     0.1373                           0.0001
       0.00     0.2273     0.0132     0.1370                           0.0000
       2.00     0.2270     0.0132     0.1373                           0.0001
       4.00     0.2262     0.0131     0.1374                           0.0005
       6.00     0.2248     0.0130     0.1374                           0.0011
       8.00     0.2229     0.0129     0.1372                           0.0016
      10.00     0.2204     0.0128     0.1368                           0.0016

                     CROSS FLOW DRAG PROPORTIONALITY FACTOR = 0.76143

      ALPHA    CN-POTEN  CN-VISC   CN-SEP    CM-POTEN  CM-VISC   CM-SEP    CDC
     -10.00    -0.449    -0.376              -0.046     0.057             0.772
      -8.00    -0.363    -0.240              -0.037     0.037             0.766
      -6.00    -0.274    -0.134              -0.028     0.020             0.759
      -4.00    -0.183    -0.059              -0.019     0.009             0.753
      -2.00    -0.092    -0.015              -0.009     0.002             0.746
       0.00     0.000     0.000               0.000     0.000             0.740
       2.00     0.092     0.015               0.009    -0.002             0.746
       4.00     0.183     0.059               0.019    -0.009             0.753
       6.00     0.274     0.134               0.028    -0.020             0.759
       8.00     0.363     0.240               0.037    -0.037             0.766
      10.00     0.449     0.376               0.046    -0.057             0.772
1         ***** THE USAF AUTOMATED MISSILE DATCOM * REV 3/99 *****     CASE   1
               AERODYNAMIC METHODS FOR MISSILE CONFIGURATIONS          PAGE   7
                        FIN SET 1 CA PARTIAL OUTPUT

       ******* FLIGHT CONDITIONS AND REFERENCE QUANTITIES *******
     MACH NO  =       0.30                REYNOLDS NO = 6.955E+06 /M
     ALTITUDE =        0.0 M         DYNAMIC PRESSURE =   6383.49 N/M**2
     SIDESLIP =       0.00 DEG                   ROLL =      0.00 DEG     
     REF AREA =      0.001 M**2         MOMENT CENTER =     0.250 M
     REF LENGTH =     0.65 M           LAT REF LENGTH =      0.65 M

    SINGLE FIN PANEL ZERO-LIFT AXIAL FORCE COMPONENTS

    SKIN FRICTION        0.0141
    SUBSONIC PRESSURE    0.0011
    TRANSONIC WAVE       0.0000
    SUPERSONIC WAVE      0.0000
    LEADING EDGE         0.0000
    TRAILING EDGE        0.0000
    TOTAL CAO            0.0153

    FIN AXIAL FORCE DUE TO ANGLE OF ATTACK

    ALPHA      CA DUE TO LIFT (SINGLE PANEL)   CA-TOTAL (8 FINS)

     -10.00              0.0000                      0.1202
      -8.00              0.0000                      0.1208
      -6.00              0.0000                      0.1214
      -4.00              0.0000                      0.1217
      -2.00              0.0000                      0.1219
       0.00              0.0000                      0.1220
       2.00              0.0000                      0.1219
       4.00              0.0000                      0.1217
       6.00              0.0000                      0.1214
       8.00              0.0000                      0.1208
      10.00              0.0000                      0.1202
1         ***** THE USAF AUTOMATED MISSILE DATCOM * REV 3/99 *****     CASE   1
               AERODYNAMIC METHODS FOR MISSILE CONFIGURATIONS          PAGE   8
                       FIN SET 1 CN, CM PARTIAL OUTPUT

       ******* FLIGHT CONDITIONS AND REFERENCE QUANTITIES *******
     MACH NO  =       0.30                REYNOLDS NO = 6.955E+06 /M
     ALTITUDE =        0.0 M         DYNAMIC PRESSURE =   6383.49 N/M**2
     SIDESLIP =       0.00 DEG                   ROLL =      0.00 DEG     
     REF AREA =      0.001 M**2         MOMENT CENTER =     0.250 M
     REF LENGTH =     0.65 M           LAT REF LENGTH =      0.65 M

    NORMAL FORCE SLOPE AT ALPHA ZERO, CNA =    0.00486/DEG (1 PANEL)
         CENTER OF PRESSURE FOR LINEAR CN =   -0.41323 (CALIBERS FROM C.G.)
     CENTER OF PRESSURE FOR NON-LINEAR CN =   -0.47692 (CALIBERS FROM C.G.)

      ALPHA      CN        CN        CN        CM        CM        CM
               LINEAR  NON-LINEAR  TOTAL     LINEAR  NON-LINEAR  TOTAL

     -10.00   -0.1918   -0.4939   -0.6857    0.0793    0.2355    0.3148
      -8.00   -0.1542   -0.3168   -0.4710    0.0637    0.1511    0.2148
      -6.00   -0.1161   -0.1785   -0.2946    0.0480    0.0851    0.1331
      -4.00   -0.0776   -0.0794   -0.1570    0.0321    0.0379    0.0699
      -2.00   -0.0388   -0.0199   -0.0587    0.0161    0.0095    0.0255
       0.00    0.0000    0.0000    0.0000    0.0000    0.0000    0.0000
       2.00    0.0388    0.0199    0.0587   -0.0161   -0.0095   -0.0255
       4.00    0.0776    0.0794    0.1570   -0.0321   -0.0379   -0.0699
       6.00    0.1161    0.1785    0.2946   -0.0480   -0.0851   -0.1331
       8.00    0.1542    0.3168    0.4710   -0.0637   -0.1511   -0.2148
      10.00    0.1918    0.4939    0.6857   -0.0793   -0.2355   -0.3148
1         ***** THE USAF AUTOMATED MISSILE DATCOM * REV 3/99 *****     CASE   1
               AERODYNAMIC METHODS FOR MISSILE CONFIGURATIONS          PAGE   9
                 AERODYNAMIC FORCE AND MOMENT SYNTHESIS

       ******* FLIGHT CONDITIONS AND REFERENCE QUANTITIES *******
     MACH NO  =       0.30                REYNOLDS NO = 6.955E+06 /M
     ALTITUDE =        0.0 M         DYNAMIC PRESSURE =   6383.49 N/M**2
     SIDESLIP =       0.00 DEG                   ROLL =      0.00 DEG     
     REF AREA =      0.001 M**2         MOMENT CENTER =     0.250 M
     REF LENGTH =     0.65 M           LAT REF LENGTH =      0.65 M

          ---------------FIN SET 1 IN PRESENCE OF THE BODY----------------

      ALPHA       CN         CM         CA         CY         CLN        CLL

     -10.00    -1.2641     0.5224     0.1220     0.0000     0.0000     0.0000
      -8.00    -0.9076     0.3751     0.1220     0.0000     0.0000     0.0000
      -6.00    -0.5873     0.2427     0.1220     0.0000     0.0000     0.0000
      -4.00    -0.3156     0.1304     0.1220     0.0000     0.0000     0.0000
      -2.00    -0.1121     0.0463     0.1220     0.0000     0.0000     0.0000
       0.00     0.0000     0.0000     0.1220     0.0000     0.0000     0.0000
       2.00     0.1121    -0.0463     0.1220     0.0000     0.0000     0.0000
       4.00     0.3156    -0.1304     0.1220     0.0000     0.0000     0.0000
       6.00     0.5873    -0.2427     0.1220     0.0000     0.0000     0.0000
       8.00     0.9076    -0.3751     0.1220     0.0000     0.0000     0.0000
      10.00     1.2641    -0.5224     0.1220     0.0000     0.0000     0.0000
1         ***** THE USAF AUTOMATED MISSILE DATCOM * REV 3/99 *****     CASE   1
               AERODYNAMIC METHODS FOR MISSILE CONFIGURATIONS          PAGE  10
                 AERODYNAMIC FORCE AND MOMENT SYNTHESIS

       ******* FLIGHT CONDITIONS AND REFERENCE QUANTITIES *******
     MACH NO  =       0.30                REYNOLDS NO = 6.955E+06 /M
     ALTITUDE =        0.0 M         DYNAMIC PRESSURE =   6383.49 N/M**2
     SIDESLIP =       0.00 DEG                   ROLL =      0.00 DEG     
     REF AREA =      0.001 M**2         MOMENT CENTER =     0.250 M
     REF LENGTH =     0.65 M           LAT REF LENGTH =      0.65 M

          ---------------FIN SET 1 PANEL CHARACTERISTICS------------------

      ALPHA      PANEL    AEQ (PANEL AXIS SYS.)    PANEL CN

     -10.00        1              0.0000           0.0000
     -10.00        2            -11.3577          -0.2119
     -10.00        3            -15.6615          -0.3696
     -10.00        4             -9.6018          -0.1593
     -10.00        5              0.0000           0.0000
     -10.00        6              9.6018           0.1593
     -10.00        7             15.6615           0.3696
     -10.00        8             11.3577           0.2119
 
      -8.00        1              0.0000           0.0000
      -8.00        2             -9.2120          -0.1485
      -8.00        3            -12.8162          -0.2609
      -8.00        4             -8.2816          -0.1243
      -8.00        5              0.0000           0.0000
      -8.00        6              8.2816           0.1243
      -8.00        7             12.8162           0.2609
      -8.00        8              9.2120           0.1485
 
      -6.00        1              0.0000           0.0000
      -6.00        2             -6.9951          -0.0941
      -6.00        3             -9.8112          -0.1652
      -6.00        4             -6.6911          -0.0876
      -6.00        5              0.0000           0.0000
      -6.00        6              6.6911           0.0876
      -6.00        7              9.8112           0.1652
      -6.00        8              6.9951           0.0941
 
      -4.00        1              0.0000           0.0000
      -4.00        2             -4.7108          -0.0503
      -4.00        3             -6.6471          -0.0866
      -4.00        4             -4.7108          -0.0503
      -4.00        5              0.0000           0.0000
      -4.00        6              4.7108           0.0503
      -4.00        7              6.6471           0.0866
      -4.00        8              4.7108           0.0503
 
      -2.00        1              0.0000           0.0000
      -2.00        2             -2.3704          -0.0184
      -2.00        3             -3.3503          -0.0301
      -2.00        4             -2.3704          -0.0184
      -2.00        5              0.0000           0.0000
      -2.00        6              2.3704           0.0184
      -2.00        7              3.3503           0.0301
      -2.00        8              2.3704           0.0184
 
       0.00        1              0.0000           0.0000
       0.00        2              0.0000           0.0000
       0.00        3              0.0000           0.0000
       0.00        4              0.0000           0.0000
       0.00        5              0.0000           0.0000
       0.00        6              0.0000           0.0000
       0.00        7              0.0000           0.0000
       0.00        8              0.0000           0.0000
 
       2.00        1              0.0000           0.0000
       2.00        2              2.3704           0.0184
       2.00        3              3.3503           0.0301
       2.00        4              2.3704           0.0184
       2.00        5              0.0000           0.0000
       2.00        6             -2.3704          -0.0184
       2.00        7             -3.3503          -0.0301
       2.00        8             -2.3704          -0.0184
 
       4.00        1              0.0000           0.0000
       4.00        2              4.7108           0.0503
       4.00        3              6.6471           0.0866
       4.00        4              4.7108           0.0503
       4.00        5              0.0000           0.0000
       4.00        6             -4.7108          -0.0503
       4.00        7             -6.6471          -0.0866
       4.00        8             -4.7108          -0.0503
 
       6.00        1              0.0000           0.0000
       6.00        2              6.6911           0.0876
       6.00        3              9.8112           0.1652
       6.00        4              6.9951           0.0941
       6.00        5              0.0000           0.0000
       6.00        6             -6.9951          -0.0941
       6.00        7             -9.8112          -0.1652
       6.00        8             -6.6911          -0.0876
 
       8.00        1              0.0000           0.0000
       8.00        2              8.2816           0.1243
       8.00        3             12.8162           0.2609
       8.00        4              9.2120           0.1485
       8.00        5              0.0000           0.0000
       8.00        6             -9.2120          -0.1485
       8.00        7            -12.8162          -0.2609
       8.00        8             -8.2816          -0.1243
 
      10.00        1              0.0000           0.0000
      10.00        2              9.6018           0.1593
      10.00        3             15.6615           0.3696
      10.00        4             11.3577           0.2119
      10.00        5              0.0000           0.0000
      10.00        6            -11.3577          -0.2119
      10.00        7            -15.6615          -0.3696
      10.00        8             -9.6018          -0.1593
 
1         ***** THE USAF AUTOMATED MISSILE DATCOM * REV 3/99 *****     CASE   1
               AERODYNAMIC METHODS FOR MISSILE CONFIGURATIONS          PAGE  11
                 AERODYNAMIC FORCE AND MOMENT SYNTHESIS

       ******* FLIGHT CONDITIONS AND REFERENCE QUANTITIES *******
     MACH NO  =       0.30                REYNOLDS NO = 6.955E+06 /M
     ALTITUDE =        0.0 M         DYNAMIC PRESSURE =   6383.49 N/M**2
     SIDESLIP =       0.00 DEG                   ROLL =      0.00 DEG     
     REF AREA =      0.001 M**2         MOMENT CENTER =     0.250 M
     REF LENGTH =     0.65 M           LAT REF LENGTH =      0.65 M

             CARRYOVER INTERFERENCE FACTORS - FIN SET 1

      ALPHA   K-W(B)   K-B(W)  KK-W(B)  KK-B(W)  XCP-W(B) XCP-B(W) Y-CP/(B/2)

     -10.00   1.6234   1.1241   0.9535   0.6600   0.4132   0.4077   0.4524
      -8.00   1.6395   1.1241   0.9535   0.6600   0.4132   0.4077   0.5048
      -6.00   1.6540   1.1241   0.9535   0.6600   0.4132   0.4077   0.5552
      -4.00   1.6666   1.1241   0.9535   0.6600   0.4132   0.4077   0.5959
      -2.00   1.6764   1.1241   0.9535   0.6600   0.4132   0.4077   0.6255
       0.00   1.6818   1.1241   0.9535   0.6600   0.4132   0.4077   0.6426
       2.00   1.6764   1.1241   0.9535   0.6600   0.4132   0.4077   0.6255
       4.00   1.6666   1.1241   0.9535   0.6600   0.4132   0.4077   0.5959
       6.00   1.6540   1.1241   0.9535   0.6600   0.4132   0.4077   0.5613
       8.00   1.6395   1.1241   0.9535   0.6600   0.4132   0.4077   0.5272
      10.00   1.6234   1.1241   0.9535   0.6600   0.4132   0.4077   0.4948

    NOTE - XCP-W(B) USED FOR STABILITY ONLY DIFFERENT VALUES USED FOR HINGE MOMENTS
1         ***** THE USAF AUTOMATED MISSILE DATCOM * REV 3/99 *****     CASE   1
               AERODYNAMIC METHODS FOR MISSILE CONFIGURATIONS          PAGE  12
        FIN SET 1 PANEL BENDING MOMENTS (ABOUT EXPOSED ROOT CHORD)

       ******* FLIGHT CONDITIONS AND REFERENCE QUANTITIES *******
     MACH NO  =       0.30                REYNOLDS NO = 6.955E+06 /M
     ALTITUDE =        0.0 M         DYNAMIC PRESSURE =   6383.49 N/M**2
     SIDESLIP =       0.00 DEG                   ROLL =      0.00 DEG     
     REF AREA =      0.001 M**2         MOMENT CENTER =     0.250 M
     REF LENGTH =     0.65 M           LAT REF LENGTH =      0.65 M

   ALPHA   PANL 1   PANL 2   PANL 3   PANL 4   PANL 5   PANL 6   PANL 7   PANL 8
 
   -10.0  0.00E+00 -1.40E-03 -2.44E-03 -1.05E-03 -1.16E-10  1.05E-03  2.44E-03  1.40E-03
    -8.0  0.00E+00 -1.10E-03 -1.92E-03 -9.17E-04 -9.77E-11  9.17E-04  1.92E-03  1.10E-03
    -6.0  0.00E+00 -7.64E-04 -1.34E-03 -7.11E-04 -7.15E-11  7.11E-04  1.34E-03  7.64E-04
    -4.0  0.00E+00 -4.38E-04 -7.55E-04 -4.38E-04 -5.53E-11  4.38E-04  7.55E-04  4.38E-04
    -2.0  0.00E+00 -1.68E-04 -2.75E-04 -1.68E-04 -2.91E-11  1.68E-04  2.75E-04  1.68E-04
     0.0  0.00E+00  0.00E+00  0.00E+00  0.00E+00  0.00E+00  0.00E+00  0.00E+00  0.00E+00
     2.0  0.00E+00  1.68E-04  2.75E-04  1.68E-04  2.91E-11 -1.68E-04 -2.75E-04 -1.68E-04
     4.0  0.00E+00  4.38E-04  7.55E-04  4.38E-04  5.53E-11 -4.38E-04 -7.55E-04 -4.38E-04
     6.0  5.32E-12  7.18E-04  1.36E-03  7.72E-04  7.76E-11 -7.72E-04 -1.36E-03 -7.18E-04
     8.0 -5.42E-12  9.58E-04  2.01E-03  1.14E-03  9.67E-11 -1.14E-03 -2.01E-03 -9.58E-04
    10.0 -1.37E-11  1.15E-03  2.67E-03  1.53E-03  1.13E-10 -1.53E-03 -2.67E-03 -1.15E-03
1         ***** THE USAF AUTOMATED MISSILE DATCOM * REV 3/99 *****     CASE   1
               AERODYNAMIC METHODS FOR MISSILE CONFIGURATIONS          PAGE  13
            FIN SET 1 PANEL HINGE MOMENTS (ABOUT HINGE LINE)

       ******* FLIGHT CONDITIONS AND REFERENCE QUANTITIES *******
     MACH NO  =       0.30                REYNOLDS NO = 6.955E+06 /M
     ALTITUDE =        0.0 M         DYNAMIC PRESSURE =   6383.49 N/M**2
     SIDESLIP =       0.00 DEG                   ROLL =      0.00 DEG     
     REF AREA =      0.001 M**2         MOMENT CENTER =     0.250 M
     REF LENGTH =     0.65 M           LAT REF LENGTH =      0.65 M

   ALPHA   PANL 1   PANL 2   PANL 3   PANL 4   PANL 5   PANL 6   PANL 7   PANL 8
 
   -10.0  0.00E+00 -2.98E-02 -4.90E-02 -2.28E-02 -2.65E-09  2.28E-02  4.90E-02  2.98E-02
    -8.0  0.00E+00 -2.14E-02 -3.60E-02 -1.80E-02 -2.01E-09  1.80E-02  3.60E-02  2.14E-02
    -6.0  0.00E+00 -1.38E-02 -2.36E-02 -1.29E-02 -1.34E-09  1.29E-02  2.36E-02  1.38E-02
    -4.0  0.00E+00 -7.49E-03 -1.27E-02 -7.49E-03 -9.61E-10  7.49E-03  1.27E-02  7.49E-03
    -2.0  0.00E+00 -2.77E-03 -4.51E-03 -2.77E-03 -4.83E-10  2.77E-03  4.51E-03  2.77E-03
     0.0  0.00E+00  0.00E+00  0.00E+00  0.00E+00  0.00E+00  0.00E+00  0.00E+00  0.00E+00
     2.0  0.00E+00  2.77E-03  4.51E-03  2.77E-03  4.83E-10 -2.77E-03 -4.51E-03 -2.77E-03
     4.0  0.00E+00  7.49E-03  1.27E-02  7.49E-03  9.61E-10 -7.49E-03 -1.27E-02 -7.49E-03
     6.0  9.82E-11  1.29E-02  2.36E-02  1.38E-02  1.43E-09 -1.38E-02 -2.36E-02 -1.29E-02
     8.0 -1.07E-10  1.80E-02  3.60E-02  2.14E-02  1.90E-09 -2.14E-02 -3.60E-02 -1.80E-02
    10.0 -2.87E-10  2.28E-02  4.90E-02  2.98E-02  2.36E-09 -2.98E-02 -4.90E-02 -2.28E-02
1         ***** THE USAF AUTOMATED MISSILE DATCOM * REV 3/99 *****     CASE   1
               AERODYNAMIC METHODS FOR MISSILE CONFIGURATIONS          PAGE  14
                   STATIC AERODYNAMICS FOR BODY-FIN SET 1

       ******* FLIGHT CONDITIONS AND REFERENCE QUANTITIES *******
     MACH NO  =       0.30                REYNOLDS NO = 6.955E+06 /M
     ALTITUDE =        0.0 M         DYNAMIC PRESSURE =   6383.49 N/M**2
     SIDESLIP =       0.00 DEG                   ROLL =      0.00 DEG     
     REF AREA =      0.001 M**2         MOMENT CENTER =     0.250 M
     REF LENGTH =     0.65 M           LAT REF LENGTH =      0.65 M

                   ----- LONGITUDINAL -----     -- LATERAL DIRECTIONAL --
         ALPHA       CN        CM        CA        CY       CLN       CLL

        -10.00    -2.965     0.891     0.494     0.000     0.000     0.000
         -8.00    -2.132     0.628     0.497     0.000     0.000     0.000
         -6.00    -1.394     0.398     0.498     0.000     0.000     0.000
         -4.00    -0.771     0.207     0.499     0.000     0.000     0.000
         -2.00    -0.294     0.070     0.500     0.000     0.000     0.000
          0.00     0.000     0.000     0.499     0.000     0.000     0.000
          2.00     0.294    -0.070     0.500     0.000     0.000     0.000
          4.00     0.771    -0.207     0.499     0.000     0.000     0.000
          6.00     1.394    -0.398     0.498     0.000     0.000     0.000
          8.00     2.132    -0.628     0.497     0.000     0.000     0.000
         10.00     2.965    -0.891     0.494     0.000     0.000     0.000

         ALPHA       CL        CD      CL/CD     X-C.P.

        -10.00    -2.834     1.001    -2.831    -0.300
         -8.00    -2.042     0.788    -2.590    -0.295
         -6.00    -1.335     0.641    -2.081    -0.285
         -4.00    -0.734     0.552    -1.331    -0.269
         -2.00    -0.276     0.510    -0.542    -0.237
          0.00     0.000     0.499     0.000    -0.237
          2.00     0.276     0.510     0.542    -0.237
          4.00     0.734     0.552     1.331    -0.269
          6.00     1.335     0.641     2.081    -0.285
          8.00     2.042     0.788     2.590    -0.295
         10.00     2.834     1.001     2.831    -0.300

    X-C.P. MEAS. FROM MOMENT CENTER IN REF. LENGTHS, NEG. AFT OF MOMENT CENTER
1         ***** THE USAF AUTOMATED MISSILE DATCOM * REV 3/99 *****     CASE   1
               AERODYNAMIC METHODS FOR MISSILE CONFIGURATIONS          PAGE  15
                   STATIC AERODYNAMICS FOR BODY-FIN SET 1

       ******* FLIGHT CONDITIONS AND REFERENCE QUANTITIES *******
     MACH NO  =       0.30                REYNOLDS NO = 6.955E+06 /M
     ALTITUDE =        0.0 M         DYNAMIC PRESSURE =   6383.49 N/M**2
     SIDESLIP =       0.00 DEG                   ROLL =      0.00 DEG     
     REF AREA =      0.001 M**2         MOMENT CENTER =     0.250 M
     REF LENGTH =     0.65 M           LAT REF LENGTH =      0.65 M

                   ---------- DERIVATIVES (PER DEGREE) ----------
         ALPHA       CNA         CMA         CYB         CLNB        CLLB
        -10.00      0.4403     -0.1392     -0.2885      0.0861      0.0004
         -8.00      0.3924     -0.1232     -0.2595      0.0758      0.0003
         -6.00      0.3400     -0.1052     -0.2264      0.0639      0.0001
         -4.00      0.2747     -0.0820     -0.1914      0.0512      0.0000
         -2.00      0.1924     -0.0518     -0.1523      0.0369      0.0000
          0.00      0.1470     -0.0349     -0.1283      0.0277      0.0000
          2.00      0.1924     -0.0518     -0.1523      0.0369      0.0000
          4.00      0.2747     -0.0820     -0.1914      0.0512      0.0000
          6.00      0.3400     -0.1052     -0.2264      0.0639     -0.0001
          8.00      0.3924     -0.1232     -0.2595      0.0758     -0.0003
         10.00      0.4403     -0.1392     -0.2885      0.0861     -0.0004

    PANEL DEFLECTION ANGLES (DEGREES)
    SET    FIN 1   FIN 2   FIN 3   FIN 4   FIN 5   FIN 6   FIN 7   FIN 8
      1    0.00    0.00    0.00    0.00    0.00    0.00    0.00    0.00
1         ***** THE USAF AUTOMATED MISSILE DATCOM * REV 3/99 *****     CASE   1
               AERODYNAMIC METHODS FOR MISSILE CONFIGURATIONS          PAGE  16
                             BODY ALONE PARTIAL OUTPUT

       ******* FLIGHT CONDITIONS AND REFERENCE QUANTITIES *******
     MACH NO  =       0.60                REYNOLDS NO = 1.391E+07 /M
     ALTITUDE =        0.0 M         DYNAMIC PRESSURE =  25533.94 N/M**2
     SIDESLIP =       0.00 DEG                   ROLL =      0.00 DEG     
     REF AREA =      0.001 M**2         MOMENT CENTER =     0.250 M
     REF LENGTH =     0.65 M           LAT REF LENGTH =      0.65 M

      ALPHA    CA-FRIC  CA-PRES/WAVE CA-BASE    CA-PROT     CA-SEP     CA-ALP
     -10.00     0.1929     0.0133     0.1356                           0.0011
      -8.00     0.1950     0.0135     0.1360                           0.0013
      -6.00     0.1967     0.0136     0.1363                           0.0009
      -4.00     0.1979     0.0137     0.1364                           0.0005
      -2.00     0.1986     0.0137     0.1363                           0.0001
       0.00     0.1988     0.0138     0.1360                           0.0000
       2.00     0.1986     0.0137     0.1363                           0.0001
       4.00     0.1979     0.0137     0.1364                           0.0005
       6.00     0.1967     0.0136     0.1363                           0.0009
       8.00     0.1950     0.0135     0.1360                           0.0013
      10.00     0.1929     0.0133     0.1356                           0.0011

                     CROSS FLOW DRAG PROPORTIONALITY FACTOR = 0.76143

      ALPHA    CN-POTEN  CN-VISC   CN-SEP    CM-POTEN  CM-VISC   CM-SEP    CDC
     -10.00    -0.449    -0.392              -0.046     0.060             0.804
      -8.00    -0.363    -0.248              -0.037     0.038             0.791
      -6.00    -0.274    -0.137              -0.028     0.021             0.778
      -4.00    -0.183    -0.060              -0.019     0.009             0.766
      -2.00    -0.092    -0.015              -0.009     0.002             0.753
       0.00     0.000     0.000               0.000     0.000             0.740
       2.00     0.092     0.015               0.009    -0.002             0.753
       4.00     0.183     0.060               0.019    -0.009             0.766
       6.00     0.274     0.137               0.028    -0.021             0.778
       8.00     0.363     0.248               0.037    -0.038             0.791
      10.00     0.449     0.392               0.046    -0.060             0.804
1         ***** THE USAF AUTOMATED MISSILE DATCOM * REV 3/99 *****     CASE   1
               AERODYNAMIC METHODS FOR MISSILE CONFIGURATIONS          PAGE  17
                        FIN SET 1 CA PARTIAL OUTPUT

       ******* FLIGHT CONDITIONS AND REFERENCE QUANTITIES *******
     MACH NO  =       0.60                REYNOLDS NO = 1.391E+07 /M
     ALTITUDE =        0.0 M         DYNAMIC PRESSURE =  25533.94 N/M**2
     SIDESLIP =       0.00 DEG                   ROLL =      0.00 DEG     
     REF AREA =      0.001 M**2         MOMENT CENTER =     0.250 M
     REF LENGTH =     0.65 M           LAT REF LENGTH =      0.65 M

    SINGLE FIN PANEL ZERO-LIFT AXIAL FORCE COMPONENTS

    SKIN FRICTION        0.0122
    SUBSONIC PRESSURE    0.0010
    TRANSONIC WAVE       0.0000
    SUPERSONIC WAVE      0.0000
    LEADING EDGE         0.0000
    TRAILING EDGE        0.0000
    TOTAL CAO            0.0132

    FIN AXIAL FORCE DUE TO ANGLE OF ATTACK

    ALPHA      CA DUE TO LIFT (SINGLE PANEL)   CA-TOTAL (8 FINS)

     -10.00              0.0000                      0.1041
      -8.00              0.0000                      0.1047
      -6.00              0.0000                      0.1051
      -4.00              0.0000                      0.1054
      -2.00              0.0000                      0.1056
       0.00              0.0000                      0.1057
       2.00              0.0000                      0.1056
       4.00              0.0000                      0.1054
       6.00              0.0000                      0.1051
       8.00              0.0000                      0.1047
      10.00              0.0000                      0.1041
1         ***** THE USAF AUTOMATED MISSILE DATCOM * REV 3/99 *****     CASE   1
               AERODYNAMIC METHODS FOR MISSILE CONFIGURATIONS          PAGE  18
                       FIN SET 1 CN, CM PARTIAL OUTPUT

       ******* FLIGHT CONDITIONS AND REFERENCE QUANTITIES *******
     MACH NO  =       0.60                REYNOLDS NO = 1.391E+07 /M
     ALTITUDE =        0.0 M         DYNAMIC PRESSURE =  25533.94 N/M**2
     SIDESLIP =       0.00 DEG                   ROLL =      0.00 DEG     
     REF AREA =      0.001 M**2         MOMENT CENTER =     0.250 M
     REF LENGTH =     0.65 M           LAT REF LENGTH =      0.65 M

    NORMAL FORCE SLOPE AT ALPHA ZERO, CNA =    0.00486/DEG (1 PANEL)
         CENTER OF PRESSURE FOR LINEAR CN =   -0.41323 (CALIBERS FROM C.G.)
     CENTER OF PRESSURE FOR NON-LINEAR CN =   -0.47692 (CALIBERS FROM C.G.)

      ALPHA      CN        CN        CN        CM        CM        CM
               LINEAR  NON-LINEAR  TOTAL     LINEAR  NON-LINEAR  TOTAL

     -10.00   -0.1919   -0.5281   -0.7200    0.0793    0.2519    0.3312
      -8.00   -0.1542   -0.3387   -0.4930    0.0637    0.1616    0.2253
      -6.00   -0.1161   -0.1909   -0.3070    0.0480    0.0910    0.1390
      -4.00   -0.0776   -0.0849   -0.1625    0.0321    0.0405    0.0726
      -2.00   -0.0389   -0.0213   -0.0601    0.0161    0.0101    0.0262
       0.00    0.0000    0.0000    0.0000    0.0000    0.0000    0.0000
       2.00    0.0389    0.0213    0.0601   -0.0161   -0.0101   -0.0262
       4.00    0.0776    0.0849    0.1625   -0.0321   -0.0405   -0.0726
       6.00    0.1161    0.1909    0.3070   -0.0480   -0.0910   -0.1390
       8.00    0.1542    0.3387    0.4930   -0.0637   -0.1616   -0.2253
      10.00    0.1919    0.5281    0.7200   -0.0793   -0.2519   -0.3312
1         ***** THE USAF AUTOMATED MISSILE DATCOM * REV 3/99 *****     CASE   1
               AERODYNAMIC METHODS FOR MISSILE CONFIGURATIONS          PAGE  19
                 AERODYNAMIC FORCE AND MOMENT SYNTHESIS

       ******* FLIGHT CONDITIONS AND REFERENCE QUANTITIES *******
     MACH NO  =       0.60                REYNOLDS NO = 1.391E+07 /M
     ALTITUDE =        0.0 M         DYNAMIC PRESSURE =  25533.94 N/M**2
     SIDESLIP =       0.00 DEG                   ROLL =      0.00 DEG     
     REF AREA =      0.001 M**2         MOMENT CENTER =     0.250 M
     REF LENGTH =     0.65 M           LAT REF LENGTH =      0.65 M

          ---------------FIN SET 1 IN PRESENCE OF THE BODY----------------

      ALPHA       CN         CM         CA         CY         CLN        CLL

     -10.00    -1.3276     0.5486     0.1057     0.0000     0.0000     0.0000
      -8.00    -0.9524     0.3936     0.1057     0.0000     0.0000     0.0000
      -6.00    -0.6148     0.2541     0.1057     0.0000     0.0000     0.0000
      -4.00    -0.3286     0.1358     0.1057     0.0000     0.0000     0.0000
      -2.00    -0.1154     0.0477     0.1057     0.0000     0.0000     0.0000
       0.00     0.0000     0.0000     0.1057     0.0000     0.0000     0.0000
       2.00     0.1154    -0.0477     0.1057     0.0000     0.0000     0.0000
       4.00     0.3286    -0.1358     0.1057     0.0000     0.0000     0.0000
       6.00     0.6148    -0.2541     0.1057     0.0000     0.0000     0.0000
       8.00     0.9524    -0.3936     0.1057     0.0000     0.0000     0.0000
      10.00     1.3276    -0.5486     0.1057     0.0000     0.0000     0.0000
1         ***** THE USAF AUTOMATED MISSILE DATCOM * REV 3/99 *****     CASE   1
               AERODYNAMIC METHODS FOR MISSILE CONFIGURATIONS          PAGE  20
                 AERODYNAMIC FORCE AND MOMENT SYNTHESIS

       ******* FLIGHT CONDITIONS AND REFERENCE QUANTITIES *******
     MACH NO  =       0.60                REYNOLDS NO = 1.391E+07 /M
     ALTITUDE =        0.0 M         DYNAMIC PRESSURE =  25533.94 N/M**2
     SIDESLIP =       0.00 DEG                   ROLL =      0.00 DEG     
     REF AREA =      0.001 M**2         MOMENT CENTER =     0.250 M
     REF LENGTH =     0.65 M           LAT REF LENGTH =      0.65 M

          ---------------FIN SET 1 PANEL CHARACTERISTICS------------------

      ALPHA      PANEL    AEQ (PANEL AXIS SYS.)    PANEL CN

     -10.00        1              0.0000           0.0000
     -10.00        2            -11.3542          -0.2228
     -10.00        3            -15.6485          -0.3897
     -10.00        4             -9.5251          -0.1649
     -10.00        5              0.0000           0.0000
     -10.00        6              9.5251           0.1649
     -10.00        7             15.6485           0.3897
     -10.00        8             11.3542           0.2228
 
      -8.00        1              0.0000           0.0000
      -8.00        2             -9.2106          -0.1557
      -8.00        3            -12.8108          -0.2746
      -8.00        4             -8.2490          -0.1293
      -8.00        5              0.0000           0.0000
      -8.00        6              8.2490           0.1293
      -8.00        7             12.8108           0.2746
      -8.00        8              9.2106           0.1557
 
      -6.00        1              0.0000           0.0000
      -6.00        2             -6.9947          -0.0983
      -6.00        3             -9.8099          -0.1734
      -6.00        4             -6.6831          -0.0912
      -6.00        5              0.0000           0.0000
      -6.00        6              6.6831           0.0912
      -6.00        7              9.8099           0.1734
      -6.00        8              6.9947           0.0983
 
      -4.00        1              0.0000           0.0000
      -4.00        2             -4.7108          -0.0522
      -4.00        3             -6.6471          -0.0904
      -4.00        4             -4.7108          -0.0522
      -4.00        5              0.0000           0.0000
      -4.00        6              4.7108           0.0522
      -4.00        7              6.6471           0.0904
      -4.00        8              4.7108           0.0522
 
      -2.00        1              0.0000           0.0000
      -2.00        2             -2.3704          -0.0189
      -2.00        3             -3.3503          -0.0310
      -2.00        4             -2.3704          -0.0189
      -2.00        5              0.0000           0.0000
      -2.00        6              2.3704           0.0189
      -2.00        7              3.3503           0.0310
      -2.00        8              2.3704           0.0189
 
       0.00        1              0.0000           0.0000
       0.00        2              0.0000           0.0000
       0.00        3              0.0000           0.0000
       0.00        4              0.0000           0.0000
       0.00        5              0.0000           0.0000
       0.00        6              0.0000           0.0000
       0.00        7              0.0000           0.0000
       0.00        8              0.0000           0.0000
 
       2.00        1              0.0000           0.0000
       2.00        2              2.3704           0.0189
       2.00        3              3.3503           0.0310
       2.00        4              2.3704           0.0189
       2.00        5              0.0000           0.0000
       2.00        6             -2.3704          -0.0189
       2.00        7             -3.3503          -0.0310
       2.00        8             -2.3704          -0.0189
 
       4.00        1              0.0000           0.0000
       4.00        2              4.7108           0.0522
       4.00        3              6.6471           0.0904
       4.00        4              4.7108           0.0522
       4.00        5              0.0000           0.0000
       4.00        6             -4.7108          -0.0522
       4.00        7             -6.6471          -0.0904
       4.00        8             -4.7108          -0.0522
 
       6.00        1              0.0000           0.0000
       6.00        2              6.6831           0.0912
       6.00        3              9.8099           0.1734
       6.00        4              6.9947           0.0983
       6.00        5              0.0000           0.0000
       6.00        6             -6.9947          -0.0983
       6.00        7             -9.8099          -0.1734
       6.00        8             -6.6831          -0.0912
 
       8.00        1              0.0000           0.0000
       8.00        2              8.2490           0.1293
       8.00        3             12.8108           0.2746
       8.00        4              9.2106           0.1557
       8.00        5              0.0000           0.0000
       8.00        6             -9.2106          -0.1557
       8.00        7            -12.8108          -0.2746
       8.00        8             -8.2490          -0.1293
 
      10.00        1              0.0000           0.0000
      10.00        2              9.5251           0.1649
      10.00        3             15.6485           0.3897
      10.00        4             11.3542           0.2228
      10.00        5              0.0000           0.0000
      10.00        6            -11.3542          -0.2228
      10.00        7            -15.6485          -0.3897
      10.00        8             -9.5251          -0.1649
 
1         ***** THE USAF AUTOMATED MISSILE DATCOM * REV 3/99 *****     CASE   1
               AERODYNAMIC METHODS FOR MISSILE CONFIGURATIONS          PAGE  21
                 AERODYNAMIC FORCE AND MOMENT SYNTHESIS

       ******* FLIGHT CONDITIONS AND REFERENCE QUANTITIES *******
     MACH NO  =       0.60                REYNOLDS NO = 1.391E+07 /M
     ALTITUDE =        0.0 M         DYNAMIC PRESSURE =  25533.94 N/M**2
     SIDESLIP =       0.00 DEG                   ROLL =      0.00 DEG     
     REF AREA =      0.001 M**2         MOMENT CENTER =     0.250 M
     REF LENGTH =     0.65 M           LAT REF LENGTH =      0.65 M

             CARRYOVER INTERFERENCE FACTORS - FIN SET 1

      ALPHA   K-W(B)   K-B(W)  KK-W(B)  KK-B(W)  XCP-W(B) XCP-B(W) Y-CP/(B/2)

     -10.00   1.6234   1.1241   0.9535   0.6600   0.4132   0.4077   0.4555
      -8.00   1.6395   1.1241   0.9535   0.6600   0.4132   0.4077   0.4881
      -6.00   1.6540   1.1241   0.9535   0.6600   0.4132   0.4077   0.5222
      -4.00   1.6666   1.1241   0.9535   0.6600   0.4132   0.4077   0.5495
      -2.00   1.6764   1.1241   0.9535   0.6600   0.4132   0.4077   0.5693
       0.00   1.6818   1.1241   0.9535   0.6600   0.4132   0.4077   0.5805
       2.00   1.6764   1.1241   0.9535   0.6600   0.4132   0.4077   0.5693
       4.00   1.6666   1.1241   0.9535   0.6600   0.4132   0.4077   0.5495
       6.00   1.6540   1.1241   0.9535   0.6600   0.4132   0.4077   0.5264
       8.00   1.6395   1.1241   0.9535   0.6600   0.4132   0.4077   0.5038
      10.00   1.6234   1.1241   0.9535   0.6600   0.4132   0.4077   0.4827

    NOTE - XCP-W(B) USED FOR STABILITY ONLY DIFFERENT VALUES USED FOR HINGE MOMENTS
1         ***** THE USAF AUTOMATED MISSILE DATCOM * REV 3/99 *****     CASE   1
               AERODYNAMIC METHODS FOR MISSILE CONFIGURATIONS          PAGE  22
        FIN SET 1 PANEL BENDING MOMENTS (ABOUT EXPOSED ROOT CHORD)

       ******* FLIGHT CONDITIONS AND REFERENCE QUANTITIES *******
     MACH NO  =       0.60                REYNOLDS NO = 1.391E+07 /M
     ALTITUDE =        0.0 M         DYNAMIC PRESSURE =  25533.94 N/M**2
     SIDESLIP =       0.00 DEG                   ROLL =      0.00 DEG     
     REF AREA =      0.001 M**2         MOMENT CENTER =     0.250 M
     REF LENGTH =     0.65 M           LAT REF LENGTH =      0.65 M

   ALPHA   PANL 1   PANL 2   PANL 3   PANL 4   PANL 5   PANL 6   PANL 7   PANL 8
 
   -10.0  0.00E+00 -1.48E-03 -2.59E-03 -1.10E-03 -1.19E-10  1.10E-03  2.59E-03  1.48E-03
    -8.0  0.00E+00 -1.11E-03 -1.96E-03 -9.23E-04 -9.62E-11  9.23E-04  1.96E-03  1.11E-03
    -6.0  0.00E+00 -7.50E-04 -1.32E-03 -6.96E-04 -6.82E-11  6.96E-04  1.32E-03  7.50E-04
    -4.0  0.00E+00 -4.20E-04 -7.26E-04 -4.20E-04 -5.18E-11  4.20E-04  7.26E-04  4.20E-04
    -2.0  0.00E+00 -1.57E-04 -2.58E-04 -1.57E-04 -2.69E-11  1.57E-04  2.58E-04  1.57E-04
     0.0  0.00E+00  0.00E+00  0.00E+00  0.00E+00  0.00E+00  0.00E+00  0.00E+00  0.00E+00
     2.0  0.00E+00  1.57E-04  2.58E-04  1.57E-04  2.69E-11 -1.57E-04 -2.58E-04 -1.57E-04
     4.0  0.00E+00  4.20E-04  7.26E-04  4.20E-04  5.18E-11 -4.20E-04 -7.26E-04 -4.20E-04
     6.0  5.19E-12  7.02E-04  1.33E-03  7.56E-04  7.40E-11 -7.56E-04 -1.33E-03 -7.02E-04
     8.0 -5.44E-12  9.52E-04  2.02E-03  1.15E-03  9.38E-11 -1.15E-03 -2.02E-03 -9.52E-04
    10.0 -1.42E-11  1.16E-03  2.75E-03  1.57E-03  1.12E-10 -1.57E-03 -2.75E-03 -1.16E-03
1         ***** THE USAF AUTOMATED MISSILE DATCOM * REV 3/99 *****     CASE   1
               AERODYNAMIC METHODS FOR MISSILE CONFIGURATIONS          PAGE  23
            FIN SET 1 PANEL HINGE MOMENTS (ABOUT HINGE LINE)

       ******* FLIGHT CONDITIONS AND REFERENCE QUANTITIES *******
     MACH NO  =       0.60                REYNOLDS NO = 1.391E+07 /M
     ALTITUDE =        0.0 M         DYNAMIC PRESSURE =  25533.94 N/M**2
     SIDESLIP =       0.00 DEG                   ROLL =      0.00 DEG     
     REF AREA =      0.001 M**2         MOMENT CENTER =     0.250 M
     REF LENGTH =     0.65 M           LAT REF LENGTH =      0.65 M

   ALPHA   PANL 1   PANL 2   PANL 3   PANL 4   PANL 5   PANL 6   PANL 7   PANL 8
 
   -10.0  0.00E+00 -3.12E-02 -5.13E-02 -2.35E-02 -2.69E-09  2.35E-02  5.13E-02  3.12E-02
    -8.0  0.00E+00 -2.23E-02 -3.77E-02 -1.87E-02 -2.03E-09  1.87E-02  3.77E-02  2.23E-02
    -6.0  0.00E+00 -1.44E-02 -2.47E-02 -1.34E-02 -1.35E-09  1.34E-02  2.47E-02  1.44E-02
    -4.0  0.00E+00 -7.74E-03 -1.32E-02 -7.74E-03 -9.72E-10  7.74E-03  1.32E-02  7.74E-03
    -2.0  0.00E+00 -2.83E-03 -4.63E-03 -2.83E-03 -4.88E-10  2.83E-03  4.63E-03  2.83E-03
     0.0  0.00E+00  0.00E+00  0.00E+00  0.00E+00  0.00E+00  0.00E+00  0.00E+00  0.00E+00
     2.0  0.00E+00  2.83E-03  4.63E-03  2.83E-03  4.88E-10 -2.83E-03 -4.63E-03 -2.83E-03
     4.0  0.00E+00  7.74E-03  1.32E-02  7.74E-03  9.72E-10 -7.74E-03 -1.32E-02 -7.74E-03
     6.0  1.02E-10  1.34E-02  2.47E-02  1.44E-02  1.45E-09 -1.44E-02 -2.47E-02 -1.34E-02
     8.0 -1.11E-10  1.87E-02  3.77E-02  2.23E-02  1.92E-09 -2.23E-02 -3.77E-02 -1.87E-02
    10.0 -3.03E-10  2.35E-02  5.13E-02  3.12E-02  2.39E-09 -3.12E-02 -5.13E-02 -2.35E-02
1         ***** THE USAF AUTOMATED MISSILE DATCOM * REV 3/99 *****     CASE   1
               AERODYNAMIC METHODS FOR MISSILE CONFIGURATIONS          PAGE  24
                   STATIC AERODYNAMICS FOR BODY-FIN SET 1

       ******* FLIGHT CONDITIONS AND REFERENCE QUANTITIES *******
     MACH NO  =       0.60                REYNOLDS NO = 1.391E+07 /M
     ALTITUDE =        0.0 M         DYNAMIC PRESSURE =  25533.94 N/M**2
     SIDESLIP =       0.00 DEG                   ROLL =      0.00 DEG     
     REF AREA =      0.001 M**2         MOMENT CENTER =     0.250 M
     REF LENGTH =     0.65 M           LAT REF LENGTH =      0.65 M

                   ----- LONGITUDINAL -----     -- LATERAL DIRECTIONAL --
         ALPHA       CN        CM        CA        CY       CLN       CLL

        -10.00    -3.088     0.937     0.449     0.000     0.000     0.000
         -8.00    -2.216     0.660     0.451     0.000     0.000     0.000
         -6.00    -1.444     0.417     0.453     0.000     0.000     0.000
         -4.00    -0.794     0.217     0.454     0.000     0.000     0.000
         -2.00    -0.300     0.072     0.454     0.000     0.000     0.000
          0.00     0.000     0.000     0.454     0.000     0.000     0.000
          2.00     0.300    -0.072     0.454     0.000     0.000     0.000
          4.00     0.794    -0.217     0.454     0.000     0.000     0.000
          6.00     1.444    -0.417     0.453     0.000     0.000     0.000
          8.00     2.216    -0.660     0.451     0.000     0.000     0.000
         10.00     3.088    -0.937     0.449     0.000     0.000     0.000

         ALPHA       CL        CD      CL/CD     X-C.P.

        -10.00    -2.963     0.978    -3.030    -0.303
         -8.00    -2.131     0.755    -2.821    -0.298
         -6.00    -1.389     0.602    -2.308    -0.289
         -4.00    -0.760     0.508    -1.496    -0.273
         -2.00    -0.284     0.465    -0.610    -0.241
          0.00     0.000     0.454     0.000    -0.241
          2.00     0.284     0.465     0.610    -0.241
          4.00     0.760     0.508     1.496    -0.273
          6.00     1.389     0.602     2.308    -0.289
          8.00     2.131     0.755     2.821    -0.298
         10.00     2.963     0.978     3.030    -0.303

    X-C.P. MEAS. FROM MOMENT CENTER IN REF. LENGTHS, NEG. AFT OF MOMENT CENTER
1         ***** THE USAF AUTOMATED MISSILE DATCOM * REV 3/99 *****     CASE   1
               AERODYNAMIC METHODS FOR MISSILE CONFIGURATIONS          PAGE  25
                   STATIC AERODYNAMICS FOR BODY-FIN SET 1

       ******* FLIGHT CONDITIONS AND REFERENCE QUANTITIES *******
     MACH NO  =       0.60                REYNOLDS NO = 1.391E+07 /M
     ALTITUDE =        0.0 M         DYNAMIC PRESSURE =  25533.94 N/M**2
     SIDESLIP =       0.00 DEG                   ROLL =      0.00 DEG     
     REF AREA =      0.001 M**2         MOMENT CENTER =     0.250 M
     REF LENGTH =     0.65 M           LAT REF LENGTH =      0.65 M

                   ---------- DERIVATIVES (PER DEGREE) ----------
         ALPHA       CNA         CMA         CYB         CLNB        CLLB
        -10.00      0.4614     -0.1467     -0.3014      0.0910      0.0004
         -8.00      0.4107     -0.1299     -0.2701      0.0799      0.0003
         -6.00      0.3551     -0.1109     -0.2344      0.0670      0.0001
         -4.00      0.2856     -0.0863     -0.1970      0.0534      0.0000
         -2.00      0.1980     -0.0541     -0.1555      0.0381      0.0000
          0.00      0.1498     -0.0360     -0.1298      0.0283      0.0000
          2.00      0.1980     -0.0541     -0.1555      0.0381      0.0000
          4.00      0.2856     -0.0863     -0.1970      0.0534      0.0000
          6.00      0.3551     -0.1109     -0.2344      0.0670     -0.0001
          8.00      0.4107     -0.1299     -0.2701      0.0799     -0.0003
         10.00      0.4614     -0.1467     -0.3014      0.0910     -0.0004

    PANEL DEFLECTION ANGLES (DEGREES)
    SET    FIN 1   FIN 2   FIN 3   FIN 4   FIN 5   FIN 6   FIN 7   FIN 8
      1    0.00    0.00    0.00    0.00    0.00    0.00    0.00    0.00
1         ***** THE USAF AUTOMATED MISSILE DATCOM * REV 3/99 *****     CASE   1
               AERODYNAMIC METHODS FOR MISSILE CONFIGURATIONS          PAGE  26
                             BODY ALONE PARTIAL OUTPUT

       ******* FLIGHT CONDITIONS AND REFERENCE QUANTITIES *******
     MACH NO  =       0.90                REYNOLDS NO = 2.087E+07 /M
     ALTITUDE =        0.0 M         DYNAMIC PRESSURE =  57451.37 N/M**2
     SIDESLIP =       0.00 DEG                   ROLL =      0.00 DEG     
     REF AREA =      0.001 M**2         MOMENT CENTER =     0.250 M
     REF LENGTH =     0.65 M           LAT REF LENGTH =      0.65 M

      ALPHA    CA-FRIC  CA-PRES/WAVE CA-BASE    CA-PROT     CA-SEP     CA-ALP
     -10.00     0.1756     0.0411     0.1315                           0.0012
      -8.00     0.1775     0.0415     0.1319                           0.0014
      -6.00     0.1791     0.0419     0.1322                           0.0010
      -4.00     0.1802     0.0422     0.1323                           0.0005
      -2.00     0.1808     0.0423     0.1322                           0.0001
       0.00     0.1810     0.0424     0.1320                           0.0000
       2.00     0.1808     0.0423     0.1322                           0.0001
       4.00     0.1802     0.0422     0.1323                           0.0005
       6.00     0.1791     0.0419     0.1322                           0.0010
       8.00     0.1775     0.0415     0.1319                           0.0014
      10.00     0.1756     0.0411     0.1315                           0.0012

                     CROSS FLOW DRAG PROPORTIONALITY FACTOR = 0.76387

      ALPHA    CN-POTEN  CN-VISC   CN-SEP    CM-POTEN  CM-VISC   CM-SEP    CDC
     -10.00    -0.461    -0.408              -0.041     0.062             0.836
      -8.00    -0.372    -0.256              -0.033     0.039             0.817
      -6.00    -0.281    -0.141              -0.025     0.022             0.798
      -4.00    -0.188    -0.061              -0.017     0.009             0.778
      -2.00    -0.094    -0.015              -0.008     0.002             0.759
       0.00     0.000     0.000               0.000     0.000             0.740
       2.00     0.094     0.015               0.008    -0.002             0.759
       4.00     0.188     0.061               0.017    -0.009             0.778
       6.00     0.281     0.141               0.025    -0.022             0.798
       8.00     0.372     0.256               0.033    -0.039             0.817
      10.00     0.461     0.408               0.041    -0.062             0.836
1         ***** THE USAF AUTOMATED MISSILE DATCOM * REV 3/99 *****     CASE   1
               AERODYNAMIC METHODS FOR MISSILE CONFIGURATIONS          PAGE  27
                        FIN SET 1 CA PARTIAL OUTPUT

       ******* FLIGHT CONDITIONS AND REFERENCE QUANTITIES *******
     MACH NO  =       0.90                REYNOLDS NO = 2.087E+07 /M
     ALTITUDE =        0.0 M         DYNAMIC PRESSURE =  57451.37 N/M**2
     SIDESLIP =       0.00 DEG                   ROLL =      0.00 DEG     
     REF AREA =      0.001 M**2         MOMENT CENTER =     0.250 M
     REF LENGTH =     0.65 M           LAT REF LENGTH =      0.65 M

    SINGLE FIN PANEL ZERO-LIFT AXIAL FORCE COMPONENTS

    SKIN FRICTION        0.0111
    SUBSONIC PRESSURE    0.0009
    TRANSONIC WAVE       0.0131
    SUPERSONIC WAVE      0.0000
    LEADING EDGE         0.0000
    TRAILING EDGE        0.0000
    TOTAL CAO            0.0250

    FIN AXIAL FORCE DUE TO ANGLE OF ATTACK

    ALPHA      CA DUE TO LIFT (SINGLE PANEL)   CA-TOTAL (8 FINS)

     -10.00              0.0000                      0.1973
      -8.00              0.0000                      0.1984
      -6.00              0.0000                      0.1992
      -4.00              0.0000                      0.1998
      -2.00              0.0000                      0.2002
       0.00              0.0000                      0.2003
       2.00              0.0000                      0.2002
       4.00              0.0000                      0.1998
       6.00              0.0000                      0.1992
       8.00              0.0000                      0.1984
      10.00              0.0000                      0.1973
1         ***** THE USAF AUTOMATED MISSILE DATCOM * REV 3/99 *****     CASE   1
               AERODYNAMIC METHODS FOR MISSILE CONFIGURATIONS          PAGE  28
                       FIN SET 1 CN, CM PARTIAL OUTPUT

       ******* FLIGHT CONDITIONS AND REFERENCE QUANTITIES *******
     MACH NO  =       0.90                REYNOLDS NO = 2.087E+07 /M
     ALTITUDE =        0.0 M         DYNAMIC PRESSURE =  57451.37 N/M**2
     SIDESLIP =       0.00 DEG                   ROLL =      0.00 DEG     
     REF AREA =      0.001 M**2         MOMENT CENTER =     0.250 M
     REF LENGTH =     0.65 M           LAT REF LENGTH =      0.65 M

    NORMAL FORCE SLOPE AT ALPHA ZERO, CNA =    0.00484/DEG (1 PANEL)
         CENTER OF PRESSURE FOR LINEAR CN =   -0.41323 (CALIBERS FROM C.G.)
     CENTER OF PRESSURE FOR NON-LINEAR CN =   -0.47692 (CALIBERS FROM C.G.)

      ALPHA      CN        CN        CN        CM        CM        CM
               LINEAR  NON-LINEAR  TOTAL     LINEAR  NON-LINEAR  TOTAL

     -10.00   -0.1913   -0.3661   -0.5574    0.0791    0.1746    0.2537
      -8.00   -0.1538   -0.2350   -0.3887    0.0635    0.1121    0.1756
      -6.00   -0.1157   -0.1325   -0.2482    0.0478    0.0632    0.1110
      -4.00   -0.0774   -0.0589   -0.1363    0.0320    0.0281    0.0601
      -2.00   -0.0387   -0.0147   -0.0535    0.0160    0.0070    0.0230
       0.00    0.0000    0.0000    0.0000    0.0000    0.0000    0.0000
       2.00    0.0387    0.0147    0.0535   -0.0160   -0.0070   -0.0230
       4.00    0.0774    0.0589    0.1363   -0.0320   -0.0281   -0.0601
       6.00    0.1157    0.1325    0.2482   -0.0478   -0.0632   -0.1110
       8.00    0.1538    0.2350    0.3887   -0.0635   -0.1121   -0.1756
      10.00    0.1913    0.3661    0.5574   -0.0791   -0.1746   -0.2537
1         ***** THE USAF AUTOMATED MISSILE DATCOM * REV 3/99 *****     CASE   1
               AERODYNAMIC METHODS FOR MISSILE CONFIGURATIONS          PAGE  29
                 AERODYNAMIC FORCE AND MOMENT SYNTHESIS

       ******* FLIGHT CONDITIONS AND REFERENCE QUANTITIES *******
     MACH NO  =       0.90                REYNOLDS NO = 2.087E+07 /M
     ALTITUDE =        0.0 M         DYNAMIC PRESSURE =  57451.37 N/M**2
     SIDESLIP =       0.00 DEG                   ROLL =      0.00 DEG     
     REF AREA =      0.001 M**2         MOMENT CENTER =     0.250 M
     REF LENGTH =     0.65 M           LAT REF LENGTH =      0.65 M

          ---------------FIN SET 1 IN PRESENCE OF THE BODY----------------

      ALPHA       CN         CM         CA         CY         CLN        CLL

     -10.00    -1.0031     0.4145     0.2003     0.0000     0.0000     0.0000
      -8.00    -0.7314     0.3022     0.2003     0.0000     0.0000     0.0000
      -6.00    -0.4828     0.1995     0.2003     0.0000     0.0000     0.0000
      -4.00    -0.2670     0.1103     0.2003     0.0000     0.0000     0.0000
      -2.00    -0.0998     0.0412     0.2003     0.0000     0.0000     0.0000
       0.00     0.0000     0.0000     0.2003     0.0000     0.0000     0.0000
       2.00     0.0998    -0.0412     0.2003     0.0000     0.0000     0.0000
       4.00     0.2670    -0.1103     0.2003     0.0000     0.0000     0.0000
       6.00     0.4828    -0.1995     0.2003     0.0000     0.0000     0.0000
       8.00     0.7314    -0.3022     0.2003     0.0000     0.0000     0.0000
      10.00     1.0031    -0.4145     0.2003     0.0000     0.0000     0.0000
1         ***** THE USAF AUTOMATED MISSILE DATCOM * REV 3/99 *****     CASE   1
               AERODYNAMIC METHODS FOR MISSILE CONFIGURATIONS          PAGE  30
                 AERODYNAMIC FORCE AND MOMENT SYNTHESIS

       ******* FLIGHT CONDITIONS AND REFERENCE QUANTITIES *******
     MACH NO  =       0.90                REYNOLDS NO = 2.087E+07 /M
     ALTITUDE =        0.0 M         DYNAMIC PRESSURE =  57451.37 N/M**2
     SIDESLIP =       0.00 DEG                   ROLL =      0.00 DEG     
     REF AREA =      0.001 M**2         MOMENT CENTER =     0.250 M
     REF LENGTH =     0.65 M           LAT REF LENGTH =      0.65 M

          ---------------FIN SET 1 PANEL CHARACTERISTICS------------------

      ALPHA      PANEL    AEQ (PANEL AXIS SYS.)    PANEL CN

     -10.00        1              0.0000           0.0000
     -10.00        2            -11.3566          -0.1707
     -10.00        3            -15.6436          -0.2914
     -10.00        4             -9.4544          -0.1265
     -10.00        5              0.0000           0.0000
     -10.00        6              9.4544           0.1265
     -10.00        7             15.6436           0.2914
     -10.00        8             11.3566           0.1707
 
      -8.00        1              0.0000           0.0000
      -8.00        2             -9.2127          -0.1213
      -8.00        3            -12.8103          -0.2084
      -8.00        4             -8.2199          -0.1011
      -8.00        5              0.0000           0.0000
      -8.00        6              8.2199           0.1011
      -8.00        7             12.8103           0.2084
      -8.00        8              9.2127           0.1213
 
      -6.00        1              0.0000           0.0000
      -6.00        2             -6.9962          -0.0784
      -6.00        3             -9.8110          -0.1344
      -6.00        4             -6.6769          -0.0730
      -6.00        5              0.0000           0.0000
      -6.00        6              6.6769           0.0730
      -6.00        7              9.8110           0.1344
      -6.00        8              6.9962           0.0784
 
      -4.00        1              0.0000           0.0000
      -4.00        2             -4.7115          -0.0432
      -4.00        3             -6.6481          -0.0725
      -4.00        4             -4.7115          -0.0432
      -4.00        5              0.0000           0.0000
      -4.00        6              4.7115           0.0432
      -4.00        7              6.6481           0.0725
      -4.00        8              4.7115           0.0432
 
      -2.00        1              0.0000           0.0000
      -2.00        2             -2.3705          -0.0166
      -2.00        3             -3.3505          -0.0265
      -2.00        4             -2.3705          -0.0166
      -2.00        5              0.0000           0.0000
      -2.00        6              2.3705           0.0166
      -2.00        7              3.3505           0.0265
      -2.00        8              2.3705           0.0166
 
       0.00        1              0.0000           0.0000
       0.00        2              0.0000           0.0000
       0.00        3              0.0000           0.0000
       0.00        4              0.0000           0.0000
       0.00        5              0.0000           0.0000
       0.00        6              0.0000           0.0000
       0.00        7              0.0000           0.0000
       0.00        8              0.0000           0.0000
 
       2.00        1              0.0000           0.0000
       2.00        2              2.3705           0.0166
       2.00        3              3.3505           0.0265
       2.00        4              2.3705           0.0166
       2.00        5              0.0000           0.0000
       2.00        6             -2.3705          -0.0166
       2.00        7             -3.3505          -0.0265
       2.00        8             -2.3705          -0.0166
 
       4.00        1              0.0000           0.0000
       4.00        2              4.7115           0.0432
       4.00        3              6.6481           0.0725
       4.00        4              4.7115           0.0432
       4.00        5              0.0000           0.0000
       4.00        6             -4.7115          -0.0432
       4.00        7             -6.6481          -0.0725
       4.00        8             -4.7115          -0.0432
 
       6.00        1              0.0000           0.0000
       6.00        2              6.6769           0.0730
       6.00        3              9.8110           0.1344
       6.00        4              6.9962           0.0784
       6.00        5              0.0000           0.0000
       6.00        6             -6.9962          -0.0784
       6.00        7             -9.8110          -0.1344
       6.00        8             -6.6769          -0.0730
 
       8.00        1              0.0000           0.0000
       8.00        2              8.2199           0.1011
       8.00        3             12.8103           0.2084
       8.00        4              9.2127           0.1213
       8.00        5              0.0000           0.0000
       8.00        6             -9.2127          -0.1213
       8.00        7            -12.8103          -0.2084
       8.00        8             -8.2199          -0.1011
 
      10.00        1              0.0000           0.0000
      10.00        2              9.4544           0.1265
      10.00        3             15.6436           0.2914
      10.00        4             11.3566           0.1707
      10.00        5              0.0000           0.0000
      10.00        6            -11.3566          -0.1707
      10.00        7            -15.6436          -0.2914
      10.00        8             -9.4544          -0.1265
 
1         ***** THE USAF AUTOMATED MISSILE DATCOM * REV 3/99 *****     CASE   1
               AERODYNAMIC METHODS FOR MISSILE CONFIGURATIONS          PAGE  31
                 AERODYNAMIC FORCE AND MOMENT SYNTHESIS

       ******* FLIGHT CONDITIONS AND REFERENCE QUANTITIES *******
     MACH NO  =       0.90                REYNOLDS NO = 2.087E+07 /M
     ALTITUDE =        0.0 M         DYNAMIC PRESSURE =  57451.37 N/M**2
     SIDESLIP =       0.00 DEG                   ROLL =      0.00 DEG     
     REF AREA =      0.001 M**2         MOMENT CENTER =     0.250 M
     REF LENGTH =     0.65 M           LAT REF LENGTH =      0.65 M

             CARRYOVER INTERFERENCE FACTORS - FIN SET 1

      ALPHA   K-W(B)   K-B(W)  KK-W(B)  KK-B(W)  XCP-W(B) XCP-B(W) Y-CP/(B/2)

     -10.00   1.6243   1.1241   0.9535   0.6600   0.4132   0.4077   0.4565
      -8.00   1.6402   1.1241   0.9535   0.6600   0.4132   0.4077   0.4650
      -6.00   1.6545   1.1241   0.9535   0.6600   0.4132   0.4077   0.4725
      -4.00   1.6668   1.1241   0.9535   0.6600   0.4132   0.4077   0.4786
      -2.00   1.6765   1.1241   0.9535   0.6600   0.4132   0.4077   0.4832
       0.00   1.6818   1.1241   0.9535   0.6600   0.4132   0.4077   0.4860
       2.00   1.6765   1.1241   0.9535   0.6600   0.4132   0.4077   0.4832
       4.00   1.6668   1.1241   0.9535   0.6600   0.4132   0.4077   0.4786
       6.00   1.6545   1.1241   0.9535   0.6600   0.4132   0.4077   0.4734
       8.00   1.6402   1.1241   0.9535   0.6600   0.4132   0.4077   0.4685
      10.00   1.6243   1.1241   0.9535   0.6600   0.4132   0.4077   0.4641

    NOTE - XCP-W(B) USED FOR STABILITY ONLY DIFFERENT VALUES USED FOR HINGE MOMENTS
1         ***** THE USAF AUTOMATED MISSILE DATCOM * REV 3/99 *****     CASE   1
               AERODYNAMIC METHODS FOR MISSILE CONFIGURATIONS          PAGE  32
        FIN SET 1 PANEL BENDING MOMENTS (ABOUT EXPOSED ROOT CHORD)

       ******* FLIGHT CONDITIONS AND REFERENCE QUANTITIES *******
     MACH NO  =       0.90                REYNOLDS NO = 2.087E+07 /M
     ALTITUDE =        0.0 M         DYNAMIC PRESSURE =  57451.37 N/M**2
     SIDESLIP =       0.00 DEG                   ROLL =      0.00 DEG     
     REF AREA =      0.001 M**2         MOMENT CENTER =     0.250 M
     REF LENGTH =     0.65 M           LAT REF LENGTH =      0.65 M

   ALPHA   PANL 1   PANL 2   PANL 3   PANL 4   PANL 5   PANL 6   PANL 7   PANL 8
 
   -10.0  0.00E+00 -1.14E-03 -1.94E-03 -8.44E-04 -1.11E-10  8.44E-04  1.94E-03  1.14E-03
    -8.0  0.00E+00 -8.25E-04 -1.42E-03 -6.87E-04 -8.49E-11  6.87E-04  1.42E-03  8.25E-04
    -6.0  0.00E+00 -5.42E-04 -9.28E-04 -5.04E-04 -5.70E-11  5.04E-04  9.28E-04  5.42E-04
    -4.0  0.00E+00 -3.02E-04 -5.07E-04 -3.02E-04 -4.17E-11  3.02E-04  5.07E-04  3.02E-04
    -2.0  0.00E+00 -1.17E-04 -1.87E-04 -1.17E-04 -2.11E-11  1.17E-04  1.87E-04  1.17E-04
     0.0  0.00E+00  0.00E+00  0.00E+00  0.00E+00  0.00E+00  0.00E+00  0.00E+00  0.00E+00
     2.0  0.00E+00  1.17E-04  1.87E-04  1.17E-04  2.11E-11 -1.17E-04 -1.87E-04 -1.17E-04
     4.0  0.00E+00  3.02E-04  5.07E-04  3.02E-04  4.17E-11 -3.02E-04 -5.07E-04 -3.02E-04
     6.0  4.42E-12  5.05E-04  9.30E-04  5.43E-04  6.15E-11 -5.43E-04 -9.30E-04 -5.05E-04
     8.0 -4.83E-12  6.92E-04  1.43E-03  8.31E-04  8.07E-11 -8.31E-04 -1.43E-03 -6.92E-04
    10.0 -1.31E-11  8.58E-04  1.98E-03  1.16E-03  9.93E-11 -1.16E-03 -1.98E-03 -8.58E-04
1         ***** THE USAF AUTOMATED MISSILE DATCOM * REV 3/99 *****     CASE   1
               AERODYNAMIC METHODS FOR MISSILE CONFIGURATIONS          PAGE  33
            FIN SET 1 PANEL HINGE MOMENTS (ABOUT HINGE LINE)

       ******* FLIGHT CONDITIONS AND REFERENCE QUANTITIES *******
     MACH NO  =       0.90                REYNOLDS NO = 2.087E+07 /M
     ALTITUDE =        0.0 M         DYNAMIC PRESSURE =  57451.37 N/M**2
     SIDESLIP =       0.00 DEG                   ROLL =      0.00 DEG     
     REF AREA =      0.001 M**2         MOMENT CENTER =     0.250 M
     REF LENGTH =     0.65 M           LAT REF LENGTH =      0.65 M

   ALPHA   PANL 1   PANL 2   PANL 3   PANL 4   PANL 5   PANL 6   PANL 7   PANL 8
 
   -10.0  0.00E+00 -2.42E-02 -3.99E-02 -1.82E-02 -2.46E-09  1.82E-02  3.99E-02  2.42E-02
    -8.0  0.00E+00 -1.74E-02 -2.92E-02 -1.46E-02 -1.86E-09  1.46E-02  2.92E-02  1.74E-02
    -6.0  0.00E+00 -1.14E-02 -1.92E-02 -1.06E-02 -1.23E-09  1.06E-02  1.92E-02  1.14E-02
    -4.0  0.00E+00 -6.34E-03 -1.06E-02 -6.34E-03 -8.86E-10  6.34E-03  1.06E-02  6.34E-03
    -2.0  0.00E+00 -2.45E-03 -3.90E-03 -2.45E-03 -4.45E-10  2.45E-03  3.90E-03  2.45E-03
     0.0  0.00E+00  0.00E+00  0.00E+00  0.00E+00  0.00E+00  0.00E+00  0.00E+00  0.00E+00
     2.0  0.00E+00  2.45E-03  3.90E-03  2.45E-03  4.45E-10 -2.45E-03 -3.90E-03 -2.45E-03
     4.0  0.00E+00  6.34E-03  1.06E-02  6.34E-03  8.86E-10 -6.34E-03 -1.06E-02 -6.34E-03
     6.0  9.50E-11  1.06E-02  1.92E-02  1.14E-02  1.32E-09 -1.14E-02 -1.92E-02 -1.06E-02
     8.0 -1.05E-10  1.46E-02  2.92E-02  1.74E-02  1.75E-09 -1.74E-02 -2.92E-02 -1.46E-02
    10.0 -2.87E-10  1.82E-02  3.99E-02  2.42E-02  2.18E-09 -2.42E-02 -3.99E-02 -1.82E-02
1         ***** THE USAF AUTOMATED MISSILE DATCOM * REV 3/99 *****     CASE   1
               AERODYNAMIC METHODS FOR MISSILE CONFIGURATIONS          PAGE  34
                   STATIC AERODYNAMICS FOR BODY-FIN SET 1

       ******* FLIGHT CONDITIONS AND REFERENCE QUANTITIES *******
     MACH NO  =       0.90                REYNOLDS NO = 2.087E+07 /M
     ALTITUDE =        0.0 M         DYNAMIC PRESSURE =  57451.37 N/M**2
     SIDESLIP =       0.00 DEG                   ROLL =      0.00 DEG     
     REF AREA =      0.001 M**2         MOMENT CENTER =     0.250 M
     REF LENGTH =     0.65 M           LAT REF LENGTH =      0.65 M

                   ----- LONGITUDINAL -----     -- LATERAL DIRECTIONAL --
         ALPHA       CN        CM        CA        CY       CLN       CLL

        -10.00    -2.567     0.719     0.550     0.000     0.000     0.000
         -8.00    -1.861     0.513     0.553     0.000     0.000     0.000
         -6.00    -1.233     0.330     0.554     0.000     0.000     0.000
         -4.00    -0.697     0.176     0.555     0.000     0.000     0.000
         -2.00    -0.276     0.062     0.556     0.000     0.000     0.000
          0.00     0.000     0.000     0.556     0.000     0.000     0.000
          2.00     0.276    -0.062     0.556     0.000     0.000     0.000
          4.00     0.697    -0.176     0.555     0.000     0.000     0.000
          6.00     1.233    -0.330     0.554     0.000     0.000     0.000
          8.00     1.861    -0.513     0.553     0.000     0.000     0.000
         10.00     2.567    -0.719     0.550     0.000     0.000     0.000

         ALPHA       CL        CD      CL/CD     X-C.P.

        -10.00    -2.433     0.987    -2.464    -0.280
         -8.00    -1.766     0.806    -2.191    -0.276
         -6.00    -1.169     0.680    -1.718    -0.268
         -4.00    -0.656     0.603    -1.089    -0.253
         -2.00    -0.257     0.565    -0.454    -0.226
          0.00     0.000     0.556     0.000    -0.226
          2.00     0.257     0.565     0.454    -0.226
          4.00     0.656     0.603     1.089    -0.253
          6.00     1.169     0.680     1.718    -0.268
          8.00     1.766     0.806     2.191    -0.276
         10.00     2.433     0.987     2.464    -0.280

    X-C.P. MEAS. FROM MOMENT CENTER IN REF. LENGTHS, NEG. AFT OF MOMENT CENTER
1         ***** THE USAF AUTOMATED MISSILE DATCOM * REV 3/99 *****     CASE   1
               AERODYNAMIC METHODS FOR MISSILE CONFIGURATIONS          PAGE  35
                   STATIC AERODYNAMICS FOR BODY-FIN SET 1

       ******* FLIGHT CONDITIONS AND REFERENCE QUANTITIES *******
     MACH NO  =       0.90                REYNOLDS NO = 2.087E+07 /M
     ALTITUDE =        0.0 M         DYNAMIC PRESSURE =  57451.37 N/M**2
     SIDESLIP =       0.00 DEG                   ROLL =      0.00 DEG     
     REF AREA =      0.001 M**2         MOMENT CENTER =     0.250 M
     REF LENGTH =     0.65 M           LAT REF LENGTH =      0.65 M

                   ---------- DERIVATIVES (PER DEGREE) ----------
         ALPHA       CNA         CMA         CYB         CLNB        CLLB
        -10.00      0.3723     -0.1090     -0.2488      0.0690      0.0003
         -8.00      0.3334     -0.0973     -0.2267      0.0618      0.0002
         -6.00      0.2910     -0.0841     -0.2009      0.0531      0.0001
         -4.00      0.2391     -0.0669     -0.1733      0.0437      0.0000
         -2.00      0.1740     -0.0441     -0.1423      0.0327      0.0000
          0.00      0.1381     -0.0312     -0.1237      0.0258      0.0000
          2.00      0.1740     -0.0441     -0.1423      0.0327      0.0000
          4.00      0.2391     -0.0669     -0.1733      0.0437      0.0000
          6.00      0.2910     -0.0841     -0.2009      0.0531     -0.0001
          8.00      0.3334     -0.0973     -0.2267      0.0618     -0.0002
         10.00      0.3723     -0.1090     -0.2488      0.0690     -0.0003

    PANEL DEFLECTION ANGLES (DEGREES)
    SET    FIN 1   FIN 2   FIN 3   FIN 4   FIN 5   FIN 6   FIN 7   FIN 8
      1    0.00    0.00    0.00    0.00    0.00    0.00    0.00    0.00
1         ***** THE USAF AUTOMATED MISSILE DATCOM * REV 3/99 *****     CASE   1
               AERODYNAMIC METHODS FOR MISSILE CONFIGURATIONS          PAGE  36
                             BODY ALONE PARTIAL OUTPUT

       ******* FLIGHT CONDITIONS AND REFERENCE QUANTITIES *******
     MACH NO  =       1.10                REYNOLDS NO = 2.550E+07 /M
     ALTITUDE =        0.0 M         DYNAMIC PRESSURE =  85822.41 N/M**2
     SIDESLIP =       0.00 DEG                   ROLL =      0.00 DEG     
     REF AREA =      0.001 M**2         MOMENT CENTER =     0.250 M
     REF LENGTH =     0.65 M           LAT REF LENGTH =      0.65 M

      ALPHA    CA-FRIC  CA-PRES/WAVE CA-BASE    CA-PROT     CA-SEP     CA-ALP
     -10.00     0.1661     0.1222     0.2013                           0.0019
      -8.00     0.1679     0.1235     0.2021                           0.0019
      -6.00     0.1694     0.1246     0.2027                           0.0014
      -4.00     0.1704     0.1253     0.2031                           0.0007
      -2.00     0.1710     0.1258     0.2032                           0.0002
       0.00     0.1712     0.1260     0.2030                           0.0000
       2.00     0.1710     0.1258     0.2032                           0.0002
       4.00     0.1704     0.1253     0.2031                           0.0007
       6.00     0.1694     0.1246     0.2027                           0.0014
       8.00     0.1679     0.1235     0.2021                           0.0019
      10.00     0.1661     0.1222     0.2013                           0.0019

                     CROSS FLOW DRAG PROPORTIONALITY FACTOR = 0.97277

      ALPHA    CN-POTEN  CN-VISC   CN-SEP    CM-POTEN  CM-VISC   CM-SEP    CDC
     -10.00    -0.505    -0.533              -0.037     0.081             0.857
      -8.00    -0.407    -0.333              -0.030     0.051             0.834
      -6.00    -0.308    -0.183              -0.022     0.028             0.810
      -4.00    -0.206    -0.079              -0.015     0.012             0.787
      -2.00    -0.103    -0.019              -0.008     0.003             0.764
       0.00     0.000     0.000               0.000     0.000             0.740
       2.00     0.103     0.019               0.008    -0.003             0.764
       4.00     0.206     0.079               0.015    -0.012             0.787
       6.00     0.308     0.183               0.022    -0.028             0.810
       8.00     0.407     0.333               0.030    -0.051             0.834
      10.00     0.505     0.533               0.037    -0.081             0.857
1         ***** THE USAF AUTOMATED MISSILE DATCOM * REV 3/99 *****     CASE   1
               AERODYNAMIC METHODS FOR MISSILE CONFIGURATIONS          PAGE  37
                        FIN SET 1 CA PARTIAL OUTPUT

       ******* FLIGHT CONDITIONS AND REFERENCE QUANTITIES *******
     MACH NO  =       1.10                REYNOLDS NO = 2.550E+07 /M
     ALTITUDE =        0.0 M         DYNAMIC PRESSURE =  85822.41 N/M**2
     SIDESLIP =       0.00 DEG                   ROLL =      0.00 DEG     
     REF AREA =      0.001 M**2         MOMENT CENTER =     0.250 M
     REF LENGTH =     0.65 M           LAT REF LENGTH =      0.65 M

    SINGLE FIN PANEL ZERO-LIFT AXIAL FORCE COMPONENTS

    SKIN FRICTION        0.0105
    SUBSONIC PRESSURE    0.0004
    TRANSONIC WAVE       0.0000
    SUPERSONIC WAVE      0.0236
    LEADING EDGE         0.0000
    TRAILING EDGE        0.0000
    TOTAL CAO            0.0345

    FIN AXIAL FORCE DUE TO ANGLE OF ATTACK

    ALPHA      CA DUE TO LIFT (SINGLE PANEL)   CA-TOTAL (8 FINS)

     -10.00              0.0000                      0.2716
      -8.00              0.0000                      0.2731
      -6.00              0.0000                      0.2742
      -4.00              0.0000                      0.2751
      -2.00              0.0000                      0.2756
       0.00              0.0000                      0.2757
       2.00              0.0000                      0.2756
       4.00              0.0000                      0.2751
       6.00              0.0000                      0.2742
       8.00              0.0000                      0.2731
      10.00              0.0000                      0.2716
1         ***** THE USAF AUTOMATED MISSILE DATCOM * REV 3/99 *****     CASE   1
               AERODYNAMIC METHODS FOR MISSILE CONFIGURATIONS          PAGE  38
                       FIN SET 1 CN, CM PARTIAL OUTPUT

       ******* FLIGHT CONDITIONS AND REFERENCE QUANTITIES *******
     MACH NO  =       1.10                REYNOLDS NO = 2.550E+07 /M
     ALTITUDE =        0.0 M         DYNAMIC PRESSURE =  85822.41 N/M**2
     SIDESLIP =       0.00 DEG                   ROLL =      0.00 DEG     
     REF AREA =      0.001 M**2         MOMENT CENTER =     0.250 M
     REF LENGTH =     0.65 M           LAT REF LENGTH =      0.65 M

    NORMAL FORCE SLOPE AT ALPHA ZERO, CNA =    0.00492/DEG (1 PANEL)
         CENTER OF PRESSURE FOR LINEAR CN =   -0.48246 (CALIBERS FROM C.G.)
     CENTER OF PRESSURE FOR NON-LINEAR CN =   -0.47692 (CALIBERS FROM C.G.)

      ALPHA      CN        CN        CN        CM        CM        CM
               LINEAR  NON-LINEAR  TOTAL     LINEAR  NON-LINEAR  TOTAL

     -10.00   -0.1945   -0.2634   -0.4579    0.0938    0.1256    0.2195
      -8.00   -0.1563   -0.1692   -0.3255    0.0754    0.0807    0.1561
      -6.00   -0.1177   -0.0954   -0.2131    0.0568    0.0455    0.1023
      -4.00   -0.0786   -0.0425   -0.1211    0.0379    0.0203    0.0582
      -2.00   -0.0394   -0.0106   -0.0500    0.0190    0.0051    0.0241
       0.00    0.0000    0.0000    0.0000    0.0000    0.0000    0.0000
       2.00    0.0394    0.0106    0.0500   -0.0190   -0.0051   -0.0241
       4.00    0.0786    0.0425    0.1211   -0.0379   -0.0203   -0.0582
       6.00    0.1177    0.0954    0.2131   -0.0568   -0.0455   -0.1023
       8.00    0.1563    0.1692    0.3255   -0.0754   -0.0807   -0.1561
      10.00    0.1945    0.2634    0.4579   -0.0938   -0.1256   -0.2195
1         ***** THE USAF AUTOMATED MISSILE DATCOM * REV 3/99 *****     CASE   1
               AERODYNAMIC METHODS FOR MISSILE CONFIGURATIONS          PAGE  39
                 AERODYNAMIC FORCE AND MOMENT SYNTHESIS

       ******* FLIGHT CONDITIONS AND REFERENCE QUANTITIES *******
     MACH NO  =       1.10                REYNOLDS NO = 2.550E+07 /M
     ALTITUDE =        0.0 M         DYNAMIC PRESSURE =  85822.41 N/M**2
     SIDESLIP =       0.00 DEG                   ROLL =      0.00 DEG     
     REF AREA =      0.001 M**2         MOMENT CENTER =     0.250 M
     REF LENGTH =     0.65 M           LAT REF LENGTH =      0.65 M

          ---------------FIN SET 1 IN PRESENCE OF THE BODY----------------

      ALPHA       CN         CM         CA         CY         CLN        CLL

     -10.00    -0.7964     0.3842     0.2757     0.0000     0.0000     0.0000
      -8.00    -0.5923     0.2857     0.2757     0.0000     0.0000     0.0000
      -6.00    -0.4010     0.1935     0.2757     0.0000     0.0000     0.0000
      -4.00    -0.2299     0.1109     0.2757     0.0000     0.0000     0.0000
      -2.00    -0.0911     0.0439     0.2757     0.0000     0.0000     0.0000
       0.00     0.0000     0.0000     0.2757     0.0000     0.0000     0.0000
       2.00     0.0911    -0.0439     0.2757     0.0000     0.0000     0.0000
       4.00     0.2299    -0.1109     0.2757     0.0000     0.0000     0.0000
       6.00     0.4010    -0.1935     0.2757     0.0000     0.0000     0.0000
       8.00     0.5923    -0.2857     0.2757     0.0000     0.0000     0.0000
      10.00     0.7964    -0.3842     0.2757     0.0000     0.0000     0.0000
1         ***** THE USAF AUTOMATED MISSILE DATCOM * REV 3/99 *****     CASE   1
               AERODYNAMIC METHODS FOR MISSILE CONFIGURATIONS          PAGE  40
                 AERODYNAMIC FORCE AND MOMENT SYNTHESIS

       ******* FLIGHT CONDITIONS AND REFERENCE QUANTITIES *******
     MACH NO  =       1.10                REYNOLDS NO = 2.550E+07 /M
     ALTITUDE =        0.0 M         DYNAMIC PRESSURE =  85822.41 N/M**2
     SIDESLIP =       0.00 DEG                   ROLL =      0.00 DEG     
     REF AREA =      0.001 M**2         MOMENT CENTER =     0.250 M
     REF LENGTH =     0.65 M           LAT REF LENGTH =      0.65 M

          ---------------FIN SET 1 PANEL CHARACTERISTICS------------------

      ALPHA      PANEL    AEQ (PANEL AXIS SYS.)    PANEL CN

     -10.00        1              0.0000           0.0000
     -10.00        2            -11.3005          -0.1376
     -10.00        3            -15.5608          -0.2286
     -10.00        4             -9.3348          -0.1024
     -10.00        5              0.0000           0.0000
     -10.00        6              9.3348           0.1024
     -10.00        7             15.5608           0.2286
     -10.00        8             11.3005           0.1376
 
      -8.00        1              0.0000           0.0000
      -8.00        2             -9.1798          -0.0998
      -8.00        3            -12.7621          -0.1666
      -8.00        4             -8.1559          -0.0834
      -8.00        5              0.0000           0.0000
      -8.00        6              8.1559           0.0834
      -8.00        7             12.7621           0.1666
      -8.00        8              9.1798           0.0998
 
      -6.00        1              0.0000           0.0000
      -6.00        2             -6.9799          -0.0662
      -6.00        3             -9.7875          -0.1101
      -6.00        4             -6.6511          -0.0617
      -6.00        5              0.0000           0.0000
      -6.00        6              6.6511           0.0617
      -6.00        7              9.7875           0.1101
      -6.00        8              6.9799           0.0662
 
      -4.00        1              0.0000           0.0000
      -4.00        2             -4.7055          -0.0378
      -4.00        3             -6.6397          -0.0615
      -4.00        4             -4.7055          -0.0378
      -4.00        5              0.0000           0.0000
      -4.00        6              4.7055           0.0378
      -4.00        7              6.6397           0.0615
      -4.00        8              4.7055           0.0378
 
      -2.00        1              0.0000           0.0000
      -2.00        2             -2.3694          -0.0153
      -2.00        3             -3.3490          -0.0239
      -2.00        4             -2.3694          -0.0153
      -2.00        5              0.0000           0.0000
      -2.00        6              2.3694           0.0153
      -2.00        7              3.3490           0.0239
      -2.00        8              2.3695           0.0153
 
       0.00        1              0.0000           0.0000
       0.00        2              0.0000           0.0000
       0.00        3              0.0000           0.0000
       0.00        4              0.0000           0.0000
       0.00        5              0.0000           0.0000
       0.00        6              0.0000           0.0000
       0.00        7              0.0000           0.0000
       0.00        8              0.0000           0.0000
 
       2.00        1              0.0000           0.0000
       2.00        2              2.3694           0.0153
       2.00        3              3.3490           0.0239
       2.00        4              2.3694           0.0153
       2.00        5              0.0000           0.0000
       2.00        6             -2.3694          -0.0153
       2.00        7             -3.3490          -0.0239
       2.00        8             -2.3695          -0.0153
 
       4.00        1              0.0000           0.0000
       4.00        2              4.7055           0.0378
       4.00        3              6.6397           0.0615
       4.00        4              4.7055           0.0378
       4.00        5              0.0000           0.0000
       4.00        6             -4.7055          -0.0378
       4.00        7             -6.6397          -0.0615
       4.00        8             -4.7055          -0.0378
 
       6.00        1              0.0000           0.0000
       6.00        2              6.6511           0.0617
       6.00        3              9.7875           0.1101
       6.00        4              6.9799           0.0662
       6.00        5              0.0000           0.0000
       6.00        6             -6.9799          -0.0662
       6.00        7             -9.7875          -0.1101
       6.00        8             -6.6511          -0.0617
 
       8.00        1              0.0000           0.0000
       8.00        2              8.1559           0.0834
       8.00        3             12.7621           0.1666
       8.00        4              9.1798           0.0998
       8.00        5              0.0000           0.0000
       8.00        6             -9.1798          -0.0998
       8.00        7            -12.7621          -0.1666
       8.00        8             -8.1559          -0.0834
 
      10.00        1              0.0000           0.0000
      10.00        2              9.3348           0.1024
      10.00        3             15.5608           0.2286
      10.00        4             11.3005           0.1376
      10.00        5              0.0000           0.0000
      10.00        6            -11.3005          -0.1376
      10.00        7            -15.5608          -0.2286
      10.00        8             -9.3348          -0.1024
 
1         ***** THE USAF AUTOMATED MISSILE DATCOM * REV 3/99 *****     CASE   1
               AERODYNAMIC METHODS FOR MISSILE CONFIGURATIONS          PAGE  41
                 AERODYNAMIC FORCE AND MOMENT SYNTHESIS

       ******* FLIGHT CONDITIONS AND REFERENCE QUANTITIES *******
     MACH NO  =       1.10                REYNOLDS NO = 2.550E+07 /M
     ALTITUDE =        0.0 M         DYNAMIC PRESSURE =  85822.41 N/M**2
     SIDESLIP =       0.00 DEG                   ROLL =      0.00 DEG     
     REF AREA =      0.001 M**2         MOMENT CENTER =     0.250 M
     REF LENGTH =     0.65 M           LAT REF LENGTH =      0.65 M

             CARRYOVER INTERFERENCE FACTORS - FIN SET 1

      ALPHA   K-W(B)   K-B(W)  KK-W(B)  KK-B(W)  XCP-W(B) XCP-B(W) Y-CP/(B/2)

     -10.00   1.6165   1.1241   0.9535   0.6600   0.4825   0.4077   0.4478
      -8.00   1.6344   1.1241   0.9535   0.6600   0.4825   0.4077   0.4529
      -6.00   1.6507   1.1241   0.9535   0.6600   0.4825   0.4077   0.4574
      -4.00   1.6647   1.1241   0.9535   0.6600   0.4825   0.4077   0.4613
      -2.00   1.6757   1.1241   0.9535   0.6600   0.4825   0.4077   0.4643
       0.00   1.6818   1.1241   0.9535   0.6600   0.4825   0.4077   0.4664
       2.00   1.6757   1.1241   0.9535   0.6600   0.4825   0.4077   0.4643
       4.00   1.6647   1.1241   0.9535   0.6600   0.4825   0.4077   0.4613
       6.00   1.6507   1.1241   0.9535   0.6600   0.4825   0.4077   0.4581
       8.00   1.6344   1.1241   0.9535   0.6600   0.4825   0.4077   0.4551
      10.00   1.6165   1.1241   0.9535   0.6600   0.4825   0.4077   0.4526

    NOTE - XCP-W(B) USED FOR STABILITY ONLY DIFFERENT VALUES USED FOR HINGE MOMENTS
1         ***** THE USAF AUTOMATED MISSILE DATCOM * REV 3/99 *****     CASE   1
               AERODYNAMIC METHODS FOR MISSILE CONFIGURATIONS          PAGE  42
        FIN SET 1 PANEL BENDING MOMENTS (ABOUT EXPOSED ROOT CHORD)

       ******* FLIGHT CONDITIONS AND REFERENCE QUANTITIES *******
     MACH NO  =       1.10                REYNOLDS NO = 2.550E+07 /M
     ALTITUDE =        0.0 M         DYNAMIC PRESSURE =  85822.41 N/M**2
     SIDESLIP =       0.00 DEG                   ROLL =      0.00 DEG     
     REF AREA =      0.001 M**2         MOMENT CENTER =     0.250 M
     REF LENGTH =     0.65 M           LAT REF LENGTH =      0.65 M

   ALPHA   PANL 1   PANL 2   PANL 3   PANL 4   PANL 5   PANL 6   PANL 7   PANL 8
 
   -10.0  2.39E-12 -9.00E-04 -1.50E-03 -6.70E-04 -1.06E-10  6.70E-04  1.50E-03  9.00E-04
    -8.0  0.00E+00 -6.61E-04 -1.10E-03 -5.52E-04 -7.34E-11  5.52E-04  1.10E-03  6.61E-04
    -6.0  0.00E+00 -4.43E-04 -7.36E-04 -4.12E-04 -5.32E-11  4.12E-04  7.36E-04  4.43E-04
    -4.0  0.00E+00 -2.55E-04 -4.15E-04 -2.55E-04 -3.87E-11  2.55E-04  4.15E-04  2.55E-04
    -2.0  0.00E+00 -1.04E-04 -1.62E-04 -1.04E-04 -1.96E-11  1.04E-04  1.62E-04  1.04E-04
     0.0  0.00E+00  0.00E+00  0.00E+00  0.00E+00  0.00E+00  0.00E+00  0.00E+00  0.00E+00
     2.0  0.00E+00  1.04E-04  1.62E-04  1.04E-04  1.96E-11 -1.04E-04 -1.62E-04 -1.04E-04
     4.0  0.00E+00  2.55E-04  4.15E-04  2.55E-04  3.87E-11 -2.55E-04 -4.15E-04 -2.55E-04
     6.0  3.89E-12  4.13E-04  7.37E-04  4.43E-04  5.72E-11 -4.43E-04 -7.37E-04 -4.13E-04
     8.0  1.46E-12  5.55E-04  1.11E-03  6.64E-04  7.53E-11 -6.64E-04 -1.11E-03 -5.55E-04
    10.0 -1.45E-11  6.77E-04  1.51E-03  9.10E-04  9.53E-11 -9.10E-04 -1.51E-03 -6.77E-04
1         ***** THE USAF AUTOMATED MISSILE DATCOM * REV 3/99 *****     CASE   1
               AERODYNAMIC METHODS FOR MISSILE CONFIGURATIONS          PAGE  43
            FIN SET 1 PANEL HINGE MOMENTS (ABOUT HINGE LINE)

       ******* FLIGHT CONDITIONS AND REFERENCE QUANTITIES *******
     MACH NO  =       1.10                REYNOLDS NO = 2.550E+07 /M
     ALTITUDE =        0.0 M         DYNAMIC PRESSURE =  85822.41 N/M**2
     SIDESLIP =       0.00 DEG                   ROLL =      0.00 DEG     
     REF AREA =      0.001 M**2         MOMENT CENTER =     0.250 M
     REF LENGTH =     0.65 M           LAT REF LENGTH =      0.65 M

   ALPHA   PANL 1   PANL 2   PANL 3   PANL 4   PANL 5   PANL 6   PANL 7   PANL 8
 
   -10.0  5.22E-11 -1.90E-02 -3.10E-02 -1.43E-02 -2.32E-09  1.43E-02  3.10E-02  1.90E-02
    -8.0  0.00E+00 -1.39E-02 -2.29E-02 -1.17E-02 -1.59E-09  1.17E-02  2.29E-02  1.39E-02
    -6.0  0.00E+00 -9.32E-03 -1.53E-02 -8.69E-03 -1.14E-09  8.69E-03  1.53E-02  9.32E-03
    -4.0  0.00E+00 -5.35E-03 -8.67E-03 -5.35E-03 -8.19E-10  5.35E-03  8.67E-03  5.35E-03
    -2.0  0.00E+00 -2.18E-03 -3.39E-03 -2.18E-03 -4.12E-10  2.18E-03  3.39E-03  2.18E-03
     0.0  0.00E+00  0.00E+00  0.00E+00  0.00E+00  0.00E+00  0.00E+00  0.00E+00  0.00E+00
     2.0  0.00E+00  2.18E-03  3.39E-03  2.18E-03  4.12E-10 -2.18E-03 -3.39E-03 -2.18E-03
     4.0  0.00E+00  5.35E-03  8.67E-03  5.35E-03  8.19E-10 -5.35E-03 -8.67E-03 -5.35E-03
     6.0  8.31E-11  8.69E-03  1.53E-02  9.32E-03  1.22E-09 -9.32E-03 -1.53E-02 -8.69E-03
     8.0  3.13E-11  1.17E-02  2.29E-02  1.39E-02  1.62E-09 -1.39E-02 -2.29E-02 -1.17E-02
    10.0 -3.13E-10  1.43E-02  3.10E-02  1.90E-02  2.06E-09 -1.90E-02 -3.10E-02 -1.43E-02
1         ***** THE USAF AUTOMATED MISSILE DATCOM * REV 3/99 *****     CASE   1
               AERODYNAMIC METHODS FOR MISSILE CONFIGURATIONS          PAGE  44
                   STATIC AERODYNAMICS FOR BODY-FIN SET 1

       ******* FLIGHT CONDITIONS AND REFERENCE QUANTITIES *******
     MACH NO  =       1.10                REYNOLDS NO = 2.550E+07 /M
     ALTITUDE =        0.0 M         DYNAMIC PRESSURE =  85822.41 N/M**2
     SIDESLIP =       0.00 DEG                   ROLL =      0.00 DEG     
     REF AREA =      0.001 M**2         MOMENT CENTER =     0.250 M
     REF LENGTH =     0.65 M           LAT REF LENGTH =      0.65 M

                   ----- LONGITUDINAL -----     -- LATERAL DIRECTIONAL --
         ALPHA       CN        CM        CA        CY       CLN       CLL

        -10.00    -2.388     0.655     0.767     0.000     0.000     0.000
         -8.00    -1.740     0.473     0.771     0.000     0.000     0.000
         -6.00    -1.165     0.310     0.774     0.000     0.000     0.000
         -4.00    -0.670     0.171     0.775     0.000     0.000     0.000
         -2.00    -0.275     0.064     0.776     0.000     0.000     0.000
          0.00     0.000     0.000     0.776     0.000     0.000     0.000
          2.00     0.275    -0.064     0.776     0.000     0.000     0.000
          4.00     0.670    -0.171     0.775     0.000     0.000     0.000
          6.00     1.165    -0.310     0.774     0.000     0.000     0.000
          8.00     1.740    -0.473     0.771     0.000     0.000     0.000
         10.00     2.388    -0.655     0.767     0.000     0.000     0.000

         ALPHA       CL        CD      CL/CD     X-C.P.

        -10.00    -2.219     1.170    -1.896    -0.274
         -8.00    -1.616     1.006    -1.606    -0.272
         -6.00    -1.077     0.891    -1.209    -0.266
         -4.00    -0.615     0.820    -0.749    -0.255
         -2.00    -0.247     0.785    -0.315    -0.234
          0.00     0.000     0.776     0.000    -0.234
          2.00     0.247     0.785     0.315    -0.234
          4.00     0.615     0.820     0.749    -0.255
          6.00     1.077     0.891     1.209    -0.266
          8.00     1.616     1.006     1.606    -0.272
         10.00     2.219     1.170     1.896    -0.274

    X-C.P. MEAS. FROM MOMENT CENTER IN REF. LENGTHS, NEG. AFT OF MOMENT CENTER
1         ***** THE USAF AUTOMATED MISSILE DATCOM * REV 3/99 *****     CASE   1
               AERODYNAMIC METHODS FOR MISSILE CONFIGURATIONS          PAGE  45
                   STATIC AERODYNAMICS FOR BODY-FIN SET 1

       ******* FLIGHT CONDITIONS AND REFERENCE QUANTITIES *******
     MACH NO  =       1.10                REYNOLDS NO = 2.550E+07 /M
     ALTITUDE =        0.0 M         DYNAMIC PRESSURE =  85822.41 N/M**2
     SIDESLIP =       0.00 DEG                   ROLL =      0.00 DEG     
     REF AREA =      0.001 M**2         MOMENT CENTER =     0.250 M
     REF LENGTH =     0.65 M           LAT REF LENGTH =      0.65 M

                   ---------- DERIVATIVES (PER DEGREE) ----------
         ALPHA       CNA         CMA         CYB         CLNB        CLLB
        -10.00      0.3422     -0.0956     -0.2320      0.0627      0.0002
         -8.00      0.3059     -0.0861     -0.2130      0.0572      0.0001
         -6.00      0.2674     -0.0754     -0.1909      0.0503      0.0000
         -4.00      0.2223     -0.0615     -0.1671      0.0425      0.0000
         -2.00      0.1674     -0.0428     -0.1408      0.0334      0.0000
          0.00      0.1373     -0.0321     -0.1259      0.0277      0.0000
          2.00      0.1674     -0.0428     -0.1408      0.0334      0.0000
          4.00      0.2223     -0.0615     -0.1671      0.0425      0.0000
          6.00      0.2674     -0.0754     -0.1909      0.0503      0.0000
          8.00      0.3059     -0.0861     -0.2130      0.0572     -0.0001
         10.00      0.3422     -0.0956     -0.2320      0.0627     -0.0002

    PANEL DEFLECTION ANGLES (DEGREES)
    SET    FIN 1   FIN 2   FIN 3   FIN 4   FIN 5   FIN 6   FIN 7   FIN 8
      1    0.00    0.00    0.00    0.00    0.00    0.00    0.00    0.00
1         ***** THE USAF AUTOMATED MISSILE DATCOM * REV 3/99 *****     CASE   1
               AERODYNAMIC METHODS FOR MISSILE CONFIGURATIONS          PAGE  46
                             BODY ALONE PARTIAL OUTPUT

       ******* FLIGHT CONDITIONS AND REFERENCE QUANTITIES *******
     MACH NO  =       1.40                REYNOLDS NO = 3.246E+07 /M
     ALTITUDE =        0.0 M         DYNAMIC PRESSURE = 139018.12 N/M**2
     SIDESLIP =       0.00 DEG                   ROLL =      0.00 DEG     
     REF AREA =      0.001 M**2         MOMENT CENTER =     0.250 M
     REF LENGTH =     0.65 M           LAT REF LENGTH =      0.65 M

      ALPHA    CA-FRIC  CA-PRES/WAVE CA-BASE    CA-PROT     CA-SEP     CA-ALP
     -10.00     0.1534     0.1328     0.1806                           0.0000
      -8.00     0.1551     0.1332     0.1816                           0.0000
      -6.00     0.1565     0.1335     0.1824                           0.0000
      -4.00     0.1574     0.1337     0.1829                           0.0000
      -2.00     0.1580     0.1338     0.1833                           0.0000
       0.00     0.1582     0.1338     0.1834                           0.0000
       2.00     0.1580     0.1338     0.1833                           0.0000
       4.00     0.1574     0.1337     0.1829                           0.0000
       6.00     0.1565     0.1335     0.1824                           0.0000
       8.00     0.1551     0.1332     0.1816                           0.0000
      10.00     0.1534     0.1328     0.1806                           0.0000

                     CROSS FLOW DRAG PROPORTIONALITY FACTOR = 1.00000

      ALPHA    CN-POTEN  CN-VISC   CN-SEP    CM-POTEN  CM-VISC   CM-SEP    CDC
     -10.00    -0.374    -0.591              -0.107     0.090             0.923
      -8.00    -0.302    -0.353              -0.086     0.054             0.859
      -6.00    -0.228    -0.192              -0.065     0.029             0.830
      -4.00    -0.153    -0.083              -0.044     0.013             0.800
      -2.00    -0.077    -0.020              -0.022     0.003             0.770
       0.00     0.000     0.000               0.000     0.000             0.740
       2.00     0.077     0.020               0.022    -0.003             0.770
       4.00     0.153     0.083               0.044    -0.013             0.800
       6.00     0.228     0.192               0.065    -0.029             0.830
       8.00     0.302     0.353               0.086    -0.054             0.859
      10.00     0.374     0.591               0.107    -0.090             0.923
1         ***** THE USAF AUTOMATED MISSILE DATCOM * REV 3/99 *****     CASE   1
               AERODYNAMIC METHODS FOR MISSILE CONFIGURATIONS          PAGE  47
                        FIN SET 1 CA PARTIAL OUTPUT

       ******* FLIGHT CONDITIONS AND REFERENCE QUANTITIES *******
     MACH NO  =       1.40                REYNOLDS NO = 3.246E+07 /M
     ALTITUDE =        0.0 M         DYNAMIC PRESSURE = 139018.12 N/M**2
     SIDESLIP =       0.00 DEG                   ROLL =      0.00 DEG     
     REF AREA =      0.001 M**2         MOMENT CENTER =     0.250 M
     REF LENGTH =     0.65 M           LAT REF LENGTH =      0.65 M

    SINGLE FIN PANEL ZERO-LIFT AXIAL FORCE COMPONENTS

    SKIN FRICTION        0.0097
    SUBSONIC PRESSURE    0.0000
    TRANSONIC WAVE       0.0000
    SUPERSONIC WAVE      0.0121
    LEADING EDGE         0.0000
    TRAILING EDGE        0.0000
    TOTAL CAO            0.0218

    FIN AXIAL FORCE DUE TO ANGLE OF ATTACK

    ALPHA      CA DUE TO LIFT (SINGLE PANEL)   CA-TOTAL (8 FINS)

     -10.00              0.0000                      0.1716
      -8.00              0.0000                      0.1726
      -6.00              0.0000                      0.1733
      -4.00              0.0000                      0.1738
      -2.00              0.0000                      0.1741
       0.00              0.0000                      0.1743
       2.00              0.0000                      0.1741
       4.00              0.0000                      0.1738
       6.00              0.0000                      0.1733
       8.00              0.0000                      0.1726
      10.00              0.0000                      0.1716
1         ***** THE USAF AUTOMATED MISSILE DATCOM * REV 3/99 *****     CASE   1
               AERODYNAMIC METHODS FOR MISSILE CONFIGURATIONS          PAGE  48
                       FIN SET 1 CN, CM PARTIAL OUTPUT

       ******* FLIGHT CONDITIONS AND REFERENCE QUANTITIES *******
     MACH NO  =       1.40                REYNOLDS NO = 3.246E+07 /M
     ALTITUDE =        0.0 M         DYNAMIC PRESSURE = 139018.12 N/M**2
     SIDESLIP =       0.00 DEG                   ROLL =      0.00 DEG     
     REF AREA =      0.001 M**2         MOMENT CENTER =     0.250 M
     REF LENGTH =     0.65 M           LAT REF LENGTH =      0.65 M

    NORMAL FORCE SLOPE AT ALPHA ZERO, CNA =    0.02372/DEG (1 PANEL)
         CENTER OF PRESSURE FOR LINEAR CN =   -0.48246 (CALIBERS FROM C.G.)
     CENTER OF PRESSURE FOR NON-LINEAR CN =   -0.47692 (CALIBERS FROM C.G.)

      ALPHA      CN        CN        CN        CM        CM        CM
               LINEAR  NON-LINEAR  TOTAL     LINEAR  NON-LINEAR  TOTAL

     -10.00   -0.9369   -0.4834   -1.4204    0.4520    0.2306    0.6826
      -8.00   -0.7530   -0.3119   -1.0650    0.3633    0.1488    0.5121
      -6.00   -0.5668   -0.1764   -0.7432    0.2735    0.0841    0.3576
      -4.00   -0.3788   -0.0785   -0.4573    0.1828    0.0374    0.2202
      -2.00   -0.1897   -0.0196   -0.2093    0.0915    0.0094    0.1009
       0.00    0.0000    0.0000    0.0000    0.0000    0.0000    0.0000
       2.00    0.1897    0.0196    0.2093   -0.0915   -0.0094   -0.1009
       4.00    0.3788    0.0785    0.4573   -0.1828   -0.0374   -0.2202
       6.00    0.5668    0.1764    0.7432   -0.2735   -0.0841   -0.3576
       8.00    0.7530    0.3119    1.0650   -0.3633   -0.1488   -0.5121
      10.00    0.9369    0.4834    1.4204   -0.4520   -0.2306   -0.6826
1         ***** THE USAF AUTOMATED MISSILE DATCOM * REV 3/99 *****     CASE   1
               AERODYNAMIC METHODS FOR MISSILE CONFIGURATIONS          PAGE  49
                 AERODYNAMIC FORCE AND MOMENT SYNTHESIS

       ******* FLIGHT CONDITIONS AND REFERENCE QUANTITIES *******
     MACH NO  =       1.40                REYNOLDS NO = 3.246E+07 /M
     ALTITUDE =        0.0 M         DYNAMIC PRESSURE = 139018.12 N/M**2
     SIDESLIP =       0.00 DEG                   ROLL =      0.00 DEG     
     REF AREA =      0.001 M**2         MOMENT CENTER =     0.250 M
     REF LENGTH =     0.65 M           LAT REF LENGTH =      0.65 M

          ---------------FIN SET 1 IN PRESENCE OF THE BODY----------------

      ALPHA       CN         CM         CA         CY         CLN        CLL

     -10.00    -2.2579     1.0893     0.1743     0.0000     0.0000     0.0000
      -8.00    -1.7790     0.8583     0.1743     0.0000     0.0000     0.0000
      -6.00    -1.2897     0.6222     0.1743     0.0000     0.0000     0.0000
      -4.00    -0.8086     0.3901     0.1743     0.0000     0.0000     0.0000
      -2.00    -0.3635     0.1754     0.1743     0.0000     0.0000     0.0000
       0.00     0.0000     0.0000     0.1743     0.0000     0.0000     0.0000
       2.00     0.3635    -0.1754     0.1743     0.0000     0.0000     0.0000
       4.00     0.8086    -0.3901     0.1743     0.0000     0.0000     0.0000
       6.00     1.2897    -0.6222     0.1743     0.0000     0.0000     0.0000
       8.00     1.7790    -0.8583     0.1743     0.0000     0.0000     0.0000
      10.00     2.2579    -1.0893     0.1743     0.0000     0.0000     0.0000
1         ***** THE USAF AUTOMATED MISSILE DATCOM * REV 3/99 *****     CASE   1
               AERODYNAMIC METHODS FOR MISSILE CONFIGURATIONS          PAGE  50
                 AERODYNAMIC FORCE AND MOMENT SYNTHESIS

       ******* FLIGHT CONDITIONS AND REFERENCE QUANTITIES *******
     MACH NO  =       1.40                REYNOLDS NO = 3.246E+07 /M
     ALTITUDE =        0.0 M         DYNAMIC PRESSURE = 139018.12 N/M**2
     SIDESLIP =       0.00 DEG                   ROLL =      0.00 DEG     
     REF AREA =      0.001 M**2         MOMENT CENTER =     0.250 M
     REF LENGTH =     0.65 M           LAT REF LENGTH =      0.65 M

          ---------------FIN SET 1 PANEL CHARACTERISTICS------------------

      ALPHA      PANEL    AEQ (PANEL AXIS SYS.)    PANEL CN

     -10.00        1              0.0000           0.0000
     -10.00        2            -11.1928          -0.4079
     -10.00        3            -15.3937          -0.6223
     -10.00        4             -9.0245          -0.3087
     -10.00        5              0.0000           0.0000
     -10.00        6              9.0245           0.3087
     -10.00        7             15.3937           0.6223
     -10.00        8             11.1928           0.4079
 
      -8.00        1              0.0000           0.0000
      -8.00        2             -9.1185          -0.3128
      -8.00        3            -12.6718          -0.4802
      -8.00        4             -8.0292          -0.2661
      -8.00        5              0.0000           0.0000
      -8.00        6              8.0292           0.2661
      -8.00        7             12.6718           0.4802
      -8.00        8              9.1185           0.3128
 
      -6.00        1              0.0000           0.0000
      -6.00        2             -6.9493          -0.2221
      -6.00        3             -9.7430          -0.3406
      -6.00        4             -6.5988          -0.2083
      -6.00        5              0.0000           0.0000
      -6.00        6              6.5988           0.2083
      -6.00        7              9.7430           0.3406
      -6.00        8              6.9493           0.2221
 
      -4.00        1              0.0000           0.0000
      -4.00        2             -4.6943          -0.1379
      -4.00        3             -6.6239          -0.2093
      -4.00        4             -4.6943          -0.1379
      -4.00        5              0.0000           0.0000
      -4.00        6              4.6943           0.1379
      -4.00        7              6.6239           0.2093
      -4.00        8              4.6943           0.1379
 
      -2.00        1              0.0000           0.0000
      -2.00        2             -2.3674          -0.0629
      -2.00        3             -3.3461          -0.0928
      -2.00        4             -2.3674          -0.0629
      -2.00        5              0.0000           0.0000
      -2.00        6              2.3674           0.0629
      -2.00        7              3.3461           0.0928
      -2.00        8              2.3674           0.0629
 
       0.00        1              0.0000           0.0000
       0.00        2              0.0000           0.0000
       0.00        3              0.0000           0.0000
       0.00        4              0.0000           0.0000
       0.00        5              0.0000           0.0000
       0.00        6              0.0000           0.0000
       0.00        7              0.0000           0.0000
       0.00        8              0.0000           0.0000
 
       2.00        1              0.0000           0.0000
       2.00        2              2.3674           0.0629
       2.00        3              3.3461           0.0928
       2.00        4              2.3674           0.0629
       2.00        5              0.0000           0.0000
       2.00        6             -2.3674          -0.0629
       2.00        7             -3.3461          -0.0928
       2.00        8             -2.3674          -0.0629
 
       4.00        1              0.0000           0.0000
       4.00        2              4.6943           0.1379
       4.00        3              6.6239           0.2093
       4.00        4              4.6943           0.1379
       4.00        5              0.0000           0.0000
       4.00        6             -4.6943          -0.1379
       4.00        7             -6.6239          -0.2093
       4.00        8             -4.6943          -0.1379
 
       6.00        1              0.0000           0.0000
       6.00        2              6.5988           0.2083
       6.00        3              9.7430           0.3406
       6.00        4              6.9493           0.2221
       6.00        5              0.0000           0.0000
       6.00        6             -6.9493          -0.2221
       6.00        7             -9.7430          -0.3406
       6.00        8             -6.5988          -0.2083
 
       8.00        1              0.0000           0.0000
       8.00        2              8.0292           0.2661
       8.00        3             12.6718           0.4802
       8.00        4              9.1185           0.3128
       8.00        5              0.0000           0.0000
       8.00        6             -9.1185          -0.3128
       8.00        7            -12.6718          -0.4802
       8.00        8             -8.0292          -0.2661
 
      10.00        1              0.0000           0.0000
      10.00        2              9.0245           0.3087
      10.00        3             15.3937           0.6223
      10.00        4             11.1928           0.4079
      10.00        5              0.0000           0.0000
      10.00        6            -11.1928          -0.4079
      10.00        7            -15.3937          -0.6223
      10.00        8             -9.0245          -0.3087
 
1         ***** THE USAF AUTOMATED MISSILE DATCOM * REV 3/99 *****     CASE   1
               AERODYNAMIC METHODS FOR MISSILE CONFIGURATIONS          PAGE  51
                 AERODYNAMIC FORCE AND MOMENT SYNTHESIS

       ******* FLIGHT CONDITIONS AND REFERENCE QUANTITIES *******
     MACH NO  =       1.40                REYNOLDS NO = 3.246E+07 /M
     ALTITUDE =        0.0 M         DYNAMIC PRESSURE = 139018.12 N/M**2
     SIDESLIP =       0.00 DEG                   ROLL =      0.00 DEG     
     REF AREA =      0.001 M**2         MOMENT CENTER =     0.250 M
     REF LENGTH =     0.65 M           LAT REF LENGTH =      0.65 M

             CARRYOVER INTERFERENCE FACTORS - FIN SET 1

      ALPHA   K-W(B)   K-B(W)  KK-W(B)  KK-B(W)  XCP-W(B) XCP-B(W) Y-CP/(B/2)

     -10.00   1.6020   1.1241   0.9535   0.6600   0.4825   0.4077   0.3787
      -8.00   1.6237   1.1241   0.9535   0.6600   0.4825   0.4077   0.3885
      -6.00   1.6435   1.1241   0.9535   0.6600   0.4825   0.4077   0.3998
      -4.00   1.6607   1.1241   0.9535   0.6600   0.4825   0.4077   0.4191
      -2.00   1.6743   1.1241   0.9535   0.6600   0.4825   0.4077   0.4392
       0.00   1.6818   1.1241   0.9535   0.6600   0.4825   0.4077   0.4560
       2.00   1.6743   1.1241   0.9535   0.6600   0.4825   0.4077   0.4392
       4.00   1.6607   1.1241   0.9535   0.6600   0.4825   0.4077   0.4191
       6.00   1.6435   1.1241   0.9535   0.6600   0.4825   0.4077   0.4015
       8.00   1.6237   1.1241   0.9535   0.6600   0.4825   0.4077   0.3943
      10.00   1.6020   1.1241   0.9535   0.6600   0.4825   0.4077   0.3890

    NOTE - XCP-W(B) USED FOR STABILITY ONLY DIFFERENT VALUES USED FOR HINGE MOMENTS
1         ***** THE USAF AUTOMATED MISSILE DATCOM * REV 3/99 *****     CASE   1
               AERODYNAMIC METHODS FOR MISSILE CONFIGURATIONS          PAGE  52
        FIN SET 1 PANEL BENDING MOMENTS (ABOUT EXPOSED ROOT CHORD)

       ******* FLIGHT CONDITIONS AND REFERENCE QUANTITIES *******
     MACH NO  =       1.40                REYNOLDS NO = 3.246E+07 /M
     ALTITUDE =        0.0 M         DYNAMIC PRESSURE = 139018.12 N/M**2
     SIDESLIP =       0.00 DEG                   ROLL =      0.00 DEG     
     REF AREA =      0.001 M**2         MOMENT CENTER =     0.250 M
     REF LENGTH =     0.65 M           LAT REF LENGTH =      0.65 M

   ALPHA   PANL 1   PANL 2   PANL 3   PANL 4   PANL 5   PANL 6   PANL 7   PANL 8
 
   -10.0  8.50E-12 -2.26E-03 -3.44E-03 -1.71E-03 -3.87E-10  1.71E-03  3.44E-03  2.26E-03
    -8.0  0.00E+00 -1.78E-03 -2.73E-03 -1.51E-03 -2.77E-10  1.51E-03  2.73E-03  1.78E-03
    -6.0  0.00E+00 -1.30E-03 -1.99E-03 -1.22E-03 -2.11E-10  1.22E-03  1.99E-03  1.30E-03
    -4.0  0.00E+00 -8.45E-04 -1.28E-03 -8.45E-04 -1.55E-10  8.45E-04  1.28E-03  8.45E-04
    -2.0  0.00E+00 -4.04E-04 -5.96E-04 -4.04E-04 -8.16E-11  4.04E-04  5.96E-04  4.04E-04
     0.0  0.00E+00  0.00E+00  0.00E+00  0.00E+00  0.00E+00  0.00E+00  0.00E+00  0.00E+00
     2.0  0.00E+00  4.04E-04  5.96E-04  4.04E-04  8.16E-11 -4.04E-04 -5.96E-04 -4.04E-04
     4.0  0.00E+00  8.45E-04  1.28E-03  8.45E-04  1.55E-10 -8.45E-04 -1.28E-03 -8.45E-04
     6.0  8.37E-12  1.22E-03  2.00E-03  1.30E-03  2.21E-10 -1.30E-03 -2.00E-03 -1.22E-03
     8.0  4.96E-12  1.53E-03  2.77E-03  1.80E-03  2.86E-10 -1.80E-03 -2.77E-03 -1.53E-03
    10.0 -4.80E-11  1.75E-03  3.54E-03  2.32E-03  3.58E-10 -2.32E-03 -3.54E-03 -1.75E-03
1         ***** THE USAF AUTOMATED MISSILE DATCOM * REV 3/99 *****     CASE   1
               AERODYNAMIC METHODS FOR MISSILE CONFIGURATIONS          PAGE  53
            FIN SET 1 PANEL HINGE MOMENTS (ABOUT HINGE LINE)

       ******* FLIGHT CONDITIONS AND REFERENCE QUANTITIES *******
     MACH NO  =       1.40                REYNOLDS NO = 3.246E+07 /M
     ALTITUDE =        0.0 M         DYNAMIC PRESSURE = 139018.12 N/M**2
     SIDESLIP =       0.00 DEG                   ROLL =      0.00 DEG     
     REF AREA =      0.001 M**2         MOMENT CENTER =     0.250 M
     REF LENGTH =     0.65 M           LAT REF LENGTH =      0.65 M

   ALPHA   PANL 1   PANL 2   PANL 3   PANL 4   PANL 5   PANL 6   PANL 7   PANL 8
 
   -10.0  2.09E-10 -5.09E-02 -7.38E-02 -3.94E-02 -9.52E-09  3.94E-02  7.38E-02  5.09E-02
    -8.0  0.00E+00 -3.98E-02 -5.89E-02 -3.42E-02 -6.64E-09  3.42E-02  5.89E-02  3.98E-02
    -6.0  0.00E+00 -2.89E-02 -4.31E-02 -2.71E-02 -4.92E-09  2.71E-02  4.31E-02  2.89E-02
    -4.0  0.00E+00 -1.82E-02 -2.73E-02 -1.82E-02 -3.44E-09  1.82E-02  2.73E-02  1.82E-02
    -2.0  0.00E+00 -8.45E-03 -1.24E-02 -8.45E-03 -1.73E-09  8.45E-03  1.24E-02  8.45E-03
     0.0  0.00E+00  0.00E+00  0.00E+00  0.00E+00  0.00E+00  0.00E+00  0.00E+00  0.00E+00
     2.0  0.00E+00  8.45E-03  1.24E-02  8.45E-03  1.73E-09 -8.45E-03 -1.24E-02 -8.45E-03
     4.0  0.00E+00  1.82E-02  2.73E-02  1.82E-02  3.44E-09 -1.82E-02 -2.73E-02 -1.82E-02
     6.0  1.94E-10  2.71E-02  4.31E-02  2.89E-02  5.12E-09 -2.89E-02 -4.31E-02 -2.71E-02
     8.0  1.17E-10  3.42E-02  5.89E-02  3.98E-02  6.76E-09 -3.98E-02 -5.89E-02 -3.42E-02
    10.0 -1.15E-09  3.94E-02  7.38E-02  5.09E-02  8.58E-09 -5.09E-02 -7.38E-02 -3.94E-02
1         ***** THE USAF AUTOMATED MISSILE DATCOM * REV 3/99 *****     CASE   1
               AERODYNAMIC METHODS FOR MISSILE CONFIGURATIONS          PAGE  54
                   STATIC AERODYNAMICS FOR BODY-FIN SET 1

       ******* FLIGHT CONDITIONS AND REFERENCE QUANTITIES *******
     MACH NO  =       1.40                REYNOLDS NO = 3.246E+07 /M
     ALTITUDE =        0.0 M         DYNAMIC PRESSURE = 139018.12 N/M**2
     SIDESLIP =       0.00 DEG                   ROLL =      0.00 DEG     
     REF AREA =      0.001 M**2         MOMENT CENTER =     0.250 M
     REF LENGTH =     0.65 M           LAT REF LENGTH =      0.65 M

                   ----- LONGITUDINAL -----     -- LATERAL DIRECTIONAL --
         ALPHA       CN        CM        CA        CY       CLN       CLL

        -10.00    -4.807     1.719     0.641     0.000     0.000     0.000
         -8.00    -3.666     1.328     0.644     0.000     0.000     0.000
         -6.00    -2.592     0.946     0.647     0.000     0.000     0.000
         -4.00    -1.591     0.582     0.648     0.000     0.000     0.000
         -2.00    -0.704     0.256     0.649     0.000     0.000     0.000
          0.00     0.000     0.000     0.650     0.000     0.000     0.000
          2.00     0.704    -0.256     0.649     0.000     0.000     0.000
          4.00     1.591    -0.582     0.648     0.000     0.000     0.000
          6.00     2.592    -0.946     0.647     0.000     0.000     0.000
          8.00     3.666    -1.328     0.644     0.000     0.000     0.000
         10.00     4.807    -1.719     0.641     0.000     0.000     0.000

         ALPHA       CL        CD      CL/CD     X-C.P.

        -10.00    -4.623     1.466    -3.153    -0.358
         -8.00    -3.540     1.148    -3.084    -0.362
         -6.00    -2.510     0.914    -2.747    -0.365
         -4.00    -1.542     0.758    -2.035    -0.366
         -2.00    -0.681     0.674    -1.011    -0.364
          0.00     0.000     0.650     0.000    -0.364
          2.00     0.681     0.674     1.011    -0.364
          4.00     1.542     0.758     2.035    -0.366
          6.00     2.510     0.914     2.747    -0.365
          8.00     3.540     1.148     3.084    -0.362
         10.00     4.623     1.466     3.153    -0.358

    X-C.P. MEAS. FROM MOMENT CENTER IN REF. LENGTHS, NEG. AFT OF MOMENT CENTER
1         ***** THE USAF AUTOMATED MISSILE DATCOM * REV 3/99 *****     CASE   1
               AERODYNAMIC METHODS FOR MISSILE CONFIGURATIONS          PAGE  55
                   STATIC AERODYNAMICS FOR BODY-FIN SET 1

       ******* FLIGHT CONDITIONS AND REFERENCE QUANTITIES *******
     MACH NO  =       1.40                REYNOLDS NO = 3.246E+07 /M
     ALTITUDE =        0.0 M         DYNAMIC PRESSURE = 139018.12 N/M**2
     SIDESLIP =       0.00 DEG                   ROLL =      0.00 DEG     
     REF AREA =      0.001 M**2         MOMENT CENTER =     0.250 M
     REF LENGTH =     0.65 M           LAT REF LENGTH =      0.65 M

                   ---------- DERIVATIVES (PER DEGREE) ----------
         ALPHA       CNA         CMA         CYB         CLNB        CLLB
        -10.00      0.5878     -0.1974     -0.4648      0.1650      0.0003
         -8.00      0.5536     -0.1931     -0.4504      0.1627      0.0003
         -6.00      0.5184     -0.1865     -0.4269      0.1554      0.0001
         -4.00      0.4717     -0.1725     -0.3962      0.1447      0.0000
         -2.00      0.3971     -0.1455     -0.3574      0.1301      0.0000
          0.00      0.3520     -0.1280     -0.3335      0.1205      0.0000
          2.00      0.3971     -0.1455     -0.3574      0.1301      0.0000
          4.00      0.4717     -0.1725     -0.3962      0.1447      0.0000
          6.00      0.5184     -0.1865     -0.4269      0.1554     -0.0001
          8.00      0.5536     -0.1931     -0.4504      0.1627     -0.0003
         10.00      0.5878     -0.1974     -0.4648      0.1650     -0.0003

    PANEL DEFLECTION ANGLES (DEGREES)
    SET    FIN 1   FIN 2   FIN 3   FIN 4   FIN 5   FIN 6   FIN 7   FIN 8
      1    0.00    0.00    0.00    0.00    0.00    0.00    0.00    0.00

    BODY ALONE LINEAR DATA GENERATED FROM VAN DYKE HYBRID THEORY

1         ***** THE USAF AUTOMATED MISSILE DATCOM * REV 3/99 *****     CASE   1
               AERODYNAMIC METHODS FOR MISSILE CONFIGURATIONS          PAGE  56
                             BODY ALONE PARTIAL OUTPUT

       ******* FLIGHT CONDITIONS AND REFERENCE QUANTITIES *******
     MACH NO  =       2.00                REYNOLDS NO = 4.637E+07 /M
     ALTITUDE =        0.0 M         DYNAMIC PRESSURE = 283710.47 N/M**2
     SIDESLIP =       0.00 DEG                   ROLL =      0.00 DEG     
     REF AREA =      0.001 M**2         MOMENT CENTER =     0.250 M
     REF LENGTH =     0.65 M           LAT REF LENGTH =      0.65 M

      ALPHA    CA-FRIC  CA-PRES/WAVE CA-BASE    CA-PROT     CA-SEP     CA-ALP
     -10.00     0.1316     0.1068     0.1448                           0.0000
      -8.00     0.1331     0.1071     0.1456                           0.0000
      -6.00     0.1342     0.1073     0.1462                           0.0000
      -4.00     0.1350     0.1075     0.1466                           0.0000
      -2.00     0.1355     0.1076     0.1469                           0.0000
       0.00     0.1357     0.1076     0.1470                           0.0000
       2.00     0.1355     0.1076     0.1469                           0.0000
       4.00     0.1350     0.1075     0.1466                           0.0000
       6.00     0.1342     0.1073     0.1462                           0.0000
       8.00     0.1331     0.1071     0.1456                           0.0000
      10.00     0.1316     0.1068     0.1448                           0.0000

                     CROSS FLOW DRAG PROPORTIONALITY FACTOR = 1.00000

      ALPHA    CN-POTEN  CN-VISC   CN-SEP    CM-POTEN  CM-VISC   CM-SEP    CDC
     -10.00    -0.418    -0.685              -0.119     0.105             1.071
      -8.00    -0.338    -0.400              -0.096     0.061             0.973
      -6.00    -0.255    -0.203              -0.073     0.031             0.875
      -4.00    -0.171    -0.085              -0.049     0.013             0.825
      -2.00    -0.086    -0.020              -0.024     0.003             0.783
       0.00     0.000     0.000               0.000     0.000             0.740
       2.00     0.086     0.020               0.024    -0.003             0.783
       4.00     0.171     0.085               0.049    -0.013             0.825
       6.00     0.255     0.203               0.073    -0.031             0.875
       8.00     0.338     0.400               0.096    -0.061             0.973
      10.00     0.418     0.685               0.119    -0.105             1.071
1         ***** THE USAF AUTOMATED MISSILE DATCOM * REV 3/99 *****     CASE   1
               AERODYNAMIC METHODS FOR MISSILE CONFIGURATIONS          PAGE  57
                        FIN SET 1 CA PARTIAL OUTPUT

       ******* FLIGHT CONDITIONS AND REFERENCE QUANTITIES *******
     MACH NO  =       2.00                REYNOLDS NO = 4.637E+07 /M
     ALTITUDE =        0.0 M         DYNAMIC PRESSURE = 283710.47 N/M**2
     SIDESLIP =       0.00 DEG                   ROLL =      0.00 DEG     
     REF AREA =      0.001 M**2         MOMENT CENTER =     0.250 M
     REF LENGTH =     0.65 M           LAT REF LENGTH =      0.65 M

    SINGLE FIN PANEL ZERO-LIFT AXIAL FORCE COMPONENTS

    SKIN FRICTION        0.0083
    SUBSONIC PRESSURE    0.0000
    TRANSONIC WAVE       0.0000
    SUPERSONIC WAVE      0.0075
    LEADING EDGE         0.0000
    TRAILING EDGE        0.0000
    TOTAL CAO            0.0158

    FIN AXIAL FORCE DUE TO ANGLE OF ATTACK

    ALPHA      CA DUE TO LIFT (SINGLE PANEL)   CA-TOTAL (8 FINS)

     -10.00              0.0000                      0.1245
      -8.00              0.0000                      0.1252
      -6.00              0.0000                      0.1258
      -4.00              0.0000                      0.1262
      -2.00              0.0000                      0.1264
       0.00              0.0000                      0.1265
       2.00              0.0000                      0.1264
       4.00              0.0000                      0.1262
       6.00              0.0000                      0.1258
       8.00              0.0000                      0.1252
      10.00              0.0000                      0.1245
1         ***** THE USAF AUTOMATED MISSILE DATCOM * REV 3/99 *****     CASE   1
               AERODYNAMIC METHODS FOR MISSILE CONFIGURATIONS          PAGE  58
                       FIN SET 1 CN, CM PARTIAL OUTPUT

       ******* FLIGHT CONDITIONS AND REFERENCE QUANTITIES *******
     MACH NO  =       2.00                REYNOLDS NO = 4.637E+07 /M
     ALTITUDE =        0.0 M         DYNAMIC PRESSURE = 283710.47 N/M**2
     SIDESLIP =       0.00 DEG                   ROLL =      0.00 DEG     
     REF AREA =      0.001 M**2         MOMENT CENTER =     0.250 M
     REF LENGTH =     0.65 M           LAT REF LENGTH =      0.65 M

    NORMAL FORCE SLOPE AT ALPHA ZERO, CNA =    0.01342/DEG (1 PANEL)
         CENTER OF PRESSURE FOR LINEAR CN =   -0.48246 (CALIBERS FROM C.G.)
     CENTER OF PRESSURE FOR NON-LINEAR CN =   -0.47692 (CALIBERS FROM C.G.)

      ALPHA      CN        CN        CN        CM        CM        CM
               LINEAR  NON-LINEAR  TOTAL     LINEAR  NON-LINEAR  TOTAL

     -10.00   -0.5300   -0.1024   -0.6324    0.2557    0.0488    0.3046
      -8.00   -0.4260   -0.0512   -0.4772    0.2055    0.0244    0.2299
      -6.00   -0.3206   -0.0210   -0.3417    0.1547    0.0100    0.1647
      -4.00   -0.2143   -0.0061   -0.2204    0.1034    0.0029    0.1063
      -2.00   -0.1073   -0.0008   -0.1081    0.0518    0.0004    0.0521
       0.00    0.0000    0.0000    0.0000    0.0000    0.0000    0.0000
       2.00    0.1073    0.0008    0.1081   -0.0518   -0.0004   -0.0521
       4.00    0.2143    0.0061    0.2204   -0.1034   -0.0029   -0.1063
       6.00    0.3206    0.0210    0.3417   -0.1547   -0.0100   -0.1647
       8.00    0.4260    0.0512    0.4772   -0.2055   -0.0244   -0.2299
      10.00    0.5300    0.1024    0.6324   -0.2557   -0.0488   -0.3046
1         ***** THE USAF AUTOMATED MISSILE DATCOM * REV 3/99 *****     CASE   1
               AERODYNAMIC METHODS FOR MISSILE CONFIGURATIONS          PAGE  59
                 AERODYNAMIC FORCE AND MOMENT SYNTHESIS

       ******* FLIGHT CONDITIONS AND REFERENCE QUANTITIES *******
     MACH NO  =       2.00                REYNOLDS NO = 4.637E+07 /M
     ALTITUDE =        0.0 M         DYNAMIC PRESSURE = 283710.47 N/M**2
     SIDESLIP =       0.00 DEG                   ROLL =      0.00 DEG     
     REF AREA =      0.001 M**2         MOMENT CENTER =     0.250 M
     REF LENGTH =     0.65 M           LAT REF LENGTH =      0.65 M

          ---------------FIN SET 1 IN PRESENCE OF THE BODY----------------

      ALPHA       CN         CM         CA         CY         CLN        CLL

     -10.00    -1.0707     0.5166     0.1265     0.0000     0.0000     0.0000
      -8.00    -0.8210     0.3961     0.1265     0.0000     0.0000     0.0000
      -6.00    -0.5911     0.2852     0.1265     0.0000     0.0000     0.0000
      -4.00    -0.3786     0.1827     0.1265     0.0000     0.0000     0.0000
      -2.00    -0.1825     0.0880     0.1265     0.0000     0.0000     0.0000
       0.00     0.0000     0.0000     0.1265     0.0000     0.0000     0.0000
       2.00     0.1825    -0.0880     0.1265     0.0000     0.0000     0.0000
       4.00     0.3786    -0.1827     0.1265     0.0000     0.0000     0.0000
       6.00     0.5911    -0.2852     0.1265     0.0000     0.0000     0.0000
       8.00     0.8210    -0.3961     0.1265     0.0000     0.0000     0.0000
      10.00     1.0707    -0.5166     0.1265     0.0000     0.0000     0.0000
1         ***** THE USAF AUTOMATED MISSILE DATCOM * REV 3/99 *****     CASE   1
               AERODYNAMIC METHODS FOR MISSILE CONFIGURATIONS          PAGE  60
                 AERODYNAMIC FORCE AND MOMENT SYNTHESIS

       ******* FLIGHT CONDITIONS AND REFERENCE QUANTITIES *******
     MACH NO  =       2.00                REYNOLDS NO = 4.637E+07 /M
     ALTITUDE =        0.0 M         DYNAMIC PRESSURE = 283710.47 N/M**2
     SIDESLIP =       0.00 DEG                   ROLL =      0.00 DEG     
     REF AREA =      0.001 M**2         MOMENT CENTER =     0.250 M
     REF LENGTH =     0.65 M           LAT REF LENGTH =      0.65 M

          ---------------FIN SET 1 PANEL CHARACTERISTICS------------------

      ALPHA      PANEL    AEQ (PANEL AXIS SYS.)    PANEL CN

     -10.00        1              0.0000           0.0000
     -10.00        2            -11.1622          -0.1888
     -10.00        3            -15.3064          -0.3090
     -10.00        4             -8.5259          -0.1313
     -10.00        5              0.0000           0.0000
     -10.00        6              8.5259           0.1313
     -10.00        7             15.3064           0.3090
     -10.00        8             11.1622           0.1888
 
      -8.00        1              0.0000           0.0000
      -8.00        2             -9.1036          -0.1429
      -8.00        3            -12.6306          -0.2267
      -8.00        4             -7.7835          -0.1171
      -8.00        5              0.0000           0.0000
      -8.00        6              7.7835           0.1171
      -8.00        7             12.6306           0.2267
      -8.00        8              9.1036           0.1429
 
      -6.00        1              0.0000           0.0000
      -6.00        2             -6.9443          -0.1020
      -6.00        3             -9.7317          -0.1561
      -6.00        4             -6.5415          -0.0951
      -6.00        5              0.0000           0.0000
      -6.00        6              6.5415           0.0951
      -6.00        7              9.7317           0.1561
      -6.00        8              6.9443           0.1020
 
      -4.00        1              0.0000           0.0000
      -4.00        2             -4.6929          -0.0656
      -4.00        3             -6.6220          -0.0965
      -4.00        4             -4.6929          -0.0656
      -4.00        5              0.0000           0.0000
      -4.00        6              4.6929           0.0656
      -4.00        7              6.6220           0.0965
      -4.00        8              4.6929           0.0656
 
      -2.00        1              0.0000           0.0000
      -2.00        2             -2.3672          -0.0321
      -2.00        3             -3.3458          -0.0458
      -2.00        4             -2.3672          -0.0321
      -2.00        5              0.0000           0.0000
      -2.00        6              2.3672           0.0321
      -2.00        7              3.3458           0.0458
      -2.00        8              2.3672           0.0321
 
       0.00        1              0.0000           0.0000
       0.00        2              0.0000           0.0000
       0.00        3              0.0000           0.0000
       0.00        4              0.0000           0.0000
       0.00        5              0.0000           0.0000
       0.00        6              0.0000           0.0000
       0.00        7              0.0000           0.0000
       0.00        8              0.0000           0.0000
 
       2.00        1              0.0000           0.0000
       2.00        2              2.3672           0.0321
       2.00        3              3.3458           0.0458
       2.00        4              2.3672           0.0321
       2.00        5              0.0000           0.0000
       2.00        6             -2.3672          -0.0321
       2.00        7             -3.3458          -0.0458
       2.00        8             -2.3672          -0.0321
 
       4.00        1              0.0000           0.0000
       4.00        2              4.6929           0.0656
       4.00        3              6.6220           0.0965
       4.00        4              4.6929           0.0656
       4.00        5              0.0000           0.0000
       4.00        6             -4.6929          -0.0656
       4.00        7             -6.6220          -0.0965
       4.00        8             -4.6929          -0.0656
 
       6.00        1              0.0000           0.0000
       6.00        2              6.5415           0.0951
       6.00        3              9.7317           0.1561
       6.00        4              6.9443           0.1020
       6.00        5              0.0000           0.0000
       6.00        6             -6.9443          -0.1020
       6.00        7             -9.7317          -0.1561
       6.00        8             -6.5415          -0.0951
 
       8.00        1              0.0000           0.0000
       8.00        2              7.7835           0.1171
       8.00        3             12.6306           0.2267
       8.00        4              9.1036           0.1429
       8.00        5              0.0000           0.0000
       8.00        6             -9.1036          -0.1429
       8.00        7            -12.6306          -0.2267
       8.00        8             -7.7835          -0.1171
 
      10.00        1              0.0000           0.0000
      10.00        2              8.5259           0.1313
      10.00        3             15.3064           0.3090
      10.00        4             11.1622           0.1888
      10.00        5              0.0000           0.0000
      10.00        6            -11.1622          -0.1888
      10.00        7            -15.3064          -0.3090
      10.00        8             -8.5259          -0.1313
 
1         ***** THE USAF AUTOMATED MISSILE DATCOM * REV 3/99 *****     CASE   1
               AERODYNAMIC METHODS FOR MISSILE CONFIGURATIONS          PAGE  61
                 AERODYNAMIC FORCE AND MOMENT SYNTHESIS

       ******* FLIGHT CONDITIONS AND REFERENCE QUANTITIES *******
     MACH NO  =       2.00                REYNOLDS NO = 4.637E+07 /M
     ALTITUDE =        0.0 M         DYNAMIC PRESSURE = 283710.47 N/M**2
     SIDESLIP =       0.00 DEG                   ROLL =      0.00 DEG     
     REF AREA =      0.001 M**2         MOMENT CENTER =     0.250 M
     REF LENGTH =     0.65 M           LAT REF LENGTH =      0.65 M

             CARRYOVER INTERFERENCE FACTORS - FIN SET 1

      ALPHA   K-W(B)   K-B(W)  KK-W(B)  KK-B(W)  XCP-W(B) XCP-B(W) Y-CP/(B/2)

     -10.00   1.6002   1.1241   0.9535   0.6600   0.4825   0.4077   0.4141
      -8.00   1.6224   1.1241   0.9535   0.6600   0.4825   0.4077   0.4257
      -6.00   1.6426   1.1241   0.9535   0.6600   0.4825   0.4077   0.4361
      -4.00   1.6602   1.1241   0.9535   0.6600   0.4825   0.4077   0.4453
      -2.00   1.6741   1.1241   0.9535   0.6600   0.4825   0.4077   0.4538
       0.00   1.6818   1.1241   0.9535   0.6600   0.4825   0.4077   0.4620
       2.00   1.6741   1.1241   0.9535   0.6600   0.4825   0.4077   0.4538
       4.00   1.6602   1.1241   0.9535   0.6600   0.4825   0.4077   0.4453
       6.00   1.6426   1.1241   0.9535   0.6600   0.4825   0.4077   0.4378
       8.00   1.6224   1.1241   0.9535   0.6600   0.4825   0.4077   0.4323
      10.00   1.6002   1.1241   0.9535   0.6600   0.4825   0.4077   0.4287

    NOTE - XCP-W(B) USED FOR STABILITY ONLY DIFFERENT VALUES USED FOR HINGE MOMENTS
1         ***** THE USAF AUTOMATED MISSILE DATCOM * REV 3/99 *****     CASE   1
               AERODYNAMIC METHODS FOR MISSILE CONFIGURATIONS          PAGE  62
        FIN SET 1 PANEL BENDING MOMENTS (ABOUT EXPOSED ROOT CHORD)

       ******* FLIGHT CONDITIONS AND REFERENCE QUANTITIES *******
     MACH NO  =       2.00                REYNOLDS NO = 4.637E+07 /M
     ALTITUDE =        0.0 M         DYNAMIC PRESSURE = 283710.47 N/M**2
     SIDESLIP =       0.00 DEG                   ROLL =      0.00 DEG     
     REF AREA =      0.001 M**2         MOMENT CENTER =     0.250 M
     REF LENGTH =     0.65 M           LAT REF LENGTH =      0.65 M

   ALPHA   PANL 1   PANL 2   PANL 3   PANL 4   PANL 5   PANL 6   PANL 7   PANL 8
 
   -10.0  0.00E+00 -1.14E-03 -1.87E-03 -7.94E-04 -1.98E-10  7.94E-04  1.87E-03  1.14E-03
    -8.0  0.00E+00 -8.89E-04 -1.41E-03 -7.29E-04 -1.65E-10  7.29E-04  1.41E-03  8.89E-04
    -6.0  0.00E+00 -6.50E-04 -9.95E-04 -6.06E-04 -1.28E-10  6.06E-04  9.95E-04  6.50E-04
    -4.0  0.00E+00 -4.27E-04 -6.28E-04 -4.27E-04 -8.77E-11  4.27E-04  6.28E-04  4.27E-04
    -2.0  0.00E+00 -2.13E-04 -3.04E-04 -2.13E-04 -4.50E-11  2.13E-04  3.04E-04  2.13E-04
     0.0  0.00E+00  0.00E+00  0.00E+00  0.00E+00  0.00E+00  0.00E+00  0.00E+00  0.00E+00
     2.0  0.00E+00  2.13E-04  3.04E-04  2.13E-04  4.50E-11 -2.13E-04 -3.04E-04 -2.13E-04
     4.0  0.00E+00  4.27E-04  6.28E-04  4.27E-04  8.77E-11 -4.27E-04 -6.28E-04 -4.27E-04
     6.0  0.00E+00  6.09E-04  9.99E-04  6.53E-04  1.28E-10 -6.53E-04 -9.99E-04 -6.09E-04
     8.0  0.00E+00  7.40E-04  1.43E-03  9.03E-04  1.67E-10 -9.03E-04 -1.43E-03 -7.40E-04
    10.0  0.00E+00  8.22E-04  1.94E-03  1.18E-03  2.05E-10 -1.18E-03 -1.94E-03 -8.22E-04
1         ***** THE USAF AUTOMATED MISSILE DATCOM * REV 3/99 *****     CASE   1
               AERODYNAMIC METHODS FOR MISSILE CONFIGURATIONS          PAGE  63
            FIN SET 1 PANEL HINGE MOMENTS (ABOUT HINGE LINE)

       ******* FLIGHT CONDITIONS AND REFERENCE QUANTITIES *******
     MACH NO  =       2.00                REYNOLDS NO = 4.637E+07 /M
     ALTITUDE =        0.0 M         DYNAMIC PRESSURE = 283710.47 N/M**2
     SIDESLIP =       0.00 DEG                   ROLL =      0.00 DEG     
     REF AREA =      0.001 M**2         MOMENT CENTER =     0.250 M
     REF LENGTH =     0.65 M           LAT REF LENGTH =      0.65 M

   ALPHA   PANL 1   PANL 2   PANL 3   PANL 4   PANL 5   PANL 6   PANL 7   PANL 8
 
   -10.0  0.00E+00 -2.34E-02 -3.64E-02 -1.67E-02 -4.38E-09  1.67E-02  3.64E-02  2.34E-02
    -8.0  0.00E+00 -1.80E-02 -2.76E-02 -1.49E-02 -3.54E-09  1.49E-02  2.76E-02  1.80E-02
    -6.0  0.00E+00 -1.31E-02 -1.96E-02 -1.22E-02 -2.68E-09  1.22E-02  1.96E-02  1.31E-02
    -4.0  0.00E+00 -8.55E-03 -1.24E-02 -8.55E-03 -1.80E-09  8.55E-03  1.24E-02  8.55E-03
    -2.0  0.00E+00 -4.24E-03 -6.02E-03 -4.24E-03 -9.07E-10  4.24E-03  6.02E-03  4.24E-03
     0.0  0.00E+00  0.00E+00  0.00E+00  0.00E+00  0.00E+00  0.00E+00  0.00E+00  0.00E+00
     2.0  0.00E+00  4.24E-03  6.02E-03  4.24E-03  9.07E-10 -4.24E-03 -6.02E-03 -4.24E-03
     4.0  0.00E+00  8.55E-03  1.24E-02  8.55E-03  1.80E-09 -8.55E-03 -1.24E-02 -8.55E-03
     6.0  0.00E+00  1.22E-02  1.96E-02  1.31E-02  2.68E-09 -1.31E-02 -1.96E-02 -1.22E-02
     8.0  0.00E+00  1.49E-02  2.76E-02  1.80E-02  3.54E-09 -1.80E-02 -2.76E-02 -1.49E-02
    10.0  0.00E+00  1.67E-02  3.64E-02  2.34E-02  4.38E-09 -2.34E-02 -3.64E-02 -1.67E-02
1         ***** THE USAF AUTOMATED MISSILE DATCOM * REV 3/99 *****     CASE   1
               AERODYNAMIC METHODS FOR MISSILE CONFIGURATIONS          PAGE  64
                   STATIC AERODYNAMICS FOR BODY-FIN SET 1

       ******* FLIGHT CONDITIONS AND REFERENCE QUANTITIES *******
     MACH NO  =       2.00                REYNOLDS NO = 4.637E+07 /M
     ALTITUDE =        0.0 M         DYNAMIC PRESSURE = 283710.47 N/M**2
     SIDESLIP =       0.00 DEG                   ROLL =      0.00 DEG     
     REF AREA =      0.001 M**2         MOMENT CENTER =     0.250 M
     REF LENGTH =     0.65 M           LAT REF LENGTH =      0.65 M

                   ----- LONGITUDINAL -----     -- LATERAL DIRECTIONAL --
         ALPHA       CN        CM        CA        CY       CLN       CLL

        -10.00    -2.926     0.808     0.510     0.000     0.000     0.000
         -8.00    -2.127     0.593     0.512     0.000     0.000     0.000
         -6.00    -1.454     0.408     0.514     0.000     0.000     0.000
         -4.00    -0.891     0.251     0.516     0.000     0.000     0.000
         -2.00    -0.411     0.117     0.517     0.000     0.000     0.000
          0.00     0.000     0.000     0.517     0.000     0.000     0.000
          2.00     0.411    -0.117     0.517     0.000     0.000     0.000
          4.00     0.891    -0.251     0.516     0.000     0.000     0.000
          6.00     1.454    -0.408     0.514     0.000     0.000     0.000
          8.00     2.127    -0.593     0.512     0.000     0.000     0.000
         10.00     2.926    -0.808     0.510     0.000     0.000     0.000

         ALPHA       CL        CD      CL/CD     X-C.P.

        -10.00    -2.793     1.010    -2.766    -0.276
         -8.00    -2.035     0.803    -2.534    -0.279
         -6.00    -1.392     0.663    -2.098    -0.281
         -4.00    -0.853     0.577    -1.479    -0.282
         -2.00    -0.393     0.531    -0.740    -0.284
          0.00     0.000     0.517     0.000    -0.284
          2.00     0.393     0.531     0.740    -0.284
          4.00     0.853     0.577     1.479    -0.282
          6.00     1.392     0.663     2.098    -0.281
          8.00     2.035     0.803     2.534    -0.279
         10.00     2.793     1.010     2.766    -0.276

    X-C.P. MEAS. FROM MOMENT CENTER IN REF. LENGTHS, NEG. AFT OF MOMENT CENTER
1         ***** THE USAF AUTOMATED MISSILE DATCOM * REV 3/99 *****     CASE   1
               AERODYNAMIC METHODS FOR MISSILE CONFIGURATIONS          PAGE  65
                   STATIC AERODYNAMICS FOR BODY-FIN SET 1

       ******* FLIGHT CONDITIONS AND REFERENCE QUANTITIES *******
     MACH NO  =       2.00                REYNOLDS NO = 4.637E+07 /M
     ALTITUDE =        0.0 M         DYNAMIC PRESSURE = 283710.47 N/M**2
     SIDESLIP =       0.00 DEG                   ROLL =      0.00 DEG     
     REF AREA =      0.001 M**2         MOMENT CENTER =     0.250 M
     REF LENGTH =     0.65 M           LAT REF LENGTH =      0.65 M

                   ---------- DERIVATIVES (PER DEGREE) ----------
         ALPHA       CNA         CMA         CYB         CLNB        CLLB
        -10.00      0.4310     -0.1157     -0.3042      0.0865      0.0004
         -8.00      0.3679     -0.1000     -0.2765      0.0790      0.0003
         -6.00      0.3089     -0.0853     -0.2467      0.0700      0.0001
         -4.00      0.2606     -0.0729     -0.2237      0.0631      0.0000
         -2.00      0.2227     -0.0629     -0.2071      0.0587      0.0000
          0.00      0.2054     -0.0583     -0.2012      0.0572      0.0000
          2.00      0.2227     -0.0629     -0.2071      0.0587      0.0000
          4.00      0.2606     -0.0729     -0.2237      0.0631      0.0000
          6.00      0.3089     -0.0853     -0.2467      0.0700     -0.0001
          8.00      0.3679     -0.1000     -0.2765      0.0790     -0.0003
         10.00      0.4310     -0.1157     -0.3042      0.0865     -0.0004

    PANEL DEFLECTION ANGLES (DEGREES)
    SET    FIN 1   FIN 2   FIN 3   FIN 4   FIN 5   FIN 6   FIN 7   FIN 8
      1    0.00    0.00    0.00    0.00    0.00    0.00    0.00    0.00

    BODY ALONE LINEAR DATA GENERATED FROM VAN DYKE HYBRID THEORY

    *** END OF JOB ***
