1         ***** THE USAF AUTOMATED MISSILE DATCOM * REV 3/99 *****
               AERODYNAMIC METHODS FOR MISSILE CONFIGURATIONS     

    CONERR - INPUT ERROR CHECKING

    ERROR CODES - N* DENOTES THE NUMBER OF OCCURENCES OF EACH ERROR
    A - UNKNOWN VARIABLE NAME
    B - MISSING EQUAL SIGN FOLLOWING VARIABLE NAME
    C - NON-ARRAY VARIABLE HAS AN ARRAY ELEMENTDESIGNATION - (N)
    D - NON-ARRAY VARIABLE HAS MULTIPLE VALUES ASSIGNED
    E - ASSIGNED VALUES EXCEED ARRAY DIMENSION
    F - SYNTAX ERROR

    ************************* INPUT DATA CARDS *************************

   1 DIM M                                                                           
      2 ** BLANK CARD - IGNORED
   3  $FLTCON  NALPHA=11.,NMACH=6.,                                                  
   4           MACH=0.3000,0.6000,0.9000,1.1000,1.4000,2.0000,                       
   5           ALPHA=-10.0,-8.0,-6.0,-4.0,-2.0,0.0,2.0,4.0,6.0,8.0,10.0,$            
      6 ** BLANK CARD - IGNORED
   7  $REFQ    XCG=0.2500,                                                           
   8           SREF=0.0010179,                                                       
   9           LREF=0.6500,                                                          
  10           RHR=0.,$                                                              
     11 ** BLANK CARD - IGNORED
  12  $AXIBOD  X0=0.00,                                                              
  13           TNOSE=CONE,                                                           
               ** SUBSTITUTING NUMERIC FOR NAME CONE
  14           LNOSE=0.1000,                                                         
  15           DNOSE=0.0360,                                                         
  16           BNOSE=0.0,                                                            
  17           TRUNC=.FALSE.,                                                        
  18           LCENTR=0.5500,                                                        
  19           DCENTR=0.0360,                                                        
  20           TAFT=CONE,                                                            
               ** SUBSTITUTING NUMERIC FOR NAME CONE
  21           LAFT=0.0000,                                                          
  22           DAFT=0.0360,                                                          
  23           DEXIT=0.0000,$                                                        
     24 ** BLANK CARD - IGNORED
  25  $FINSET1 XLE=0.4900,0.4900,NPANEL=6.,                                          
  26           SSPAN=0.0180,0.0275,                                                  
  27           CHORD=0.1600,0.1600,                                                  
  28           LER=2*0.0,                                                            
  29           PHIF=0.0,60.0,120.0,180.0,240.0,300.0,                                
  30           SECTYP=HEX,                                                           
               ** SUBSTITUTING NUMERIC FOR NAME HEX
  31           ZUPPER=0.025000,0.025000,                                             
  32           LMAXU=0.4,0.4,                                                        
  33           LFLATU=0.2,0.2,$                                                      
     34 ** BLANK CARD - IGNORED
  35  $DEFLCT  DELTA1=0.0000,0.0000,0.0000,0.0000,0.0000,0.0000,                     
  36           XHINGE=0.6100,$                                                       
     37 ** BLANK CARD - IGNORED
  38 PART                                                                            
  39 NEXT CASE                                                                       
1         ***** THE USAF AUTOMATED MISSILE DATCOM * REV 3/99 *****     CASE   1
               AERODYNAMIC METHODS FOR MISSILE CONFIGURATIONS          PAGE   1
    CASE INPUTS
    FOLLOWING ARE THE CARDS INPUT FOR THIS CASE

 DIM M                                                                           
  $FLTCON  NALPHA=11.,NMACH=6.,                                                  
           MACH=0.3000,0.6000,0.9000,1.1000,1.4000,2.0000,                       
           ALPHA=-10.0,-8.0,-6.0,-4.0,-2.0,0.0,2.0,4.0,6.0,8.0,10.0,$            
  $REFQ    XCG=0.2500,                                                           
           SREF=0.0010179,                                                       
           LREF=0.6500,                                                          
           RHR=0.,$                                                              
  $AXIBOD  X0=0.00,                                                              
           TNOSE=0.,                                                             
           LNOSE=0.1000,                                                         
           DNOSE=0.0360,                                                         
           BNOSE=0.0,                                                            
           TRUNC=.FALSE.,                                                        
           LCENTR=0.5500,                                                        
           DCENTR=0.0360,                                                        
           TAFT=0.,                                                              
           LAFT=0.0000,                                                          
           DAFT=0.0360,                                                          
           DEXIT=0.0000,$                                                        
  $FINSET1 XLE=0.4900,0.4900,NPANEL=6.,                                          
           SSPAN=0.0180,0.0275,                                                  
           CHORD=0.1600,0.1600,                                                  
           LER=2*0.0,                                                            
           PHIF=0.0,60.0,120.0,180.0,240.0,300.0,                                
           SECTYP=0.,                                                            
           ZUPPER=0.025000,0.025000,                                             
           LMAXU=0.4,0.4,                                                        
           LFLATU=0.2,0.2,$                                                      
  $DEFLCT  DELTA1=0.0000,0.0000,0.0000,0.0000,0.0000,0.0000,                     
           XHINGE=0.6100,$                                                       
 PART                                                                            
 NEXT CASE                                                                       
    * WARNING * THE REYNOLDS NUMBER IS NOT DEFINED, FOR INPUT SPEED  1
                SEA LEVEL ALTITUDE ASSUMED
    * WARNING * THE REYNOLDS NUMBER IS NOT DEFINED, FOR INPUT SPEED  2
                SEA LEVEL ALTITUDE ASSUMED
    * WARNING * THE REYNOLDS NUMBER IS NOT DEFINED, FOR INPUT SPEED  3
                SEA LEVEL ALTITUDE ASSUMED
    * WARNING * THE REYNOLDS NUMBER IS NOT DEFINED, FOR INPUT SPEED  4
                SEA LEVEL ALTITUDE ASSUMED
    * WARNING * THE REYNOLDS NUMBER IS NOT DEFINED, FOR INPUT SPEED  5
                SEA LEVEL ALTITUDE ASSUMED
    * WARNING * THE REYNOLDS NUMBER IS NOT DEFINED, FOR INPUT SPEED  6
                SEA LEVEL ALTITUDE ASSUMED
    THE BOUNDARY LAYER IS ASSUMED TO BE TURBULENT
    THE INPUT UNITS ARE IN METERS, THE SCALE FACTOR IS   1.0000
1         ***** THE USAF AUTOMATED MISSILE DATCOM * REV 3/99 *****     CASE   1
               AERODYNAMIC METHODS FOR MISSILE CONFIGURATIONS          PAGE   2
                        AXISYMMETRIC BODY DEFINITION

                             NOSE   CENTERBODY     AFT BODY        TOTAL
    SHAPE                   CONIC     CYLINDER     --------
    LENGTH                  0.100        0.550        0.000        0.650   M
    FINENESS RATIO          2.778       15.278        0.000       18.056
    PLANFORM AREA           0.002        0.020        0.000        0.022   M**2
    AREA CENTROID           0.067        0.375        0.000        0.349   M
    WETTED AREA             0.006        0.062        0.000        0.068   M**2
    VOLUME                  0.000        0.001        0.000        0.001   M**3
    VOL. CENTROID           0.075        0.375        0.000        0.358   M

                              MOLD LINE CONTOUR

     LONGITUDINAL STATIONS    0.0000     0.0100     0.0200     0.0300     0.0400 
        0.0500     0.0600     0.0700     0.0800     0.0900     0.1000*    0.1550 
        0.2100     0.2650     0.3200     0.3750     0.4300     0.4850     0.5400 
        0.5950     0.6500*

                BODY RADII    0.0000     0.0018     0.0036     0.0054     0.0072 
        0.0090     0.0108     0.0126     0.0144     0.0162     0.0180*    0.0180 
        0.0180     0.0180     0.0180     0.0180     0.0180     0.0180     0.0180 
        0.0180     0.0180*
    NOTE - * INDICATES SLOPE DISCONTINUOUS POINTS
1         ***** THE USAF AUTOMATED MISSILE DATCOM * REV 3/99 *****     CASE   1
               AERODYNAMIC METHODS FOR MISSILE CONFIGURATIONS          PAGE   3
                         FIN SET NUMBER 1 AIRFOIL SECTION

                                  NACA S-3-40.0-05.0-20.0

         X/C     X-UPPER   Y-UPPER   X-LOWER   Y-LOWER  MEAN LINE  THICKNESS

       0.00000   0.00000   0.00000   0.00000   0.00000   0.00000   0.00000
       0.00100   0.00100   0.00006   0.00100  -0.00006   0.00000   0.00013
       0.00200   0.00200   0.00013   0.00200  -0.00013   0.00000   0.00025
       0.00300   0.00300   0.00019   0.00300  -0.00019   0.00000   0.00038
       0.00400   0.00400   0.00025   0.00400  -0.00025   0.00000   0.00050
       0.00500   0.00500   0.00031   0.00500  -0.00031   0.00000   0.00063
       0.00600   0.00600   0.00038   0.00600  -0.00038   0.00000   0.00075
       0.00800   0.00800   0.00050   0.00800  -0.00050   0.00000   0.00100
       0.01000   0.01000   0.00063   0.01000  -0.00063   0.00000   0.00125
       0.02000   0.02000   0.00125   0.02000  -0.00125   0.00000   0.00250
       0.03000   0.03000   0.00187   0.03000  -0.00187   0.00000   0.00375
       0.04000   0.04000   0.00250   0.04000  -0.00250   0.00000   0.00500
       0.05000   0.05000   0.00312   0.05000  -0.00312   0.00000   0.00625
       0.06000   0.06000   0.00375   0.06000  -0.00375   0.00000   0.00750
       0.08000   0.08000   0.00500   0.08000  -0.00500   0.00000   0.01000
       0.10000   0.10000   0.00625   0.10000  -0.00625   0.00000   0.01250
       0.12000   0.12000   0.00750   0.12000  -0.00750   0.00000   0.01500
       0.14000   0.14000   0.00875   0.14000  -0.00875   0.00000   0.01750
       0.16000   0.16000   0.01000   0.16000  -0.01000   0.00000   0.02000
       0.18000   0.18000   0.01125   0.18000  -0.01125   0.00000   0.02250
       0.20000   0.20000   0.01250   0.20000  -0.01250   0.00000   0.02500
       0.22000   0.22000   0.01375   0.22000  -0.01375   0.00000   0.02750
       0.24000   0.24000   0.01500   0.24000  -0.01500   0.00000   0.03000
       0.26000   0.26000   0.01625   0.26000  -0.01625   0.00000   0.03250
       0.28000   0.28000   0.01750   0.28000  -0.01750   0.00000   0.03500
       0.30000   0.30000   0.01875   0.30000  -0.01875   0.00000   0.03750
       0.32000   0.32000   0.02000   0.32000  -0.02000   0.00000   0.04000
       0.34000   0.34000   0.02125   0.34000  -0.02125   0.00000   0.04250
       0.36000   0.36000   0.02250   0.36000  -0.02250   0.00000   0.04500
       0.38000   0.38000   0.02375   0.38000  -0.02375   0.00000   0.04750
       0.40000   0.40000   0.02500   0.40000  -0.02500   0.00000   0.05000
       0.42000   0.42000   0.02500   0.42000  -0.02500   0.00000   0.05000
       0.45000   0.45000   0.02500   0.45000  -0.02500   0.00000   0.05000
       0.50000   0.50000   0.02500   0.50000  -0.02500   0.00000   0.05000
       0.55000   0.55000   0.02500   0.55000  -0.02500   0.00000   0.05000
       0.60000   0.60000   0.02500   0.60000  -0.02500   0.00000   0.05000
       0.65000   0.65000   0.02187   0.65000  -0.02187   0.00000   0.04375
       0.70000   0.70000   0.01875   0.70000  -0.01875   0.00000   0.03750
       0.75000   0.75000   0.01562   0.75000  -0.01562   0.00000   0.03125
       0.80000   0.80000   0.01250   0.80000  -0.01250   0.00000   0.02500
       0.82000   0.82000   0.01125   0.82000  -0.01125   0.00000   0.02250
       0.84000   0.84000   0.01000   0.84000  -0.01000   0.00000   0.02000
       0.86000   0.86000   0.00875   0.86000  -0.00875   0.00000   0.01750
       0.88000   0.88000   0.00750   0.88000  -0.00750   0.00000   0.01500
       0.90000   0.90000   0.00625   0.90000  -0.00625   0.00000   0.01250
       0.92000   0.92000   0.00500   0.92000  -0.00500   0.00000   0.01000
       0.94000   0.94000   0.00375   0.94000  -0.00375   0.00000   0.00750
       0.96000   0.96000   0.00250   0.96000  -0.00250   0.00000   0.00500
       0.98000   0.98000   0.00125   0.98000  -0.00125   0.00000   0.00250
       1.00000   1.00000   0.00000   1.00000   0.00000   0.00000   0.00000
1         ***** THE USAF AUTOMATED MISSILE DATCOM * REV 3/99 *****     CASE   1
               AERODYNAMIC METHODS FOR MISSILE CONFIGURATIONS          PAGE   4
                      GEOMETRIC RESULTS FOR FIN SETS

                             FIN SET NUMBER  1
                          (DATA FOR ONE PANEL ONLY)

    SEGMENT   PLAN        ASPECT    TAPER     L.E.     T.E.    M.A.C.    T/C
    NUMBER    AREA        RATIO     RATIO    SWEEP    SWEEP    CHORD    RATIO

      1      0.0015        0.059    1.000    0.000    0.000    0.160    0.050
    TOTAL    0.0015        0.059    1.000    0.000    0.000    0.160    0.050
 
 
 
1         ***** THE USAF AUTOMATED MISSILE DATCOM * REV 3/99 *****     CASE   1
               AERODYNAMIC METHODS FOR MISSILE CONFIGURATIONS          PAGE   5
                           FIN SET 1 SECTION AERODYNAMICS

                        IDEAL ANGLE OF ATTACK =    0.0000 DEG.
                    ZERO LIFT ANGLE OF ATTACK =    0.0000 DEG.
                       IDEAL LIFT COEFFICIENT =    0.0000
        ZERO LIFT PITCHING MOMENT COEFFICIENT =    0.0000
                   MACH ZERO LIFT-CURVE-SLOPE =    0.0963 /DEG.
                          LEADING EDGE RADIUS =    0.0000 FRACTION CHORD
                    MAXIMUM AIRFOIL THICKNESS =    0.0500 FRACTION CHORD
                                      DELTA-Y =    0.3656 PERCENT CHORD


    MACH = 0.300   CL-ALPHA = 0.1017 /DEG.   XAC = 0.2711   CL MAX = 0.7464

    MACH = 0.600   CL-ALPHA = 0.1259 /DEG.   XAC = 0.2702   CL MAX = 0.7586

                   *** CREST CRITICAL MACH NUMBER EXCEEDED ***

                           CREST CRITICAL MACH =    0.8070
                                      LOCATION =    0.4145 FRACTION CHORD
                              LIFT-CURVE-SLOPE =    0.1410 /DEG.
1         ***** THE USAF AUTOMATED MISSILE DATCOM * REV 3/99 *****     CASE   1
               AERODYNAMIC METHODS FOR MISSILE CONFIGURATIONS          PAGE   6
                             BODY ALONE PARTIAL OUTPUT

       ******* FLIGHT CONDITIONS AND REFERENCE QUANTITIES *******
     MACH NO  =       0.30                REYNOLDS NO = 6.955E+06 /M
     ALTITUDE =        0.0 M         DYNAMIC PRESSURE =   6383.49 N/M**2
     SIDESLIP =       0.00 DEG                   ROLL =      0.00 DEG     
     REF AREA =      0.001 M**2         MOMENT CENTER =     0.250 M
     REF LENGTH =     0.65 M           LAT REF LENGTH =      0.65 M

      ALPHA    CA-FRIC  CA-PRES/WAVE CA-BASE    CA-PROT     CA-SEP     CA-ALP
     -10.00     0.2204     0.0128     0.1368                           0.0016
      -8.00     0.2229     0.0129     0.1372                           0.0016
      -6.00     0.2248     0.0130     0.1374                           0.0011
      -4.00     0.2262     0.0131     0.1374                           0.0005
      -2.00     0.2270     0.0132     0.1373                           0.0001
       0.00     0.2273     0.0132     0.1370                           0.0000
       2.00     0.2270     0.0132     0.1373                           0.0001
       4.00     0.2262     0.0131     0.1374                           0.0005
       6.00     0.2248     0.0130     0.1374                           0.0011
       8.00     0.2229     0.0129     0.1372                           0.0016
      10.00     0.2204     0.0128     0.1368                           0.0016

                     CROSS FLOW DRAG PROPORTIONALITY FACTOR = 0.76143

      ALPHA    CN-POTEN  CN-VISC   CN-SEP    CM-POTEN  CM-VISC   CM-SEP    CDC
     -10.00    -0.449    -0.376              -0.046     0.057             0.772
      -8.00    -0.363    -0.240              -0.037     0.037             0.766
      -6.00    -0.274    -0.134              -0.028     0.020             0.759
      -4.00    -0.183    -0.059              -0.019     0.009             0.753
      -2.00    -0.092    -0.015              -0.009     0.002             0.746
       0.00     0.000     0.000               0.000     0.000             0.740
       2.00     0.092     0.015               0.009    -0.002             0.746
       4.00     0.183     0.059               0.019    -0.009             0.753
       6.00     0.274     0.134               0.028    -0.020             0.759
       8.00     0.363     0.240               0.037    -0.037             0.766
      10.00     0.449     0.376               0.046    -0.057             0.772
1         ***** THE USAF AUTOMATED MISSILE DATCOM * REV 3/99 *****     CASE   1
               AERODYNAMIC METHODS FOR MISSILE CONFIGURATIONS          PAGE   7
                        FIN SET 1 CA PARTIAL OUTPUT

       ******* FLIGHT CONDITIONS AND REFERENCE QUANTITIES *******
     MACH NO  =       0.30                REYNOLDS NO = 6.955E+06 /M
     ALTITUDE =        0.0 M         DYNAMIC PRESSURE =   6383.49 N/M**2
     SIDESLIP =       0.00 DEG                   ROLL =      0.00 DEG     
     REF AREA =      0.001 M**2         MOMENT CENTER =     0.250 M
     REF LENGTH =     0.65 M           LAT REF LENGTH =      0.65 M

    SINGLE FIN PANEL ZERO-LIFT AXIAL FORCE COMPONENTS

    SKIN FRICTION        0.0128
    SUBSONIC PRESSURE    0.0010
    TRANSONIC WAVE       0.0000
    SUPERSONIC WAVE      0.0000
    LEADING EDGE         0.0000
    TRAILING EDGE        0.0000
    TOTAL CAO            0.0139

    FIN AXIAL FORCE DUE TO ANGLE OF ATTACK

    ALPHA      CA DUE TO LIFT (SINGLE PANEL)   CA-TOTAL (6 FINS)

     -10.00              0.0000                      0.0819
      -8.00              0.0000                      0.0824
      -6.00              0.0000                      0.0827
      -4.00              0.0000                      0.0830
      -2.00              0.0000                      0.0831
       0.00              0.0000                      0.0832
       2.00              0.0000                      0.0831
       4.00              0.0000                      0.0830
       6.00              0.0000                      0.0827
       8.00              0.0000                      0.0824
      10.00              0.0000                      0.0819
1         ***** THE USAF AUTOMATED MISSILE DATCOM * REV 3/99 *****     CASE   1
               AERODYNAMIC METHODS FOR MISSILE CONFIGURATIONS          PAGE   8
                       FIN SET 1 CN, CM PARTIAL OUTPUT

       ******* FLIGHT CONDITIONS AND REFERENCE QUANTITIES *******
     MACH NO  =       0.30                REYNOLDS NO = 6.955E+06 /M
     ALTITUDE =        0.0 M         DYNAMIC PRESSURE =   6383.49 N/M**2
     SIDESLIP =       0.00 DEG                   ROLL =      0.00 DEG     
     REF AREA =      0.001 M**2         MOMENT CENTER =     0.250 M
     REF LENGTH =     0.65 M           LAT REF LENGTH =      0.65 M

    NORMAL FORCE SLOPE AT ALPHA ZERO, CNA =    0.00486/DEG (1 PANEL)
         CENTER OF PRESSURE FOR LINEAR CN =   -0.43569 (CALIBERS FROM C.G.)
     CENTER OF PRESSURE FOR NON-LINEAR CN =   -0.49231 (CALIBERS FROM C.G.)

      ALPHA      CN        CN        CN        CM        CM        CM
               LINEAR  NON-LINEAR  TOTAL     LINEAR  NON-LINEAR  TOTAL

     -10.00   -0.1438   -0.3414   -0.4853    0.0627    0.1681    0.2308
      -8.00   -0.1156   -0.2190   -0.3346    0.0504    0.1078    0.1582
      -6.00   -0.0870   -0.1234   -0.2104    0.0379    0.0608    0.0987
      -4.00   -0.0582   -0.0549   -0.1131    0.0253    0.0270    0.0524
      -2.00   -0.0291   -0.0137   -0.0429    0.0127    0.0068    0.0195
       0.00    0.0000    0.0000    0.0000    0.0000    0.0000    0.0000
       2.00    0.0291    0.0137    0.0429   -0.0127   -0.0068   -0.0195
       4.00    0.0582    0.0549    0.1131   -0.0253   -0.0270   -0.0524
       6.00    0.0870    0.1234    0.2104   -0.0379   -0.0608   -0.0987
       8.00    0.1156    0.2190    0.3346   -0.0504   -0.1078   -0.1582
      10.00    0.1438    0.3414    0.4853   -0.0627   -0.1681   -0.2308
1         ***** THE USAF AUTOMATED MISSILE DATCOM * REV 3/99 *****     CASE   1
               AERODYNAMIC METHODS FOR MISSILE CONFIGURATIONS          PAGE   9
                 AERODYNAMIC FORCE AND MOMENT SYNTHESIS

       ******* FLIGHT CONDITIONS AND REFERENCE QUANTITIES *******
     MACH NO  =       0.30                REYNOLDS NO = 6.955E+06 /M
     ALTITUDE =        0.0 M         DYNAMIC PRESSURE =   6383.49 N/M**2
     SIDESLIP =       0.00 DEG                   ROLL =      0.00 DEG     
     REF AREA =      0.001 M**2         MOMENT CENTER =     0.250 M
     REF LENGTH =     0.65 M           LAT REF LENGTH =      0.65 M

          ---------------FIN SET 1 IN PRESENCE OF THE BODY----------------

      ALPHA       CN         CM         CA         CY         CLN        CLL

     -10.00    -0.9128     0.3977     0.0832     0.0000     0.0000     0.0000
      -8.00    -0.6531     0.2846     0.0832     0.0000     0.0000     0.0000
      -6.00    -0.4218     0.1838     0.0832     0.0000     0.0000     0.0000
      -4.00    -0.2277     0.0992     0.0832     0.0000     0.0000     0.0000
      -2.00    -0.0817     0.0356     0.0832     0.0000     0.0000     0.0000
       0.00     0.0000     0.0000     0.0832     0.0000     0.0000     0.0000
       2.00     0.0817    -0.0356     0.0832     0.0000     0.0000     0.0000
       4.00     0.2277    -0.0992     0.0832     0.0000     0.0000     0.0000
       6.00     0.4218    -0.1838     0.0832     0.0000     0.0000     0.0000
       8.00     0.6531    -0.2846     0.0832     0.0000     0.0000     0.0000
      10.00     0.9128    -0.3977     0.0832     0.0000     0.0000     0.0000
1         ***** THE USAF AUTOMATED MISSILE DATCOM * REV 3/99 *****     CASE   1
               AERODYNAMIC METHODS FOR MISSILE CONFIGURATIONS          PAGE  10
                 AERODYNAMIC FORCE AND MOMENT SYNTHESIS

       ******* FLIGHT CONDITIONS AND REFERENCE QUANTITIES *******
     MACH NO  =       0.30                REYNOLDS NO = 6.955E+06 /M
     ALTITUDE =        0.0 M         DYNAMIC PRESSURE =   6383.49 N/M**2
     SIDESLIP =       0.00 DEG                   ROLL =      0.00 DEG     
     REF AREA =      0.001 M**2         MOMENT CENTER =     0.250 M
     REF LENGTH =     0.65 M           LAT REF LENGTH =      0.65 M

          ---------------FIN SET 1 PANEL CHARACTERISTICS------------------

      ALPHA      PANEL    AEQ (PANEL AXIS SYS.)    PANEL CN

     -10.00        1              0.0000           0.0000
     -10.00        2            -13.7835          -0.2778
     -10.00        3            -12.9382          -0.2492
     -10.00        4              0.0000           0.0000
     -10.00        5             12.9382           0.2492
     -10.00        6             13.7835           0.2778
 
      -8.00        1              0.0000           0.0000
      -8.00        2            -11.2132          -0.1953
      -8.00        3            -10.7501          -0.1818
      -8.00        4              0.0000           0.0000
      -8.00        5             10.7501           0.1818
      -8.00        6             11.2132           0.1953
 
      -6.00        1              0.0000           0.0000
      -6.00        2             -8.5374          -0.1237
      -6.00        3             -8.3715          -0.1198
      -6.00        4              0.0000           0.0000
      -6.00        5              8.3715           0.1198
      -6.00        6              8.5374           0.1237
 
      -4.00        1              0.0000           0.0000
      -4.00        2             -5.7631          -0.0657
      -4.00        3             -5.7631          -0.0657
      -4.00        4              0.0000           0.0000
      -4.00        5              5.7631           0.0657
      -4.00        6              5.7631           0.0657
 
      -2.00        1              0.0000           0.0000
      -2.00        2             -2.9023          -0.0236
      -2.00        3             -2.9023          -0.0236
      -2.00        4              0.0000           0.0000
      -2.00        5              2.9023           0.0236
      -2.00        6              2.9023           0.0236
 
       0.00        1              0.0000           0.0000
       0.00        2              0.0000           0.0000
       0.00        3              0.0000           0.0000
       0.00        4              0.0000           0.0000
       0.00        5              0.0000           0.0000
       0.00        6              0.0000           0.0000
 
       2.00        1              0.0000           0.0000
       2.00        2              2.9023           0.0236
       2.00        3              2.9023           0.0236
       2.00        4              0.0000           0.0000
       2.00        5             -2.9023          -0.0236
       2.00        6             -2.9023          -0.0236
 
       4.00        1              0.0000           0.0000
       4.00        2              5.7631           0.0657
       4.00        3              5.7631           0.0657
       4.00        4              0.0000           0.0000
       4.00        5             -5.7631          -0.0657
       4.00        6             -5.7631          -0.0657
 
       6.00        1              0.0000           0.0000
       6.00        2              8.3715           0.1198
       6.00        3              8.5374           0.1237
       6.00        4              0.0000           0.0000
       6.00        5             -8.5374          -0.1237
       6.00        6             -8.3715          -0.1198
 
       8.00        1              0.0000           0.0000
       8.00        2             10.7501           0.1818
       8.00        3             11.2132           0.1953
       8.00        4              0.0000           0.0000
       8.00        5            -11.2132          -0.1953
       8.00        6            -10.7501          -0.1818
 
      10.00        1              0.0000           0.0000
      10.00        2             12.9382           0.2492
      10.00        3             13.7835           0.2778
      10.00        4              0.0000           0.0000
      10.00        5            -13.7835          -0.2778
      10.00        6            -12.9382          -0.2492
 
1         ***** THE USAF AUTOMATED MISSILE DATCOM * REV 3/99 *****     CASE   1
               AERODYNAMIC METHODS FOR MISSILE CONFIGURATIONS          PAGE  11
                 AERODYNAMIC FORCE AND MOMENT SYNTHESIS

       ******* FLIGHT CONDITIONS AND REFERENCE QUANTITIES *******
     MACH NO  =       0.30                REYNOLDS NO = 6.955E+06 /M
     ALTITUDE =        0.0 M         DYNAMIC PRESSURE =   6383.49 N/M**2
     SIDESLIP =       0.00 DEG                   ROLL =      0.00 DEG     
     REF AREA =      0.001 M**2         MOMENT CENTER =     0.250 M
     REF LENGTH =     0.65 M           LAT REF LENGTH =      0.65 M

             CARRYOVER INTERFERENCE FACTORS - FIN SET 1

      ALPHA   K-W(B)   K-B(W)  KK-W(B)  KK-B(W)  XCP-W(B) XCP-B(W) Y-CP/(B/2)

     -10.00   1.6234   1.1241   0.9535   0.6600   0.4357   0.4308   0.4305
      -8.00   1.6395   1.1241   0.9535   0.6600   0.4357   0.4308   0.4637
      -6.00   1.6540   1.1241   0.9535   0.6600   0.4357   0.4308   0.5273
      -4.00   1.6666   1.1241   0.9535   0.6600   0.4357   0.4308   0.5789
      -2.00   1.6764   1.1241   0.9535   0.6600   0.4357   0.4308   0.6163
       0.00   1.6818   1.1241   0.9535   0.6600   0.4357   0.4308   0.6373
       2.00   1.6764   1.1241   0.9535   0.6600   0.4357   0.4308   0.6163
       4.00   1.6666   1.1241   0.9535   0.6600   0.4357   0.4308   0.5789
       6.00   1.6540   1.1241   0.9535   0.6600   0.4357   0.4308   0.5308
       8.00   1.6395   1.1241   0.9535   0.6600   0.4357   0.4308   0.4757
      10.00   1.6234   1.1241   0.9535   0.6600   0.4357   0.4308   0.4412

    NOTE - XCP-W(B) USED FOR STABILITY ONLY DIFFERENT VALUES USED FOR HINGE MOMENTS
1         ***** THE USAF AUTOMATED MISSILE DATCOM * REV 3/99 *****     CASE   1
               AERODYNAMIC METHODS FOR MISSILE CONFIGURATIONS          PAGE  12
        FIN SET 1 PANEL BENDING MOMENTS (ABOUT EXPOSED ROOT CHORD)

       ******* FLIGHT CONDITIONS AND REFERENCE QUANTITIES *******
     MACH NO  =       0.30                REYNOLDS NO = 6.955E+06 /M
     ALTITUDE =        0.0 M         DYNAMIC PRESSURE =   6383.49 N/M**2
     SIDESLIP =       0.00 DEG                   ROLL =      0.00 DEG     
     REF AREA =      0.001 M**2         MOMENT CENTER =     0.250 M
     REF LENGTH =     0.65 M           LAT REF LENGTH =      0.65 M

   ALPHA   PANL 1   PANL 2   PANL 3   PANL 4   PANL 5   PANL 6   PANL 7   PANL 8
 
   -10.0  2.41E-12 -1.75E-03 -1.57E-03 -1.11E-10  1.57E-03  1.75E-03
    -8.0  0.00E+00 -1.32E-03 -1.23E-03 -8.85E-11  1.23E-03  1.32E-03
    -6.0  0.00E+00 -9.53E-04 -9.23E-04 -6.80E-11  9.23E-04  9.53E-04
    -4.0  0.00E+00 -5.56E-04 -5.56E-04 -5.27E-11  5.56E-04  5.56E-04
    -2.0  0.00E+00 -2.13E-04 -2.13E-04 -2.82E-11  2.13E-04  2.13E-04
     0.0  0.00E+00  0.00E+00  0.00E+00  0.00E+00  0.00E+00  0.00E+00
     2.0  0.00E+00  2.13E-04  2.13E-04  2.82E-11 -2.13E-04 -2.13E-04
     4.0  0.00E+00  5.56E-04  5.56E-04  5.27E-11 -5.56E-04 -5.56E-04
     6.0  3.64E-12  9.29E-04  9.60E-04  7.21E-11 -9.60E-04 -9.29E-04
     8.0 -5.09E-12  1.26E-03  1.36E-03  8.56E-11 -1.36E-03 -1.26E-03
    10.0 -1.48E-11  1.61E-03  1.79E-03  1.01E-10 -1.79E-03 -1.61E-03
1         ***** THE USAF AUTOMATED MISSILE DATCOM * REV 3/99 *****     CASE   1
               AERODYNAMIC METHODS FOR MISSILE CONFIGURATIONS          PAGE  13
            FIN SET 1 PANEL HINGE MOMENTS (ABOUT HINGE LINE)

       ******* FLIGHT CONDITIONS AND REFERENCE QUANTITIES *******
     MACH NO  =       0.30                REYNOLDS NO = 6.955E+06 /M
     ALTITUDE =        0.0 M         DYNAMIC PRESSURE =   6383.49 N/M**2
     SIDESLIP =       0.00 DEG                   ROLL =      0.00 DEG     
     REF AREA =      0.001 M**2         MOMENT CENTER =     0.250 M
     REF LENGTH =     0.65 M           LAT REF LENGTH =      0.65 M

   ALPHA   PANL 1   PANL 2   PANL 3   PANL 4   PANL 5   PANL 6   PANL 7   PANL 8
 
   -10.0  5.17E-11 -3.36E-02 -3.05E-02 -2.37E-09  3.05E-02  3.36E-02
    -8.0  0.00E+00 -2.44E-02 -2.28E-02 -1.76E-09  2.28E-02  2.44E-02
    -6.0  0.00E+00 -1.59E-02 -1.54E-02 -1.19E-09  1.54E-02  1.59E-02
    -4.0  0.00E+00 -8.64E-03 -8.64E-03 -8.40E-10  8.64E-03  8.64E-03
    -2.0  0.00E+00 -3.15E-03 -3.15E-03 -4.22E-10  3.15E-03  3.15E-03
     0.0  0.00E+00  0.00E+00  0.00E+00  0.00E+00  0.00E+00  0.00E+00
     2.0  0.00E+00  3.15E-03  3.15E-03  4.22E-10 -3.15E-03 -3.15E-03
     4.0  0.00E+00  8.64E-03  8.64E-03  8.40E-10 -8.64E-03 -8.64E-03
     6.0  6.32E-11  1.54E-02  1.59E-02  1.25E-09 -1.59E-02 -1.54E-02
     8.0 -9.87E-11  2.28E-02  2.44E-02  1.66E-09 -2.44E-02 -2.28E-02
    10.0 -3.10E-10  3.05E-02  3.36E-02  2.11E-09 -3.36E-02 -3.05E-02
1         ***** THE USAF AUTOMATED MISSILE DATCOM * REV 3/99 *****     CASE   1
               AERODYNAMIC METHODS FOR MISSILE CONFIGURATIONS          PAGE  14
                   STATIC AERODYNAMICS FOR BODY-FIN SET 1

       ******* FLIGHT CONDITIONS AND REFERENCE QUANTITIES *******
     MACH NO  =       0.30                REYNOLDS NO = 6.955E+06 /M
     ALTITUDE =        0.0 M         DYNAMIC PRESSURE =   6383.49 N/M**2
     SIDESLIP =       0.00 DEG                   ROLL =      0.00 DEG     
     REF AREA =      0.001 M**2         MOMENT CENTER =     0.250 M
     REF LENGTH =     0.65 M           LAT REF LENGTH =      0.65 M

                   ----- LONGITUDINAL -----     -- LATERAL DIRECTIONAL --
         ALPHA       CN        CM        CA        CY       CLN       CLL

        -10.00    -2.370     0.681     0.455     0.000     0.000     0.000
         -8.00    -1.703     0.477     0.458     0.000     0.000     0.000
         -6.00    -1.116     0.300     0.459     0.000     0.000     0.000
         -4.00    -0.624     0.156     0.460     0.000     0.000     0.000
         -2.00    -0.243     0.052     0.461     0.000     0.000     0.000
          0.00     0.000     0.000     0.461     0.000     0.000     0.000
          2.00     0.243    -0.052     0.461     0.000     0.000     0.000
          4.00     0.624    -0.156     0.460     0.000     0.000     0.000
          6.00     1.116    -0.300     0.459     0.000     0.000     0.000
          8.00     1.703    -0.477     0.458     0.000     0.000     0.000
         10.00     2.370    -0.681     0.455     0.000     0.000     0.000

         ALPHA       CL        CD      CL/CD     X-C.P.

        -10.00    -2.255     0.859    -2.624    -0.287
         -8.00    -1.623     0.690    -2.351    -0.280
         -6.00    -1.062     0.574    -1.851    -0.268
         -4.00    -0.590     0.503    -1.174    -0.249
         -2.00    -0.227     0.469    -0.484    -0.214
          0.00     0.000     0.461     0.000    -0.214
          2.00     0.227     0.469     0.484    -0.214
          4.00     0.590     0.503     1.174    -0.249
          6.00     1.062     0.574     1.851    -0.268
          8.00     1.623     0.690     2.351    -0.280
         10.00     2.255     0.859     2.624    -0.287

    X-C.P. MEAS. FROM MOMENT CENTER IN REF. LENGTHS, NEG. AFT OF MOMENT CENTER
1         ***** THE USAF AUTOMATED MISSILE DATCOM * REV 3/99 *****     CASE   1
               AERODYNAMIC METHODS FOR MISSILE CONFIGURATIONS          PAGE  15
                   STATIC AERODYNAMICS FOR BODY-FIN SET 1

       ******* FLIGHT CONDITIONS AND REFERENCE QUANTITIES *******
     MACH NO  =       0.30                REYNOLDS NO = 6.955E+06 /M
     ALTITUDE =        0.0 M         DYNAMIC PRESSURE =   6383.49 N/M**2
     SIDESLIP =       0.00 DEG                   ROLL =      0.00 DEG     
     REF AREA =      0.001 M**2         MOMENT CENTER =     0.250 M
     REF LENGTH =     0.65 M           LAT REF LENGTH =      0.65 M

                   ---------- DERIVATIVES (PER DEGREE) ----------
         ALPHA       CNA         CMA         CYB         CLNB        CLLB
        -10.00      0.3538     -0.1091     -0.1940      0.0498      0.0000
         -8.00      0.3134     -0.0954     -0.1820      0.0464      0.0000
         -6.00      0.2697     -0.0803     -0.1669      0.0417      0.0000
         -4.00      0.2181     -0.0619     -0.1485      0.0356      0.0000
         -2.00      0.1558     -0.0389     -0.1245      0.0271      0.0000
          0.00      0.1216     -0.0260     -0.1078      0.0205      0.0000
          2.00      0.1558     -0.0389     -0.1245      0.0271      0.0000
          4.00      0.2181     -0.0619     -0.1485      0.0356      0.0000
          6.00      0.2697     -0.0803     -0.1669      0.0417      0.0000
          8.00      0.3134     -0.0954     -0.1820      0.0464      0.0000
         10.00      0.3538     -0.1091     -0.1940      0.0498      0.0000

    PANEL DEFLECTION ANGLES (DEGREES)
    SET    FIN 1   FIN 2   FIN 3   FIN 4   FIN 5   FIN 6   FIN 7   FIN 8
      1    0.00    0.00    0.00    0.00    0.00    0.00
1         ***** THE USAF AUTOMATED MISSILE DATCOM * REV 3/99 *****     CASE   1
               AERODYNAMIC METHODS FOR MISSILE CONFIGURATIONS          PAGE  16
                             BODY ALONE PARTIAL OUTPUT

       ******* FLIGHT CONDITIONS AND REFERENCE QUANTITIES *******
     MACH NO  =       0.60                REYNOLDS NO = 1.391E+07 /M
     ALTITUDE =        0.0 M         DYNAMIC PRESSURE =  25533.94 N/M**2
     SIDESLIP =       0.00 DEG                   ROLL =      0.00 DEG     
     REF AREA =      0.001 M**2         MOMENT CENTER =     0.250 M
     REF LENGTH =     0.65 M           LAT REF LENGTH =      0.65 M

      ALPHA    CA-FRIC  CA-PRES/WAVE CA-BASE    CA-PROT     CA-SEP     CA-ALP
     -10.00     0.1929     0.0133     0.1356                           0.0011
      -8.00     0.1950     0.0135     0.1360                           0.0013
      -6.00     0.1967     0.0136     0.1363                           0.0009
      -4.00     0.1979     0.0137     0.1364                           0.0005
      -2.00     0.1986     0.0137     0.1363                           0.0001
       0.00     0.1988     0.0138     0.1360                           0.0000
       2.00     0.1986     0.0137     0.1363                           0.0001
       4.00     0.1979     0.0137     0.1364                           0.0005
       6.00     0.1967     0.0136     0.1363                           0.0009
       8.00     0.1950     0.0135     0.1360                           0.0013
      10.00     0.1929     0.0133     0.1356                           0.0011

                     CROSS FLOW DRAG PROPORTIONALITY FACTOR = 0.76143

      ALPHA    CN-POTEN  CN-VISC   CN-SEP    CM-POTEN  CM-VISC   CM-SEP    CDC
     -10.00    -0.449    -0.392              -0.046     0.060             0.804
      -8.00    -0.363    -0.248              -0.037     0.038             0.791
      -6.00    -0.274    -0.137              -0.028     0.021             0.778
      -4.00    -0.183    -0.060              -0.019     0.009             0.766
      -2.00    -0.092    -0.015              -0.009     0.002             0.753
       0.00     0.000     0.000               0.000     0.000             0.740
       2.00     0.092     0.015               0.009    -0.002             0.753
       4.00     0.183     0.060               0.019    -0.009             0.766
       6.00     0.274     0.137               0.028    -0.021             0.778
       8.00     0.363     0.248               0.037    -0.038             0.791
      10.00     0.449     0.392               0.046    -0.060             0.804
1         ***** THE USAF AUTOMATED MISSILE DATCOM * REV 3/99 *****     CASE   1
               AERODYNAMIC METHODS FOR MISSILE CONFIGURATIONS          PAGE  17
                        FIN SET 1 CA PARTIAL OUTPUT

       ******* FLIGHT CONDITIONS AND REFERENCE QUANTITIES *******
     MACH NO  =       0.60                REYNOLDS NO = 1.391E+07 /M
     ALTITUDE =        0.0 M         DYNAMIC PRESSURE =  25533.94 N/M**2
     SIDESLIP =       0.00 DEG                   ROLL =      0.00 DEG     
     REF AREA =      0.001 M**2         MOMENT CENTER =     0.250 M
     REF LENGTH =     0.65 M           LAT REF LENGTH =      0.65 M

    SINGLE FIN PANEL ZERO-LIFT AXIAL FORCE COMPONENTS

    SKIN FRICTION        0.0111
    SUBSONIC PRESSURE    0.0009
    TRANSONIC WAVE       0.0000
    SUPERSONIC WAVE      0.0000
    LEADING EDGE         0.0000
    TRAILING EDGE        0.0000
    TOTAL CAO            0.0120

    FIN AXIAL FORCE DUE TO ANGLE OF ATTACK

    ALPHA      CA DUE TO LIFT (SINGLE PANEL)   CA-TOTAL (6 FINS)

     -10.00              0.0000                      0.0709
      -8.00              0.0000                      0.0713
      -6.00              0.0000                      0.0716
      -4.00              0.0000                      0.0718
      -2.00              0.0000                      0.0719
       0.00              0.0000                      0.0720
       2.00              0.0000                      0.0719
       4.00              0.0000                      0.0718
       6.00              0.0000                      0.0716
       8.00              0.0000                      0.0713
      10.00              0.0000                      0.0709
1         ***** THE USAF AUTOMATED MISSILE DATCOM * REV 3/99 *****     CASE   1
               AERODYNAMIC METHODS FOR MISSILE CONFIGURATIONS          PAGE  18
                       FIN SET 1 CN, CM PARTIAL OUTPUT

       ******* FLIGHT CONDITIONS AND REFERENCE QUANTITIES *******
     MACH NO  =       0.60                REYNOLDS NO = 1.391E+07 /M
     ALTITUDE =        0.0 M         DYNAMIC PRESSURE =  25533.94 N/M**2
     SIDESLIP =       0.00 DEG                   ROLL =      0.00 DEG     
     REF AREA =      0.001 M**2         MOMENT CENTER =     0.250 M
     REF LENGTH =     0.65 M           LAT REF LENGTH =      0.65 M

    NORMAL FORCE SLOPE AT ALPHA ZERO, CNA =    0.00486/DEG (1 PANEL)
         CENTER OF PRESSURE FOR LINEAR CN =   -0.43569 (CALIBERS FROM C.G.)
     CENTER OF PRESSURE FOR NON-LINEAR CN =   -0.49231 (CALIBERS FROM C.G.)

      ALPHA      CN        CN        CN        CM        CM        CM
               LINEAR  NON-LINEAR  TOTAL     LINEAR  NON-LINEAR  TOTAL

     -10.00   -0.1439   -0.3671   -0.5110    0.0627    0.1807    0.2434
      -8.00   -0.1156   -0.2355   -0.3511    0.0504    0.1159    0.1663
      -6.00   -0.0870   -0.1327   -0.2197    0.0379    0.0653    0.1033
      -4.00   -0.0582   -0.0591   -0.1172    0.0253    0.0291    0.0544
      -2.00   -0.0291   -0.0148   -0.0439    0.0127    0.0073    0.0200
       0.00    0.0000    0.0000    0.0000    0.0000    0.0000    0.0000
       2.00    0.0291    0.0148    0.0439   -0.0127   -0.0073   -0.0200
       4.00    0.0582    0.0591    0.1172   -0.0253   -0.0291   -0.0544
       6.00    0.0870    0.1327    0.2197   -0.0379   -0.0653   -0.1033
       8.00    0.1156    0.2355    0.3511   -0.0504   -0.1159   -0.1663
      10.00    0.1439    0.3671    0.5110   -0.0627   -0.1807   -0.2434
1         ***** THE USAF AUTOMATED MISSILE DATCOM * REV 3/99 *****     CASE   1
               AERODYNAMIC METHODS FOR MISSILE CONFIGURATIONS          PAGE  19
                 AERODYNAMIC FORCE AND MOMENT SYNTHESIS

       ******* FLIGHT CONDITIONS AND REFERENCE QUANTITIES *******
     MACH NO  =       0.60                REYNOLDS NO = 1.391E+07 /M
     ALTITUDE =        0.0 M         DYNAMIC PRESSURE =  25533.94 N/M**2
     SIDESLIP =       0.00 DEG                   ROLL =      0.00 DEG     
     REF AREA =      0.001 M**2         MOMENT CENTER =     0.250 M
     REF LENGTH =     0.65 M           LAT REF LENGTH =      0.65 M

          ---------------FIN SET 1 IN PRESENCE OF THE BODY----------------

      ALPHA       CN         CM         CA         CY         CLN        CLL

     -10.00    -0.9624     0.4193     0.0720     0.0000     0.0000     0.0000
      -8.00    -0.6877     0.2996     0.0720     0.0000     0.0000     0.0000
      -6.00    -0.4428     0.1929     0.0720     0.0000     0.0000     0.0000
      -4.00    -0.2376     0.1035     0.0720     0.0000     0.0000     0.0000
      -2.00    -0.0842     0.0367     0.0720     0.0000     0.0000     0.0000
       0.00     0.0000     0.0000     0.0720     0.0000     0.0000     0.0000
       2.00     0.0842    -0.0367     0.0720     0.0000     0.0000     0.0000
       4.00     0.2376    -0.1035     0.0720     0.0000     0.0000     0.0000
       6.00     0.4428    -0.1929     0.0720     0.0000     0.0000     0.0000
       8.00     0.6877    -0.2996     0.0720     0.0000     0.0000     0.0000
      10.00     0.9624    -0.4193     0.0720     0.0000     0.0000     0.0000
1         ***** THE USAF AUTOMATED MISSILE DATCOM * REV 3/99 *****     CASE   1
               AERODYNAMIC METHODS FOR MISSILE CONFIGURATIONS          PAGE  20
                 AERODYNAMIC FORCE AND MOMENT SYNTHESIS

       ******* FLIGHT CONDITIONS AND REFERENCE QUANTITIES *******
     MACH NO  =       0.60                REYNOLDS NO = 1.391E+07 /M
     ALTITUDE =        0.0 M         DYNAMIC PRESSURE =  25533.94 N/M**2
     SIDESLIP =       0.00 DEG                   ROLL =      0.00 DEG     
     REF AREA =      0.001 M**2         MOMENT CENTER =     0.250 M
     REF LENGTH =     0.65 M           LAT REF LENGTH =      0.65 M

          ---------------FIN SET 1 PANEL CHARACTERISTICS------------------

      ALPHA      PANEL    AEQ (PANEL AXIS SYS.)    PANEL CN

     -10.00        1              0.0000           0.0000
     -10.00        2            -13.7777          -0.2937
     -10.00        3            -12.8973          -0.2620
     -10.00        4              0.0000           0.0000
     -10.00        5             12.8973           0.2620
     -10.00        6             13.7777           0.2937
 
      -8.00        1              0.0000           0.0000
      -8.00        2            -11.2108          -0.2059
      -8.00        3            -10.7322          -0.1911
      -8.00        4              0.0000           0.0000
      -8.00        5             10.7322           0.1911
      -8.00        6             11.2108           0.2059
 
      -6.00        1              0.0000           0.0000
      -6.00        2             -8.5367          -0.1300
      -6.00        3             -8.3667          -0.1257
      -6.00        4              0.0000           0.0000
      -6.00        5              8.3667           0.1257
      -6.00        6              8.5367           0.1300
 
      -4.00        1              0.0000           0.0000
      -4.00        2             -5.7631          -0.0686
      -4.00        3             -5.7631          -0.0686
      -4.00        4              0.0000           0.0000
      -4.00        5              5.7631           0.0686
      -4.00        6              5.7631           0.0686
 
      -2.00        1              0.0000           0.0000
      -2.00        2             -2.9023          -0.0243
      -2.00        3             -2.9023          -0.0243
      -2.00        4              0.0000           0.0000
      -2.00        5              2.9023           0.0243
      -2.00        6              2.9023           0.0243
 
       0.00        1              0.0000           0.0000
       0.00        2              0.0000           0.0000
       0.00        3              0.0000           0.0000
       0.00        4              0.0000           0.0000
       0.00        5              0.0000           0.0000
       0.00        6              0.0000           0.0000
 
       2.00        1              0.0000           0.0000
       2.00        2              2.9023           0.0243
       2.00        3              2.9023           0.0243
       2.00        4              0.0000           0.0000
       2.00        5             -2.9023          -0.0243
       2.00        6             -2.9023          -0.0243
 
       4.00        1              0.0000           0.0000
       4.00        2              5.7631           0.0686
       4.00        3              5.7631           0.0686
       4.00        4              0.0000           0.0000
       4.00        5             -5.7631          -0.0686
       4.00        6             -5.7631          -0.0686
 
       6.00        1              0.0000           0.0000
       6.00        2              8.3667           0.1257
       6.00        3              8.5367           0.1300
       6.00        4              0.0000           0.0000
       6.00        5             -8.5367          -0.1300
       6.00        6             -8.3667          -0.1257
 
       8.00        1              0.0000           0.0000
       8.00        2             10.7322           0.1911
       8.00        3             11.2108           0.2059
       8.00        4              0.0000           0.0000
       8.00        5            -11.2108          -0.2059
       8.00        6            -10.7322          -0.1911
 
      10.00        1              0.0000           0.0000
      10.00        2             12.8973           0.2620
      10.00        3             13.7777           0.2937
      10.00        4              0.0000           0.0000
      10.00        5            -13.7777          -0.2937
      10.00        6            -12.8973          -0.2620
 
1         ***** THE USAF AUTOMATED MISSILE DATCOM * REV 3/99 *****     CASE   1
               AERODYNAMIC METHODS FOR MISSILE CONFIGURATIONS          PAGE  21
                 AERODYNAMIC FORCE AND MOMENT SYNTHESIS

       ******* FLIGHT CONDITIONS AND REFERENCE QUANTITIES *******
     MACH NO  =       0.60                REYNOLDS NO = 1.391E+07 /M
     ALTITUDE =        0.0 M         DYNAMIC PRESSURE =  25533.94 N/M**2
     SIDESLIP =       0.00 DEG                   ROLL =      0.00 DEG     
     REF AREA =      0.001 M**2         MOMENT CENTER =     0.250 M
     REF LENGTH =     0.65 M           LAT REF LENGTH =      0.65 M

             CARRYOVER INTERFERENCE FACTORS - FIN SET 1

      ALPHA   K-W(B)   K-B(W)  KK-W(B)  KK-B(W)  XCP-W(B) XCP-B(W) Y-CP/(B/2)

     -10.00   1.6234   1.1241   0.9535   0.6600   0.4357   0.4308   0.4389
      -8.00   1.6395   1.1241   0.9535   0.6600   0.4357   0.4308   0.4626
      -6.00   1.6540   1.1241   0.9535   0.6600   0.4357   0.4308   0.5039
      -4.00   1.6666   1.1241   0.9535   0.6600   0.4357   0.4308   0.5386
      -2.00   1.6764   1.1241   0.9535   0.6600   0.4357   0.4308   0.5637
       0.00   1.6818   1.1241   0.9535   0.6600   0.4357   0.4308   0.5775
       2.00   1.6764   1.1241   0.9535   0.6600   0.4357   0.4308   0.5637
       4.00   1.6666   1.1241   0.9535   0.6600   0.4357   0.4308   0.5386
       6.00   1.6540   1.1241   0.9535   0.6600   0.4357   0.4308   0.5063
       8.00   1.6395   1.1241   0.9535   0.6600   0.4357   0.4308   0.4693
      10.00   1.6234   1.1241   0.9535   0.6600   0.4357   0.4308   0.4475

    NOTE - XCP-W(B) USED FOR STABILITY ONLY DIFFERENT VALUES USED FOR HINGE MOMENTS
1         ***** THE USAF AUTOMATED MISSILE DATCOM * REV 3/99 *****     CASE   1
               AERODYNAMIC METHODS FOR MISSILE CONFIGURATIONS          PAGE  22
        FIN SET 1 PANEL BENDING MOMENTS (ABOUT EXPOSED ROOT CHORD)

       ******* FLIGHT CONDITIONS AND REFERENCE QUANTITIES *******
     MACH NO  =       0.60                REYNOLDS NO = 1.391E+07 /M
     ALTITUDE =        0.0 M         DYNAMIC PRESSURE =  25533.94 N/M**2
     SIDESLIP =       0.00 DEG                   ROLL =      0.00 DEG     
     REF AREA =      0.001 M**2         MOMENT CENTER =     0.250 M
     REF LENGTH =     0.65 M           LAT REF LENGTH =      0.65 M

   ALPHA   PANL 1   PANL 2   PANL 3   PANL 4   PANL 5   PANL 6   PANL 7   PANL 8
 
   -10.0  2.60E-12 -1.88E-03 -1.68E-03 -1.15E-10  1.68E-03  1.88E-03
    -8.0  0.00E+00 -1.39E-03 -1.29E-03 -8.99E-11  1.29E-03  1.39E-03
    -6.0  0.00E+00 -9.57E-04 -9.26E-04 -6.60E-11  9.26E-04  9.57E-04
    -4.0  0.00E+00 -5.40E-04 -5.40E-04 -4.99E-11  5.40E-04  5.40E-04
    -2.0  0.00E+00 -2.00E-04 -2.00E-04 -2.62E-11  2.00E-04  2.00E-04
     0.0  0.00E+00  0.00E+00  0.00E+00  0.00E+00  0.00E+00  0.00E+00
     2.0  0.00E+00  2.00E-04  2.00E-04  2.62E-11 -2.00E-04 -2.00E-04
     4.0  0.00E+00  5.40E-04  5.40E-04  4.99E-11 -5.40E-04 -5.40E-04
     6.0  3.62E-12  9.30E-04  9.62E-04  6.99E-11 -9.62E-04 -9.30E-04
     8.0 -5.27E-12  1.31E-03  1.41E-03  8.59E-11 -1.41E-03 -1.31E-03
    10.0 -1.59E-11  1.71E-03  1.92E-03  1.04E-10 -1.92E-03 -1.71E-03
1         ***** THE USAF AUTOMATED MISSILE DATCOM * REV 3/99 *****     CASE   1
               AERODYNAMIC METHODS FOR MISSILE CONFIGURATIONS          PAGE  23
            FIN SET 1 PANEL HINGE MOMENTS (ABOUT HINGE LINE)

       ******* FLIGHT CONDITIONS AND REFERENCE QUANTITIES *******
     MACH NO  =       0.60                REYNOLDS NO = 1.391E+07 /M
     ALTITUDE =        0.0 M         DYNAMIC PRESSURE =  25533.94 N/M**2
     SIDESLIP =       0.00 DEG                   ROLL =      0.00 DEG     
     REF AREA =      0.001 M**2         MOMENT CENTER =     0.250 M
     REF LENGTH =     0.65 M           LAT REF LENGTH =      0.65 M

   ALPHA   PANL 1   PANL 2   PANL 3   PANL 4   PANL 5   PANL 6   PANL 7   PANL 8
 
   -10.0  5.45E-11 -3.53E-02 -3.19E-02 -2.42E-09  3.19E-02  3.53E-02
    -8.0  0.00E+00 -2.56E-02 -2.39E-02 -1.79E-09  2.39E-02  2.56E-02
    -6.0  0.00E+00 -1.66E-02 -1.61E-02 -1.20E-09  1.61E-02  1.66E-02
    -4.0  0.00E+00 -8.99E-03 -8.99E-03 -8.51E-10  8.99E-03  8.99E-03
    -2.0  0.00E+00 -3.24E-03 -3.24E-03 -4.28E-10  3.24E-03  3.24E-03
     0.0  0.00E+00  0.00E+00  0.00E+00  0.00E+00  0.00E+00  0.00E+00
     2.0  0.00E+00  3.24E-03  3.24E-03  4.28E-10 -3.24E-03 -3.24E-03
     4.0  0.00E+00  8.99E-03  8.99E-03  8.51E-10 -8.99E-03 -8.99E-03
     6.0  6.57E-11  1.61E-02  1.66E-02  1.27E-09 -1.66E-02 -1.61E-02
     8.0 -1.03E-10  2.39E-02  2.56E-02  1.68E-09 -2.56E-02 -2.39E-02
    10.0 -3.27E-10  3.19E-02  3.53E-02  2.15E-09 -3.53E-02 -3.19E-02
1         ***** THE USAF AUTOMATED MISSILE DATCOM * REV 3/99 *****     CASE   1
               AERODYNAMIC METHODS FOR MISSILE CONFIGURATIONS          PAGE  24
                   STATIC AERODYNAMICS FOR BODY-FIN SET 1

       ******* FLIGHT CONDITIONS AND REFERENCE QUANTITIES *******
     MACH NO  =       0.60                REYNOLDS NO = 1.391E+07 /M
     ALTITUDE =        0.0 M         DYNAMIC PRESSURE =  25533.94 N/M**2
     SIDESLIP =       0.00 DEG                   ROLL =      0.00 DEG     
     REF AREA =      0.001 M**2         MOMENT CENTER =     0.250 M
     REF LENGTH =     0.65 M           LAT REF LENGTH =      0.65 M

                   ----- LONGITUDINAL -----     -- LATERAL DIRECTIONAL --
         ALPHA       CN        CM        CA        CY       CLN       CLL

        -10.00    -2.470     0.720     0.415     0.000     0.000     0.000
         -8.00    -1.769     0.503     0.418     0.000     0.000     0.000
         -6.00    -1.155     0.315     0.419     0.000     0.000     0.000
         -4.00    -0.641     0.163     0.420     0.000     0.000     0.000
         -2.00    -0.247     0.054     0.421     0.000     0.000     0.000
          0.00     0.000     0.000     0.421     0.000     0.000     0.000
          2.00     0.247    -0.054     0.421     0.000     0.000     0.000
          4.00     0.641    -0.163     0.420     0.000     0.000     0.000
          6.00     1.155    -0.315     0.419     0.000     0.000     0.000
          8.00     1.769    -0.503     0.418     0.000     0.000     0.000
         10.00     2.470    -0.720     0.415     0.000     0.000     0.000

         ALPHA       CL        CD      CL/CD     X-C.P.

        -10.00    -2.360     0.837    -2.818    -0.292
         -8.00    -1.694     0.660    -2.567    -0.284
         -6.00    -1.105     0.538    -2.054    -0.273
         -4.00    -0.611     0.464    -1.315    -0.254
         -2.00    -0.233     0.429    -0.542    -0.218
          0.00     0.000     0.421     0.000    -0.218
          2.00     0.233     0.429     0.542    -0.218
          4.00     0.611     0.464     1.315    -0.254
          6.00     1.105     0.538     2.054    -0.273
          8.00     1.694     0.660     2.567    -0.284
         10.00     2.360     0.837     2.818    -0.292

    X-C.P. MEAS. FROM MOMENT CENTER IN REF. LENGTHS, NEG. AFT OF MOMENT CENTER
1         ***** THE USAF AUTOMATED MISSILE DATCOM * REV 3/99 *****     CASE   1
               AERODYNAMIC METHODS FOR MISSILE CONFIGURATIONS          PAGE  25
                   STATIC AERODYNAMICS FOR BODY-FIN SET 1

       ******* FLIGHT CONDITIONS AND REFERENCE QUANTITIES *******
     MACH NO  =       0.60                REYNOLDS NO = 1.391E+07 /M
     ALTITUDE =        0.0 M         DYNAMIC PRESSURE =  25533.94 N/M**2
     SIDESLIP =       0.00 DEG                   ROLL =      0.00 DEG     
     REF AREA =      0.001 M**2         MOMENT CENTER =     0.250 M
     REF LENGTH =     0.65 M           LAT REF LENGTH =      0.65 M

                   ---------- DERIVATIVES (PER DEGREE) ----------
         ALPHA       CNA         CMA         CYB         CLNB        CLLB
        -10.00      0.3718     -0.1156     -0.2017      0.0527      0.0000
         -8.00      0.3286     -0.1012     -0.1886      0.0489      0.0000
         -6.00      0.2818     -0.0851     -0.1722      0.0438      0.0000
         -4.00      0.2266     -0.0654     -0.1523      0.0371      0.0000
         -2.00      0.1601     -0.0407     -0.1269      0.0280      0.0000
          0.00      0.1237     -0.0269     -0.1090      0.0210      0.0000
          2.00      0.1601     -0.0407     -0.1269      0.0280      0.0000
          4.00      0.2266     -0.0654     -0.1523      0.0371      0.0000
          6.00      0.2818     -0.0851     -0.1722      0.0438      0.0000
          8.00      0.3286     -0.1012     -0.1886      0.0489      0.0000
         10.00      0.3718     -0.1156     -0.2017      0.0527      0.0000

    PANEL DEFLECTION ANGLES (DEGREES)
    SET    FIN 1   FIN 2   FIN 3   FIN 4   FIN 5   FIN 6   FIN 7   FIN 8
      1    0.00    0.00    0.00    0.00    0.00    0.00
1         ***** THE USAF AUTOMATED MISSILE DATCOM * REV 3/99 *****     CASE   1
               AERODYNAMIC METHODS FOR MISSILE CONFIGURATIONS          PAGE  26
                             BODY ALONE PARTIAL OUTPUT

       ******* FLIGHT CONDITIONS AND REFERENCE QUANTITIES *******
     MACH NO  =       0.90                REYNOLDS NO = 2.087E+07 /M
     ALTITUDE =        0.0 M         DYNAMIC PRESSURE =  57451.37 N/M**2
     SIDESLIP =       0.00 DEG                   ROLL =      0.00 DEG     
     REF AREA =      0.001 M**2         MOMENT CENTER =     0.250 M
     REF LENGTH =     0.65 M           LAT REF LENGTH =      0.65 M

      ALPHA    CA-FRIC  CA-PRES/WAVE CA-BASE    CA-PROT     CA-SEP     CA-ALP
     -10.00     0.1756     0.0411     0.1315                           0.0012
      -8.00     0.1775     0.0415     0.1319                           0.0014
      -6.00     0.1791     0.0419     0.1322                           0.0010
      -4.00     0.1802     0.0422     0.1323                           0.0005
      -2.00     0.1808     0.0423     0.1322                           0.0001
       0.00     0.1810     0.0424     0.1320                           0.0000
       2.00     0.1808     0.0423     0.1322                           0.0001
       4.00     0.1802     0.0422     0.1323                           0.0005
       6.00     0.1791     0.0419     0.1322                           0.0010
       8.00     0.1775     0.0415     0.1319                           0.0014
      10.00     0.1756     0.0411     0.1315                           0.0012

                     CROSS FLOW DRAG PROPORTIONALITY FACTOR = 0.76387

      ALPHA    CN-POTEN  CN-VISC   CN-SEP    CM-POTEN  CM-VISC   CM-SEP    CDC
     -10.00    -0.461    -0.408              -0.041     0.062             0.836
      -8.00    -0.372    -0.256              -0.033     0.039             0.817
      -6.00    -0.281    -0.141              -0.025     0.022             0.798
      -4.00    -0.188    -0.061              -0.017     0.009             0.778
      -2.00    -0.094    -0.015              -0.008     0.002             0.759
       0.00     0.000     0.000               0.000     0.000             0.740
       2.00     0.094     0.015               0.008    -0.002             0.759
       4.00     0.188     0.061               0.017    -0.009             0.778
       6.00     0.281     0.141               0.025    -0.022             0.798
       8.00     0.372     0.256               0.033    -0.039             0.817
      10.00     0.461     0.408               0.041    -0.062             0.836
1         ***** THE USAF AUTOMATED MISSILE DATCOM * REV 3/99 *****     CASE   1
               AERODYNAMIC METHODS FOR MISSILE CONFIGURATIONS          PAGE  27
                        FIN SET 1 CA PARTIAL OUTPUT

       ******* FLIGHT CONDITIONS AND REFERENCE QUANTITIES *******
     MACH NO  =       0.90                REYNOLDS NO = 2.087E+07 /M
     ALTITUDE =        0.0 M         DYNAMIC PRESSURE =  57451.37 N/M**2
     SIDESLIP =       0.00 DEG                   ROLL =      0.00 DEG     
     REF AREA =      0.001 M**2         MOMENT CENTER =     0.250 M
     REF LENGTH =     0.65 M           LAT REF LENGTH =      0.65 M

    SINGLE FIN PANEL ZERO-LIFT AXIAL FORCE COMPONENTS

    SKIN FRICTION        0.0101
    SUBSONIC PRESSURE    0.0008
    TRANSONIC WAVE       0.0117
    SUPERSONIC WAVE      0.0000
    LEADING EDGE         0.0000
    TRAILING EDGE        0.0000
    TOTAL CAO            0.0226

    FIN AXIAL FORCE DUE TO ANGLE OF ATTACK

    ALPHA      CA DUE TO LIFT (SINGLE PANEL)   CA-TOTAL (6 FINS)

     -10.00              0.0000                      0.1333
      -8.00              0.0000                      0.1341
      -6.00              0.0000                      0.1346
      -4.00              0.0000                      0.1351
      -2.00              0.0000                      0.1353
       0.00              0.0000                      0.1354
       2.00              0.0000                      0.1353
       4.00              0.0000                      0.1351
       6.00              0.0000                      0.1346
       8.00              0.0000                      0.1341
      10.00              0.0000                      0.1333
1         ***** THE USAF AUTOMATED MISSILE DATCOM * REV 3/99 *****     CASE   1
               AERODYNAMIC METHODS FOR MISSILE CONFIGURATIONS          PAGE  28
                       FIN SET 1 CN, CM PARTIAL OUTPUT

       ******* FLIGHT CONDITIONS AND REFERENCE QUANTITIES *******
     MACH NO  =       0.90                REYNOLDS NO = 2.087E+07 /M
     ALTITUDE =        0.0 M         DYNAMIC PRESSURE =  57451.37 N/M**2
     SIDESLIP =       0.00 DEG                   ROLL =      0.00 DEG     
     REF AREA =      0.001 M**2         MOMENT CENTER =     0.250 M
     REF LENGTH =     0.65 M           LAT REF LENGTH =      0.65 M

    NORMAL FORCE SLOPE AT ALPHA ZERO, CNA =    0.00484/DEG (1 PANEL)
         CENTER OF PRESSURE FOR LINEAR CN =   -0.43569 (CALIBERS FROM C.G.)
     CENTER OF PRESSURE FOR NON-LINEAR CN =   -0.49231 (CALIBERS FROM C.G.)

      ALPHA      CN        CN        CN        CM        CM        CM
               LINEAR  NON-LINEAR  TOTAL     LINEAR  NON-LINEAR  TOTAL

     -10.00   -0.1434   -0.2564   -0.3999    0.0625    0.1262    0.1887
      -8.00   -0.1153   -0.1646   -0.2799    0.0502    0.0810    0.1313
      -6.00   -0.0868   -0.0928   -0.1796    0.0378    0.0457    0.0835
      -4.00   -0.0580   -0.0413   -0.0993    0.0253    0.0203    0.0456
      -2.00   -0.0290   -0.0103   -0.0394    0.0127    0.0051    0.0177
       0.00    0.0000    0.0000    0.0000    0.0000    0.0000    0.0000
       2.00    0.0290    0.0103    0.0394   -0.0127   -0.0051   -0.0177
       4.00    0.0580    0.0413    0.0993   -0.0253   -0.0203   -0.0456
       6.00    0.0868    0.0928    0.1796   -0.0378   -0.0457   -0.0835
       8.00    0.1153    0.1646    0.2799   -0.0502   -0.0810   -0.1313
      10.00    0.1434    0.2564    0.3999   -0.0625   -0.1262   -0.1887
1         ***** THE USAF AUTOMATED MISSILE DATCOM * REV 3/99 *****     CASE   1
               AERODYNAMIC METHODS FOR MISSILE CONFIGURATIONS          PAGE  29
                 AERODYNAMIC FORCE AND MOMENT SYNTHESIS

       ******* FLIGHT CONDITIONS AND REFERENCE QUANTITIES *******
     MACH NO  =       0.90                REYNOLDS NO = 2.087E+07 /M
     ALTITUDE =        0.0 M         DYNAMIC PRESSURE =  57451.37 N/M**2
     SIDESLIP =       0.00 DEG                   ROLL =      0.00 DEG     
     REF AREA =      0.001 M**2         MOMENT CENTER =     0.250 M
     REF LENGTH =     0.65 M           LAT REF LENGTH =      0.65 M

          ---------------FIN SET 1 IN PRESENCE OF THE BODY----------------

      ALPHA       CN         CM         CA         CY         CLN        CLL

     -10.00    -0.7344     0.3200     0.1354     0.0000     0.0000     0.0000
      -8.00    -0.5333     0.2324     0.1354     0.0000     0.0000     0.0000
      -6.00    -0.3511     0.1530     0.1354     0.0000     0.0000     0.0000
      -4.00    -0.1948     0.0849     0.1354     0.0000     0.0000     0.0000
      -2.00    -0.0734     0.0320     0.1354     0.0000     0.0000     0.0000
       0.00     0.0000     0.0000     0.1354     0.0000     0.0000     0.0000
       2.00     0.0734    -0.0320     0.1354     0.0000     0.0000     0.0000
       4.00     0.1948    -0.0849     0.1354     0.0000     0.0000     0.0000
       6.00     0.3511    -0.1530     0.1354     0.0000     0.0000     0.0000
       8.00     0.5333    -0.2324     0.1354     0.0000     0.0000     0.0000
      10.00     0.7344    -0.3200     0.1354     0.0000     0.0000     0.0000
1         ***** THE USAF AUTOMATED MISSILE DATCOM * REV 3/99 *****     CASE   1
               AERODYNAMIC METHODS FOR MISSILE CONFIGURATIONS          PAGE  30
                 AERODYNAMIC FORCE AND MOMENT SYNTHESIS

       ******* FLIGHT CONDITIONS AND REFERENCE QUANTITIES *******
     MACH NO  =       0.90                REYNOLDS NO = 2.087E+07 /M
     ALTITUDE =        0.0 M         DYNAMIC PRESSURE =  57451.37 N/M**2
     SIDESLIP =       0.00 DEG                   ROLL =      0.00 DEG     
     REF AREA =      0.001 M**2         MOMENT CENTER =     0.250 M
     REF LENGTH =     0.65 M           LAT REF LENGTH =      0.65 M

          ---------------FIN SET 1 PANEL CHARACTERISTICS------------------

      ALPHA      PANEL    AEQ (PANEL AXIS SYS.)    PANEL CN

     -10.00        1              0.0000           0.0000
     -10.00        2            -13.7790          -0.2241
     -10.00        3            -12.8635          -0.2000
     -10.00        4              0.0000           0.0000
     -10.00        5             12.8635           0.2000
     -10.00        6             13.7790           0.2241
 
      -8.00        1              0.0000           0.0000
      -8.00        2            -11.2126          -0.1596
      -8.00        3            -10.7186          -0.1483
      -8.00        4              0.0000           0.0000
      -8.00        5             10.7186           0.1483
      -8.00        6             11.2126           0.1596
 
      -6.00        1              0.0000           0.0000
      -6.00        2             -8.5382          -0.1030
      -6.00        3             -8.3640          -0.0997
      -6.00        4              0.0000           0.0000
      -6.00        5              8.3640           0.0997
      -6.00        6              8.5382           0.1030
 
      -4.00        1              0.0000           0.0000
      -4.00        2             -5.7638          -0.0562
      -4.00        3             -5.7638          -0.0562
      -4.00        4              0.0000           0.0000
      -4.00        5              5.7638           0.0562
      -4.00        6              5.7638           0.0562
 
      -2.00        1              0.0000           0.0000
      -2.00        2             -2.9025          -0.0212
      -2.00        3             -2.9025          -0.0212
      -2.00        4              0.0000           0.0000
      -2.00        5              2.9025           0.0212
      -2.00        6              2.9025           0.0212
 
       0.00        1              0.0000           0.0000
       0.00        2              0.0000           0.0000
       0.00        3              0.0000           0.0000
       0.00        4              0.0000           0.0000
       0.00        5              0.0000           0.0000
       0.00        6              0.0000           0.0000
 
       2.00        1              0.0000           0.0000
       2.00        2              2.9025           0.0212
       2.00        3              2.9025           0.0212
       2.00        4              0.0000           0.0000
       2.00        5             -2.9025          -0.0212
       2.00        6             -2.9025          -0.0212
 
       4.00        1              0.0000           0.0000
       4.00        2              5.7638           0.0562
       4.00        3              5.7638           0.0562
       4.00        4              0.0000           0.0000
       4.00        5             -5.7638          -0.0562
       4.00        6             -5.7638          -0.0562
 
       6.00        1              0.0000           0.0000
       6.00        2              8.3640           0.0997
       6.00        3              8.5382           0.1030
       6.00        4              0.0000           0.0000
       6.00        5             -8.5382          -0.1030
       6.00        6             -8.3640          -0.0997
 
       8.00        1              0.0000           0.0000
       8.00        2             10.7186           0.1483
       8.00        3             11.2126           0.1596
       8.00        4              0.0000           0.0000
       8.00        5            -11.2126          -0.1596
       8.00        6            -10.7186          -0.1483
 
      10.00        1              0.0000           0.0000
      10.00        2             12.8635           0.2000
      10.00        3             13.7790           0.2241
      10.00        4              0.0000           0.0000
      10.00        5            -13.7790          -0.2241
      10.00        6            -12.8635          -0.2000
 
1         ***** THE USAF AUTOMATED MISSILE DATCOM * REV 3/99 *****     CASE   1
               AERODYNAMIC METHODS FOR MISSILE CONFIGURATIONS          PAGE  31
                 AERODYNAMIC FORCE AND MOMENT SYNTHESIS

       ******* FLIGHT CONDITIONS AND REFERENCE QUANTITIES *******
     MACH NO  =       0.90                REYNOLDS NO = 2.087E+07 /M
     ALTITUDE =        0.0 M         DYNAMIC PRESSURE =  57451.37 N/M**2
     SIDESLIP =       0.00 DEG                   ROLL =      0.00 DEG     
     REF AREA =      0.001 M**2         MOMENT CENTER =     0.250 M
     REF LENGTH =     0.65 M           LAT REF LENGTH =      0.65 M

             CARRYOVER INTERFERENCE FACTORS - FIN SET 1

      ALPHA   K-W(B)   K-B(W)  KK-W(B)  KK-B(W)  XCP-W(B) XCP-B(W) Y-CP/(B/2)

     -10.00   1.6243   1.1241   0.9535   0.6600   0.4357   0.4308   0.4509
      -8.00   1.6402   1.1241   0.9535   0.6600   0.4357   0.4308   0.4606
      -6.00   1.6545   1.1241   0.9535   0.6600   0.4357   0.4308   0.4695
      -4.00   1.6668   1.1241   0.9535   0.6600   0.4357   0.4308   0.4769
      -2.00   1.6765   1.1241   0.9535   0.6600   0.4357   0.4308   0.4824
       0.00   1.6818   1.1241   0.9535   0.6600   0.4357   0.4308   0.4857
       2.00   1.6765   1.1241   0.9535   0.6600   0.4357   0.4308   0.4824
       4.00   1.6668   1.1241   0.9535   0.6600   0.4357   0.4308   0.4769
       6.00   1.6545   1.1241   0.9535   0.6600   0.4357   0.4308   0.4700
       8.00   1.6402   1.1241   0.9535   0.6600   0.4357   0.4308   0.4624
      10.00   1.6243   1.1241   0.9535   0.6600   0.4357   0.4308   0.4543

    NOTE - XCP-W(B) USED FOR STABILITY ONLY DIFFERENT VALUES USED FOR HINGE MOMENTS
1         ***** THE USAF AUTOMATED MISSILE DATCOM * REV 3/99 *****     CASE   1
               AERODYNAMIC METHODS FOR MISSILE CONFIGURATIONS          PAGE  32
        FIN SET 1 PANEL BENDING MOMENTS (ABOUT EXPOSED ROOT CHORD)

       ******* FLIGHT CONDITIONS AND REFERENCE QUANTITIES *******
     MACH NO  =       0.90                REYNOLDS NO = 2.087E+07 /M
     ALTITUDE =        0.0 M         DYNAMIC PRESSURE =  57451.37 N/M**2
     SIDESLIP =       0.00 DEG                   ROLL =      0.00 DEG     
     REF AREA =      0.001 M**2         MOMENT CENTER =     0.250 M
     REF LENGTH =     0.65 M           LAT REF LENGTH =      0.65 M

   ALPHA   PANL 1   PANL 2   PANL 3   PANL 4   PANL 5   PANL 6   PANL 7   PANL 8
 
   -10.0  2.58E-12 -1.48E-03 -1.32E-03 -1.11E-10  1.32E-03  1.48E-03
    -8.0  0.00E+00 -1.07E-03 -9.98E-04 -8.33E-11  9.98E-04  1.07E-03
    -6.0  0.00E+00 -7.07E-04 -6.84E-04 -5.71E-11  6.84E-04  7.07E-04
    -4.0  0.00E+00 -3.92E-04 -3.92E-04 -4.10E-11  3.92E-04  3.92E-04
    -2.0  0.00E+00 -1.49E-04 -1.49E-04 -2.08E-11  1.49E-04  1.49E-04
     0.0  0.00E+00  0.00E+00  0.00E+00  0.00E+00  0.00E+00  0.00E+00
     2.0  0.00E+00  1.49E-04  1.49E-04  2.08E-11 -1.49E-04 -1.49E-04
     4.0  0.00E+00  3.92E-04  3.92E-04  4.10E-11 -3.92E-04 -3.92E-04
     6.0  3.20E-12  6.85E-04  7.08E-04  6.03E-11 -7.08E-04 -6.85E-04
     8.0 -4.99E-12  1.00E-03  1.08E-03  7.87E-11 -1.08E-03 -1.00E-03
    10.0 -1.56E-11  1.33E-03  1.49E-03  9.86E-11 -1.49E-03 -1.33E-03
1         ***** THE USAF AUTOMATED MISSILE DATCOM * REV 3/99 *****     CASE   1
               AERODYNAMIC METHODS FOR MISSILE CONFIGURATIONS          PAGE  33
            FIN SET 1 PANEL HINGE MOMENTS (ABOUT HINGE LINE)

       ******* FLIGHT CONDITIONS AND REFERENCE QUANTITIES *******
     MACH NO  =       0.90                REYNOLDS NO = 2.087E+07 /M
     ALTITUDE =        0.0 M         DYNAMIC PRESSURE =  57451.37 N/M**2
     SIDESLIP =       0.00 DEG                   ROLL =      0.00 DEG     
     REF AREA =      0.001 M**2         MOMENT CENTER =     0.250 M
     REF LENGTH =     0.65 M           LAT REF LENGTH =      0.65 M

   ALPHA   PANL 1   PANL 2   PANL 3   PANL 4   PANL 5   PANL 6   PANL 7   PANL 8
 
   -10.0  5.21E-11 -2.77E-02 -2.49E-02 -2.23E-09  2.49E-02  2.77E-02
    -8.0  0.00E+00 -2.02E-02 -1.88E-02 -1.64E-09  1.88E-02  2.02E-02
    -6.0  0.00E+00 -1.33E-02 -1.28E-02 -1.10E-09  1.28E-02  1.33E-02
    -4.0  0.00E+00 -7.34E-03 -7.34E-03 -7.82E-10  7.34E-03  7.34E-03
    -2.0  0.00E+00 -2.80E-03 -2.80E-03 -3.93E-10  2.80E-03  2.80E-03
     0.0  0.00E+00  0.00E+00  0.00E+00  0.00E+00  0.00E+00  0.00E+00
     2.0  0.00E+00  2.80E-03  2.80E-03  3.93E-10 -2.80E-03 -2.80E-03
     4.0  0.00E+00  7.34E-03  7.34E-03  7.82E-10 -7.34E-03 -7.34E-03
     6.0  6.18E-11  1.28E-02  1.33E-02  1.17E-09 -1.33E-02 -1.28E-02
     8.0 -9.80E-11  1.88E-02  2.02E-02  1.55E-09 -2.02E-02 -1.88E-02
    10.0 -3.12E-10  2.49E-02  2.77E-02  1.97E-09 -2.77E-02 -2.49E-02
1         ***** THE USAF AUTOMATED MISSILE DATCOM * REV 3/99 *****     CASE   1
               AERODYNAMIC METHODS FOR MISSILE CONFIGURATIONS          PAGE  34
                   STATIC AERODYNAMICS FOR BODY-FIN SET 1

       ******* FLIGHT CONDITIONS AND REFERENCE QUANTITIES *******
     MACH NO  =       0.90                REYNOLDS NO = 2.087E+07 /M
     ALTITUDE =        0.0 M         DYNAMIC PRESSURE =  57451.37 N/M**2
     SIDESLIP =       0.00 DEG                   ROLL =      0.00 DEG     
     REF AREA =      0.001 M**2         MOMENT CENTER =     0.250 M
     REF LENGTH =     0.65 M           LAT REF LENGTH =      0.65 M

                   ----- LONGITUDINAL -----     -- LATERAL DIRECTIONAL --
         ALPHA       CN        CM        CA        CY       CLN       CLL

        -10.00    -2.113     0.561     0.485     0.000     0.000     0.000
         -8.00    -1.528     0.396     0.488     0.000     0.000     0.000
         -6.00    -1.012     0.252     0.490     0.000     0.000     0.000
         -4.00    -0.576     0.134     0.491     0.000     0.000     0.000
         -2.00    -0.232     0.047     0.491     0.000     0.000     0.000
          0.00     0.000     0.000     0.491     0.000     0.000     0.000
          2.00     0.232    -0.047     0.491     0.000     0.000     0.000
          4.00     0.576    -0.134     0.491     0.000     0.000     0.000
          6.00     1.012    -0.252     0.490     0.000     0.000     0.000
          8.00     1.528    -0.396     0.488     0.000     0.000     0.000
         10.00     2.113    -0.561     0.485     0.000     0.000     0.000

         ALPHA       CL        CD      CL/CD     X-C.P.

        -10.00    -1.996     0.844    -2.365    -0.265
         -8.00    -1.445     0.696    -2.077    -0.259
         -6.00    -0.955     0.593    -1.612    -0.249
         -4.00    -0.540     0.529    -1.021    -0.233
         -2.00    -0.215     0.499    -0.431    -0.203
          0.00     0.000     0.491     0.000    -0.203
          2.00     0.215     0.499     0.431    -0.203
          4.00     0.540     0.529     1.021    -0.233
          6.00     0.955     0.593     1.612    -0.249
          8.00     1.445     0.696     2.077    -0.259
         10.00     1.996     0.844     2.365    -0.265

    X-C.P. MEAS. FROM MOMENT CENTER IN REF. LENGTHS, NEG. AFT OF MOMENT CENTER
1         ***** THE USAF AUTOMATED MISSILE DATCOM * REV 3/99 *****     CASE   1
               AERODYNAMIC METHODS FOR MISSILE CONFIGURATIONS          PAGE  35
                   STATIC AERODYNAMICS FOR BODY-FIN SET 1

       ******* FLIGHT CONDITIONS AND REFERENCE QUANTITIES *******
     MACH NO  =       0.90                REYNOLDS NO = 2.087E+07 /M
     ALTITUDE =        0.0 M         DYNAMIC PRESSURE =  57451.37 N/M**2
     SIDESLIP =       0.00 DEG                   ROLL =      0.00 DEG     
     REF AREA =      0.001 M**2         MOMENT CENTER =     0.250 M
     REF LENGTH =     0.65 M           LAT REF LENGTH =      0.65 M

                   ---------- DERIVATIVES (PER DEGREE) ----------
         ALPHA       CNA         CMA         CYB         CLNB        CLLB
        -10.00      0.3099     -0.0875     -0.1743      0.0403     -0.0001
         -8.00      0.2751     -0.0770     -0.1653      0.0385      0.0000
         -6.00      0.2378     -0.0655     -0.1534      0.0355      0.0000
         -4.00      0.1949     -0.0513     -0.1384      0.0311      0.0000
         -2.00      0.1439     -0.0335     -0.1185      0.0244      0.0000
          0.00      0.1160     -0.0236     -0.1051      0.0194      0.0000
          2.00      0.1439     -0.0335     -0.1185      0.0244      0.0000
          4.00      0.1949     -0.0513     -0.1384      0.0311      0.0000
          6.00      0.2378     -0.0655     -0.1534      0.0355      0.0000
          8.00      0.2751     -0.0770     -0.1653      0.0385      0.0000
         10.00      0.3099     -0.0875     -0.1743      0.0403      0.0001

    PANEL DEFLECTION ANGLES (DEGREES)
    SET    FIN 1   FIN 2   FIN 3   FIN 4   FIN 5   FIN 6   FIN 7   FIN 8
      1    0.00    0.00    0.00    0.00    0.00    0.00
1         ***** THE USAF AUTOMATED MISSILE DATCOM * REV 3/99 *****     CASE   1
               AERODYNAMIC METHODS FOR MISSILE CONFIGURATIONS          PAGE  36
                             BODY ALONE PARTIAL OUTPUT

       ******* FLIGHT CONDITIONS AND REFERENCE QUANTITIES *******
     MACH NO  =       1.10                REYNOLDS NO = 2.550E+07 /M
     ALTITUDE =        0.0 M         DYNAMIC PRESSURE =  85822.41 N/M**2
     SIDESLIP =       0.00 DEG                   ROLL =      0.00 DEG     
     REF AREA =      0.001 M**2         MOMENT CENTER =     0.250 M
     REF LENGTH =     0.65 M           LAT REF LENGTH =      0.65 M

      ALPHA    CA-FRIC  CA-PRES/WAVE CA-BASE    CA-PROT     CA-SEP     CA-ALP
     -10.00     0.1661     0.1222     0.2013                           0.0019
      -8.00     0.1679     0.1235     0.2021                           0.0019
      -6.00     0.1694     0.1246     0.2027                           0.0014
      -4.00     0.1704     0.1253     0.2031                           0.0007
      -2.00     0.1710     0.1258     0.2032                           0.0002
       0.00     0.1712     0.1260     0.2030                           0.0000
       2.00     0.1710     0.1258     0.2032                           0.0002
       4.00     0.1704     0.1253     0.2031                           0.0007
       6.00     0.1694     0.1246     0.2027                           0.0014
       8.00     0.1679     0.1235     0.2021                           0.0019
      10.00     0.1661     0.1222     0.2013                           0.0019

                     CROSS FLOW DRAG PROPORTIONALITY FACTOR = 0.97277

      ALPHA    CN-POTEN  CN-VISC   CN-SEP    CM-POTEN  CM-VISC   CM-SEP    CDC
     -10.00    -0.505    -0.533              -0.037     0.081             0.857
      -8.00    -0.407    -0.333              -0.030     0.051             0.834
      -6.00    -0.308    -0.183              -0.022     0.028             0.810
      -4.00    -0.206    -0.079              -0.015     0.012             0.787
      -2.00    -0.103    -0.019              -0.008     0.003             0.764
       0.00     0.000     0.000               0.000     0.000             0.740
       2.00     0.103     0.019               0.008    -0.003             0.764
       4.00     0.206     0.079               0.015    -0.012             0.787
       6.00     0.308     0.183               0.022    -0.028             0.810
       8.00     0.407     0.333               0.030    -0.051             0.834
      10.00     0.505     0.533               0.037    -0.081             0.857
1         ***** THE USAF AUTOMATED MISSILE DATCOM * REV 3/99 *****     CASE   1
               AERODYNAMIC METHODS FOR MISSILE CONFIGURATIONS          PAGE  37
                        FIN SET 1 CA PARTIAL OUTPUT

       ******* FLIGHT CONDITIONS AND REFERENCE QUANTITIES *******
     MACH NO  =       1.10                REYNOLDS NO = 2.550E+07 /M
     ALTITUDE =        0.0 M         DYNAMIC PRESSURE =  85822.41 N/M**2
     SIDESLIP =       0.00 DEG                   ROLL =      0.00 DEG     
     REF AREA =      0.001 M**2         MOMENT CENTER =     0.250 M
     REF LENGTH =     0.65 M           LAT REF LENGTH =      0.65 M

    SINGLE FIN PANEL ZERO-LIFT AXIAL FORCE COMPONENTS

    SKIN FRICTION        0.0095
    SUBSONIC PRESSURE    0.0004
    TRANSONIC WAVE       0.0000
    SUPERSONIC WAVE      0.0212
    LEADING EDGE         0.0000
    TRAILING EDGE        0.0000
    TOTAL CAO            0.0311

    FIN AXIAL FORCE DUE TO ANGLE OF ATTACK

    ALPHA      CA DUE TO LIFT (SINGLE PANEL)   CA-TOTAL (6 FINS)

     -10.00              0.0000                      0.1836
      -8.00              0.0000                      0.1846
      -6.00              0.0000                      0.1854
      -4.00              0.0000                      0.1860
      -2.00              0.0000                      0.1863
       0.00              0.0000                      0.1864
       2.00              0.0000                      0.1863
       4.00              0.0000                      0.1860
       6.00              0.0000                      0.1854
       8.00              0.0000                      0.1846
      10.00              0.0000                      0.1836
1         ***** THE USAF AUTOMATED MISSILE DATCOM * REV 3/99 *****     CASE   1
               AERODYNAMIC METHODS FOR MISSILE CONFIGURATIONS          PAGE  38
                       FIN SET 1 CN, CM PARTIAL OUTPUT

       ******* FLIGHT CONDITIONS AND REFERENCE QUANTITIES *******
     MACH NO  =       1.10                REYNOLDS NO = 2.550E+07 /M
     ALTITUDE =        0.0 M         DYNAMIC PRESSURE =  85822.41 N/M**2
     SIDESLIP =       0.00 DEG                   ROLL =      0.00 DEG     
     REF AREA =      0.001 M**2         MOMENT CENTER =     0.250 M
     REF LENGTH =     0.65 M           LAT REF LENGTH =      0.65 M

    NORMAL FORCE SLOPE AT ALPHA ZERO, CNA =    0.00493/DEG (1 PANEL)
         CENTER OF PRESSURE FOR LINEAR CN =   -0.49723 (CALIBERS FROM C.G.)
     CENTER OF PRESSURE FOR NON-LINEAR CN =   -0.49231 (CALIBERS FROM C.G.)

      ALPHA      CN        CN        CN        CM        CM        CM
               LINEAR  NON-LINEAR  TOTAL     LINEAR  NON-LINEAR  TOTAL

     -10.00   -0.1461   -0.1869   -0.3330    0.0726    0.0920    0.1646
      -8.00   -0.1174   -0.1201   -0.2375    0.0584    0.0591    0.1175
      -6.00   -0.0884   -0.0677   -0.1561    0.0440    0.0333    0.0773
      -4.00   -0.0591   -0.0301   -0.0892    0.0294    0.0148    0.0442
      -2.00   -0.0296   -0.0075   -0.0371    0.0147    0.0037    0.0184
       0.00    0.0000    0.0000    0.0000    0.0000    0.0000    0.0000
       2.00    0.0296    0.0075    0.0371   -0.0147   -0.0037   -0.0184
       4.00    0.0591    0.0301    0.0892   -0.0294   -0.0148   -0.0442
       6.00    0.0884    0.0677    0.1561   -0.0440   -0.0333   -0.0773
       8.00    0.1174    0.1201    0.2375   -0.0584   -0.0591   -0.1175
      10.00    0.1461    0.1869    0.3330   -0.0726   -0.0920   -0.1646
1         ***** THE USAF AUTOMATED MISSILE DATCOM * REV 3/99 *****     CASE   1
               AERODYNAMIC METHODS FOR MISSILE CONFIGURATIONS          PAGE  39
                 AERODYNAMIC FORCE AND MOMENT SYNTHESIS

       ******* FLIGHT CONDITIONS AND REFERENCE QUANTITIES *******
     MACH NO  =       1.10                REYNOLDS NO = 2.550E+07 /M
     ALTITUDE =        0.0 M         DYNAMIC PRESSURE =  85822.41 N/M**2
     SIDESLIP =       0.00 DEG                   ROLL =      0.00 DEG     
     REF AREA =      0.001 M**2         MOMENT CENTER =     0.250 M
     REF LENGTH =     0.65 M           LAT REF LENGTH =      0.65 M

          ---------------FIN SET 1 IN PRESENCE OF THE BODY----------------

      ALPHA       CN         CM         CA         CY         CLN        CLL

     -10.00    -0.5909     0.2938     0.1864     0.0000     0.0000     0.0000
      -8.00    -0.4374     0.2175     0.1864     0.0000     0.0000     0.0000
      -6.00    -0.2952     0.1468     0.1864     0.0000     0.0000     0.0000
      -4.00    -0.1696     0.0843     0.1864     0.0000     0.0000     0.0000
      -2.00    -0.0676     0.0336     0.1864     0.0000     0.0000     0.0000
       0.00     0.0000     0.0000     0.1864     0.0000     0.0000     0.0000
       2.00     0.0676    -0.0336     0.1864     0.0000     0.0000     0.0000
       4.00     0.1696    -0.0843     0.1864     0.0000     0.0000     0.0000
       6.00     0.2952    -0.1468     0.1864     0.0000     0.0000     0.0000
       8.00     0.4374    -0.2175     0.1864     0.0000     0.0000     0.0000
      10.00     0.5909    -0.2938     0.1864     0.0000     0.0000     0.0000
1         ***** THE USAF AUTOMATED MISSILE DATCOM * REV 3/99 *****     CASE   1
               AERODYNAMIC METHODS FOR MISSILE CONFIGURATIONS          PAGE  40
                 AERODYNAMIC FORCE AND MOMENT SYNTHESIS

       ******* FLIGHT CONDITIONS AND REFERENCE QUANTITIES *******
     MACH NO  =       1.10                REYNOLDS NO = 2.550E+07 /M
     ALTITUDE =        0.0 M         DYNAMIC PRESSURE =  85822.41 N/M**2
     SIDESLIP =       0.00 DEG                   ROLL =      0.00 DEG     
     REF AREA =      0.001 M**2         MOMENT CENTER =     0.250 M
     REF LENGTH =     0.65 M           LAT REF LENGTH =      0.65 M

          ---------------FIN SET 1 PANEL CHARACTERISTICS------------------

      ALPHA      PANEL    AEQ (PANEL AXIS SYS.)    PANEL CN

     -10.00        1              0.0000           0.0000
     -10.00        2            -13.7105          -0.1802
     -10.00        3            -12.7663          -0.1610
     -10.00        4              0.0000           0.0000
     -10.00        5             12.7663           0.1610
     -10.00        6             13.7105           0.1802
 
      -8.00        1              0.0000           0.0000
      -8.00        2            -11.1723          -0.1308
      -8.00        3            -10.6639          -0.1217
      -8.00        4              0.0000           0.0000
      -8.00        5             10.6639           0.1217
      -8.00        6             11.1723           0.1308
 
      -6.00        1              0.0000           0.0000
      -6.00        2             -8.5183          -0.0866
      -6.00        3             -8.3392          -0.0839
      -6.00        4              0.0000           0.0000
      -6.00        5              8.3392           0.0839
      -6.00        6              8.5183           0.0866
 
      -4.00        1              0.0000           0.0000
      -4.00        2             -5.7566          -0.0490
      -4.00        3             -5.7566          -0.0490
      -4.00        4              0.0000           0.0000
      -4.00        5              5.7566           0.0490
      -4.00        6              5.7566           0.0490
 
      -2.00        1              0.0000           0.0000
      -2.00        2             -2.9011          -0.0195
      -2.00        3             -2.9011          -0.0195
      -2.00        4              0.0000           0.0000
      -2.00        5              2.9011           0.0195
      -2.00        6              2.9011           0.0195
 
       0.00        1              0.0000           0.0000
       0.00        2              0.0000           0.0000
       0.00        3              0.0000           0.0000
       0.00        4              0.0000           0.0000
       0.00        5              0.0000           0.0000
       0.00        6              0.0000           0.0000
 
       2.00        1              0.0000           0.0000
       2.00        2              2.9011           0.0195
       2.00        3              2.9011           0.0195
       2.00        4              0.0000           0.0000
       2.00        5             -2.9011          -0.0195
       2.00        6             -2.9011          -0.0195
 
       4.00        1              0.0000           0.0000
       4.00        2              5.7566           0.0490
       4.00        3              5.7566           0.0490
       4.00        4              0.0000           0.0000
       4.00        5             -5.7566          -0.0490
       4.00        6             -5.7566          -0.0490
 
       6.00        1              0.0000           0.0000
       6.00        2              8.3392           0.0839
       6.00        3              8.5183           0.0866
       6.00        4              0.0000           0.0000
       6.00        5             -8.5183          -0.0866
       6.00        6             -8.3392          -0.0839
 
       8.00        1              0.0000           0.0000
       8.00        2             10.6639           0.1217
       8.00        3             11.1723           0.1308
       8.00        4              0.0000           0.0000
       8.00        5            -11.1723          -0.1308
       8.00        6            -10.6639          -0.1217
 
      10.00        1              0.0000           0.0000
      10.00        2             12.7663           0.1610
      10.00        3             13.7105           0.1802
      10.00        4              0.0000           0.0000
      10.00        5            -13.7105          -0.1802
      10.00        6            -12.7663          -0.1610
 
1         ***** THE USAF AUTOMATED MISSILE DATCOM * REV 3/99 *****     CASE   1
               AERODYNAMIC METHODS FOR MISSILE CONFIGURATIONS          PAGE  41
                 AERODYNAMIC FORCE AND MOMENT SYNTHESIS

       ******* FLIGHT CONDITIONS AND REFERENCE QUANTITIES *******
     MACH NO  =       1.10                REYNOLDS NO = 2.550E+07 /M
     ALTITUDE =        0.0 M         DYNAMIC PRESSURE =  85822.41 N/M**2
     SIDESLIP =       0.00 DEG                   ROLL =      0.00 DEG     
     REF AREA =      0.001 M**2         MOMENT CENTER =     0.250 M
     REF LENGTH =     0.65 M           LAT REF LENGTH =      0.65 M

             CARRYOVER INTERFERENCE FACTORS - FIN SET 1

      ALPHA   K-W(B)   K-B(W)  KK-W(B)  KK-B(W)  XCP-W(B) XCP-B(W) Y-CP/(B/2)

     -10.00   1.6165   1.1241   0.9535   0.6600   0.4972   0.4308   0.4442
      -8.00   1.6344   1.1241   0.9535   0.6600   0.4972   0.4308   0.4500
      -6.00   1.6507   1.1241   0.9535   0.6600   0.4972   0.4308   0.4553
      -4.00   1.6647   1.1241   0.9535   0.6600   0.4972   0.4308   0.4598
      -2.00   1.6757   1.1241   0.9535   0.6600   0.4972   0.4308   0.4633
       0.00   1.6818   1.1241   0.9535   0.6600   0.4972   0.4308   0.4656
       2.00   1.6757   1.1241   0.9535   0.6600   0.4972   0.4308   0.4633
       4.00   1.6647   1.1241   0.9535   0.6600   0.4972   0.4308   0.4598
       6.00   1.6507   1.1241   0.9535   0.6600   0.4972   0.4308   0.4556
       8.00   1.6344   1.1241   0.9535   0.6600   0.4972   0.4308   0.4511
      10.00   1.6165   1.1241   0.9535   0.6600   0.4972   0.4308   0.4465

    NOTE - XCP-W(B) USED FOR STABILITY ONLY DIFFERENT VALUES USED FOR HINGE MOMENTS
1         ***** THE USAF AUTOMATED MISSILE DATCOM * REV 3/99 *****     CASE   1
               AERODYNAMIC METHODS FOR MISSILE CONFIGURATIONS          PAGE  42
        FIN SET 1 PANEL BENDING MOMENTS (ABOUT EXPOSED ROOT CHORD)

       ******* FLIGHT CONDITIONS AND REFERENCE QUANTITIES *******
     MACH NO  =       1.10                REYNOLDS NO = 2.550E+07 /M
     ALTITUDE =        0.0 M         DYNAMIC PRESSURE =  85822.41 N/M**2
     SIDESLIP =       0.00 DEG                   ROLL =      0.00 DEG     
     REF AREA =      0.001 M**2         MOMENT CENTER =     0.250 M
     REF LENGTH =     0.65 M           LAT REF LENGTH =      0.65 M

   ALPHA   PANL 1   PANL 2   PANL 3   PANL 4   PANL 5   PANL 6   PANL 7   PANL 8
 
   -10.0 -2.42E-12 -1.17E-03 -1.05E-03 -9.55E-11  1.05E-03  1.17E-03
    -8.0  0.00E+00 -8.60E-04 -8.01E-04 -7.85E-11  8.01E-04  8.60E-04
    -6.0  0.00E+00 -5.76E-04 -5.58E-04 -5.51E-11  5.58E-04  5.76E-04
    -4.0  0.00E+00 -3.29E-04 -3.29E-04 -3.83E-11  3.29E-04  3.29E-04
    -2.0  0.00E+00 -1.32E-04 -1.32E-04 -1.94E-11  1.32E-04  1.32E-04
     0.0  0.00E+00  0.00E+00  0.00E+00  0.00E+00  0.00E+00  0.00E+00
     2.0  0.00E+00  1.32E-04  1.32E-04  1.94E-11 -1.32E-04 -1.32E-04
     4.0  0.00E+00  3.29E-04  3.29E-04  3.83E-11 -3.29E-04 -3.29E-04
     6.0  1.43E-12  5.58E-04  5.76E-04  5.66E-11 -5.76E-04 -5.58E-04
     8.0 -4.58E-12  8.03E-04  8.62E-04  7.42E-11 -8.62E-04 -8.03E-04
    10.0 -4.87E-12  1.05E-03  1.18E-03  8.86E-11 -1.18E-03 -1.05E-03
1         ***** THE USAF AUTOMATED MISSILE DATCOM * REV 3/99 *****     CASE   1
               AERODYNAMIC METHODS FOR MISSILE CONFIGURATIONS          PAGE  43
            FIN SET 1 PANEL HINGE MOMENTS (ABOUT HINGE LINE)

       ******* FLIGHT CONDITIONS AND REFERENCE QUANTITIES *******
     MACH NO  =       1.10                REYNOLDS NO = 2.550E+07 /M
     ALTITUDE =        0.0 M         DYNAMIC PRESSURE =  85822.41 N/M**2
     SIDESLIP =       0.00 DEG                   ROLL =      0.00 DEG     
     REF AREA =      0.001 M**2         MOMENT CENTER =     0.250 M
     REF LENGTH =     0.65 M           LAT REF LENGTH =      0.65 M

   ALPHA   PANL 1   PANL 2   PANL 3   PANL 4   PANL 5   PANL 6   PANL 7   PANL 8
 
   -10.0 -4.77E-11 -2.20E-02 -1.97E-02 -1.88E-09  1.97E-02  2.20E-02
    -8.0  0.00E+00 -1.62E-02 -1.51E-02 -1.53E-09  1.51E-02  1.62E-02
    -6.0  0.00E+00 -1.08E-02 -1.05E-02 -1.06E-09  1.05E-02  1.08E-02
    -4.0  0.00E+00 -6.18E-03 -6.18E-03 -7.28E-10  6.18E-03  6.18E-03
    -2.0  0.00E+00 -2.48E-03 -2.48E-03 -3.66E-10  2.48E-03  2.48E-03
     0.0  0.00E+00  0.00E+00  0.00E+00  0.00E+00  0.00E+00  0.00E+00
     2.0  0.00E+00  2.48E-03  2.48E-03  3.66E-10 -2.48E-03 -2.48E-03
     4.0  0.00E+00  6.18E-03  6.18E-03  7.28E-10 -6.18E-03 -6.18E-03
     6.0  2.74E-11  1.05E-02  1.08E-02  1.09E-09 -1.08E-02 -1.05E-02
     8.0 -8.88E-11  1.51E-02  1.62E-02  1.44E-09 -1.62E-02 -1.51E-02
    10.0 -9.54E-11  1.97E-02  2.20E-02  1.74E-09 -2.20E-02 -1.97E-02
1         ***** THE USAF AUTOMATED MISSILE DATCOM * REV 3/99 *****     CASE   1
               AERODYNAMIC METHODS FOR MISSILE CONFIGURATIONS          PAGE  44
                   STATIC AERODYNAMICS FOR BODY-FIN SET 1

       ******* FLIGHT CONDITIONS AND REFERENCE QUANTITIES *******
     MACH NO  =       1.10                REYNOLDS NO = 2.550E+07 /M
     ALTITUDE =        0.0 M         DYNAMIC PRESSURE =  85822.41 N/M**2
     SIDESLIP =       0.00 DEG                   ROLL =      0.00 DEG     
     REF AREA =      0.001 M**2         MOMENT CENTER =     0.250 M
     REF LENGTH =     0.65 M           LAT REF LENGTH =      0.65 M

                   ----- LONGITUDINAL -----     -- LATERAL DIRECTIONAL --
         ALPHA       CN        CM        CA        CY       CLN       CLL

        -10.00    -2.040     0.515     0.678     0.000     0.000     0.000
         -8.00    -1.479     0.368     0.682     0.000     0.000     0.000
         -6.00    -0.987     0.239     0.684     0.000     0.000     0.000
         -4.00    -0.569     0.131     0.686     0.000     0.000     0.000
         -2.00    -0.235     0.049     0.687     0.000     0.000     0.000
          0.00     0.000     0.000     0.687     0.000     0.000     0.000
          2.00     0.235    -0.049     0.687     0.000     0.000     0.000
          4.00     0.569    -0.131     0.686     0.000     0.000     0.000
          6.00     0.987    -0.239     0.684     0.000     0.000     0.000
          8.00     1.479    -0.368     0.682     0.000     0.000     0.000
         10.00     2.040    -0.515     0.678     0.000     0.000     0.000

         ALPHA       CL        CD      CL/CD     X-C.P.

        -10.00    -1.891     1.022    -1.851    -0.253
         -8.00    -1.370     0.881    -1.555    -0.249
         -6.00    -0.910     0.784    -1.161    -0.242
         -4.00    -0.520     0.724    -0.718    -0.230
         -2.00    -0.211     0.694    -0.304    -0.206
          0.00     0.000     0.687     0.000    -0.206
          2.00     0.211     0.694     0.304    -0.206
          4.00     0.520     0.724     0.718    -0.230
          6.00     0.910     0.784     1.161    -0.242
          8.00     1.370     0.881     1.555    -0.249
         10.00     1.891     1.022     1.851    -0.253

    X-C.P. MEAS. FROM MOMENT CENTER IN REF. LENGTHS, NEG. AFT OF MOMENT CENTER
1         ***** THE USAF AUTOMATED MISSILE DATCOM * REV 3/99 *****     CASE   1
               AERODYNAMIC METHODS FOR MISSILE CONFIGURATIONS          PAGE  45
                   STATIC AERODYNAMICS FOR BODY-FIN SET 1

       ******* FLIGHT CONDITIONS AND REFERENCE QUANTITIES *******
     MACH NO  =       1.10                REYNOLDS NO = 2.550E+07 /M
     ALTITUDE =        0.0 M         DYNAMIC PRESSURE =  85822.41 N/M**2
     SIDESLIP =       0.00 DEG                   ROLL =      0.00 DEG     
     REF AREA =      0.001 M**2         MOMENT CENTER =     0.250 M
     REF LENGTH =     0.65 M           LAT REF LENGTH =      0.65 M

                   ---------- DERIVATIVES (PER DEGREE) ----------
         ALPHA       CNA         CMA         CYB         CLNB        CLLB
        -10.00      0.2978     -0.0780     -0.1737      0.0377     -0.0001
         -8.00      0.2633     -0.0692     -0.1643      0.0365     -0.0001
         -6.00      0.2274     -0.0594     -0.1528      0.0343      0.0000
         -4.00      0.1877     -0.0476     -0.1385      0.0307      0.0000
         -2.00      0.1422     -0.0327     -0.1200      0.0250      0.0000
          0.00      0.1177     -0.0243     -0.1087      0.0208      0.0000
          2.00      0.1422     -0.0327     -0.1200      0.0250      0.0000
          4.00      0.1877     -0.0476     -0.1385      0.0307      0.0000
          6.00      0.2274     -0.0594     -0.1528      0.0343      0.0000
          8.00      0.2633     -0.0692     -0.1643      0.0365      0.0001
         10.00      0.2978     -0.0780     -0.1737      0.0377      0.0001

    PANEL DEFLECTION ANGLES (DEGREES)
    SET    FIN 1   FIN 2   FIN 3   FIN 4   FIN 5   FIN 6   FIN 7   FIN 8
      1    0.00    0.00    0.00    0.00    0.00    0.00
1         ***** THE USAF AUTOMATED MISSILE DATCOM * REV 3/99 *****     CASE   1
               AERODYNAMIC METHODS FOR MISSILE CONFIGURATIONS          PAGE  46
                             BODY ALONE PARTIAL OUTPUT

       ******* FLIGHT CONDITIONS AND REFERENCE QUANTITIES *******
     MACH NO  =       1.40                REYNOLDS NO = 3.246E+07 /M
     ALTITUDE =        0.0 M         DYNAMIC PRESSURE = 139018.12 N/M**2
     SIDESLIP =       0.00 DEG                   ROLL =      0.00 DEG     
     REF AREA =      0.001 M**2         MOMENT CENTER =     0.250 M
     REF LENGTH =     0.65 M           LAT REF LENGTH =      0.65 M

      ALPHA    CA-FRIC  CA-PRES/WAVE CA-BASE    CA-PROT     CA-SEP     CA-ALP
     -10.00     0.1534     0.1328     0.1806                           0.0000
      -8.00     0.1551     0.1332     0.1816                           0.0000
      -6.00     0.1565     0.1335     0.1824                           0.0000
      -4.00     0.1574     0.1337     0.1829                           0.0000
      -2.00     0.1580     0.1338     0.1833                           0.0000
       0.00     0.1582     0.1338     0.1834                           0.0000
       2.00     0.1580     0.1338     0.1833                           0.0000
       4.00     0.1574     0.1337     0.1829                           0.0000
       6.00     0.1565     0.1335     0.1824                           0.0000
       8.00     0.1551     0.1332     0.1816                           0.0000
      10.00     0.1534     0.1328     0.1806                           0.0000

                     CROSS FLOW DRAG PROPORTIONALITY FACTOR = 1.00000

      ALPHA    CN-POTEN  CN-VISC   CN-SEP    CM-POTEN  CM-VISC   CM-SEP    CDC
     -10.00    -0.374    -0.591              -0.107     0.090             0.923
      -8.00    -0.302    -0.353              -0.086     0.054             0.859
      -6.00    -0.228    -0.192              -0.065     0.029             0.830
      -4.00    -0.153    -0.083              -0.044     0.013             0.800
      -2.00    -0.077    -0.020              -0.022     0.003             0.770
       0.00     0.000     0.000               0.000     0.000             0.740
       2.00     0.077     0.020               0.022    -0.003             0.770
       4.00     0.153     0.083               0.044    -0.013             0.800
       6.00     0.228     0.192               0.065    -0.029             0.830
       8.00     0.302     0.353               0.086    -0.054             0.859
      10.00     0.374     0.591               0.107    -0.090             0.923
1         ***** THE USAF AUTOMATED MISSILE DATCOM * REV 3/99 *****     CASE   1
               AERODYNAMIC METHODS FOR MISSILE CONFIGURATIONS          PAGE  47
                        FIN SET 1 CA PARTIAL OUTPUT

       ******* FLIGHT CONDITIONS AND REFERENCE QUANTITIES *******
     MACH NO  =       1.40                REYNOLDS NO = 3.246E+07 /M
     ALTITUDE =        0.0 M         DYNAMIC PRESSURE = 139018.12 N/M**2
     SIDESLIP =       0.00 DEG                   ROLL =      0.00 DEG     
     REF AREA =      0.001 M**2         MOMENT CENTER =     0.250 M
     REF LENGTH =     0.65 M           LAT REF LENGTH =      0.65 M

    SINGLE FIN PANEL ZERO-LIFT AXIAL FORCE COMPONENTS

    SKIN FRICTION        0.0088
    SUBSONIC PRESSURE    0.0000
    TRANSONIC WAVE       0.0000
    SUPERSONIC WAVE      0.0109
    LEADING EDGE         0.0000
    TRAILING EDGE        0.0000
    TOTAL CAO            0.0197

    FIN AXIAL FORCE DUE TO ANGLE OF ATTACK

    ALPHA      CA DUE TO LIFT (SINGLE PANEL)   CA-TOTAL (6 FINS)

     -10.00              0.0000                      0.1165
      -8.00              0.0000                      0.1171
      -6.00              0.0000                      0.1176
      -4.00              0.0000                      0.1180
      -2.00              0.0000                      0.1182
       0.00              0.0000                      0.1183
       2.00              0.0000                      0.1182
       4.00              0.0000                      0.1180
       6.00              0.0000                      0.1176
       8.00              0.0000                      0.1171
      10.00              0.0000                      0.1165
1         ***** THE USAF AUTOMATED MISSILE DATCOM * REV 3/99 *****     CASE   1
               AERODYNAMIC METHODS FOR MISSILE CONFIGURATIONS          PAGE  48
                       FIN SET 1 CN, CM PARTIAL OUTPUT

       ******* FLIGHT CONDITIONS AND REFERENCE QUANTITIES *******
     MACH NO  =       1.40                REYNOLDS NO = 3.246E+07 /M
     ALTITUDE =        0.0 M         DYNAMIC PRESSURE = 139018.12 N/M**2
     SIDESLIP =       0.00 DEG                   ROLL =      0.00 DEG     
     REF AREA =      0.001 M**2         MOMENT CENTER =     0.250 M
     REF LENGTH =     0.65 M           LAT REF LENGTH =      0.65 M

    NORMAL FORCE SLOPE AT ALPHA ZERO, CNA =    0.02109/DEG (1 PANEL)
         CENTER OF PRESSURE FOR LINEAR CN =   -0.49723 (CALIBERS FROM C.G.)
     CENTER OF PRESSURE FOR NON-LINEAR CN =   -0.49231 (CALIBERS FROM C.G.)

      ALPHA      CN        CN        CN        CM        CM        CM
               LINEAR  NON-LINEAR  TOTAL     LINEAR  NON-LINEAR  TOTAL

     -10.00   -0.6246   -0.3221   -0.9467    0.3106    0.1586    0.4692
      -8.00   -0.5020   -0.2079   -0.7099    0.2496    0.1024    0.3520
      -6.00   -0.3779   -0.1176   -0.4955    0.1879    0.0579    0.2458
      -4.00   -0.2525   -0.0523   -0.3049    0.1256    0.0258    0.1513
      -2.00   -0.1265   -0.0131   -0.1396    0.0629    0.0064    0.0693
       0.00    0.0000    0.0000    0.0000    0.0000    0.0000    0.0000
       2.00    0.1265    0.0131    0.1396   -0.0629   -0.0064   -0.0693
       4.00    0.2525    0.0523    0.3049   -0.1256   -0.0258   -0.1513
       6.00    0.3779    0.1176    0.4955   -0.1879   -0.0579   -0.2458
       8.00    0.5020    0.2079    0.7099   -0.2496   -0.1024   -0.3520
      10.00    0.6246    0.3221    0.9467   -0.3106   -0.1586   -0.4692
1         ***** THE USAF AUTOMATED MISSILE DATCOM * REV 3/99 *****     CASE   1
               AERODYNAMIC METHODS FOR MISSILE CONFIGURATIONS          PAGE  49
                 AERODYNAMIC FORCE AND MOMENT SYNTHESIS

       ******* FLIGHT CONDITIONS AND REFERENCE QUANTITIES *******
     MACH NO  =       1.40                REYNOLDS NO = 3.246E+07 /M
     ALTITUDE =        0.0 M         DYNAMIC PRESSURE = 139018.12 N/M**2
     SIDESLIP =       0.00 DEG                   ROLL =      0.00 DEG     
     REF AREA =      0.001 M**2         MOMENT CENTER =     0.250 M
     REF LENGTH =     0.65 M           LAT REF LENGTH =      0.65 M

          ---------------FIN SET 1 IN PRESENCE OF THE BODY----------------

      ALPHA       CN         CM         CA         CY         CLN        CLL

     -10.00    -1.5396     0.7655     0.1183     0.0000     0.0000     0.0000
      -8.00    -1.2029     0.5981     0.1183     0.0000     0.0000     0.0000
      -6.00    -0.8656     0.4304     0.1183     0.0000     0.0000     0.0000
      -4.00    -0.5411     0.2690     0.1183     0.0000     0.0000     0.0000
      -2.00    -0.2427     0.1207     0.1183     0.0000     0.0000     0.0000
       0.00     0.0000     0.0000     0.1183     0.0000     0.0000     0.0000
       2.00     0.2427    -0.1207     0.1183     0.0000     0.0000     0.0000
       4.00     0.5411    -0.2690     0.1183     0.0000     0.0000     0.0000
       6.00     0.8656    -0.4304     0.1183     0.0000     0.0000     0.0000
       8.00     1.2029    -0.5981     0.1183     0.0000     0.0000     0.0000
      10.00     1.5396    -0.7655     0.1183     0.0000     0.0000     0.0000
1         ***** THE USAF AUTOMATED MISSILE DATCOM * REV 3/99 *****     CASE   1
               AERODYNAMIC METHODS FOR MISSILE CONFIGURATIONS          PAGE  50
                 AERODYNAMIC FORCE AND MOMENT SYNTHESIS

       ******* FLIGHT CONDITIONS AND REFERENCE QUANTITIES *******
     MACH NO  =       1.40                REYNOLDS NO = 3.246E+07 /M
     ALTITUDE =        0.0 M         DYNAMIC PRESSURE = 139018.12 N/M**2
     SIDESLIP =       0.00 DEG                   ROLL =      0.00 DEG     
     REF AREA =      0.001 M**2         MOMENT CENTER =     0.250 M
     REF LENGTH =     0.65 M           LAT REF LENGTH =      0.65 M

          ---------------FIN SET 1 PANEL CHARACTERISTICS------------------

      ALPHA      PANEL    AEQ (PANEL AXIS SYS.)    PANEL CN

     -10.00        1              0.0000           0.0000
     -10.00        2            -13.5773          -0.4678
     -10.00        3            -12.5430          -0.4211
     -10.00        4              0.0000           0.0000
     -10.00        5             12.5430           0.4211
     -10.00        6             13.5773           0.4678
 
      -8.00        1              0.0000           0.0000
      -8.00        2            -11.0971          -0.3585
      -8.00        3            -10.5602          -0.3360
      -8.00        4              0.0000           0.0000
      -8.00        5             10.5602           0.3360
      -8.00        6             11.0971           0.3585
 
      -6.00        1              0.0000           0.0000
      -6.00        2             -8.4807          -0.2535
      -6.00        3             -8.2908          -0.2463
      -6.00        4              0.0000           0.0000
      -6.00        5              8.2908           0.2463
      -6.00        6              8.4807           0.2535
 
      -4.00        1              0.0000           0.0000
      -4.00        2             -5.7429          -0.1562
      -4.00        3             -5.7429          -0.1562
      -4.00        4              0.0000           0.0000
      -4.00        5              5.7429           0.1562
      -4.00        6              5.7429           0.1562
 
      -2.00        1              0.0000           0.0000
      -2.00        2             -2.8987          -0.0701
      -2.00        3             -2.8987          -0.0701
      -2.00        4              0.0000           0.0000
      -2.00        5              2.8987           0.0701
      -2.00        6              2.8987           0.0701
 
       0.00        1              0.0000           0.0000
       0.00        2              0.0000           0.0000
       0.00        3              0.0000           0.0000
       0.00        4              0.0000           0.0000
       0.00        5              0.0000           0.0000
       0.00        6              0.0000           0.0000
 
       2.00        1              0.0000           0.0000
       2.00        2              2.8987           0.0701
       2.00        3              2.8987           0.0701
       2.00        4              0.0000           0.0000
       2.00        5             -2.8987          -0.0701
       2.00        6             -2.8987          -0.0701
 
       4.00        1              0.0000           0.0000
       4.00        2              5.7429           0.1562
       4.00        3              5.7429           0.1562
       4.00        4              0.0000           0.0000
       4.00        5             -5.7429          -0.1562
       4.00        6             -5.7429          -0.1562
 
       6.00        1              0.0000           0.0000
       6.00        2              8.2908           0.2463
       6.00        3              8.4807           0.2535
       6.00        4              0.0000           0.0000
       6.00        5             -8.4807          -0.2535
       6.00        6             -8.2908          -0.2463
 
       8.00        1              0.0000           0.0000
       8.00        2             10.5602           0.3360
       8.00        3             11.0971           0.3585
       8.00        4              0.0000           0.0000
       8.00        5            -11.0971          -0.3585
       8.00        6            -10.5602          -0.3360
 
      10.00        1              0.0000           0.0000
      10.00        2             12.5430           0.4211
      10.00        3             13.5773           0.4678
      10.00        4              0.0000           0.0000
      10.00        5            -13.5773          -0.4678
      10.00        6            -12.5430          -0.4211
 
1         ***** THE USAF AUTOMATED MISSILE DATCOM * REV 3/99 *****     CASE   1
               AERODYNAMIC METHODS FOR MISSILE CONFIGURATIONS          PAGE  51
                 AERODYNAMIC FORCE AND MOMENT SYNTHESIS

       ******* FLIGHT CONDITIONS AND REFERENCE QUANTITIES *******
     MACH NO  =       1.40                REYNOLDS NO = 3.246E+07 /M
     ALTITUDE =        0.0 M         DYNAMIC PRESSURE = 139018.12 N/M**2
     SIDESLIP =       0.00 DEG                   ROLL =      0.00 DEG     
     REF AREA =      0.001 M**2         MOMENT CENTER =     0.250 M
     REF LENGTH =     0.65 M           LAT REF LENGTH =      0.65 M

             CARRYOVER INTERFERENCE FACTORS - FIN SET 1

      ALPHA   K-W(B)   K-B(W)  KK-W(B)  KK-B(W)  XCP-W(B) XCP-B(W) Y-CP/(B/2)

     -10.00   1.6020   1.1241   0.9535   0.6600   0.4972   0.4308   0.3911
      -8.00   1.6237   1.1241   0.9535   0.6600   0.4972   0.4308   0.3868
      -6.00   1.6435   1.1241   0.9535   0.6600   0.4972   0.4308   0.3992
      -4.00   1.6607   1.1241   0.9535   0.6600   0.4972   0.4308   0.4163
      -2.00   1.6743   1.1241   0.9535   0.6600   0.4972   0.4308   0.4377
       0.00   1.6818   1.1241   0.9535   0.6600   0.4972   0.4308   0.4552
       2.00   1.6743   1.1241   0.9535   0.6600   0.4972   0.4308   0.4377
       4.00   1.6607   1.1241   0.9535   0.6600   0.4972   0.4308   0.4163
       6.00   1.6435   1.1241   0.9535   0.6600   0.4972   0.4308   0.4000
       8.00   1.6237   1.1241   0.9535   0.6600   0.4972   0.4308   0.3895
      10.00   1.6020   1.1241   0.9535   0.6600   0.4972   0.4308   0.3848

    NOTE - XCP-W(B) USED FOR STABILITY ONLY DIFFERENT VALUES USED FOR HINGE MOMENTS
1         ***** THE USAF AUTOMATED MISSILE DATCOM * REV 3/99 *****     CASE   1
               AERODYNAMIC METHODS FOR MISSILE CONFIGURATIONS          PAGE  52
        FIN SET 1 PANEL BENDING MOMENTS (ABOUT EXPOSED ROOT CHORD)

       ******* FLIGHT CONDITIONS AND REFERENCE QUANTITIES *******
     MACH NO  =       1.40                REYNOLDS NO = 3.246E+07 /M
     ALTITUDE =        0.0 M         DYNAMIC PRESSURE = 139018.12 N/M**2
     SIDESLIP =       0.00 DEG                   ROLL =      0.00 DEG     
     REF AREA =      0.001 M**2         MOMENT CENTER =     0.250 M
     REF LENGTH =     0.65 M           LAT REF LENGTH =      0.65 M

   ALPHA   PANL 1   PANL 2   PANL 3   PANL 4   PANL 5   PANL 6   PANL 7   PANL 8
 
   -10.0  0.00E+00 -2.67E-03 -2.41E-03 -3.44E-10  2.41E-03  2.67E-03
    -8.0  0.00E+00 -2.03E-03 -1.90E-03 -2.47E-10  1.90E-03  2.03E-03
    -6.0  0.00E+00 -1.48E-03 -1.44E-03 -1.87E-10  1.44E-03  1.48E-03
    -4.0  0.00E+00 -9.50E-04 -9.50E-04 -1.37E-10  9.50E-04  9.50E-04
    -2.0  0.00E+00 -4.48E-04 -4.48E-04 -7.23E-11  4.48E-04  4.48E-04
     0.0  0.00E+00  0.00E+00  0.00E+00  0.00E+00  0.00E+00  0.00E+00
     2.0  0.00E+00  4.48E-04  4.48E-04  7.23E-11 -4.48E-04 -4.48E-04
     4.0  0.00E+00  9.50E-04  9.50E-04  1.37E-10 -9.50E-04 -9.50E-04
     6.0  8.35E-12  1.44E-03  1.48E-03  1.95E-10 -1.48E-03 -1.44E-03
     8.0  2.33E-12  1.91E-03  2.04E-03  2.51E-10 -2.04E-03 -1.91E-03
    10.0 -3.17E-11  2.37E-03  2.63E-03  3.07E-10 -2.63E-03 -2.37E-03
1         ***** THE USAF AUTOMATED MISSILE DATCOM * REV 3/99 *****     CASE   1
               AERODYNAMIC METHODS FOR MISSILE CONFIGURATIONS          PAGE  53
            FIN SET 1 PANEL HINGE MOMENTS (ABOUT HINGE LINE)

       ******* FLIGHT CONDITIONS AND REFERENCE QUANTITIES *******
     MACH NO  =       1.40                REYNOLDS NO = 3.246E+07 /M
     ALTITUDE =        0.0 M         DYNAMIC PRESSURE = 139018.12 N/M**2
     SIDESLIP =       0.00 DEG                   ROLL =      0.00 DEG     
     REF AREA =      0.001 M**2         MOMENT CENTER =     0.250 M
     REF LENGTH =     0.65 M           LAT REF LENGTH =      0.65 M

   ALPHA   PANL 1   PANL 2   PANL 3   PANL 4   PANL 5   PANL 6   PANL 7   PANL 8
 
   -10.0  0.00E+00 -5.07E-02 -4.62E-02 -7.34E-09  4.62E-02  5.07E-02
    -8.0  0.00E+00 -4.00E-02 -3.77E-02 -5.33E-09  3.77E-02  4.00E-02
    -6.0  0.00E+00 -2.90E-02 -2.83E-02 -3.89E-09  2.83E-02  2.90E-02
    -4.0  0.00E+00 -1.83E-02 -1.83E-02 -2.74E-09  1.83E-02  1.83E-02
    -2.0  0.00E+00 -8.39E-03 -8.39E-03 -1.38E-09  8.39E-03  8.39E-03
     0.0  0.00E+00  0.00E+00  0.00E+00  0.00E+00  0.00E+00  0.00E+00
     2.0  0.00E+00  8.39E-03  8.39E-03  1.38E-09 -8.39E-03 -8.39E-03
     4.0  0.00E+00  1.83E-02  1.83E-02  2.74E-09 -1.83E-02 -1.83E-02
     6.0  1.74E-10  2.83E-02  2.90E-02  4.07E-09 -2.90E-02 -2.83E-02
     8.0  4.98E-11  3.77E-02  4.00E-02  5.38E-09 -4.00E-02 -3.77E-02
    10.0 -6.87E-10  4.62E-02  5.07E-02  6.65E-09 -5.07E-02 -4.62E-02
1         ***** THE USAF AUTOMATED MISSILE DATCOM * REV 3/99 *****     CASE   1
               AERODYNAMIC METHODS FOR MISSILE CONFIGURATIONS          PAGE  54
                   STATIC AERODYNAMICS FOR BODY-FIN SET 1

       ******* FLIGHT CONDITIONS AND REFERENCE QUANTITIES *******
     MACH NO  =       1.40                REYNOLDS NO = 3.246E+07 /M
     ALTITUDE =        0.0 M         DYNAMIC PRESSURE = 139018.12 N/M**2
     SIDESLIP =       0.00 DEG                   ROLL =      0.00 DEG     
     REF AREA =      0.001 M**2         MOMENT CENTER =     0.250 M
     REF LENGTH =     0.65 M           LAT REF LENGTH =      0.65 M

                   ----- LONGITUDINAL -----     -- LATERAL DIRECTIONAL --
         ALPHA       CN        CM        CA        CY       CLN       CLL

        -10.00    -3.585     1.214     0.585     0.000     0.000     0.000
         -8.00    -2.691     0.925     0.588     0.000     0.000     0.000
         -6.00    -1.878     0.650     0.591     0.000     0.000     0.000
         -4.00    -1.143     0.396     0.592     0.000     0.000     0.000
         -2.00    -0.502     0.172     0.593     0.000     0.000     0.000
          0.00     0.000     0.000     0.594     0.000     0.000     0.000
          2.00     0.502    -0.172     0.593     0.000     0.000     0.000
          4.00     1.143    -0.396     0.592     0.000     0.000     0.000
          6.00     1.878    -0.650     0.591     0.000     0.000     0.000
          8.00     2.691    -0.925     0.588     0.000     0.000     0.000
         10.00     3.585    -1.214     0.585     0.000     0.000     0.000

         ALPHA       CL        CD      CL/CD     X-C.P.

        -10.00    -3.429     1.199    -2.860    -0.339
         -8.00    -2.583     0.957    -2.699    -0.344
         -6.00    -1.806     0.784    -2.304    -0.346
         -4.00    -1.098     0.671    -1.638    -0.346
         -2.00    -0.481     0.611    -0.788    -0.343
          0.00     0.000     0.594     0.000    -0.343
          2.00     0.481     0.611     0.788    -0.343
          4.00     1.098     0.671     1.638    -0.346
          6.00     1.806     0.784     2.304    -0.346
          8.00     2.583     0.957     2.699    -0.344
         10.00     3.429     1.199     2.860    -0.339

    X-C.P. MEAS. FROM MOMENT CENTER IN REF. LENGTHS, NEG. AFT OF MOMENT CENTER
1         ***** THE USAF AUTOMATED MISSILE DATCOM * REV 3/99 *****     CASE   1
               AERODYNAMIC METHODS FOR MISSILE CONFIGURATIONS          PAGE  55
                   STATIC AERODYNAMICS FOR BODY-FIN SET 1

       ******* FLIGHT CONDITIONS AND REFERENCE QUANTITIES *******
     MACH NO  =       1.40                REYNOLDS NO = 3.246E+07 /M
     ALTITUDE =        0.0 M         DYNAMIC PRESSURE = 139018.12 N/M**2
     SIDESLIP =       0.00 DEG                   ROLL =      0.00 DEG     
     REF AREA =      0.001 M**2         MOMENT CENTER =     0.250 M
     REF LENGTH =     0.65 M           LAT REF LENGTH =      0.65 M

                   ---------- DERIVATIVES (PER DEGREE) ----------
         ALPHA       CNA         CMA         CYB         CLNB        CLLB
        -10.00      0.4674     -0.1486     -0.2817      0.0857     -0.0006
         -8.00      0.4266     -0.1412     -0.2879      0.0930     -0.0003
         -6.00      0.3869     -0.1322     -0.2881      0.0966     -0.0001
         -4.00      0.3437     -0.1194     -0.2782      0.0953      0.0000
         -2.00      0.2853     -0.0989     -0.2541      0.0871      0.0000
          0.00      0.2511     -0.0860     -0.2375      0.0805      0.0000
          2.00      0.2853     -0.0989     -0.2541      0.0871      0.0000
          4.00      0.3437     -0.1194     -0.2782      0.0953      0.0000
          6.00      0.3869     -0.1322     -0.2881      0.0966      0.0001
          8.00      0.4266     -0.1412     -0.2879      0.0930      0.0003
         10.00      0.4674     -0.1486     -0.2817      0.0857      0.0006

    PANEL DEFLECTION ANGLES (DEGREES)
    SET    FIN 1   FIN 2   FIN 3   FIN 4   FIN 5   FIN 6   FIN 7   FIN 8
      1    0.00    0.00    0.00    0.00    0.00    0.00

    BODY ALONE LINEAR DATA GENERATED FROM VAN DYKE HYBRID THEORY

1         ***** THE USAF AUTOMATED MISSILE DATCOM * REV 3/99 *****     CASE   1
               AERODYNAMIC METHODS FOR MISSILE CONFIGURATIONS          PAGE  56
                             BODY ALONE PARTIAL OUTPUT

       ******* FLIGHT CONDITIONS AND REFERENCE QUANTITIES *******
     MACH NO  =       2.00                REYNOLDS NO = 4.637E+07 /M
     ALTITUDE =        0.0 M         DYNAMIC PRESSURE = 283710.47 N/M**2
     SIDESLIP =       0.00 DEG                   ROLL =      0.00 DEG     
     REF AREA =      0.001 M**2         MOMENT CENTER =     0.250 M
     REF LENGTH =     0.65 M           LAT REF LENGTH =      0.65 M

      ALPHA    CA-FRIC  CA-PRES/WAVE CA-BASE    CA-PROT     CA-SEP     CA-ALP
     -10.00     0.1316     0.1068     0.1448                           0.0000
      -8.00     0.1331     0.1071     0.1456                           0.0000
      -6.00     0.1342     0.1073     0.1462                           0.0000
      -4.00     0.1350     0.1075     0.1466                           0.0000
      -2.00     0.1355     0.1076     0.1469                           0.0000
       0.00     0.1357     0.1076     0.1470                           0.0000
       2.00     0.1355     0.1076     0.1469                           0.0000
       4.00     0.1350     0.1075     0.1466                           0.0000
       6.00     0.1342     0.1073     0.1462                           0.0000
       8.00     0.1331     0.1071     0.1456                           0.0000
      10.00     0.1316     0.1068     0.1448                           0.0000

                     CROSS FLOW DRAG PROPORTIONALITY FACTOR = 1.00000

      ALPHA    CN-POTEN  CN-VISC   CN-SEP    CM-POTEN  CM-VISC   CM-SEP    CDC
     -10.00    -0.418    -0.685              -0.119     0.105             1.071
      -8.00    -0.338    -0.400              -0.096     0.061             0.973
      -6.00    -0.255    -0.203              -0.073     0.031             0.875
      -4.00    -0.171    -0.085              -0.049     0.013             0.825
      -2.00    -0.086    -0.020              -0.024     0.003             0.783
       0.00     0.000     0.000               0.000     0.000             0.740
       2.00     0.086     0.020               0.024    -0.003             0.783
       4.00     0.171     0.085               0.049    -0.013             0.825
       6.00     0.255     0.203               0.073    -0.031             0.875
       8.00     0.338     0.400               0.096    -0.061             0.973
      10.00     0.418     0.685               0.119    -0.105             1.071
1         ***** THE USAF AUTOMATED MISSILE DATCOM * REV 3/99 *****     CASE   1
               AERODYNAMIC METHODS FOR MISSILE CONFIGURATIONS          PAGE  57
                        FIN SET 1 CA PARTIAL OUTPUT

       ******* FLIGHT CONDITIONS AND REFERENCE QUANTITIES *******
     MACH NO  =       2.00                REYNOLDS NO = 4.637E+07 /M
     ALTITUDE =        0.0 M         DYNAMIC PRESSURE = 283710.47 N/M**2
     SIDESLIP =       0.00 DEG                   ROLL =      0.00 DEG     
     REF AREA =      0.001 M**2         MOMENT CENTER =     0.250 M
     REF LENGTH =     0.65 M           LAT REF LENGTH =      0.65 M

    SINGLE FIN PANEL ZERO-LIFT AXIAL FORCE COMPONENTS

    SKIN FRICTION        0.0075
    SUBSONIC PRESSURE    0.0000
    TRANSONIC WAVE       0.0000
    SUPERSONIC WAVE      0.0068
    LEADING EDGE         0.0000
    TRAILING EDGE        0.0000
    TOTAL CAO            0.0144

    FIN AXIAL FORCE DUE TO ANGLE OF ATTACK

    ALPHA      CA DUE TO LIFT (SINGLE PANEL)   CA-TOTAL (6 FINS)

     -10.00              0.0000                      0.0848
      -8.00              0.0000                      0.0853
      -6.00              0.0000                      0.0856
      -4.00              0.0000                      0.0859
      -2.00              0.0000                      0.0861
       0.00              0.0000                      0.0861
       2.00              0.0000                      0.0861
       4.00              0.0000                      0.0859
       6.00              0.0000                      0.0856
       8.00              0.0000                      0.0853
      10.00              0.0000                      0.0848
1         ***** THE USAF AUTOMATED MISSILE DATCOM * REV 3/99 *****     CASE   1
               AERODYNAMIC METHODS FOR MISSILE CONFIGURATIONS          PAGE  58
                       FIN SET 1 CN, CM PARTIAL OUTPUT

       ******* FLIGHT CONDITIONS AND REFERENCE QUANTITIES *******
     MACH NO  =       2.00                REYNOLDS NO = 4.637E+07 /M
     ALTITUDE =        0.0 M         DYNAMIC PRESSURE = 283710.47 N/M**2
     SIDESLIP =       0.00 DEG                   ROLL =      0.00 DEG     
     REF AREA =      0.001 M**2         MOMENT CENTER =     0.250 M
     REF LENGTH =     0.65 M           LAT REF LENGTH =      0.65 M

    NORMAL FORCE SLOPE AT ALPHA ZERO, CNA =    0.01193/DEG (1 PANEL)
         CENTER OF PRESSURE FOR LINEAR CN =   -0.49723 (CALIBERS FROM C.G.)
     CENTER OF PRESSURE FOR NON-LINEAR CN =   -0.49231 (CALIBERS FROM C.G.)

      ALPHA      CN        CN        CN        CM        CM        CM
               LINEAR  NON-LINEAR  TOTAL     LINEAR  NON-LINEAR  TOTAL

     -10.00   -0.3533   -0.0695   -0.4228    0.1757    0.0342    0.2099
      -8.00   -0.2840   -0.0344   -0.3183    0.1412    0.0169    0.1581
      -6.00   -0.2137   -0.0142   -0.2280    0.1063    0.0070    0.1133
      -4.00   -0.1429   -0.0041   -0.1470    0.0710    0.0020    0.0731
      -2.00   -0.0715   -0.0005   -0.0721    0.0356    0.0003    0.0358
       0.00    0.0000    0.0000    0.0000    0.0000    0.0000    0.0000
       2.00    0.0715    0.0005    0.0721   -0.0356   -0.0003   -0.0358
       4.00    0.1429    0.0041    0.1470   -0.0710   -0.0020   -0.0731
       6.00    0.2137    0.0142    0.2280   -0.1063   -0.0070   -0.1133
       8.00    0.2840    0.0344    0.3183   -0.1412   -0.0169   -0.1581
      10.00    0.3533    0.0695    0.4228   -0.1757   -0.0342   -0.2099
1         ***** THE USAF AUTOMATED MISSILE DATCOM * REV 3/99 *****     CASE   1
               AERODYNAMIC METHODS FOR MISSILE CONFIGURATIONS          PAGE  59
                 AERODYNAMIC FORCE AND MOMENT SYNTHESIS

       ******* FLIGHT CONDITIONS AND REFERENCE QUANTITIES *******
     MACH NO  =       2.00                REYNOLDS NO = 4.637E+07 /M
     ALTITUDE =        0.0 M         DYNAMIC PRESSURE = 283710.47 N/M**2
     SIDESLIP =       0.00 DEG                   ROLL =      0.00 DEG     
     REF AREA =      0.001 M**2         MOMENT CENTER =     0.250 M
     REF LENGTH =     0.65 M           LAT REF LENGTH =      0.65 M

          ---------------FIN SET 1 IN PRESENCE OF THE BODY----------------

      ALPHA       CN         CM         CA         CY         CLN        CLL

     -10.00    -0.7236     0.3598     0.0861     0.0000     0.0000     0.0000
      -8.00    -0.5520     0.2744     0.0861     0.0000     0.0000     0.0000
      -6.00    -0.3946     0.1962     0.0861     0.0000     0.0000     0.0000
      -4.00    -0.2524     0.1255     0.0861     0.0000     0.0000     0.0000
      -2.00    -0.1216     0.0605     0.0861     0.0000     0.0000     0.0000
       0.00     0.0000     0.0000     0.0861     0.0000     0.0000     0.0000
       2.00     0.1216    -0.0605     0.0861     0.0000     0.0000     0.0000
       4.00     0.2524    -0.1255     0.0861     0.0000     0.0000     0.0000
       6.00     0.3946    -0.1962     0.0861     0.0000     0.0000     0.0000
       8.00     0.5520    -0.2744     0.0861     0.0000     0.0000     0.0000
      10.00     0.7236    -0.3598     0.0861     0.0000     0.0000     0.0000
1         ***** THE USAF AUTOMATED MISSILE DATCOM * REV 3/99 *****     CASE   1
               AERODYNAMIC METHODS FOR MISSILE CONFIGURATIONS          PAGE  60
                 AERODYNAMIC FORCE AND MOMENT SYNTHESIS

       ******* FLIGHT CONDITIONS AND REFERENCE QUANTITIES *******
     MACH NO  =       2.00                REYNOLDS NO = 4.637E+07 /M
     ALTITUDE =        0.0 M         DYNAMIC PRESSURE = 283710.47 N/M**2
     SIDESLIP =       0.00 DEG                   ROLL =      0.00 DEG     
     REF AREA =      0.001 M**2         MOMENT CENTER =     0.250 M
     REF LENGTH =     0.65 M           LAT REF LENGTH =      0.65 M

          ---------------FIN SET 1 PANEL CHARACTERISTICS------------------

      ALPHA      PANEL    AEQ (PANEL AXIS SYS.)    PANEL CN

     -10.00        1              0.0000           0.0000
     -10.00        2            -13.5324          -0.2243
     -10.00        3            -12.2959          -0.1934
     -10.00        4              0.0000           0.0000
     -10.00        5             12.2959           0.1934
     -10.00        6             13.5324           0.2243
 
      -8.00        1              0.0000           0.0000
      -8.00        2            -11.0752          -0.1660
      -8.00        3            -10.4371          -0.1527
      -8.00        4              0.0000           0.0000
      -8.00        5             10.4371           0.1527
      -8.00        6             11.0752           0.1660
 
      -6.00        1              0.0000           0.0000
      -6.00        2             -8.4737          -0.1158
      -6.00        3             -8.2584          -0.1121
      -6.00        4              0.0000           0.0000
      -6.00        5              8.2584           0.1121
      -6.00        6              8.4737           0.1158
 
      -4.00        1              0.0000           0.0000
      -4.00        2             -5.7412          -0.0729
      -4.00        3             -5.7412          -0.0729
      -4.00        4              0.0000           0.0000
      -4.00        5              5.7412           0.0729
      -4.00        6              5.7412           0.0729
 
      -2.00        1              0.0000           0.0000
      -2.00        2             -2.8984          -0.0351
      -2.00        3             -2.8984          -0.0351
      -2.00        4              0.0000           0.0000
      -2.00        5              2.8984           0.0351
      -2.00        6              2.8984           0.0351
 
       0.00        1              0.0000           0.0000
       0.00        2              0.0000           0.0000
       0.00        3              0.0000           0.0000
       0.00        4              0.0000           0.0000
       0.00        5              0.0000           0.0000
       0.00        6              0.0000           0.0000
 
       2.00        1              0.0000           0.0000
       2.00        2              2.8984           0.0351
       2.00        3              2.8984           0.0351
       2.00        4              0.0000           0.0000
       2.00        5             -2.8984          -0.0351
       2.00        6             -2.8984          -0.0351
 
       4.00        1              0.0000           0.0000
       4.00        2              5.7412           0.0729
       4.00        3              5.7412           0.0729
       4.00        4              0.0000           0.0000
       4.00        5             -5.7412          -0.0729
       4.00        6             -5.7412          -0.0729
 
       6.00        1              0.0000           0.0000
       6.00        2              8.2584           0.1121
       6.00        3              8.4737           0.1158
       6.00        4              0.0000           0.0000
       6.00        5             -8.4737          -0.1158
       6.00        6             -8.2584          -0.1121
 
       8.00        1              0.0000           0.0000
       8.00        2             10.4371           0.1527
       8.00        3             11.0752           0.1660
       8.00        4              0.0000           0.0000
       8.00        5            -11.0752          -0.1660
       8.00        6            -10.4371          -0.1527
 
      10.00        1              0.0000           0.0000
      10.00        2             12.2959           0.1934
      10.00        3             13.5324           0.2243
      10.00        4              0.0000           0.0000
      10.00        5            -13.5324          -0.2243
      10.00        6            -12.2959          -0.1934
 
1         ***** THE USAF AUTOMATED MISSILE DATCOM * REV 3/99 *****     CASE   1
               AERODYNAMIC METHODS FOR MISSILE CONFIGURATIONS          PAGE  61
                 AERODYNAMIC FORCE AND MOMENT SYNTHESIS

       ******* FLIGHT CONDITIONS AND REFERENCE QUANTITIES *******
     MACH NO  =       2.00                REYNOLDS NO = 4.637E+07 /M
     ALTITUDE =        0.0 M         DYNAMIC PRESSURE = 283710.47 N/M**2
     SIDESLIP =       0.00 DEG                   ROLL =      0.00 DEG     
     REF AREA =      0.001 M**2         MOMENT CENTER =     0.250 M
     REF LENGTH =     0.65 M           LAT REF LENGTH =      0.65 M

             CARRYOVER INTERFERENCE FACTORS - FIN SET 1

      ALPHA   K-W(B)   K-B(W)  KK-W(B)  KK-B(W)  XCP-W(B) XCP-B(W) Y-CP/(B/2)

     -10.00   1.6002   1.1241   0.9535   0.6600   0.4972   0.4308   0.4121
      -8.00   1.6224   1.1241   0.9535   0.6600   0.4972   0.4308   0.4214
      -6.00   1.6426   1.1241   0.9535   0.6600   0.4972   0.4308   0.4334
      -4.00   1.6602   1.1241   0.9535   0.6600   0.4972   0.4308   0.4437
      -2.00   1.6741   1.1241   0.9535   0.6600   0.4972   0.4308   0.4527
       0.00   1.6818   1.1241   0.9535   0.6600   0.4972   0.4308   0.4611
       2.00   1.6741   1.1241   0.9535   0.6600   0.4972   0.4308   0.4527
       4.00   1.6602   1.1241   0.9535   0.6600   0.4972   0.4308   0.4437
       6.00   1.6426   1.1241   0.9535   0.6600   0.4972   0.4308   0.4343
       8.00   1.6224   1.1241   0.9535   0.6600   0.4972   0.4308   0.4246
      10.00   1.6002   1.1241   0.9535   0.6600   0.4972   0.4308   0.4148

    NOTE - XCP-W(B) USED FOR STABILITY ONLY DIFFERENT VALUES USED FOR HINGE MOMENTS
1         ***** THE USAF AUTOMATED MISSILE DATCOM * REV 3/99 *****     CASE   1
               AERODYNAMIC METHODS FOR MISSILE CONFIGURATIONS          PAGE  62
        FIN SET 1 PANEL BENDING MOMENTS (ABOUT EXPOSED ROOT CHORD)

       ******* FLIGHT CONDITIONS AND REFERENCE QUANTITIES *******
     MACH NO  =       2.00                REYNOLDS NO = 4.637E+07 /M
     ALTITUDE =        0.0 M         DYNAMIC PRESSURE = 283710.47 N/M**2
     SIDESLIP =       0.00 DEG                   ROLL =      0.00 DEG     
     REF AREA =      0.001 M**2         MOMENT CENTER =     0.250 M
     REF LENGTH =     0.65 M           LAT REF LENGTH =      0.65 M

   ALPHA   PANL 1   PANL 2   PANL 3   PANL 4   PANL 5   PANL 6   PANL 7   PANL 8
 
   -10.0  0.00E+00 -1.35E-03 -1.17E-03 -1.75E-10  1.17E-03  1.35E-03
    -8.0  0.00E+00 -1.02E-03 -9.40E-04 -1.45E-10  9.40E-04  1.02E-03
    -6.0  0.00E+00 -7.33E-04 -7.10E-04 -1.13E-10  7.10E-04  7.33E-04
    -4.0  0.00E+00 -4.72E-04 -4.72E-04 -7.77E-11  4.72E-04  4.72E-04
    -2.0  0.00E+00 -2.32E-04 -2.32E-04 -3.99E-11  2.32E-04  2.32E-04
     0.0  0.00E+00  0.00E+00  0.00E+00  0.00E+00  0.00E+00  0.00E+00
     2.0  0.00E+00  2.32E-04  2.32E-04  3.99E-11 -2.32E-04 -2.32E-04
     4.0  0.00E+00  4.72E-04  4.72E-04  7.77E-11 -4.72E-04 -4.72E-04
     6.0  0.00E+00  7.11E-04  7.35E-04  1.13E-10 -7.35E-04 -7.11E-04
     8.0  0.00E+00  9.48E-04  1.03E-03  1.46E-10 -1.03E-03 -9.48E-04
    10.0  0.00E+00  1.17E-03  1.36E-03  1.77E-10 -1.36E-03 -1.17E-03
1         ***** THE USAF AUTOMATED MISSILE DATCOM * REV 3/99 *****     CASE   1
               AERODYNAMIC METHODS FOR MISSILE CONFIGURATIONS          PAGE  63
            FIN SET 1 PANEL HINGE MOMENTS (ABOUT HINGE LINE)

       ******* FLIGHT CONDITIONS AND REFERENCE QUANTITIES *******
     MACH NO  =       2.00                REYNOLDS NO = 4.637E+07 /M
     ALTITUDE =        0.0 M         DYNAMIC PRESSURE = 283710.47 N/M**2
     SIDESLIP =       0.00 DEG                   ROLL =      0.00 DEG     
     REF AREA =      0.001 M**2         MOMENT CENTER =     0.250 M
     REF LENGTH =     0.65 M           LAT REF LENGTH =      0.65 M

   ALPHA   PANL 1   PANL 2   PANL 3   PANL 4   PANL 5   PANL 6   PANL 7   PANL 8
 
   -10.0  0.00E+00 -2.41E-02 -2.11E-02 -3.46E-09  2.11E-02  2.41E-02
    -8.0  0.00E+00 -1.83E-02 -1.69E-02 -2.80E-09  1.69E-02  1.83E-02
    -6.0  0.00E+00 -1.31E-02 -1.27E-02 -2.12E-09  1.27E-02  1.31E-02
    -4.0  0.00E+00 -8.38E-03 -8.38E-03 -1.42E-09  8.38E-03  8.38E-03
    -2.0  0.00E+00 -4.11E-03 -4.11E-03 -7.17E-10  4.11E-03  4.11E-03
     0.0  0.00E+00  0.00E+00  0.00E+00  0.00E+00  0.00E+00  0.00E+00
     2.0  0.00E+00  4.11E-03  4.11E-03  7.17E-10 -4.11E-03 -4.11E-03
     4.0  0.00E+00  8.38E-03  8.38E-03  1.42E-09 -8.38E-03 -8.38E-03
     6.0  0.00E+00  1.27E-02  1.31E-02  2.12E-09 -1.31E-02 -1.27E-02
     8.0  0.00E+00  1.69E-02  1.83E-02  2.80E-09 -1.83E-02 -1.69E-02
    10.0  0.00E+00  2.11E-02  2.41E-02  3.46E-09 -2.41E-02 -2.11E-02
1         ***** THE USAF AUTOMATED MISSILE DATCOM * REV 3/99 *****     CASE   1
               AERODYNAMIC METHODS FOR MISSILE CONFIGURATIONS          PAGE  64
                   STATIC AERODYNAMICS FOR BODY-FIN SET 1

       ******* FLIGHT CONDITIONS AND REFERENCE QUANTITIES *******
     MACH NO  =       2.00                REYNOLDS NO = 4.637E+07 /M
     ALTITUDE =        0.0 M         DYNAMIC PRESSURE = 283710.47 N/M**2
     SIDESLIP =       0.00 DEG                   ROLL =      0.00 DEG     
     REF AREA =      0.001 M**2         MOMENT CENTER =     0.250 M
     REF LENGTH =     0.65 M           LAT REF LENGTH =      0.65 M

                   ----- LONGITUDINAL -----     -- LATERAL DIRECTIONAL --
         ALPHA       CN        CM        CA        CY       CLN       CLL

        -10.00    -2.335     0.564     0.469     0.000     0.000     0.000
         -8.00    -1.672     0.404     0.472     0.000     0.000     0.000
         -6.00    -1.123     0.271     0.474     0.000     0.000     0.000
         -4.00    -0.679     0.163     0.475     0.000     0.000     0.000
         -2.00    -0.309     0.074     0.476     0.000     0.000     0.000
          0.00     0.000     0.000     0.476     0.000     0.000     0.000
          2.00     0.309    -0.074     0.476     0.000     0.000     0.000
          4.00     0.679    -0.163     0.475     0.000     0.000     0.000
          6.00     1.123    -0.271     0.474     0.000     0.000     0.000
          8.00     1.672    -0.404     0.472     0.000     0.000     0.000
         10.00     2.335    -0.564     0.469     0.000     0.000     0.000

         ALPHA       CL        CD      CL/CD     X-C.P.

        -10.00    -2.218     0.868    -2.557    -0.241
         -8.00    -1.590     0.700    -2.272    -0.242
         -6.00    -1.067     0.589    -1.813    -0.241
         -4.00    -0.644     0.522    -1.236    -0.240
         -2.00    -0.292     0.487    -0.601    -0.240
          0.00     0.000     0.476     0.000    -0.240
          2.00     0.292     0.487     0.601    -0.240
          4.00     0.644     0.522     1.236    -0.240
          6.00     1.067     0.589     1.813    -0.241
          8.00     1.590     0.700     2.272    -0.242
         10.00     2.218     0.868     2.557    -0.241

    X-C.P. MEAS. FROM MOMENT CENTER IN REF. LENGTHS, NEG. AFT OF MOMENT CENTER
1         ***** THE USAF AUTOMATED MISSILE DATCOM * REV 3/99 *****     CASE   1
               AERODYNAMIC METHODS FOR MISSILE CONFIGURATIONS          PAGE  65
                   STATIC AERODYNAMICS FOR BODY-FIN SET 1

       ******* FLIGHT CONDITIONS AND REFERENCE QUANTITIES *******
     MACH NO  =       2.00                REYNOLDS NO = 4.637E+07 /M
     ALTITUDE =        0.0 M         DYNAMIC PRESSURE = 283710.47 N/M**2
     SIDESLIP =       0.00 DEG                   ROLL =      0.00 DEG     
     REF AREA =      0.001 M**2         MOMENT CENTER =     0.250 M
     REF LENGTH =     0.65 M           LAT REF LENGTH =      0.65 M

                   ---------- DERIVATIVES (PER DEGREE) ----------
         ALPHA       CNA         CMA         CYB         CLNB        CLLB
        -10.00      0.3603     -0.0867     -0.2214      0.0511     -0.0001
         -8.00      0.3030     -0.0733     -0.2033      0.0479      0.0000
         -6.00      0.2480     -0.0601     -0.1863      0.0447      0.0000
         -4.00      0.2033     -0.0491     -0.1707      0.0411      0.0000
         -2.00      0.1698     -0.0408     -0.1562      0.0375      0.0000
          0.00      0.1546     -0.0371     -0.1509      0.0363      0.0000
          2.00      0.1698     -0.0408     -0.1562      0.0375      0.0000
          4.00      0.2033     -0.0491     -0.1707      0.0411      0.0000
          6.00      0.2480     -0.0601     -0.1863      0.0447      0.0000
          8.00      0.3030     -0.0733     -0.2033      0.0479      0.0000
         10.00      0.3603     -0.0867     -0.2214      0.0511      0.0001

    PANEL DEFLECTION ANGLES (DEGREES)
    SET    FIN 1   FIN 2   FIN 3   FIN 4   FIN 5   FIN 6   FIN 7   FIN 8
      1    0.00    0.00    0.00    0.00    0.00    0.00

    BODY ALONE LINEAR DATA GENERATED FROM VAN DYKE HYBRID THEORY

    *** END OF JOB ***
