1         ***** THE USAF AUTOMATED MISSILE DATCOM * REV 3/99 *****
               AERODYNAMIC METHODS FOR MISSILE CONFIGURATIONS     

    CONERR - INPUT ERROR CHECKING

    ERROR CODES - N* DENOTES THE NUMBER OF OCCURENCES OF EACH ERROR
    A - UNKNOWN VARIABLE NAME
    B - MISSING EQUAL SIGN FOLLOWING VARIABLE NAME
    C - NON-ARRAY VARIABLE HAS AN ARRAY ELEMENTDESIGNATION - (N)
    D - NON-ARRAY VARIABLE HAS MULTIPLE VALUES ASSIGNED
    E - ASSIGNED VALUES EXCEED ARRAY DIMENSION
    F - SYNTAX ERROR

    ************************* INPUT DATA CARDS *************************

   1 DIM M                                                                           
      2 ** BLANK CARD - IGNORED
   3  $FLTCON  NALPHA=11.,NMACH=9.,                                                  
   4           MACH=0.1000,0.2000,0.3000,0.4000,0.8000,0.9000,1.0000,1.1000,2.3000,  
   5           ALPHA=-10.0,-8.0,-6.0,-4.0,-2.0,0.0,2.0,4.0,6.0,8.0,10.0,$            
      6 ** BLANK CARD - IGNORED
   7  $REFQ    XCG=0.7100,                                                           
   8           SREF=0.0038485,                                                       
   9           LREF=1.2850,                                                          
  10           RHR=0.,$                                                              
     11 ** BLANK CARD - IGNORED
  12  $AXIBOD  X0=0.00,                                                              
  13           TNOSE=OGIVE,                                                          
               ** SUBSTITUTING NUMERIC FOR NAME OGIVE
  14           LNOSE=0.2250,                                                         
  15           DNOSE=0.0700,                                                         
  16           BNOSE=0.0,                                                            
  17           TRUNC=.FALSE.,                                                        
  18           LCENTR=1.0160,                                                        
  19           DCENTR=0.0700,                                                        
  20           TAFT=CONE,                                                            
               ** SUBSTITUTING NUMERIC FOR NAME CONE
  21           LAFT=0.0440,                                                          
  22           DAFT=0.0520,                                                          
  23           DEXIT=0.0000,$                                                        
     24 ** BLANK CARD - IGNORED
  25  $FINSET1 XLE=1.1600,1.2003,NPANEL=4.,                                          
  26           SSPAN=0.0350,0.0925,                                                  
  27           CHORD=0.1200,0.0810,                                                  
  28           LER=2*0.0,                                                            
  29           PHIF=0.0,90.0,180.0,270.0,                                            
  30           GAM=1.6000,1.6000,1.6000,1.6000,                                      
  31           SECTYP=HEX,                                                           
               ** SUBSTITUTING NUMERIC FOR NAME HEX
  32           ZUPPER=0.025000,0.025000,                                             
  33           LMAXU=0.4,0.4,                                                        
  34           LFLATU=0.2,0.2,$                                                      
     35 ** BLANK CARD - IGNORED
  36  $DEFLCT  DELTA1=1.6000,1.6000,1.6000,1.6000,                                   
  37           XHINGE=1.2500,$                                                       
     38 ** BLANK CARD - IGNORED
  39 PART                                                                            
  40 NEXT CASE                                                                       
1         ***** THE USAF AUTOMATED MISSILE DATCOM * REV 3/99 *****     CASE   1
               AERODYNAMIC METHODS FOR MISSILE CONFIGURATIONS          PAGE   1
    CASE INPUTS
    FOLLOWING ARE THE CARDS INPUT FOR THIS CASE

 DIM M                                                                           
  $FLTCON  NALPHA=11.,NMACH=9.,                                                  
           MACH=0.1000,0.2000,0.3000,0.4000,0.8000,0.9000,1.0000,1.1000,2.3000,  
           ALPHA=-10.0,-8.0,-6.0,-4.0,-2.0,0.0,2.0,4.0,6.0,8.0,10.0,$            
  $REFQ    XCG=0.7100,                                                           
           SREF=0.0038485,                                                       
           LREF=1.2850,                                                          
           RHR=0.,$                                                              
  $AXIBOD  X0=0.00,                                                              
           TNOSE=1.,                                                             
           LNOSE=0.2250,                                                         
           DNOSE=0.0700,                                                         
           BNOSE=0.0,                                                            
           TRUNC=.FALSE.,                                                        
           LCENTR=1.0160,                                                        
           DCENTR=0.0700,                                                        
           TAFT=0.,                                                              
           LAFT=0.0440,                                                          
           DAFT=0.0520,                                                          
           DEXIT=0.0000,$                                                        
  $FINSET1 XLE=1.1600,1.2003,NPANEL=4.,                                          
           SSPAN=0.0350,0.0925,                                                  
           CHORD=0.1200,0.0810,                                                  
           LER=2*0.0,                                                            
           PHIF=0.0,90.0,180.0,270.0,                                            
           GAM=1.6000,1.6000,1.6000,1.6000,                                      
           SECTYP=0.,                                                            
           ZUPPER=0.025000,0.025000,                                             
           LMAXU=0.4,0.4,                                                        
           LFLATU=0.2,0.2,$                                                      
  $DEFLCT  DELTA1=1.6000,1.6000,1.6000,1.6000,                                   
           XHINGE=1.2500,$                                                       
 PART                                                                            
 NEXT CASE                                                                       
    * WARNING * THE REYNOLDS NUMBER IS NOT DEFINED, FOR INPUT SPEED  1
                SEA LEVEL ALTITUDE ASSUMED
    * WARNING * THE REYNOLDS NUMBER IS NOT DEFINED, FOR INPUT SPEED  2
                SEA LEVEL ALTITUDE ASSUMED
    * WARNING * THE REYNOLDS NUMBER IS NOT DEFINED, FOR INPUT SPEED  3
                SEA LEVEL ALTITUDE ASSUMED
    * WARNING * THE REYNOLDS NUMBER IS NOT DEFINED, FOR INPUT SPEED  4
                SEA LEVEL ALTITUDE ASSUMED
    * WARNING * THE REYNOLDS NUMBER IS NOT DEFINED, FOR INPUT SPEED  5
                SEA LEVEL ALTITUDE ASSUMED
    * WARNING * THE REYNOLDS NUMBER IS NOT DEFINED, FOR INPUT SPEED  6
                SEA LEVEL ALTITUDE ASSUMED
    * WARNING * THE REYNOLDS NUMBER IS NOT DEFINED, FOR INPUT SPEED  7
                SEA LEVEL ALTITUDE ASSUMED
    * WARNING * THE REYNOLDS NUMBER IS NOT DEFINED, FOR INPUT SPEED  8
                SEA LEVEL ALTITUDE ASSUMED
    * WARNING * THE REYNOLDS NUMBER IS NOT DEFINED, FOR INPUT SPEED  9
                SEA LEVEL ALTITUDE ASSUMED
    THE BOUNDARY LAYER IS ASSUMED TO BE TURBULENT
    THE INPUT UNITS ARE IN METERS, THE SCALE FACTOR IS   1.0000
1         ***** THE USAF AUTOMATED MISSILE DATCOM * REV 3/99 *****     CASE   1
               AERODYNAMIC METHODS FOR MISSILE CONFIGURATIONS          PAGE   2
                        AXISYMMETRIC BODY DEFINITION

                             NOSE   CENTERBODY     AFT BODY        TOTAL
    SHAPE                   OGIVE     CYLINDER        CONIC
    LENGTH                  0.225        1.016        0.044        1.285   M
    FINENESS RATIO          3.214       14.514        0.629       18.357
    PLANFORM AREA           0.011        0.071        0.003        0.084   M**2
    AREA CENTROID           0.140        0.733        1.262        0.676   M
    WETTED AREA             0.033        0.223        0.009        0.265   M**2
    VOLUME                  0.000        0.004        0.000        0.005   M**3
    VOL. CENTROID           0.154        0.733        1.261        0.688   M

                              MOLD LINE CONTOUR

     LONGITUDINAL STATIONS    0.0000     0.0225     0.0450     0.0675     0.0900 
        0.1125     0.1350     0.1575     0.1800     0.2025     0.2250     0.3266 
        0.4282     0.5298     0.6314     0.7330     0.8346     0.9362     1.0378 
        1.1394     1.2410*    1.2454     1.2498     1.2542     1.2586     1.2630 
        1.2674     1.2718     1.2762     1.2806     1.2850*

                BODY RADII    0.0000     0.0068     0.0128     0.0181     0.0226 
        0.0264     0.0295     0.0319     0.0336     0.0347     0.0350     0.0350 
        0.0350     0.0350     0.0350     0.0350     0.0350     0.0350     0.0350 
        0.0350     0.0350*    0.0341     0.0332     0.0323     0.0314     0.0305 
        0.0296     0.0287     0.0278     0.0269     0.0260*
    NOTE - * INDICATES SLOPE DISCONTINUOUS POINTS
1         ***** THE USAF AUTOMATED MISSILE DATCOM * REV 3/99 *****     CASE   1
               AERODYNAMIC METHODS FOR MISSILE CONFIGURATIONS          PAGE   3
                         FIN SET NUMBER 1 AIRFOIL SECTION

                                  NACA S-3-40.0-05.0-20.0

         X/C     X-UPPER   Y-UPPER   X-LOWER   Y-LOWER  MEAN LINE  THICKNESS

       0.00000   0.00000   0.00000   0.00000   0.00000   0.00000   0.00000
       0.00100   0.00100   0.00006   0.00100  -0.00006   0.00000   0.00013
       0.00200   0.00200   0.00013   0.00200  -0.00013   0.00000   0.00025
       0.00300   0.00300   0.00019   0.00300  -0.00019   0.00000   0.00038
       0.00400   0.00400   0.00025   0.00400  -0.00025   0.00000   0.00050
       0.00500   0.00500   0.00031   0.00500  -0.00031   0.00000   0.00063
       0.00600   0.00600   0.00038   0.00600  -0.00038   0.00000   0.00075
       0.00800   0.00800   0.00050   0.00800  -0.00050   0.00000   0.00100
       0.01000   0.01000   0.00063   0.01000  -0.00063   0.00000   0.00125
       0.02000   0.02000   0.00125   0.02000  -0.00125   0.00000   0.00250
       0.03000   0.03000   0.00187   0.03000  -0.00187   0.00000   0.00375
       0.04000   0.04000   0.00250   0.04000  -0.00250   0.00000   0.00500
       0.05000   0.05000   0.00312   0.05000  -0.00312   0.00000   0.00625
       0.06000   0.06000   0.00375   0.06000  -0.00375   0.00000   0.00750
       0.08000   0.08000   0.00500   0.08000  -0.00500   0.00000   0.01000
       0.10000   0.10000   0.00625   0.10000  -0.00625   0.00000   0.01250
       0.12000   0.12000   0.00750   0.12000  -0.00750   0.00000   0.01500
       0.14000   0.14000   0.00875   0.14000  -0.00875   0.00000   0.01750
       0.16000   0.16000   0.01000   0.16000  -0.01000   0.00000   0.02000
       0.18000   0.18000   0.01125   0.18000  -0.01125   0.00000   0.02250
       0.20000   0.20000   0.01250   0.20000  -0.01250   0.00000   0.02500
       0.22000   0.22000   0.01375   0.22000  -0.01375   0.00000   0.02750
       0.24000   0.24000   0.01500   0.24000  -0.01500   0.00000   0.03000
       0.26000   0.26000   0.01625   0.26000  -0.01625   0.00000   0.03250
       0.28000   0.28000   0.01750   0.28000  -0.01750   0.00000   0.03500
       0.30000   0.30000   0.01875   0.30000  -0.01875   0.00000   0.03750
       0.32000   0.32000   0.02000   0.32000  -0.02000   0.00000   0.04000
       0.34000   0.34000   0.02125   0.34000  -0.02125   0.00000   0.04250
       0.36000   0.36000   0.02250   0.36000  -0.02250   0.00000   0.04500
       0.38000   0.38000   0.02375   0.38000  -0.02375   0.00000   0.04750
       0.40000   0.40000   0.02500   0.40000  -0.02500   0.00000   0.05000
       0.42000   0.42000   0.02500   0.42000  -0.02500   0.00000   0.05000
       0.45000   0.45000   0.02500   0.45000  -0.02500   0.00000   0.05000
       0.50000   0.50000   0.02500   0.50000  -0.02500   0.00000   0.05000
       0.55000   0.55000   0.02500   0.55000  -0.02500   0.00000   0.05000
       0.60000   0.60000   0.02500   0.60000  -0.02500   0.00000   0.05000
       0.65000   0.65000   0.02187   0.65000  -0.02187   0.00000   0.04375
       0.70000   0.70000   0.01875   0.70000  -0.01875   0.00000   0.03750
       0.75000   0.75000   0.01562   0.75000  -0.01562   0.00000   0.03125
       0.80000   0.80000   0.01250   0.80000  -0.01250   0.00000   0.02500
       0.82000   0.82000   0.01125   0.82000  -0.01125   0.00000   0.02250
       0.84000   0.84000   0.01000   0.84000  -0.01000   0.00000   0.02000
       0.86000   0.86000   0.00875   0.86000  -0.00875   0.00000   0.01750
       0.88000   0.88000   0.00750   0.88000  -0.00750   0.00000   0.01500
       0.90000   0.90000   0.00625   0.90000  -0.00625   0.00000   0.01250
       0.92000   0.92000   0.00500   0.92000  -0.00500   0.00000   0.01000
       0.94000   0.94000   0.00375   0.94000  -0.00375   0.00000   0.00750
       0.96000   0.96000   0.00250   0.96000  -0.00250   0.00000   0.00500
       0.98000   0.98000   0.00125   0.98000  -0.00125   0.00000   0.00250
       1.00000   1.00000   0.00000   1.00000   0.00000   0.00000   0.00000
1         ***** THE USAF AUTOMATED MISSILE DATCOM * REV 3/99 *****     CASE   1
               AERODYNAMIC METHODS FOR MISSILE CONFIGURATIONS          PAGE   4
                      GEOMETRIC RESULTS FOR FIN SETS

                             FIN SET NUMBER  1
                          (DATA FOR ONE PANEL ONLY)

    SEGMENT   PLAN        ASPECT    TAPER     L.E.     T.E.    M.A.C.    T/C
    NUMBER    AREA        RATIO     RATIO    SWEEP    SWEEP    CHORD    RATIO

      1      0.0058        0.572    0.675   35.025    1.295    0.102    0.050
    TOTAL    0.0058        0.572    0.675   35.025    1.295    0.102    0.050
 
 
 
1         ***** THE USAF AUTOMATED MISSILE DATCOM * REV 3/99 *****     CASE   1
               AERODYNAMIC METHODS FOR MISSILE CONFIGURATIONS          PAGE   5
                           FIN SET 1 SECTION AERODYNAMICS

                        IDEAL ANGLE OF ATTACK =    0.0000 DEG.
                    ZERO LIFT ANGLE OF ATTACK =    0.0000 DEG.
                       IDEAL LIFT COEFFICIENT =    0.0000
        ZERO LIFT PITCHING MOMENT COEFFICIENT =    0.0000
                   MACH ZERO LIFT-CURVE-SLOPE =    0.0963 /DEG.
                          LEADING EDGE RADIUS =    0.0000 FRACTION CHORD
                    MAXIMUM AIRFOIL THICKNESS =    0.0500 FRACTION CHORD
                                      DELTA-Y =    0.3656 PERCENT CHORD


    MACH = 0.100   CL-ALPHA = 0.0968 /DEG.   XAC = 0.2715   CL MAX = 0.7368

    MACH = 0.200   CL-ALPHA = 0.0983 /DEG.   XAC = 0.2714   CL MAX = 0.7394

    MACH = 0.300   CL-ALPHA = 0.1010 /DEG.   XAC = 0.2713   CL MAX = 0.7420

    MACH = 0.400   CL-ALPHA = 0.1051 /DEG.   XAC = 0.2712   CL MAX = 0.7445

    MACH = 0.800   CL-ALPHA = 0.1674 /DEG.   XAC = 0.2713   CL MAX = 0.7549

                   *** CREST CRITICAL MACH NUMBER EXCEEDED ***

                           CREST CRITICAL MACH =    0.8070
                                      LOCATION =    0.4145 FRACTION CHORD
                              LIFT-CURVE-SLOPE =    0.1410 /DEG.
1         ***** THE USAF AUTOMATED MISSILE DATCOM * REV 3/99 *****     CASE   1
               AERODYNAMIC METHODS FOR MISSILE CONFIGURATIONS          PAGE   6
                             BODY ALONE PARTIAL OUTPUT

       ******* FLIGHT CONDITIONS AND REFERENCE QUANTITIES *******
     MACH NO  =       0.10                REYNOLDS NO = 2.318E+06 /M
     ALTITUDE =        0.0 M         DYNAMIC PRESSURE =    709.28 N/M**2
     SIDESLIP =       0.00 DEG                   ROLL =      0.00 DEG     
     REF AREA =      0.004 M**2         MOMENT CENTER =     0.710 M
     REF LENGTH =     1.28 M           LAT REF LENGTH =      1.28 M

      ALPHA    CA-FRIC  CA-PRES/WAVE CA-BASE    CA-PROT     CA-SEP     CA-ALP
     -10.00     0.2462     0.0591     0.0561                           0.0029
      -8.00     0.2490     0.0598     0.0563                           0.0024
      -6.00     0.2511     0.0603     0.0563                           0.0015
      -4.00     0.2527     0.0606     0.0564                           0.0007
      -2.00     0.2536     0.0609     0.0563                           0.0002
       0.00     0.2539     0.0609     0.0562                           0.0000
       2.00     0.2536     0.0609     0.0563                           0.0002
       4.00     0.2527     0.0606     0.0564                           0.0007
       6.00     0.2511     0.0603     0.0563                           0.0015
       8.00     0.2490     0.0598     0.0563                           0.0024
      10.00     0.2462     0.0591     0.0561                           0.0029

                     CROSS FLOW DRAG PROPORTIONALITY FACTOR = 0.76155

      ALPHA    CN-POTEN  CN-VISC   CN-SEP    CM-POTEN  CM-VISC   CM-SEP    CDC
     -10.00    -0.362    -0.378              -0.173    -0.010             0.751
      -8.00    -0.292    -0.242              -0.139    -0.006             0.749
      -6.00    -0.220    -0.136              -0.105    -0.004             0.746
      -4.00    -0.148    -0.060              -0.070    -0.002             0.744
      -2.00    -0.074    -0.015              -0.035     0.000             0.742
       0.00     0.000     0.000               0.000     0.000             0.740
       2.00     0.074     0.015               0.035     0.000             0.742
       4.00     0.148     0.060               0.070     0.002             0.744
       6.00     0.220     0.136               0.105     0.004             0.746
       8.00     0.292     0.242               0.139     0.006             0.749
      10.00     0.362     0.378               0.173     0.010             0.751
1         ***** THE USAF AUTOMATED MISSILE DATCOM * REV 3/99 *****     CASE   1
               AERODYNAMIC METHODS FOR MISSILE CONFIGURATIONS          PAGE   7
                        FIN SET 1 CA PARTIAL OUTPUT

       ******* FLIGHT CONDITIONS AND REFERENCE QUANTITIES *******
     MACH NO  =       0.10                REYNOLDS NO = 2.318E+06 /M
     ALTITUDE =        0.0 M         DYNAMIC PRESSURE =    709.28 N/M**2
     SIDESLIP =       0.00 DEG                   ROLL =      0.00 DEG     
     REF AREA =      0.004 M**2         MOMENT CENTER =     0.710 M
     REF LENGTH =     1.28 M           LAT REF LENGTH =      1.28 M

    SINGLE FIN PANEL ZERO-LIFT AXIAL FORCE COMPONENTS

    SKIN FRICTION        0.0178
    SUBSONIC PRESSURE    0.0014
    TRANSONIC WAVE       0.0000
    SUPERSONIC WAVE      0.0000
    LEADING EDGE         0.0000
    TRAILING EDGE        0.0000
    TOTAL CAO            0.0192

    FIN AXIAL FORCE DUE TO ANGLE OF ATTACK

    ALPHA      CA DUE TO LIFT (SINGLE PANEL)   CA-TOTAL (4 FINS)

     -10.00              0.0000                      0.0756
      -8.00              0.0000                      0.0760
      -6.00              0.0000                      0.0764
      -4.00              0.0000                      0.0766
      -2.00              0.0000                      0.0767
       0.00              0.0000                      0.0768
       2.00              0.0000                      0.0767
       4.00              0.0000                      0.0766
       6.00              0.0000                      0.0764
       8.00              0.0000                      0.0760
      10.00              0.0000                      0.0756
1         ***** THE USAF AUTOMATED MISSILE DATCOM * REV 3/99 *****     CASE   1
               AERODYNAMIC METHODS FOR MISSILE CONFIGURATIONS          PAGE   8
                       FIN SET 1 CN, CM PARTIAL OUTPUT

       ******* FLIGHT CONDITIONS AND REFERENCE QUANTITIES *******
     MACH NO  =       0.10                REYNOLDS NO = 2.318E+06 /M
     ALTITUDE =        0.0 M         DYNAMIC PRESSURE =    709.28 N/M**2
     SIDESLIP =       0.00 DEG                   ROLL =      0.00 DEG     
     REF AREA =      0.004 M**2         MOMENT CENTER =     0.710 M
     REF LENGTH =     1.28 M           LAT REF LENGTH =      1.28 M

    NORMAL FORCE SLOPE AT ALPHA ZERO, CNA =    0.04254/DEG (1 PANEL)
         CENTER OF PRESSURE FOR LINEAR CN =   -0.38162 (CALIBERS FROM C.G.)
     CENTER OF PRESSURE FOR NON-LINEAR CN =   -0.40446 (CALIBERS FROM C.G.)

      ALPHA      CN        CN        CN        CM        CM        CM
               LINEAR  NON-LINEAR  TOTAL     LINEAR  NON-LINEAR  TOTAL

     -10.00   -0.8336   -0.2904   -1.1240    0.3181    0.1174    0.4356
      -8.00   -0.6718   -0.1865   -0.8583    0.2564    0.0754    0.3318
      -6.00   -0.5067   -0.1052   -0.6119    0.1934    0.0426    0.2359
      -4.00   -0.3392   -0.0469   -0.3861    0.1294    0.0190    0.1484
      -2.00   -0.1700   -0.0117   -0.1817    0.0649    0.0047    0.0696
       0.00    0.0000    0.0000    0.0000    0.0000    0.0000    0.0000
       2.00    0.1700    0.0117    0.1817   -0.0649   -0.0047   -0.0696
       4.00    0.3392    0.0469    0.3861   -0.1294   -0.0190   -0.1484
       6.00    0.5067    0.1052    0.6119   -0.1934   -0.0426   -0.2359
       8.00    0.6718    0.1865    0.8583   -0.2564   -0.0754   -0.3318
      10.00    0.8336    0.2904    1.1240   -0.3181   -0.1174   -0.4356
1         ***** THE USAF AUTOMATED MISSILE DATCOM * REV 3/99 *****     CASE   1
               AERODYNAMIC METHODS FOR MISSILE CONFIGURATIONS          PAGE   9
                 AERODYNAMIC FORCE AND MOMENT SYNTHESIS

       ******* FLIGHT CONDITIONS AND REFERENCE QUANTITIES *******
     MACH NO  =       0.10                REYNOLDS NO = 2.318E+06 /M
     ALTITUDE =        0.0 M         DYNAMIC PRESSURE =    709.28 N/M**2
     SIDESLIP =       0.00 DEG                   ROLL =      0.00 DEG     
     REF AREA =      0.004 M**2         MOMENT CENTER =     0.710 M
     REF LENGTH =     1.28 M           LAT REF LENGTH =      1.28 M

          ---------------FIN SET 1 IN PRESENCE OF THE BODY----------------

      ALPHA       CN         CM         CA         CY         CLN        CLL

     -10.00    -1.5358     0.5861     0.0829    -0.0161     0.0061    -0.0100
      -8.00    -1.1886     0.4536     0.0826    -0.0112     0.0043    -0.0098
      -6.00    -0.8683     0.3314     0.0824    -0.0058     0.0022    -0.0094
      -4.00    -0.5614     0.2143     0.0821    -0.0017     0.0006    -0.0089
      -2.00    -0.2642     0.1008     0.0817    -0.0003     0.0001    -0.0082
       0.00     0.0000     0.0000     0.0814     0.0000     0.0000    -0.0076
       2.00     0.2642    -0.1008     0.0817     0.0003    -0.0001    -0.0082
       4.00     0.5614    -0.2143     0.0821     0.0017    -0.0006    -0.0089
       6.00     0.8683    -0.3314     0.0824     0.0058    -0.0022    -0.0094
       8.00     1.1886    -0.4536     0.0826     0.0112    -0.0043    -0.0098
      10.00     1.5358    -0.5861     0.0829     0.0161    -0.0061    -0.0100
1         ***** THE USAF AUTOMATED MISSILE DATCOM * REV 3/99 *****     CASE   1
               AERODYNAMIC METHODS FOR MISSILE CONFIGURATIONS          PAGE  10
                 AERODYNAMIC FORCE AND MOMENT SYNTHESIS

       ******* FLIGHT CONDITIONS AND REFERENCE QUANTITIES *******
     MACH NO  =       0.10                REYNOLDS NO = 2.318E+06 /M
     ALTITUDE =        0.0 M         DYNAMIC PRESSURE =    709.28 N/M**2
     SIDESLIP =       0.00 DEG                   ROLL =      0.00 DEG     
     REF AREA =      0.004 M**2         MOMENT CENTER =     0.710 M
     REF LENGTH =     1.28 M           LAT REF LENGTH =      1.28 M

          ---------------FIN SET 1 PANEL CHARACTERISTICS------------------

      ALPHA      PANEL    AEQ (PANEL AXIS SYS.)    PANEL CN

     -10.00        1              0.5635           0.0250
     -10.00        2            -11.9065          -0.6970
     -10.00        3              1.1610           0.0518
     -10.00        4             13.8114           0.8393
 
      -8.00        1              0.6352           0.0282
      -8.00        2             -9.5036          -0.5281
      -8.00        3              1.1241           0.0501
      -8.00        4             11.4048           0.6608
 
      -6.00        1              0.7075           0.0314
      -6.00        2             -7.1188          -0.3737
      -6.00        3              1.1185           0.0499
      -6.00        4              9.0071           0.4949
 
      -4.00        1              0.7818           0.0347
      -4.00        2             -4.6106          -0.2264
      -4.00        3              1.0928           0.0487
      -4.00        4              6.4874           0.3351
 
      -2.00        1              0.8592           0.0382
      -2.00        2             -1.8708          -0.0847
      -2.00        3              1.0162           0.0453
      -2.00        4              3.7468           0.1794
 
       0.00        1              0.9379           0.0417
       0.00        2              0.9379           0.0417
       0.00        3              0.9379           0.0417
       0.00        4              0.9379           0.0417
 
       2.00        1              1.0162           0.0453
       2.00        2              3.7468           0.1794
       2.00        3              0.8592           0.0382
       2.00        4             -1.8708          -0.0847
 
       4.00        1              1.0928           0.0487
       4.00        2              6.4874           0.3351
       4.00        3              0.7818           0.0347
       4.00        4             -4.6106          -0.2264
 
       6.00        1              1.1185           0.0499
       6.00        2              9.0071           0.4949
       6.00        3              0.7075           0.0314
       6.00        4             -7.1188          -0.3737
 
       8.00        1              1.1241           0.0501
       8.00        2             11.4048           0.6608
       8.00        3              0.6352           0.0282
       8.00        4             -9.5036          -0.5281
 
      10.00        1              1.1610           0.0518
      10.00        2             13.8114           0.8393
      10.00        3              0.5635           0.0250
      10.00        4            -11.9065          -0.6970
 
1         ***** THE USAF AUTOMATED MISSILE DATCOM * REV 3/99 *****     CASE   1
               AERODYNAMIC METHODS FOR MISSILE CONFIGURATIONS          PAGE  11
                 AERODYNAMIC FORCE AND MOMENT SYNTHESIS

       ******* FLIGHT CONDITIONS AND REFERENCE QUANTITIES *******
     MACH NO  =       0.10                REYNOLDS NO = 2.318E+06 /M
     ALTITUDE =        0.0 M         DYNAMIC PRESSURE =    709.28 N/M**2
     SIDESLIP =       0.00 DEG                   ROLL =      0.00 DEG     
     REF AREA =      0.004 M**2         MOMENT CENTER =     0.710 M
     REF LENGTH =     1.28 M           LAT REF LENGTH =      1.28 M

             CARRYOVER INTERFERENCE FACTORS - FIN SET 1

      ALPHA   K-W(B)   K-B(W)  KK-W(B)  KK-B(W)  XCP-W(B) XCP-B(W) Y-CP/(B/2)

     -10.00   1.3261   0.5437   0.9354   0.3728   0.3816   0.3804   0.4589
      -8.00   1.3491   0.5437   0.9354   0.3728   0.3816   0.3804   0.4638
      -6.00   1.3708   0.5437   0.9354   0.3728   0.3816   0.3804   0.4622
      -4.00   1.3901   0.5437   0.9354   0.3728   0.3816   0.3804   0.4590
      -2.00   1.4057   0.5437   0.9354   0.3728   0.3816   0.3804   0.4552
       0.00   1.4145   0.5437   0.9354   0.3728   0.3816   0.3804   0.4463
       2.00   1.4057   0.5437   0.9354   0.3728   0.3816   0.3804   0.4491
       4.00   1.3901   0.5437   0.9354   0.3728   0.3816   0.3804   0.4570
       6.00   1.3708   0.5437   0.9354   0.3728   0.3816   0.3804   0.4597
       8.00   1.3491   0.5437   0.9354   0.3728   0.3816   0.3804   0.4629
      10.00   1.3261   0.5437   0.9354   0.3728   0.3816   0.3804   0.4634

    NOTE - XCP-W(B) USED FOR STABILITY ONLY DIFFERENT VALUES USED FOR HINGE MOMENTS
1         ***** THE USAF AUTOMATED MISSILE DATCOM * REV 3/99 *****     CASE   1
               AERODYNAMIC METHODS FOR MISSILE CONFIGURATIONS          PAGE  12
        FIN SET 1 PANEL BENDING MOMENTS (ABOUT EXPOSED ROOT CHORD)

       ******* FLIGHT CONDITIONS AND REFERENCE QUANTITIES *******
     MACH NO  =       0.10                REYNOLDS NO = 2.318E+06 /M
     ALTITUDE =        0.0 M         DYNAMIC PRESSURE =    709.28 N/M**2
     SIDESLIP =       0.00 DEG                   ROLL =      0.00 DEG     
     REF AREA =      0.004 M**2         MOMENT CENTER =     0.710 M
     REF LENGTH =     1.28 M           LAT REF LENGTH =      1.28 M

   ALPHA   PANL 1   PANL 2   PANL 3   PANL 4   PANL 5   PANL 6   PANL 7   PANL 8
 
   -10.0  5.13E-04 -1.43E-02  1.06E-03  1.72E-02
    -8.0  5.85E-04 -1.10E-02  1.04E-03  1.37E-02
    -6.0  6.49E-04 -7.73E-03  1.03E-03  1.02E-02
    -4.0  7.13E-04 -4.65E-03  1.00E-03  6.88E-03
    -2.0  7.78E-04 -1.73E-03  9.22E-04  3.66E-03
     0.0  8.33E-04  8.33E-04  8.33E-04  8.33E-04
     2.0  9.10E-04  3.61E-03  7.68E-04 -1.70E-03
     4.0  9.96E-04  6.85E-03  7.10E-04 -4.63E-03
     6.0  1.03E-03  1.02E-02  6.46E-04 -7.69E-03
     8.0  1.04E-03  1.37E-02  5.84E-04 -1.09E-02
    10.0  1.07E-03  1.74E-02  5.18E-04 -1.45E-02
1         ***** THE USAF AUTOMATED MISSILE DATCOM * REV 3/99 *****     CASE   1
               AERODYNAMIC METHODS FOR MISSILE CONFIGURATIONS          PAGE  13
            FIN SET 1 PANEL HINGE MOMENTS (ABOUT HINGE LINE)

       ******* FLIGHT CONDITIONS AND REFERENCE QUANTITIES *******
     MACH NO  =       0.10                REYNOLDS NO = 2.318E+06 /M
     ALTITUDE =        0.0 M         DYNAMIC PRESSURE =    709.28 N/M**2
     SIDESLIP =       0.00 DEG                   ROLL =      0.00 DEG     
     REF AREA =      0.004 M**2         MOMENT CENTER =     0.710 M
     REF LENGTH =     1.28 M           LAT REF LENGTH =      1.28 M

   ALPHA   PANL 1   PANL 2   PANL 3   PANL 4   PANL 5   PANL 6   PANL 7   PANL 8
 
   -10.0  9.64E-04 -2.69E-02  2.00E-03  3.24E-02
    -8.0  1.09E-03 -2.04E-02  1.94E-03  2.55E-02
    -6.0  1.21E-03 -1.44E-02  1.93E-03  1.91E-02
    -4.0  1.34E-03 -8.74E-03  1.88E-03  1.29E-02
    -2.0  1.47E-03 -3.27E-03  1.75E-03  6.93E-03
     0.0  1.61E-03  1.61E-03  1.61E-03  1.61E-03
     2.0  1.75E-03  6.93E-03  1.47E-03 -3.27E-03
     4.0  1.88E-03  1.29E-02  1.34E-03 -8.74E-03
     6.0  1.93E-03  1.91E-02  1.21E-03 -1.44E-02
     8.0  1.94E-03  2.55E-02  1.09E-03 -2.04E-02
    10.0  2.00E-03  3.24E-02  9.64E-04 -2.69E-02
1         ***** THE USAF AUTOMATED MISSILE DATCOM * REV 3/99 *****     CASE   1
               AERODYNAMIC METHODS FOR MISSILE CONFIGURATIONS          PAGE  14
                   STATIC AERODYNAMICS FOR BODY-FIN SET 1

       ******* FLIGHT CONDITIONS AND REFERENCE QUANTITIES *******
     MACH NO  =       0.10                REYNOLDS NO = 2.318E+06 /M
     ALTITUDE =        0.0 M         DYNAMIC PRESSURE =    709.28 N/M**2
     SIDESLIP =       0.00 DEG                   ROLL =      0.00 DEG     
     REF AREA =      0.004 M**2         MOMENT CENTER =     0.710 M
     REF LENGTH =     1.28 M           LAT REF LENGTH =      1.28 M

                   ----- LONGITUDINAL -----     -- LATERAL DIRECTIONAL --
         ALPHA       CN        CM        CA        CY       CLN       CLL

        -10.00    -2.905     0.643     0.447    -0.023     0.009    -0.010
         -8.00    -2.201     0.490     0.450    -0.016     0.006    -0.010
         -6.00    -1.569     0.354     0.452    -0.008     0.003    -0.009
         -4.00    -0.989     0.226     0.453    -0.002     0.001    -0.009
         -2.00    -0.455     0.104     0.453     0.000     0.000    -0.008
          0.00     0.000     0.000     0.452     0.000     0.000    -0.008
          2.00     0.455    -0.104     0.453     0.000     0.000    -0.008
          4.00     0.989    -0.226     0.453     0.002    -0.001    -0.009
          6.00     1.569    -0.354     0.452     0.008    -0.003    -0.009
          8.00     2.201    -0.490     0.450     0.016    -0.006    -0.010
         10.00     2.905    -0.643     0.447     0.023    -0.009    -0.010

         ALPHA       CL        CD      CL/CD     X-C.P.

        -10.00    -2.783     0.945    -2.945    -0.221
         -8.00    -2.117     0.752    -2.816    -0.223
         -6.00    -1.513     0.613    -2.468    -0.225
         -4.00    -0.955     0.520    -1.835    -0.228
         -2.00    -0.439     0.468    -0.938    -0.228
          0.00     0.000     0.452     0.000    -0.381
          2.00     0.439     0.468     0.938    -0.228
          4.00     0.955     0.520     1.835    -0.228
          6.00     1.513     0.613     2.468    -0.225
          8.00     2.117     0.752     2.816    -0.223
         10.00     2.783     0.945     2.945    -0.221

    X-C.P. MEAS. FROM MOMENT CENTER IN REF. LENGTHS, NEG. AFT OF MOMENT CENTER
1         ***** THE USAF AUTOMATED MISSILE DATCOM * REV 3/99 *****     CASE   1
               AERODYNAMIC METHODS FOR MISSILE CONFIGURATIONS          PAGE  15
                   STATIC AERODYNAMICS FOR BODY-FIN SET 1

       ******* FLIGHT CONDITIONS AND REFERENCE QUANTITIES *******
     MACH NO  =       0.10                REYNOLDS NO = 2.318E+06 /M
     ALTITUDE =        0.0 M         DYNAMIC PRESSURE =    709.28 N/M**2
     SIDESLIP =       0.00 DEG                   ROLL =      0.00 DEG     
     REF AREA =      0.004 M**2         MOMENT CENTER =     0.710 M
     REF LENGTH =     1.28 M           LAT REF LENGTH =      1.28 M

                   ---------- DERIVATIVES (PER DEGREE) ----------
         ALPHA       CNA         CMA         CYB         CLNB        CLLB
        -10.00      0.3697     -0.0806     -0.2086      0.0335     -0.0008
         -8.00      0.3338     -0.0723     -0.2049      0.0346     -0.0008
         -6.00      0.3030     -0.0661     -0.2141      0.0409     -0.0005
         -4.00      0.2784     -0.0624     -0.2229      0.0470     -0.0002
         -2.00      0.2472     -0.0564     -0.2227      0.0497     -0.0002
          0.00      0.2277     -0.0520     -0.2210      0.0501     -0.0002
          2.00      0.2472     -0.0564     -0.2234      0.0500     -0.0002
          4.00      0.2784     -0.0624     -0.2225      0.0469      0.0000
          6.00      0.3030     -0.0661     -0.2139      0.0408      0.0003
          8.00      0.3338     -0.0723     -0.2040      0.0343      0.0006
         10.00      0.3697     -0.0806     -0.2080      0.0333      0.0007

    PANEL DEFLECTION ANGLES (DEGREES)
    SET    FIN 1   FIN 2   FIN 3   FIN 4   FIN 5   FIN 6   FIN 7   FIN 8
      1    1.60    1.60    1.60    1.60
1         ***** THE USAF AUTOMATED MISSILE DATCOM * REV 3/99 *****     CASE   1
               AERODYNAMIC METHODS FOR MISSILE CONFIGURATIONS          PAGE  16
                             BODY ALONE PARTIAL OUTPUT

       ******* FLIGHT CONDITIONS AND REFERENCE QUANTITIES *******
     MACH NO  =       0.20                REYNOLDS NO = 4.637E+06 /M
     ALTITUDE =        0.0 M         DYNAMIC PRESSURE =   2837.10 N/M**2
     SIDESLIP =       0.00 DEG                   ROLL =      0.00 DEG     
     REF AREA =      0.004 M**2         MOMENT CENTER =     0.710 M
     REF LENGTH =     1.28 M           LAT REF LENGTH =      1.28 M

      ALPHA    CA-FRIC  CA-PRES/WAVE CA-BASE    CA-PROT     CA-SEP     CA-ALP
     -10.00     0.2180     0.0577     0.0561                           0.0024
      -8.00     0.2204     0.0583     0.0563                           0.0021
      -6.00     0.2223     0.0588     0.0563                           0.0014
      -4.00     0.2237     0.0592     0.0563                           0.0007
      -2.00     0.2245     0.0594     0.0563                           0.0002
       0.00     0.2248     0.0595     0.0562                           0.0000
       2.00     0.2245     0.0594     0.0563                           0.0002
       4.00     0.2237     0.0592     0.0563                           0.0007
       6.00     0.2223     0.0588     0.0563                           0.0014
       8.00     0.2204     0.0583     0.0563                           0.0021
      10.00     0.2180     0.0577     0.0561                           0.0024

                     CROSS FLOW DRAG PROPORTIONALITY FACTOR = 0.76155

      ALPHA    CN-POTEN  CN-VISC   CN-SEP    CM-POTEN  CM-VISC   CM-SEP    CDC
     -10.00    -0.361    -0.383              -0.173    -0.010             0.761
      -8.00    -0.291    -0.245              -0.140    -0.007             0.757
      -6.00    -0.220    -0.137              -0.105    -0.004             0.753
      -4.00    -0.147    -0.061              -0.071    -0.002             0.749
      -2.00    -0.074    -0.015              -0.035     0.000             0.744
       0.00     0.000     0.000               0.000     0.000             0.740
       2.00     0.074     0.015               0.035     0.000             0.744
       4.00     0.147     0.061               0.071     0.002             0.749
       6.00     0.220     0.137               0.105     0.004             0.753
       8.00     0.291     0.245               0.140     0.007             0.757
      10.00     0.361     0.383               0.173     0.010             0.761
1         ***** THE USAF AUTOMATED MISSILE DATCOM * REV 3/99 *****     CASE   1
               AERODYNAMIC METHODS FOR MISSILE CONFIGURATIONS          PAGE  17
                        FIN SET 1 CA PARTIAL OUTPUT

       ******* FLIGHT CONDITIONS AND REFERENCE QUANTITIES *******
     MACH NO  =       0.20                REYNOLDS NO = 4.637E+06 /M
     ALTITUDE =        0.0 M         DYNAMIC PRESSURE =   2837.10 N/M**2
     SIDESLIP =       0.00 DEG                   ROLL =      0.00 DEG     
     REF AREA =      0.004 M**2         MOMENT CENTER =     0.710 M
     REF LENGTH =     1.28 M           LAT REF LENGTH =      1.28 M

    SINGLE FIN PANEL ZERO-LIFT AXIAL FORCE COMPONENTS

    SKIN FRICTION        0.0153
    SUBSONIC PRESSURE    0.0012
    TRANSONIC WAVE       0.0000
    SUPERSONIC WAVE      0.0000
    LEADING EDGE         0.0000
    TRAILING EDGE        0.0000
    TOTAL CAO            0.0166

    FIN AXIAL FORCE DUE TO ANGLE OF ATTACK

    ALPHA      CA DUE TO LIFT (SINGLE PANEL)   CA-TOTAL (4 FINS)

     -10.00              0.0000                      0.0652
      -8.00              0.0000                      0.0656
      -6.00              0.0000                      0.0659
      -4.00              0.0000                      0.0661
      -2.00              0.0000                      0.0662
       0.00              0.0000                      0.0663
       2.00              0.0000                      0.0662
       4.00              0.0000                      0.0661
       6.00              0.0000                      0.0659
       8.00              0.0000                      0.0656
      10.00              0.0000                      0.0652
1         ***** THE USAF AUTOMATED MISSILE DATCOM * REV 3/99 *****     CASE   1
               AERODYNAMIC METHODS FOR MISSILE CONFIGURATIONS          PAGE  18
                       FIN SET 1 CN, CM PARTIAL OUTPUT

       ******* FLIGHT CONDITIONS AND REFERENCE QUANTITIES *******
     MACH NO  =       0.20                REYNOLDS NO = 4.637E+06 /M
     ALTITUDE =        0.0 M         DYNAMIC PRESSURE =   2837.10 N/M**2
     SIDESLIP =       0.00 DEG                   ROLL =      0.00 DEG     
     REF AREA =      0.004 M**2         MOMENT CENTER =     0.710 M
     REF LENGTH =     1.28 M           LAT REF LENGTH =      1.28 M

    NORMAL FORCE SLOPE AT ALPHA ZERO, CNA =    0.04264/DEG (1 PANEL)
         CENTER OF PRESSURE FOR LINEAR CN =   -0.38157 (CALIBERS FROM C.G.)
     CENTER OF PRESSURE FOR NON-LINEAR CN =   -0.40446 (CALIBERS FROM C.G.)

      ALPHA      CN        CN        CN        CM        CM        CM
               LINEAR  NON-LINEAR  TOTAL     LINEAR  NON-LINEAR  TOTAL

     -10.00   -0.8356   -0.2889   -1.1245    0.3188    0.1168    0.4357
      -8.00   -0.6734   -0.1856   -0.8590    0.2569    0.0751    0.3320
      -6.00   -0.5079   -0.1047   -0.6126    0.1938    0.0423    0.2361
      -4.00   -0.3400   -0.0466   -0.3866    0.1297    0.0189    0.1486
      -2.00   -0.1704   -0.0117   -0.1821    0.0650    0.0047    0.0697
       0.00    0.0000    0.0000    0.0000    0.0000    0.0000    0.0000
       2.00    0.1704    0.0117    0.1821   -0.0650   -0.0047   -0.0697
       4.00    0.3400    0.0466    0.3866   -0.1297   -0.0189   -0.1486
       6.00    0.5079    0.1047    0.6126   -0.1938   -0.0423   -0.2361
       8.00    0.6734    0.1856    0.8590   -0.2569   -0.0751   -0.3320
      10.00    0.8356    0.2889    1.1245   -0.3188   -0.1168   -0.4357
1         ***** THE USAF AUTOMATED MISSILE DATCOM * REV 3/99 *****     CASE   1
               AERODYNAMIC METHODS FOR MISSILE CONFIGURATIONS          PAGE  19
                 AERODYNAMIC FORCE AND MOMENT SYNTHESIS

       ******* FLIGHT CONDITIONS AND REFERENCE QUANTITIES *******
     MACH NO  =       0.20                REYNOLDS NO = 4.637E+06 /M
     ALTITUDE =        0.0 M         DYNAMIC PRESSURE =   2837.10 N/M**2
     SIDESLIP =       0.00 DEG                   ROLL =      0.00 DEG     
     REF AREA =      0.004 M**2         MOMENT CENTER =     0.710 M
     REF LENGTH =     1.28 M           LAT REF LENGTH =      1.28 M

          ---------------FIN SET 1 IN PRESENCE OF THE BODY----------------

      ALPHA       CN         CM         CA         CY         CLN        CLL

     -10.00    -1.5359     0.5860     0.0723    -0.0160     0.0061    -0.0099
      -8.00    -1.1886     0.4535     0.0721    -0.0112     0.0043    -0.0097
      -6.00    -0.8688     0.3315     0.0719    -0.0058     0.0022    -0.0094
      -4.00    -0.5621     0.2145     0.0716    -0.0017     0.0006    -0.0089
      -2.00    -0.2646     0.1010     0.0712    -0.0003     0.0001    -0.0082
       0.00     0.0000     0.0000     0.0709     0.0000     0.0000    -0.0077
       2.00     0.2646    -0.1010     0.0712     0.0003    -0.0001    -0.0082
       4.00     0.5621    -0.2145     0.0716     0.0017    -0.0006    -0.0089
       6.00     0.8688    -0.3315     0.0719     0.0058    -0.0022    -0.0094
       8.00     1.1886    -0.4535     0.0721     0.0112    -0.0043    -0.0097
      10.00     1.5359    -0.5860     0.0723     0.0160    -0.0061    -0.0099
1         ***** THE USAF AUTOMATED MISSILE DATCOM * REV 3/99 *****     CASE   1
               AERODYNAMIC METHODS FOR MISSILE CONFIGURATIONS          PAGE  20
                 AERODYNAMIC FORCE AND MOMENT SYNTHESIS

       ******* FLIGHT CONDITIONS AND REFERENCE QUANTITIES *******
     MACH NO  =       0.20                REYNOLDS NO = 4.637E+06 /M
     ALTITUDE =        0.0 M         DYNAMIC PRESSURE =   2837.10 N/M**2
     SIDESLIP =       0.00 DEG                   ROLL =      0.00 DEG     
     REF AREA =      0.004 M**2         MOMENT CENTER =     0.710 M
     REF LENGTH =     1.28 M           LAT REF LENGTH =      1.28 M

          ---------------FIN SET 1 PANEL CHARACTERISTICS------------------

      ALPHA      PANEL    AEQ (PANEL AXIS SYS.)    PANEL CN

     -10.00        1              0.5635           0.0250
     -10.00        2            -11.9065          -0.6971
     -10.00        3              1.1610           0.0519
     -10.00        4             13.8114           0.8392
 
      -8.00        1              0.6352           0.0282
      -8.00        2             -9.5003          -0.5282
      -8.00        3              1.1228           0.0502
      -8.00        4             11.4018           0.6607
 
      -6.00        1              0.7075           0.0315
      -6.00        2             -7.1176          -0.3739
      -6.00        3              1.1181           0.0500
      -6.00        4              9.0060           0.4951
 
      -4.00        1              0.7818           0.0348
      -4.00        2             -4.6106          -0.2267
      -4.00        3              1.0928           0.0488
      -4.00        4              6.4874           0.3354
 
      -2.00        1              0.8592           0.0383
      -2.00        2             -1.8708          -0.0849
      -2.00        3              1.0162           0.0454
      -2.00        4              3.7468           0.1797
 
       0.00        1              0.9379           0.0418
       0.00        2              0.9379           0.0418
       0.00        3              0.9379           0.0418
       0.00        4              0.9379           0.0418
 
       2.00        1              1.0162           0.0454
       2.00        2              3.7468           0.1797
       2.00        3              0.8592           0.0383
       2.00        4             -1.8708          -0.0849
 
       4.00        1              1.0928           0.0488
       4.00        2              6.4874           0.3354
       4.00        3              0.7818           0.0348
       4.00        4             -4.6106          -0.2267
 
       6.00        1              1.1181           0.0500
       6.00        2              9.0060           0.4951
       6.00        3              0.7075           0.0315
       6.00        4             -7.1176          -0.3739
 
       8.00        1              1.1228           0.0502
       8.00        2             11.4018           0.6607
       8.00        3              0.6352           0.0282
       8.00        4             -9.5003          -0.5282
 
      10.00        1              1.1610           0.0519
      10.00        2             13.8114           0.8392
      10.00        3              0.5635           0.0250
      10.00        4            -11.9065          -0.6971
 
1         ***** THE USAF AUTOMATED MISSILE DATCOM * REV 3/99 *****     CASE   1
               AERODYNAMIC METHODS FOR MISSILE CONFIGURATIONS          PAGE  21
                 AERODYNAMIC FORCE AND MOMENT SYNTHESIS

       ******* FLIGHT CONDITIONS AND REFERENCE QUANTITIES *******
     MACH NO  =       0.20                REYNOLDS NO = 4.637E+06 /M
     ALTITUDE =        0.0 M         DYNAMIC PRESSURE =   2837.10 N/M**2
     SIDESLIP =       0.00 DEG                   ROLL =      0.00 DEG     
     REF AREA =      0.004 M**2         MOMENT CENTER =     0.710 M
     REF LENGTH =     1.28 M           LAT REF LENGTH =      1.28 M

             CARRYOVER INTERFERENCE FACTORS - FIN SET 1

      ALPHA   K-W(B)   K-B(W)  KK-W(B)  KK-B(W)  XCP-W(B) XCP-B(W) Y-CP/(B/2)

     -10.00   1.3261   0.5437   0.9354   0.3728   0.3816   0.3804   0.4570
      -8.00   1.3491   0.5437   0.9354   0.3728   0.3816   0.3804   0.4642
      -6.00   1.3708   0.5437   0.9354   0.3728   0.3816   0.3804   0.4649
      -4.00   1.3901   0.5437   0.9354   0.3728   0.3816   0.3804   0.4625
      -2.00   1.4057   0.5437   0.9354   0.3728   0.3816   0.3804   0.4576
       0.00   1.4145   0.5437   0.9354   0.3728   0.3816   0.3804   0.4474
       2.00   1.4057   0.5437   0.9354   0.3728   0.3816   0.3804   0.4506
       4.00   1.3901   0.5437   0.9354   0.3728   0.3816   0.3804   0.4598
       6.00   1.3708   0.5437   0.9354   0.3728   0.3816   0.3804   0.4635
       8.00   1.3491   0.5437   0.9354   0.3728   0.3816   0.3804   0.4652
      10.00   1.3261   0.5437   0.9354   0.3728   0.3816   0.3804   0.4633

    NOTE - XCP-W(B) USED FOR STABILITY ONLY DIFFERENT VALUES USED FOR HINGE MOMENTS
1         ***** THE USAF AUTOMATED MISSILE DATCOM * REV 3/99 *****     CASE   1
               AERODYNAMIC METHODS FOR MISSILE CONFIGURATIONS          PAGE  22
        FIN SET 1 PANEL BENDING MOMENTS (ABOUT EXPOSED ROOT CHORD)

       ******* FLIGHT CONDITIONS AND REFERENCE QUANTITIES *******
     MACH NO  =       0.20                REYNOLDS NO = 4.637E+06 /M
     ALTITUDE =        0.0 M         DYNAMIC PRESSURE =   2837.10 N/M**2
     SIDESLIP =       0.00 DEG                   ROLL =      0.00 DEG     
     REF AREA =      0.004 M**2         MOMENT CENTER =     0.710 M
     REF LENGTH =     1.28 M           LAT REF LENGTH =      1.28 M

   ALPHA   PANL 1   PANL 2   PANL 3   PANL 4   PANL 5   PANL 6   PANL 7   PANL 8
 
   -10.0  5.12E-04 -1.43E-02  1.06E-03  1.72E-02
    -8.0  5.86E-04 -1.10E-02  1.04E-03  1.37E-02
    -6.0  6.55E-04 -7.78E-03  1.04E-03  1.03E-02
    -4.0  7.20E-04 -4.69E-03  1.01E-03  6.94E-03
    -2.0  7.84E-04 -1.74E-03  9.29E-04  3.68E-03
     0.0  8.37E-04  8.37E-04  8.37E-04  8.37E-04
     2.0  9.15E-04  3.62E-03  7.72E-04 -1.71E-03
     4.0  1.00E-03  6.90E-03  7.16E-04 -4.66E-03
     6.0  1.04E-03  1.03E-02  6.53E-04 -7.76E-03
     8.0  1.04E-03  1.38E-02  5.88E-04 -1.10E-02
    10.0  1.08E-03  1.74E-02  5.19E-04 -1.45E-02
1         ***** THE USAF AUTOMATED MISSILE DATCOM * REV 3/99 *****     CASE   1
               AERODYNAMIC METHODS FOR MISSILE CONFIGURATIONS          PAGE  23
            FIN SET 1 PANEL HINGE MOMENTS (ABOUT HINGE LINE)

       ******* FLIGHT CONDITIONS AND REFERENCE QUANTITIES *******
     MACH NO  =       0.20                REYNOLDS NO = 4.637E+06 /M
     ALTITUDE =        0.0 M         DYNAMIC PRESSURE =   2837.10 N/M**2
     SIDESLIP =       0.00 DEG                   ROLL =      0.00 DEG     
     REF AREA =      0.004 M**2         MOMENT CENTER =     0.710 M
     REF LENGTH =     1.28 M           LAT REF LENGTH =      1.28 M

   ALPHA   PANL 1   PANL 2   PANL 3   PANL 4   PANL 5   PANL 6   PANL 7   PANL 8
 
   -10.0  9.68E-04 -2.70E-02  2.01E-03  3.24E-02
    -8.0  1.09E-03 -2.04E-02  1.94E-03  2.55E-02
    -6.0  1.22E-03 -1.45E-02  1.93E-03  1.91E-02
    -4.0  1.35E-03 -8.77E-03  1.89E-03  1.30E-02
    -2.0  1.48E-03 -3.28E-03  1.75E-03  6.95E-03
     0.0  1.62E-03  1.62E-03  1.62E-03  1.62E-03
     2.0  1.75E-03  6.95E-03  1.48E-03 -3.28E-03
     4.0  1.89E-03  1.30E-02  1.35E-03 -8.77E-03
     6.0  1.93E-03  1.91E-02  1.22E-03 -1.45E-02
     8.0  1.94E-03  2.55E-02  1.09E-03 -2.04E-02
    10.0  2.01E-03  3.24E-02  9.68E-04 -2.70E-02
1         ***** THE USAF AUTOMATED MISSILE DATCOM * REV 3/99 *****     CASE   1
               AERODYNAMIC METHODS FOR MISSILE CONFIGURATIONS          PAGE  24
                   STATIC AERODYNAMICS FOR BODY-FIN SET 1

       ******* FLIGHT CONDITIONS AND REFERENCE QUANTITIES *******
     MACH NO  =       0.20                REYNOLDS NO = 4.637E+06 /M
     ALTITUDE =        0.0 M         DYNAMIC PRESSURE =   2837.10 N/M**2
     SIDESLIP =       0.00 DEG                   ROLL =      0.00 DEG     
     REF AREA =      0.004 M**2         MOMENT CENTER =     0.710 M
     REF LENGTH =     1.28 M           LAT REF LENGTH =      1.28 M

                   ----- LONGITUDINAL -----     -- LATERAL DIRECTIONAL --
         ALPHA       CN        CM        CA        CY       CLN       CLL

        -10.00    -2.909     0.642     0.407    -0.023     0.009    -0.010
         -8.00    -2.203     0.490     0.409    -0.016     0.006    -0.010
         -6.00    -1.570     0.353     0.411    -0.008     0.003    -0.009
         -4.00    -0.990     0.226     0.411    -0.002     0.001    -0.009
         -2.00    -0.456     0.104     0.412     0.000     0.000    -0.008
          0.00     0.000     0.000     0.411     0.000     0.000    -0.008
          2.00     0.456    -0.104     0.412     0.000     0.000    -0.008
          4.00     0.990    -0.226     0.411     0.002    -0.001    -0.009
          6.00     1.570    -0.353     0.411     0.008    -0.003    -0.009
          8.00     2.203    -0.490     0.409     0.016    -0.006    -0.010
         10.00     2.909    -0.642     0.407     0.023    -0.009    -0.010

         ALPHA       CL        CD      CL/CD     X-C.P.

        -10.00    -2.795     0.906    -3.086    -0.221
         -8.00    -2.125     0.712    -2.985    -0.222
         -6.00    -1.519     0.573    -2.652    -0.225
         -4.00    -0.959     0.480    -1.999    -0.228
         -2.00    -0.441     0.427    -1.033    -0.228
          0.00     0.000     0.411     0.000    -0.381
          2.00     0.441     0.427     1.033    -0.228
          4.00     0.959     0.480     1.999    -0.228
          6.00     1.519     0.573     2.652    -0.225
          8.00     2.125     0.712     2.985    -0.222
         10.00     2.795     0.906     3.086    -0.221

    X-C.P. MEAS. FROM MOMENT CENTER IN REF. LENGTHS, NEG. AFT OF MOMENT CENTER
1         ***** THE USAF AUTOMATED MISSILE DATCOM * REV 3/99 *****     CASE   1
               AERODYNAMIC METHODS FOR MISSILE CONFIGURATIONS          PAGE  25
                   STATIC AERODYNAMICS FOR BODY-FIN SET 1

       ******* FLIGHT CONDITIONS AND REFERENCE QUANTITIES *******
     MACH NO  =       0.20                REYNOLDS NO = 4.637E+06 /M
     ALTITUDE =        0.0 M         DYNAMIC PRESSURE =   2837.10 N/M**2
     SIDESLIP =       0.00 DEG                   ROLL =      0.00 DEG     
     REF AREA =      0.004 M**2         MOMENT CENTER =     0.710 M
     REF LENGTH =     1.28 M           LAT REF LENGTH =      1.28 M

                   ---------- DERIVATIVES (PER DEGREE) ----------
         ALPHA       CNA         CMA         CYB         CLNB        CLLB
        -10.00      0.3714     -0.0806     -0.2092      0.0335     -0.0008
         -8.00      0.3346     -0.0722     -0.2050      0.0345     -0.0008
         -6.00      0.3033     -0.0659     -0.2144      0.0409     -0.0005
         -4.00      0.2786     -0.0624     -0.2232      0.0471     -0.0002
         -2.00      0.2474     -0.0565     -0.2229      0.0498     -0.0002
          0.00      0.2279     -0.0520     -0.2212      0.0502     -0.0002
          2.00      0.2474     -0.0565     -0.2236      0.0500     -0.0002
          4.00      0.2786     -0.0624     -0.2228      0.0469      0.0000
          6.00      0.3033     -0.0659     -0.2141      0.0408      0.0003
          8.00      0.3346     -0.0722     -0.2041      0.0342      0.0006
         10.00      0.3714     -0.0806     -0.2087      0.0333      0.0007

    PANEL DEFLECTION ANGLES (DEGREES)
    SET    FIN 1   FIN 2   FIN 3   FIN 4   FIN 5   FIN 6   FIN 7   FIN 8
      1    1.60    1.60    1.60    1.60
1         ***** THE USAF AUTOMATED MISSILE DATCOM * REV 3/99 *****     CASE   1
               AERODYNAMIC METHODS FOR MISSILE CONFIGURATIONS          PAGE  26
                             BODY ALONE PARTIAL OUTPUT

       ******* FLIGHT CONDITIONS AND REFERENCE QUANTITIES *******
     MACH NO  =       0.30                REYNOLDS NO = 6.955E+06 /M
     ALTITUDE =        0.0 M         DYNAMIC PRESSURE =   6383.49 N/M**2
     SIDESLIP =       0.00 DEG                   ROLL =      0.00 DEG     
     REF AREA =      0.004 M**2         MOMENT CENTER =     0.710 M
     REF LENGTH =     1.28 M           LAT REF LENGTH =      1.28 M

      ALPHA    CA-FRIC  CA-PRES/WAVE CA-BASE    CA-PROT     CA-SEP     CA-ALP
     -10.00     0.2031     0.0572     0.0561                           0.0022
      -8.00     0.2054     0.0578     0.0562                           0.0019
      -6.00     0.2071     0.0583     0.0563                           0.0013
      -4.00     0.2084     0.0587     0.0563                           0.0006
      -2.00     0.2092     0.0589     0.0563                           0.0002
       0.00     0.2094     0.0589     0.0562                           0.0000
       2.00     0.2092     0.0589     0.0563                           0.0002
       4.00     0.2084     0.0587     0.0563                           0.0006
       6.00     0.2071     0.0583     0.0563                           0.0013
       8.00     0.2054     0.0578     0.0562                           0.0019
      10.00     0.2031     0.0572     0.0561                           0.0022

                     CROSS FLOW DRAG PROPORTIONALITY FACTOR = 0.76155

      ALPHA    CN-POTEN  CN-VISC   CN-SEP    CM-POTEN  CM-VISC   CM-SEP    CDC
     -10.00    -0.359    -0.389              -0.174    -0.010             0.772
      -8.00    -0.289    -0.248              -0.140    -0.007             0.766
      -6.00    -0.219    -0.138              -0.106    -0.004             0.759
      -4.00    -0.146    -0.061              -0.071    -0.002             0.753
      -2.00    -0.073    -0.015              -0.036     0.000             0.746
       0.00     0.000     0.000               0.000     0.000             0.740
       2.00     0.073     0.015               0.036     0.000             0.746
       4.00     0.146     0.061               0.071     0.002             0.753
       6.00     0.219     0.138               0.106     0.004             0.759
       8.00     0.289     0.248               0.140     0.007             0.766
      10.00     0.359     0.389               0.174     0.010             0.772
1         ***** THE USAF AUTOMATED MISSILE DATCOM * REV 3/99 *****     CASE   1
               AERODYNAMIC METHODS FOR MISSILE CONFIGURATIONS          PAGE  27
                        FIN SET 1 CA PARTIAL OUTPUT

       ******* FLIGHT CONDITIONS AND REFERENCE QUANTITIES *******
     MACH NO  =       0.30                REYNOLDS NO = 6.955E+06 /M
     ALTITUDE =        0.0 M         DYNAMIC PRESSURE =   6383.49 N/M**2
     SIDESLIP =       0.00 DEG                   ROLL =      0.00 DEG     
     REF AREA =      0.004 M**2         MOMENT CENTER =     0.710 M
     REF LENGTH =     1.28 M           LAT REF LENGTH =      1.28 M

    SINGLE FIN PANEL ZERO-LIFT AXIAL FORCE COMPONENTS

    SKIN FRICTION        0.0141
    SUBSONIC PRESSURE    0.0011
    TRANSONIC WAVE       0.0000
    SUPERSONIC WAVE      0.0000
    LEADING EDGE         0.0000
    TRAILING EDGE        0.0000
    TOTAL CAO            0.0152

    FIN AXIAL FORCE DUE TO ANGLE OF ATTACK

    ALPHA      CA DUE TO LIFT (SINGLE PANEL)   CA-TOTAL (4 FINS)

     -10.00              0.0000                      0.0600
      -8.00              0.0000                      0.0603
      -6.00              0.0000                      0.0606
      -4.00              0.0000                      0.0608
      -2.00              0.0000                      0.0609
       0.00              0.0000                      0.0609
       2.00              0.0000                      0.0609
       4.00              0.0000                      0.0608
       6.00              0.0000                      0.0606
       8.00              0.0000                      0.0603
      10.00              0.0000                      0.0600
1         ***** THE USAF AUTOMATED MISSILE DATCOM * REV 3/99 *****     CASE   1
               AERODYNAMIC METHODS FOR MISSILE CONFIGURATIONS          PAGE  28
                       FIN SET 1 CN, CM PARTIAL OUTPUT

       ******* FLIGHT CONDITIONS AND REFERENCE QUANTITIES *******
     MACH NO  =       0.30                REYNOLDS NO = 6.955E+06 /M
     ALTITUDE =        0.0 M         DYNAMIC PRESSURE =   6383.49 N/M**2
     SIDESLIP =       0.00 DEG                   ROLL =      0.00 DEG     
     REF AREA =      0.004 M**2         MOMENT CENTER =     0.710 M
     REF LENGTH =     1.28 M           LAT REF LENGTH =      1.28 M

    NORMAL FORCE SLOPE AT ALPHA ZERO, CNA =    0.04281/DEG (1 PANEL)
         CENTER OF PRESSURE FOR LINEAR CN =   -0.38147 (CALIBERS FROM C.G.)
     CENTER OF PRESSURE FOR NON-LINEAR CN =   -0.40446 (CALIBERS FROM C.G.)

      ALPHA      CN        CN        CN        CM        CM        CM
               LINEAR  NON-LINEAR  TOTAL     LINEAR  NON-LINEAR  TOTAL

     -10.00   -0.8389   -0.2862   -1.1252    0.3200    0.1158    0.4358
      -8.00   -0.6761   -0.1839   -0.8600    0.2579    0.0744    0.3323
      -6.00   -0.5100   -0.1037   -0.6137    0.1945    0.0420    0.2365
      -4.00   -0.3414   -0.0462   -0.3876    0.1302    0.0187    0.1489
      -2.00   -0.1711   -0.0116   -0.1827    0.0653    0.0047    0.0699
       0.00    0.0000    0.0000    0.0000    0.0000    0.0000    0.0000
       2.00    0.1711    0.0116    0.1827   -0.0653   -0.0047   -0.0699
       4.00    0.3414    0.0462    0.3876   -0.1302   -0.0187   -0.1489
       6.00    0.5100    0.1037    0.6137   -0.1945   -0.0420   -0.2365
       8.00    0.6761    0.1839    0.8600   -0.2579   -0.0744   -0.3323
      10.00    0.8389    0.2862    1.1252   -0.3200   -0.1158   -0.4358
1         ***** THE USAF AUTOMATED MISSILE DATCOM * REV 3/99 *****     CASE   1
               AERODYNAMIC METHODS FOR MISSILE CONFIGURATIONS          PAGE  29
                 AERODYNAMIC FORCE AND MOMENT SYNTHESIS

       ******* FLIGHT CONDITIONS AND REFERENCE QUANTITIES *******
     MACH NO  =       0.30                REYNOLDS NO = 6.955E+06 /M
     ALTITUDE =        0.0 M         DYNAMIC PRESSURE =   6383.49 N/M**2
     SIDESLIP =       0.00 DEG                   ROLL =      0.00 DEG     
     REF AREA =      0.004 M**2         MOMENT CENTER =     0.710 M
     REF LENGTH =     1.28 M           LAT REF LENGTH =      1.28 M

          ---------------FIN SET 1 IN PRESENCE OF THE BODY----------------

      ALPHA       CN         CM         CA         CY         CLN        CLL

     -10.00    -1.5358     0.5859     0.0670    -0.0159     0.0061    -0.0098
      -8.00    -1.1887     0.4535     0.0668    -0.0112     0.0043    -0.0097
      -6.00    -0.8697     0.3318     0.0665    -0.0057     0.0022    -0.0094
      -4.00    -0.5631     0.2148     0.0663    -0.0017     0.0006    -0.0090
      -2.00    -0.2653     0.1012     0.0659    -0.0003     0.0001    -0.0083
       0.00     0.0000     0.0000     0.0656     0.0000     0.0000    -0.0077
       2.00     0.2653    -0.1012     0.0659     0.0003    -0.0001    -0.0083
       4.00     0.5631    -0.2148     0.0663     0.0017    -0.0006    -0.0090
       6.00     0.8697    -0.3318     0.0665     0.0057    -0.0022    -0.0094
       8.00     1.1887    -0.4535     0.0668     0.0112    -0.0043    -0.0097
      10.00     1.5358    -0.5859     0.0670     0.0159    -0.0061    -0.0098
1         ***** THE USAF AUTOMATED MISSILE DATCOM * REV 3/99 *****     CASE   1
               AERODYNAMIC METHODS FOR MISSILE CONFIGURATIONS          PAGE  30
                 AERODYNAMIC FORCE AND MOMENT SYNTHESIS

       ******* FLIGHT CONDITIONS AND REFERENCE QUANTITIES *******
     MACH NO  =       0.30                REYNOLDS NO = 6.955E+06 /M
     ALTITUDE =        0.0 M         DYNAMIC PRESSURE =   6383.49 N/M**2
     SIDESLIP =       0.00 DEG                   ROLL =      0.00 DEG     
     REF AREA =      0.004 M**2         MOMENT CENTER =     0.710 M
     REF LENGTH =     1.28 M           LAT REF LENGTH =      1.28 M

          ---------------FIN SET 1 PANEL CHARACTERISTICS------------------

      ALPHA      PANEL    AEQ (PANEL AXIS SYS.)    PANEL CN

     -10.00        1              0.5635           0.0251
     -10.00        2            -11.9065          -0.6972
     -10.00        3              1.1610           0.0521
     -10.00        4             13.8114           0.8390
 
      -8.00        1              0.6353           0.0283
      -8.00        2             -9.4970          -0.5284
      -8.00        3              1.1215           0.0503
      -8.00        4             11.3988           0.6607
 
      -6.00        1              0.7075           0.0316
      -6.00        2             -7.1164          -0.3744
      -6.00        3              1.1177           0.0501
      -6.00        4              9.0049           0.4955
 
      -4.00        1              0.7818           0.0349
      -4.00        2             -4.6106          -0.2272
      -4.00        3              1.0928           0.0490
      -4.00        4              6.4874           0.3359
 
      -2.00        1              0.8592           0.0384
      -2.00        2             -1.8708          -0.0852
      -2.00        3              1.0162           0.0455
      -2.00        4              3.7468           0.1802
 
       0.00        1              0.9379           0.0420
       0.00        2              0.9379           0.0420
       0.00        3              0.9379           0.0420
       0.00        4              0.9379           0.0420
 
       2.00        1              1.0162           0.0455
       2.00        2              3.7468           0.1802
       2.00        3              0.8592           0.0384
       2.00        4             -1.8708          -0.0852
 
       4.00        1              1.0928           0.0490
       4.00        2              6.4874           0.3359
       4.00        3              0.7818           0.0349
       4.00        4             -4.6106          -0.2272
 
       6.00        1              1.1177           0.0501
       6.00        2              9.0049           0.4955
       6.00        3              0.7075           0.0316
       6.00        4             -7.1164          -0.3744
 
       8.00        1              1.1215           0.0503
       8.00        2             11.3988           0.6607
       8.00        3              0.6353           0.0283
       8.00        4             -9.4970          -0.5284
 
      10.00        1              1.1610           0.0521
      10.00        2             13.8114           0.8390
      10.00        3              0.5635           0.0251
      10.00        4            -11.9065          -0.6972
 
1         ***** THE USAF AUTOMATED MISSILE DATCOM * REV 3/99 *****     CASE   1
               AERODYNAMIC METHODS FOR MISSILE CONFIGURATIONS          PAGE  31
                 AERODYNAMIC FORCE AND MOMENT SYNTHESIS

       ******* FLIGHT CONDITIONS AND REFERENCE QUANTITIES *******
     MACH NO  =       0.30                REYNOLDS NO = 6.955E+06 /M
     ALTITUDE =        0.0 M         DYNAMIC PRESSURE =   6383.49 N/M**2
     SIDESLIP =       0.00 DEG                   ROLL =      0.00 DEG     
     REF AREA =      0.004 M**2         MOMENT CENTER =     0.710 M
     REF LENGTH =     1.28 M           LAT REF LENGTH =      1.28 M

             CARRYOVER INTERFERENCE FACTORS - FIN SET 1

      ALPHA   K-W(B)   K-B(W)  KK-W(B)  KK-B(W)  XCP-W(B) XCP-B(W) Y-CP/(B/2)

     -10.00   1.3261   0.5437   0.9354   0.3728   0.3815   0.3804   0.4551
      -8.00   1.3491   0.5437   0.9354   0.3728   0.3815   0.3804   0.4646
      -6.00   1.3708   0.5437   0.9354   0.3728   0.3815   0.3804   0.4677
      -4.00   1.3901   0.5437   0.9354   0.3728   0.3815   0.3804   0.4661
      -2.00   1.4057   0.5437   0.9354   0.3728   0.3815   0.3804   0.4600
       0.00   1.4145   0.5437   0.9354   0.3728   0.3815   0.3804   0.4485
       2.00   1.4057   0.5437   0.9354   0.3728   0.3815   0.3804   0.4521
       4.00   1.3901   0.5437   0.9354   0.3728   0.3815   0.3804   0.4625
       6.00   1.3708   0.5437   0.9354   0.3728   0.3815   0.3804   0.4673
       8.00   1.3491   0.5437   0.9354   0.3728   0.3815   0.3804   0.4675
      10.00   1.3261   0.5437   0.9354   0.3728   0.3815   0.3804   0.4631

    NOTE - XCP-W(B) USED FOR STABILITY ONLY DIFFERENT VALUES USED FOR HINGE MOMENTS
1         ***** THE USAF AUTOMATED MISSILE DATCOM * REV 3/99 *****     CASE   1
               AERODYNAMIC METHODS FOR MISSILE CONFIGURATIONS          PAGE  32
        FIN SET 1 PANEL BENDING MOMENTS (ABOUT EXPOSED ROOT CHORD)

       ******* FLIGHT CONDITIONS AND REFERENCE QUANTITIES *******
     MACH NO  =       0.30                REYNOLDS NO = 6.955E+06 /M
     ALTITUDE =        0.0 M         DYNAMIC PRESSURE =   6383.49 N/M**2
     SIDESLIP =       0.00 DEG                   ROLL =      0.00 DEG     
     REF AREA =      0.004 M**2         MOMENT CENTER =     0.710 M
     REF LENGTH =     1.28 M           LAT REF LENGTH =      1.28 M

   ALPHA   PANL 1   PANL 2   PANL 3   PANL 4   PANL 5   PANL 6   PANL 7   PANL 8
 
   -10.0  5.12E-04 -1.42E-02  1.06E-03  1.71E-02
    -8.0  5.89E-04 -1.10E-02  1.05E-03  1.37E-02
    -6.0  6.61E-04 -7.84E-03  1.05E-03  1.04E-02
    -4.0  7.28E-04 -4.74E-03  1.02E-03  7.01E-03
    -2.0  7.91E-04 -1.75E-03  9.37E-04  3.71E-03
     0.0  8.42E-04  8.42E-04  8.42E-04  8.42E-04
     2.0  9.21E-04  3.65E-03  7.77E-04 -1.72E-03
     4.0  1.01E-03  6.95E-03  7.23E-04 -4.70E-03
     6.0  1.05E-03  1.04E-02  6.60E-04 -7.83E-03
     8.0  1.05E-03  1.38E-02  5.93E-04 -1.11E-02
    10.0  1.08E-03  1.74E-02  5.20E-04 -1.44E-02
1         ***** THE USAF AUTOMATED MISSILE DATCOM * REV 3/99 *****     CASE   1
               AERODYNAMIC METHODS FOR MISSILE CONFIGURATIONS          PAGE  33
            FIN SET 1 PANEL HINGE MOMENTS (ABOUT HINGE LINE)

       ******* FLIGHT CONDITIONS AND REFERENCE QUANTITIES *******
     MACH NO  =       0.30                REYNOLDS NO = 6.955E+06 /M
     ALTITUDE =        0.0 M         DYNAMIC PRESSURE =   6383.49 N/M**2
     SIDESLIP =       0.00 DEG                   ROLL =      0.00 DEG     
     REF AREA =      0.004 M**2         MOMENT CENTER =     0.710 M
     REF LENGTH =     1.28 M           LAT REF LENGTH =      1.28 M

   ALPHA   PANL 1   PANL 2   PANL 3   PANL 4   PANL 5   PANL 6   PANL 7   PANL 8
 
   -10.0  9.74E-04 -2.70E-02  2.02E-03  3.25E-02
    -8.0  1.10E-03 -2.05E-02  1.95E-03  2.56E-02
    -6.0  1.22E-03 -1.45E-02  1.94E-03  1.92E-02
    -4.0  1.35E-03 -8.81E-03  1.90E-03  1.30E-02
    -2.0  1.49E-03 -3.30E-03  1.76E-03  6.98E-03
     0.0  1.63E-03  1.63E-03  1.63E-03  1.63E-03
     2.0  1.76E-03  6.98E-03  1.49E-03 -3.30E-03
     4.0  1.90E-03  1.30E-02  1.35E-03 -8.81E-03
     6.0  1.94E-03  1.92E-02  1.22E-03 -1.45E-02
     8.0  1.95E-03  2.56E-02  1.10E-03 -2.05E-02
    10.0  2.02E-03  3.25E-02  9.74E-04 -2.70E-02
1         ***** THE USAF AUTOMATED MISSILE DATCOM * REV 3/99 *****     CASE   1
               AERODYNAMIC METHODS FOR MISSILE CONFIGURATIONS          PAGE  34
                   STATIC AERODYNAMICS FOR BODY-FIN SET 1

       ******* FLIGHT CONDITIONS AND REFERENCE QUANTITIES *******
     MACH NO  =       0.30                REYNOLDS NO = 6.955E+06 /M
     ALTITUDE =        0.0 M         DYNAMIC PRESSURE =   6383.49 N/M**2
     SIDESLIP =       0.00 DEG                   ROLL =      0.00 DEG     
     REF AREA =      0.004 M**2         MOMENT CENTER =     0.710 M
     REF LENGTH =     1.28 M           LAT REF LENGTH =      1.28 M

                   ----- LONGITUDINAL -----     -- LATERAL DIRECTIONAL --
         ALPHA       CN        CM        CA        CY       CLN       CLL

        -10.00    -2.913     0.641     0.386    -0.022     0.009    -0.010
         -8.00    -2.205     0.489     0.388    -0.016     0.006    -0.010
         -6.00    -1.572     0.353     0.390    -0.008     0.003    -0.009
         -4.00    -0.991     0.226     0.390    -0.002     0.001    -0.009
         -2.00    -0.457     0.104     0.390     0.000     0.000    -0.008
          0.00     0.000     0.000     0.390     0.000     0.000    -0.008
          2.00     0.457    -0.104     0.390     0.000     0.000    -0.008
          4.00     0.991    -0.226     0.390     0.002    -0.001    -0.009
          6.00     1.572    -0.353     0.390     0.008    -0.003    -0.009
          8.00     2.205    -0.489     0.388     0.016    -0.006    -0.010
         10.00     2.913    -0.641     0.386     0.022    -0.009    -0.010

         ALPHA       CL        CD      CL/CD     X-C.P.

        -10.00    -2.802     0.885    -3.164    -0.220
         -8.00    -2.129     0.691    -3.081    -0.222
         -6.00    -1.522     0.552    -2.759    -0.225
         -4.00    -0.961     0.458    -2.097    -0.228
         -2.00    -0.443     0.406    -1.090    -0.228
          0.00     0.000     0.390     0.000    -0.381
          2.00     0.443     0.406     1.090    -0.228
          4.00     0.961     0.458     2.097    -0.228
          6.00     1.522     0.552     2.759    -0.225
          8.00     2.129     0.691     3.081    -0.222
         10.00     2.802     0.885     3.164    -0.220

    X-C.P. MEAS. FROM MOMENT CENTER IN REF. LENGTHS, NEG. AFT OF MOMENT CENTER
1         ***** THE USAF AUTOMATED MISSILE DATCOM * REV 3/99 *****     CASE   1
               AERODYNAMIC METHODS FOR MISSILE CONFIGURATIONS          PAGE  35
                   STATIC AERODYNAMICS FOR BODY-FIN SET 1

       ******* FLIGHT CONDITIONS AND REFERENCE QUANTITIES *******
     MACH NO  =       0.30                REYNOLDS NO = 6.955E+06 /M
     ALTITUDE =        0.0 M         DYNAMIC PRESSURE =   6383.49 N/M**2
     SIDESLIP =       0.00 DEG                   ROLL =      0.00 DEG     
     REF AREA =      0.004 M**2         MOMENT CENTER =     0.710 M
     REF LENGTH =     1.28 M           LAT REF LENGTH =      1.28 M

                   ---------- DERIVATIVES (PER DEGREE) ----------
         ALPHA       CNA         CMA         CYB         CLNB        CLLB
        -10.00      0.3727     -0.0804     -0.2100      0.0336     -0.0008
         -8.00      0.3352     -0.0720     -0.2052      0.0345     -0.0008
         -6.00      0.3034     -0.0657     -0.2147      0.0409     -0.0005
         -4.00      0.2787     -0.0623     -0.2236      0.0472     -0.0002
         -2.00      0.2477     -0.0565     -0.2233      0.0499     -0.0002
          0.00      0.2283     -0.0521     -0.2216      0.0503     -0.0002
          2.00      0.2477     -0.0565     -0.2240      0.0502     -0.0002
          4.00      0.2787     -0.0623     -0.2232      0.0470      0.0000
          6.00      0.3034     -0.0657     -0.2144      0.0408      0.0003
          8.00      0.3352     -0.0720     -0.2043      0.0341      0.0006
         10.00      0.3727     -0.0804     -0.2095      0.0334      0.0007

    PANEL DEFLECTION ANGLES (DEGREES)
    SET    FIN 1   FIN 2   FIN 3   FIN 4   FIN 5   FIN 6   FIN 7   FIN 8
      1    1.60    1.60    1.60    1.60
1         ***** THE USAF AUTOMATED MISSILE DATCOM * REV 3/99 *****     CASE   1
               AERODYNAMIC METHODS FOR MISSILE CONFIGURATIONS          PAGE  36
                             BODY ALONE PARTIAL OUTPUT

       ******* FLIGHT CONDITIONS AND REFERENCE QUANTITIES *******
     MACH NO  =       0.40                REYNOLDS NO = 9.274E+06 /M
     ALTITUDE =        0.0 M         DYNAMIC PRESSURE =  11348.42 N/M**2
     SIDESLIP =       0.00 DEG                   ROLL =      0.00 DEG     
     REF AREA =      0.004 M**2         MOMENT CENTER =     0.710 M
     REF LENGTH =     1.28 M           LAT REF LENGTH =      1.28 M

      ALPHA    CA-FRIC  CA-PRES/WAVE CA-BASE    CA-PROT     CA-SEP     CA-ALP
     -10.00     0.1929     0.0570     0.0561                           0.0020
      -8.00     0.1951     0.0577     0.0562                           0.0018
      -6.00     0.1967     0.0582     0.0563                           0.0012
      -4.00     0.1979     0.0585     0.0563                           0.0006
      -2.00     0.1987     0.0587     0.0563                           0.0002
       0.00     0.1989     0.0588     0.0562                           0.0000
       2.00     0.1987     0.0587     0.0563                           0.0002
       4.00     0.1979     0.0585     0.0563                           0.0006
       6.00     0.1967     0.0582     0.0563                           0.0012
       8.00     0.1951     0.0577     0.0562                           0.0018
      10.00     0.1929     0.0570     0.0561                           0.0020

                     CROSS FLOW DRAG PROPORTIONALITY FACTOR = 0.76155

      ALPHA    CN-POTEN  CN-VISC   CN-SEP    CM-POTEN  CM-VISC   CM-SEP    CDC
     -10.00    -0.356    -0.394              -0.175    -0.011             0.783
      -8.00    -0.287    -0.250              -0.141    -0.007             0.774
      -6.00    -0.217    -0.140              -0.107    -0.004             0.766
      -4.00    -0.145    -0.061              -0.072    -0.002             0.757
      -2.00    -0.073    -0.015              -0.036     0.000             0.749
       0.00     0.000     0.000               0.000     0.000             0.740
       2.00     0.073     0.015               0.036     0.000             0.749
       4.00     0.145     0.061               0.072     0.002             0.757
       6.00     0.217     0.140               0.107     0.004             0.766
       8.00     0.287     0.250               0.141     0.007             0.774
      10.00     0.356     0.394               0.175     0.011             0.783
1         ***** THE USAF AUTOMATED MISSILE DATCOM * REV 3/99 *****     CASE   1
               AERODYNAMIC METHODS FOR MISSILE CONFIGURATIONS          PAGE  37
                        FIN SET 1 CA PARTIAL OUTPUT

       ******* FLIGHT CONDITIONS AND REFERENCE QUANTITIES *******
     MACH NO  =       0.40                REYNOLDS NO = 9.274E+06 /M
     ALTITUDE =        0.0 M         DYNAMIC PRESSURE =  11348.42 N/M**2
     SIDESLIP =       0.00 DEG                   ROLL =      0.00 DEG     
     REF AREA =      0.004 M**2         MOMENT CENTER =     0.710 M
     REF LENGTH =     1.28 M           LAT REF LENGTH =      1.28 M

    SINGLE FIN PANEL ZERO-LIFT AXIAL FORCE COMPONENTS

    SKIN FRICTION        0.0133
    SUBSONIC PRESSURE    0.0011
    TRANSONIC WAVE       0.0000
    SUPERSONIC WAVE      0.0000
    LEADING EDGE         0.0000
    TRAILING EDGE        0.0000
    TOTAL CAO            0.0143

    FIN AXIAL FORCE DUE TO ANGLE OF ATTACK

    ALPHA      CA DUE TO LIFT (SINGLE PANEL)   CA-TOTAL (4 FINS)

     -10.00              0.0000                      0.0565
      -8.00              0.0000                      0.0568
      -6.00              0.0000                      0.0570
      -4.00              0.0000                      0.0572
      -2.00              0.0000                      0.0573
       0.00              0.0000                      0.0573
       2.00              0.0000                      0.0573
       4.00              0.0000                      0.0572
       6.00              0.0000                      0.0570
       8.00              0.0000                      0.0568
      10.00              0.0000                      0.0565
1         ***** THE USAF AUTOMATED MISSILE DATCOM * REV 3/99 *****     CASE   1
               AERODYNAMIC METHODS FOR MISSILE CONFIGURATIONS          PAGE  38
                       FIN SET 1 CN, CM PARTIAL OUTPUT

       ******* FLIGHT CONDITIONS AND REFERENCE QUANTITIES *******
     MACH NO  =       0.40                REYNOLDS NO = 9.274E+06 /M
     ALTITUDE =        0.0 M         DYNAMIC PRESSURE =  11348.42 N/M**2
     SIDESLIP =       0.00 DEG                   ROLL =      0.00 DEG     
     REF AREA =      0.004 M**2         MOMENT CENTER =     0.710 M
     REF LENGTH =     1.28 M           LAT REF LENGTH =      1.28 M

    NORMAL FORCE SLOPE AT ALPHA ZERO, CNA =    0.04306/DEG (1 PANEL)
         CENTER OF PRESSURE FOR LINEAR CN =   -0.38131 (CALIBERS FROM C.G.)
     CENTER OF PRESSURE FOR NON-LINEAR CN =   -0.40446 (CALIBERS FROM C.G.)

      ALPHA      CN        CN        CN        CM        CM        CM
               LINEAR  NON-LINEAR  TOTAL     LINEAR  NON-LINEAR  TOTAL

     -10.00   -0.8437   -0.2822   -1.1259    0.3217    0.1141    0.4359
      -8.00   -0.6800   -0.1813   -0.8612    0.2593    0.0733    0.3326
      -6.00   -0.5129   -0.1022   -0.6151    0.1956    0.0414    0.2369
      -4.00   -0.3433   -0.0455   -0.3889    0.1309    0.0184    0.1493
      -2.00   -0.1721   -0.0114   -0.1835    0.0656    0.0046    0.0702
       0.00    0.0000    0.0000    0.0000    0.0000    0.0000    0.0000
       2.00    0.1721    0.0114    0.1835   -0.0656   -0.0046   -0.0702
       4.00    0.3433    0.0455    0.3889   -0.1309   -0.0184   -0.1493
       6.00    0.5129    0.1022    0.6151   -0.1956   -0.0414   -0.2369
       8.00    0.6800    0.1813    0.8612   -0.2593   -0.0733   -0.3326
      10.00    0.8437    0.2822    1.1259   -0.3217   -0.1141   -0.4359
1         ***** THE USAF AUTOMATED MISSILE DATCOM * REV 3/99 *****     CASE   1
               AERODYNAMIC METHODS FOR MISSILE CONFIGURATIONS          PAGE  39
                 AERODYNAMIC FORCE AND MOMENT SYNTHESIS

       ******* FLIGHT CONDITIONS AND REFERENCE QUANTITIES *******
     MACH NO  =       0.40                REYNOLDS NO = 9.274E+06 /M
     ALTITUDE =        0.0 M         DYNAMIC PRESSURE =  11348.42 N/M**2
     SIDESLIP =       0.00 DEG                   ROLL =      0.00 DEG     
     REF AREA =      0.004 M**2         MOMENT CENTER =     0.710 M
     REF LENGTH =     1.28 M           LAT REF LENGTH =      1.28 M

          ---------------FIN SET 1 IN PRESENCE OF THE BODY----------------

      ALPHA       CN         CM         CA         CY         CLN        CLL

     -10.00    -1.5352     0.5854     0.0634    -0.0158     0.0060    -0.0098
      -8.00    -1.1888     0.4533     0.0632    -0.0112     0.0043    -0.0097
      -6.00    -0.8707     0.3320     0.0630    -0.0057     0.0022    -0.0094
      -4.00    -0.5645     0.2153     0.0627    -0.0016     0.0006    -0.0090
      -2.00    -0.2663     0.1016     0.0623    -0.0003     0.0001    -0.0083
       0.00     0.0000     0.0000     0.0620     0.0000     0.0000    -0.0077
       2.00     0.2663    -0.1016     0.0623     0.0003    -0.0001    -0.0083
       4.00     0.5645    -0.2153     0.0627     0.0016    -0.0006    -0.0090
       6.00     0.8707    -0.3320     0.0630     0.0057    -0.0022    -0.0094
       8.00     1.1888    -0.4533     0.0632     0.0112    -0.0043    -0.0097
      10.00     1.5352    -0.5854     0.0634     0.0158    -0.0060    -0.0098
1         ***** THE USAF AUTOMATED MISSILE DATCOM * REV 3/99 *****     CASE   1
               AERODYNAMIC METHODS FOR MISSILE CONFIGURATIONS          PAGE  40
                 AERODYNAMIC FORCE AND MOMENT SYNTHESIS

       ******* FLIGHT CONDITIONS AND REFERENCE QUANTITIES *******
     MACH NO  =       0.40                REYNOLDS NO = 9.274E+06 /M
     ALTITUDE =        0.0 M         DYNAMIC PRESSURE =  11348.42 N/M**2
     SIDESLIP =       0.00 DEG                   ROLL =      0.00 DEG     
     REF AREA =      0.004 M**2         MOMENT CENTER =     0.710 M
     REF LENGTH =     1.28 M           LAT REF LENGTH =      1.28 M

          ---------------FIN SET 1 PANEL CHARACTERISTICS------------------

      ALPHA      PANEL    AEQ (PANEL AXIS SYS.)    PANEL CN

     -10.00        1              0.5635           0.0252
     -10.00        2            -11.9065          -0.6972
     -10.00        3              1.1610           0.0524
     -10.00        4             13.8114           0.8385
 
      -8.00        1              0.6353           0.0285
      -8.00        2             -9.4937          -0.5286
      -8.00        3              1.1202           0.0505
      -8.00        4             11.3957           0.6605
 
      -6.00        1              0.7075           0.0317
      -6.00        2             -7.1153          -0.3750
      -6.00        3              1.1173           0.0504
      -6.00        4              9.0038           0.4959
 
      -4.00        1              0.7818           0.0351
      -4.00        2             -4.6106          -0.2279
      -4.00        3              1.0928           0.0492
      -4.00        4              6.4874           0.3367
 
      -2.00        1              0.8592           0.0386
      -2.00        2             -1.8708          -0.0855
      -2.00        3              1.0162           0.0457
      -2.00        4              3.7468           0.1808
 
       0.00        1              0.9379           0.0422
       0.00        2              0.9379           0.0422
       0.00        3              0.9379           0.0422
       0.00        4              0.9379           0.0422
 
       2.00        1              1.0162           0.0457
       2.00        2              3.7468           0.1808
       2.00        3              0.8592           0.0386
       2.00        4             -1.8708          -0.0855
 
       4.00        1              1.0928           0.0492
       4.00        2              6.4874           0.3367
       4.00        3              0.7818           0.0351
       4.00        4             -4.6106          -0.2279
 
       6.00        1              1.1173           0.0504
       6.00        2              9.0038           0.4959
       6.00        3              0.7075           0.0317
       6.00        4             -7.1153          -0.3750
 
       8.00        1              1.1202           0.0505
       8.00        2             11.3957           0.6605
       8.00        3              0.6353           0.0285
       8.00        4             -9.4937          -0.5286
 
      10.00        1              1.1610           0.0524
      10.00        2             13.8114           0.8385
      10.00        3              0.5635           0.0252
      10.00        4            -11.9065          -0.6972
 
1         ***** THE USAF AUTOMATED MISSILE DATCOM * REV 3/99 *****     CASE   1
               AERODYNAMIC METHODS FOR MISSILE CONFIGURATIONS          PAGE  41
                 AERODYNAMIC FORCE AND MOMENT SYNTHESIS

       ******* FLIGHT CONDITIONS AND REFERENCE QUANTITIES *******
     MACH NO  =       0.40                REYNOLDS NO = 9.274E+06 /M
     ALTITUDE =        0.0 M         DYNAMIC PRESSURE =  11348.42 N/M**2
     SIDESLIP =       0.00 DEG                   ROLL =      0.00 DEG     
     REF AREA =      0.004 M**2         MOMENT CENTER =     0.710 M
     REF LENGTH =     1.28 M           LAT REF LENGTH =      1.28 M

             CARRYOVER INTERFERENCE FACTORS - FIN SET 1

      ALPHA   K-W(B)   K-B(W)  KK-W(B)  KK-B(W)  XCP-W(B) XCP-B(W) Y-CP/(B/2)

     -10.00   1.3261   0.5437   0.9354   0.3728   0.3813   0.3804   0.4533
      -8.00   1.3491   0.5437   0.9354   0.3728   0.3813   0.3804   0.4650
      -6.00   1.3708   0.5437   0.9354   0.3728   0.3813   0.3804   0.4704
      -4.00   1.3901   0.5437   0.9354   0.3728   0.3813   0.3804   0.4697
      -2.00   1.4057   0.5437   0.9354   0.3728   0.3813   0.3804   0.4624
       0.00   1.4145   0.5437   0.9354   0.3728   0.3813   0.3804   0.4496
       2.00   1.4057   0.5437   0.9354   0.3728   0.3813   0.3804   0.4536
       4.00   1.3901   0.5437   0.9354   0.3728   0.3813   0.3804   0.4653
       6.00   1.3708   0.5437   0.9354   0.3728   0.3813   0.3804   0.4712
       8.00   1.3491   0.5437   0.9354   0.3728   0.3813   0.3804   0.4698
      10.00   1.3261   0.5437   0.9354   0.3728   0.3813   0.3804   0.4629

    NOTE - XCP-W(B) USED FOR STABILITY ONLY DIFFERENT VALUES USED FOR HINGE MOMENTS
1         ***** THE USAF AUTOMATED MISSILE DATCOM * REV 3/99 *****     CASE   1
               AERODYNAMIC METHODS FOR MISSILE CONFIGURATIONS          PAGE  42
        FIN SET 1 PANEL BENDING MOMENTS (ABOUT EXPOSED ROOT CHORD)

       ******* FLIGHT CONDITIONS AND REFERENCE QUANTITIES *******
     MACH NO  =       0.40                REYNOLDS NO = 9.274E+06 /M
     ALTITUDE =        0.0 M         DYNAMIC PRESSURE =  11348.42 N/M**2
     SIDESLIP =       0.00 DEG                   ROLL =      0.00 DEG     
     REF AREA =      0.004 M**2         MOMENT CENTER =     0.710 M
     REF LENGTH =     1.28 M           LAT REF LENGTH =      1.28 M

   ALPHA   PANL 1   PANL 2   PANL 3   PANL 4   PANL 5   PANL 6   PANL 7   PANL 8
 
   -10.0  5.12E-04 -1.41E-02  1.06E-03  1.70E-02
    -8.0  5.93E-04 -1.10E-02  1.05E-03  1.37E-02
    -6.0  6.68E-04 -7.89E-03  1.06E-03  1.04E-02
    -4.0  7.37E-04 -4.79E-03  1.03E-03  7.08E-03
    -2.0  7.99E-04 -1.77E-03  9.46E-04  3.74E-03
     0.0  8.48E-04  8.48E-04  8.48E-04  8.48E-04
     2.0  9.28E-04  3.67E-03  7.83E-04 -1.74E-03
     4.0  1.03E-03  7.01E-03  7.31E-04 -4.75E-03
     6.0  1.06E-03  1.05E-02  6.69E-04 -7.91E-03
     8.0  1.06E-03  1.39E-02  5.99E-04 -1.11E-02
    10.0  1.08E-03  1.74E-02  5.23E-04 -1.44E-02
1         ***** THE USAF AUTOMATED MISSILE DATCOM * REV 3/99 *****     CASE   1
               AERODYNAMIC METHODS FOR MISSILE CONFIGURATIONS          PAGE  43
            FIN SET 1 PANEL HINGE MOMENTS (ABOUT HINGE LINE)

       ******* FLIGHT CONDITIONS AND REFERENCE QUANTITIES *******
     MACH NO  =       0.40                REYNOLDS NO = 9.274E+06 /M
     ALTITUDE =        0.0 M         DYNAMIC PRESSURE =  11348.42 N/M**2
     SIDESLIP =       0.00 DEG                   ROLL =      0.00 DEG     
     REF AREA =      0.004 M**2         MOMENT CENTER =     0.710 M
     REF LENGTH =     1.28 M           LAT REF LENGTH =      1.28 M

   ALPHA   PANL 1   PANL 2   PANL 3   PANL 4   PANL 5   PANL 6   PANL 7   PANL 8
 
   -10.0  9.82E-04 -2.71E-02  2.04E-03  3.26E-02
    -8.0  1.11E-03 -2.06E-02  1.96E-03  2.57E-02
    -6.0  1.23E-03 -1.46E-02  1.96E-03  1.93E-02
    -4.0  1.37E-03 -8.87E-03  1.92E-03  1.31E-02
    -2.0  1.50E-03 -3.33E-03  1.78E-03  7.04E-03
     0.0  1.64E-03  1.64E-03  1.64E-03  1.64E-03
     2.0  1.78E-03  7.04E-03  1.50E-03 -3.33E-03
     4.0  1.92E-03  1.31E-02  1.37E-03 -8.87E-03
     6.0  1.96E-03  1.93E-02  1.23E-03 -1.46E-02
     8.0  1.96E-03  2.57E-02  1.11E-03 -2.06E-02
    10.0  2.04E-03  3.26E-02  9.82E-04 -2.71E-02
1         ***** THE USAF AUTOMATED MISSILE DATCOM * REV 3/99 *****     CASE   1
               AERODYNAMIC METHODS FOR MISSILE CONFIGURATIONS          PAGE  44
                   STATIC AERODYNAMICS FOR BODY-FIN SET 1

       ******* FLIGHT CONDITIONS AND REFERENCE QUANTITIES *******
     MACH NO  =       0.40                REYNOLDS NO = 9.274E+06 /M
     ALTITUDE =        0.0 M         DYNAMIC PRESSURE =  11348.42 N/M**2
     SIDESLIP =       0.00 DEG                   ROLL =      0.00 DEG     
     REF AREA =      0.004 M**2         MOMENT CENTER =     0.710 M
     REF LENGTH =     1.28 M           LAT REF LENGTH =      1.28 M

                   ----- LONGITUDINAL -----     -- LATERAL DIRECTIONAL --
         ALPHA       CN        CM        CA        CY       CLN       CLL

        -10.00    -2.914     0.639     0.371    -0.022     0.008    -0.010
         -8.00    -2.205     0.488     0.374    -0.016     0.006    -0.010
         -6.00    -1.573     0.353     0.375    -0.008     0.003    -0.009
         -4.00    -0.992     0.226     0.376    -0.002     0.001    -0.009
         -2.00    -0.457     0.104     0.376     0.000     0.000    -0.008
          0.00     0.000     0.000     0.376     0.000     0.000    -0.008
          2.00     0.457    -0.104     0.376     0.000     0.000    -0.008
          4.00     0.992    -0.226     0.376     0.002    -0.001    -0.009
          6.00     1.573    -0.353     0.375     0.008    -0.003    -0.009
          8.00     2.205    -0.488     0.374     0.016    -0.006    -0.010
         10.00     2.914    -0.639     0.371     0.022    -0.008    -0.010

         ALPHA       CL        CD      CL/CD     X-C.P.

        -10.00    -2.805     0.872    -3.218    -0.219
         -8.00    -2.132     0.677    -3.148    -0.221
         -6.00    -1.525     0.538    -2.835    -0.224
         -4.00    -0.963     0.444    -2.168    -0.228
         -2.00    -0.444     0.392    -1.133    -0.228
          0.00     0.000     0.376     0.000    -0.381
          2.00     0.444     0.392     1.133    -0.228
          4.00     0.963     0.444     2.168    -0.228
          6.00     1.525     0.538     2.835    -0.224
          8.00     2.132     0.677     3.148    -0.221
         10.00     2.805     0.872     3.218    -0.219

    X-C.P. MEAS. FROM MOMENT CENTER IN REF. LENGTHS, NEG. AFT OF MOMENT CENTER
1         ***** THE USAF AUTOMATED MISSILE DATCOM * REV 3/99 *****     CASE   1
               AERODYNAMIC METHODS FOR MISSILE CONFIGURATIONS          PAGE  45
                   STATIC AERODYNAMICS FOR BODY-FIN SET 1

       ******* FLIGHT CONDITIONS AND REFERENCE QUANTITIES *******
     MACH NO  =       0.40                REYNOLDS NO = 9.274E+06 /M
     ALTITUDE =        0.0 M         DYNAMIC PRESSURE =  11348.42 N/M**2
     SIDESLIP =       0.00 DEG                   ROLL =      0.00 DEG     
     REF AREA =      0.004 M**2         MOMENT CENTER =     0.710 M
     REF LENGTH =     1.28 M           LAT REF LENGTH =      1.28 M

                   ---------- DERIVATIVES (PER DEGREE) ----------
         ALPHA       CNA         CMA         CYB         CLNB        CLLB
        -10.00      0.3737     -0.0801     -0.2109      0.0336     -0.0009
         -8.00      0.3353     -0.0716     -0.2055      0.0344     -0.0008
         -6.00      0.3033     -0.0654     -0.2151      0.0410     -0.0005
         -4.00      0.2787     -0.0621     -0.2241      0.0473     -0.0002
         -2.00      0.2479     -0.0565     -0.2238      0.0500     -0.0002
          0.00      0.2287     -0.0522     -0.2220      0.0505     -0.0002
          2.00      0.2479     -0.0565     -0.2245      0.0503     -0.0002
          4.00      0.2787     -0.0621     -0.2237      0.0471      0.0000
          6.00      0.3033     -0.0654     -0.2148      0.0408      0.0003
          8.00      0.3353     -0.0716     -0.2046      0.0340      0.0006
         10.00      0.3737     -0.0801     -0.2104      0.0334      0.0007

    PANEL DEFLECTION ANGLES (DEGREES)
    SET    FIN 1   FIN 2   FIN 3   FIN 4   FIN 5   FIN 6   FIN 7   FIN 8
      1    1.60    1.60    1.60    1.60
1         ***** THE USAF AUTOMATED MISSILE DATCOM * REV 3/99 *****     CASE   1
               AERODYNAMIC METHODS FOR MISSILE CONFIGURATIONS          PAGE  46
                             BODY ALONE PARTIAL OUTPUT

       ******* FLIGHT CONDITIONS AND REFERENCE QUANTITIES *******
     MACH NO  =       0.80                REYNOLDS NO = 1.855E+07 /M
     ALTITUDE =        0.0 M         DYNAMIC PRESSURE =  45393.68 N/M**2
     SIDESLIP =       0.00 DEG                   ROLL =      0.00 DEG     
     REF AREA =      0.004 M**2         MOMENT CENTER =     0.710 M
     REF LENGTH =     1.28 M           LAT REF LENGTH =      1.28 M

      ALPHA    CA-FRIC  CA-PRES/WAVE CA-BASE    CA-PROT     CA-SEP     CA-ALP
     -10.00     0.1676     0.0712     0.0547                           0.0020
      -8.00     0.1695     0.0720     0.0549                           0.0018
      -6.00     0.1710     0.0726     0.0550                           0.0012
      -4.00     0.1720     0.0731     0.0551                           0.0006
      -2.00     0.1726     0.0733     0.0550                           0.0001
       0.00     0.1728     0.0734     0.0549                           0.0000
       2.00     0.1726     0.0733     0.0550                           0.0001
       4.00     0.1720     0.0731     0.0551                           0.0006
       6.00     0.1710     0.0726     0.0550                           0.0012
       8.00     0.1695     0.0720     0.0549                           0.0018
      10.00     0.1676     0.0712     0.0547                           0.0020

                     CROSS FLOW DRAG PROPORTIONALITY FACTOR = 0.76155

      ALPHA    CN-POTEN  CN-VISC   CN-SEP    CM-POTEN  CM-VISC   CM-SEP    CDC
     -10.00    -0.261    -0.415              -0.216    -0.011             0.825
      -8.00    -0.211    -0.261              -0.174    -0.007             0.808
      -6.00    -0.159    -0.144              -0.131    -0.004             0.791
      -4.00    -0.107    -0.063              -0.088    -0.002             0.774
      -2.00    -0.053    -0.015              -0.044     0.000             0.757
       0.00     0.000     0.000               0.000     0.000             0.740
       2.00     0.053     0.015               0.044     0.000             0.757
       4.00     0.107     0.063               0.088     0.002             0.774
       6.00     0.159     0.144               0.131     0.004             0.791
       8.00     0.211     0.261               0.174     0.007             0.808
      10.00     0.261     0.415               0.216     0.011             0.825
1         ***** THE USAF AUTOMATED MISSILE DATCOM * REV 3/99 *****     CASE   1
               AERODYNAMIC METHODS FOR MISSILE CONFIGURATIONS          PAGE  47
                        FIN SET 1 CA PARTIAL OUTPUT

       ******* FLIGHT CONDITIONS AND REFERENCE QUANTITIES *******
     MACH NO  =       0.80                REYNOLDS NO = 1.855E+07 /M
     ALTITUDE =        0.0 M         DYNAMIC PRESSURE =  45393.68 N/M**2
     SIDESLIP =       0.00 DEG                   ROLL =      0.00 DEG     
     REF AREA =      0.004 M**2         MOMENT CENTER =     0.710 M
     REF LENGTH =     1.28 M           LAT REF LENGTH =      1.28 M

    SINGLE FIN PANEL ZERO-LIFT AXIAL FORCE COMPONENTS

    SKIN FRICTION        0.0113
    SUBSONIC PRESSURE    0.0009
    TRANSONIC WAVE       0.0000
    SUPERSONIC WAVE      0.0000
    LEADING EDGE         0.0000
    TRAILING EDGE        0.0000
    TOTAL CAO            0.0122

    FIN AXIAL FORCE DUE TO ANGLE OF ATTACK

    ALPHA      CA DUE TO LIFT (SINGLE PANEL)   CA-TOTAL (4 FINS)

     -10.00              0.0000                      0.0483
      -8.00              0.0000                      0.0485
      -6.00              0.0000                      0.0487
      -4.00              0.0000                      0.0489
      -2.00              0.0000                      0.0490
       0.00              0.0000                      0.0490
       2.00              0.0000                      0.0490
       4.00              0.0000                      0.0489
       6.00              0.0000                      0.0487
       8.00              0.0000                      0.0485
      10.00              0.0000                      0.0483
1         ***** THE USAF AUTOMATED MISSILE DATCOM * REV 3/99 *****     CASE   1
               AERODYNAMIC METHODS FOR MISSILE CONFIGURATIONS          PAGE  48
                       FIN SET 1 CN, CM PARTIAL OUTPUT

       ******* FLIGHT CONDITIONS AND REFERENCE QUANTITIES *******
     MACH NO  =       0.80                REYNOLDS NO = 1.855E+07 /M
     ALTITUDE =        0.0 M         DYNAMIC PRESSURE =  45393.68 N/M**2
     SIDESLIP =       0.00 DEG                   ROLL =      0.00 DEG     
     REF AREA =      0.004 M**2         MOMENT CENTER =     0.710 M
     REF LENGTH =     1.28 M           LAT REF LENGTH =      1.28 M

    NORMAL FORCE SLOPE AT ALPHA ZERO, CNA =    0.04470/DEG (1 PANEL)
         CENTER OF PRESSURE FOR LINEAR CN =   -0.37955 (CALIBERS FROM C.G.)
     CENTER OF PRESSURE FOR NON-LINEAR CN =   -0.40446 (CALIBERS FROM C.G.)

      ALPHA      CN        CN        CN        CM        CM        CM
               LINEAR  NON-LINEAR  TOTAL     LINEAR  NON-LINEAR  TOTAL

     -10.00   -0.8760   -0.2265   -1.1025    0.3325    0.0916    0.4241
      -8.00   -0.7060   -0.1460   -0.8520    0.2680    0.0590    0.3270
      -6.00   -0.5325   -0.0826   -0.6152    0.2021    0.0334    0.2355
      -4.00   -0.3565   -0.0369   -0.3934    0.1353    0.0149    0.1502
      -2.00   -0.1787   -0.0093   -0.1879    0.0678    0.0038    0.0716
       0.00    0.0000    0.0000    0.0000    0.0000    0.0000    0.0000
       2.00    0.1787    0.0093    0.1879   -0.0678   -0.0038   -0.0716
       4.00    0.3565    0.0369    0.3934   -0.1353   -0.0149   -0.1502
       6.00    0.5325    0.0826    0.6152   -0.2021   -0.0334   -0.2355
       8.00    0.7060    0.1460    0.8520   -0.2680   -0.0590   -0.3270
      10.00    0.8760    0.2265    1.1025   -0.3325   -0.0916   -0.4241
1         ***** THE USAF AUTOMATED MISSILE DATCOM * REV 3/99 *****     CASE   1
               AERODYNAMIC METHODS FOR MISSILE CONFIGURATIONS          PAGE  49
                 AERODYNAMIC FORCE AND MOMENT SYNTHESIS

       ******* FLIGHT CONDITIONS AND REFERENCE QUANTITIES *******
     MACH NO  =       0.80                REYNOLDS NO = 1.855E+07 /M
     ALTITUDE =        0.0 M         DYNAMIC PRESSURE =  45393.68 N/M**2
     SIDESLIP =       0.00 DEG                   ROLL =      0.00 DEG     
     REF AREA =      0.004 M**2         MOMENT CENTER =     0.710 M
     REF LENGTH =     1.28 M           LAT REF LENGTH =      1.28 M

          ---------------FIN SET 1 IN PRESENCE OF THE BODY----------------

      ALPHA       CN         CM         CA         CY         CLN        CLL

     -10.00    -1.4836     0.5631     0.0548    -0.0136     0.0052    -0.0092
      -8.00    -1.1599     0.4402     0.0547    -0.0100     0.0038    -0.0092
      -6.00    -0.8604     0.3266     0.0546    -0.0050     0.0019    -0.0093
      -4.00    -0.5656     0.2147     0.0544    -0.0013     0.0005    -0.0091
      -2.00    -0.2709     0.1028     0.0541    -0.0002     0.0001    -0.0085
       0.00     0.0000     0.0000     0.0538     0.0000     0.0000    -0.0080
       2.00     0.2709    -0.1028     0.0541     0.0002    -0.0001    -0.0085
       4.00     0.5656    -0.2147     0.0544     0.0013    -0.0005    -0.0091
       6.00     0.8604    -0.3266     0.0546     0.0050    -0.0019    -0.0093
       8.00     1.1599    -0.4402     0.0547     0.0100    -0.0038    -0.0092
      10.00     1.4836    -0.5631     0.0548     0.0136    -0.0052    -0.0092
1         ***** THE USAF AUTOMATED MISSILE DATCOM * REV 3/99 *****     CASE   1
               AERODYNAMIC METHODS FOR MISSILE CONFIGURATIONS          PAGE  50
                 AERODYNAMIC FORCE AND MOMENT SYNTHESIS

       ******* FLIGHT CONDITIONS AND REFERENCE QUANTITIES *******
     MACH NO  =       0.80                REYNOLDS NO = 1.855E+07 /M
     ALTITUDE =        0.0 M         DYNAMIC PRESSURE =  45393.68 N/M**2
     SIDESLIP =       0.00 DEG                   ROLL =      0.00 DEG     
     REF AREA =      0.004 M**2         MOMENT CENTER =     0.710 M
     REF LENGTH =     1.28 M           LAT REF LENGTH =      1.28 M

          ---------------FIN SET 1 PANEL CHARACTERISTICS------------------

      ALPHA      PANEL    AEQ (PANEL AXIS SYS.)    PANEL CN

     -10.00        1              0.5633           0.0260
     -10.00        2            -11.9143          -0.6769
     -10.00        3              1.1613           0.0538
     -10.00        4             13.8192           0.8071
 
      -8.00        1              0.6353           0.0293
      -8.00        2             -9.4855          -0.5184
      -8.00        3              1.1151           0.0517
      -8.00        4             11.3884           0.6417
 
      -6.00        1              0.7075           0.0327
      -6.00        2             -7.1131          -0.3726
      -6.00        3              1.1157           0.0517
      -6.00        4              9.0020           0.4880
 
      -4.00        1              0.7818           0.0361
      -4.00        2             -4.6115          -0.2298
      -4.00        3              1.0928           0.0506
      -4.00        4              6.4884           0.3358
 
      -2.00        1              0.8592           0.0397
      -2.00        2             -1.8709          -0.0877
      -2.00        3              1.0163           0.0470
      -2.00        4              3.7470           0.1832
 
       0.00        1              0.9379           0.0434
       0.00        2              0.9379           0.0434
       0.00        3              0.9379           0.0434
       0.00        4              0.9379           0.0434
 
       2.00        1              1.0163           0.0470
       2.00        2              3.7470           0.1832
       2.00        3              0.8592           0.0397
       2.00        4             -1.8709          -0.0877
 
       4.00        1              1.0928           0.0506
       4.00        2              6.4884           0.3358
       4.00        3              0.7818           0.0361
       4.00        4             -4.6115          -0.2298
 
       6.00        1              1.1157           0.0517
       6.00        2              9.0020           0.4880
       6.00        3              0.7075           0.0327
       6.00        4             -7.1131          -0.3726
 
       8.00        1              1.1151           0.0517
       8.00        2             11.3884           0.6417
       8.00        3              0.6353           0.0293
       8.00        4             -9.4855          -0.5184
 
      10.00        1              1.1613           0.0538
      10.00        2             13.8192           0.8071
      10.00        3              0.5633           0.0260
      10.00        4            -11.9143          -0.6769
 
1         ***** THE USAF AUTOMATED MISSILE DATCOM * REV 3/99 *****     CASE   1
               AERODYNAMIC METHODS FOR MISSILE CONFIGURATIONS          PAGE  51
                 AERODYNAMIC FORCE AND MOMENT SYNTHESIS

       ******* FLIGHT CONDITIONS AND REFERENCE QUANTITIES *******
     MACH NO  =       0.80                REYNOLDS NO = 1.855E+07 /M
     ALTITUDE =        0.0 M         DYNAMIC PRESSURE =  45393.68 N/M**2
     SIDESLIP =       0.00 DEG                   ROLL =      0.00 DEG     
     REF AREA =      0.004 M**2         MOMENT CENTER =     0.710 M
     REF LENGTH =     1.28 M           LAT REF LENGTH =      1.28 M

             CARRYOVER INTERFERENCE FACTORS - FIN SET 1

      ALPHA   K-W(B)   K-B(W)  KK-W(B)  KK-B(W)  XCP-W(B) XCP-B(W) Y-CP/(B/2)

     -10.00   1.3269   0.5437   0.9354   0.3728   0.3795   0.3804   0.4491
      -8.00   1.3498   0.5437   0.9354   0.3728   0.3795   0.3804   0.4689
      -6.00   1.3712   0.5437   0.9354   0.3728   0.3795   0.3804   0.4820
      -4.00   1.3904   0.5437   0.9354   0.3728   0.3795   0.3804   0.4838
      -2.00   1.4058   0.5437   0.9354   0.3728   0.3795   0.3804   0.4723
       0.00   1.4145   0.5437   0.9354   0.3728   0.3795   0.3804   0.4542
       2.00   1.4058   0.5437   0.9354   0.3728   0.3795   0.3804   0.4599
       4.00   1.3904   0.5437   0.9354   0.3728   0.3795   0.3804   0.4765
       6.00   1.3712   0.5437   0.9354   0.3728   0.3795   0.3804   0.4863
       8.00   1.3498   0.5437   0.9354   0.3728   0.3795   0.3804   0.4798
      10.00   1.3269   0.5437   0.9354   0.3728   0.3795   0.3804   0.4647

    NOTE - XCP-W(B) USED FOR STABILITY ONLY DIFFERENT VALUES USED FOR HINGE MOMENTS
1         ***** THE USAF AUTOMATED MISSILE DATCOM * REV 3/99 *****     CASE   1
               AERODYNAMIC METHODS FOR MISSILE CONFIGURATIONS          PAGE  52
        FIN SET 1 PANEL BENDING MOMENTS (ABOUT EXPOSED ROOT CHORD)

       ******* FLIGHT CONDITIONS AND REFERENCE QUANTITIES *******
     MACH NO  =       0.80                REYNOLDS NO = 1.855E+07 /M
     ALTITUDE =        0.0 M         DYNAMIC PRESSURE =  45393.68 N/M**2
     SIDESLIP =       0.00 DEG                   ROLL =      0.00 DEG     
     REF AREA =      0.004 M**2         MOMENT CENTER =     0.710 M
     REF LENGTH =     1.28 M           LAT REF LENGTH =      1.28 M

   ALPHA   PANL 1   PANL 2   PANL 3   PANL 4   PANL 5   PANL 6   PANL 7   PANL 8
 
   -10.0  5.22E-04 -1.36E-02  1.08E-03  1.62E-02
    -8.0  6.15E-04 -1.09E-02  1.08E-03  1.35E-02
    -6.0  7.04E-04 -8.04E-03  1.11E-03  1.05E-02
    -4.0  7.82E-04 -4.97E-03  1.10E-03  7.27E-03
    -2.0  8.39E-04 -1.85E-03  9.94E-04  3.87E-03
     0.0  8.82E-04  8.82E-04  8.82E-04  8.82E-04
     2.0  9.68E-04  3.77E-03  8.17E-04 -1.80E-03
     4.0  1.08E-03  7.16E-03  7.70E-04 -4.90E-03
     6.0  1.13E-03  1.06E-02  7.11E-04 -8.11E-03
     8.0  1.11E-03  1.38E-02  6.29E-04 -1.11E-02
    10.0  1.12E-03  1.68E-02  5.40E-04 -1.41E-02
1         ***** THE USAF AUTOMATED MISSILE DATCOM * REV 3/99 *****     CASE   1
               AERODYNAMIC METHODS FOR MISSILE CONFIGURATIONS          PAGE  53
            FIN SET 1 PANEL HINGE MOMENTS (ABOUT HINGE LINE)

       ******* FLIGHT CONDITIONS AND REFERENCE QUANTITIES *******
     MACH NO  =       0.80                REYNOLDS NO = 1.855E+07 /M
     ALTITUDE =        0.0 M         DYNAMIC PRESSURE =  45393.68 N/M**2
     SIDESLIP =       0.00 DEG                   ROLL =      0.00 DEG     
     REF AREA =      0.004 M**2         MOMENT CENTER =     0.710 M
     REF LENGTH =     1.28 M           LAT REF LENGTH =      1.28 M

   ALPHA   PANL 1   PANL 2   PANL 3   PANL 4   PANL 5   PANL 6   PANL 7   PANL 8
 
   -10.0  1.06E-03 -2.75E-02  2.19E-03  3.28E-02
    -8.0  1.19E-03 -2.11E-02  2.10E-03  2.61E-02
    -6.0  1.33E-03 -1.52E-02  2.10E-03  1.99E-02
    -4.0  1.47E-03 -9.35E-03  2.06E-03  1.37E-02
    -2.0  1.62E-03 -3.57E-03  1.91E-03  7.45E-03
     0.0  1.76E-03  1.76E-03  1.76E-03  1.76E-03
     2.0  1.91E-03  7.45E-03  1.62E-03 -3.57E-03
     4.0  2.06E-03  1.37E-02  1.47E-03 -9.35E-03
     6.0  2.10E-03  1.99E-02  1.33E-03 -1.52E-02
     8.0  2.10E-03  2.61E-02  1.19E-03 -2.11E-02
    10.0  2.19E-03  3.28E-02  1.06E-03 -2.75E-02
1         ***** THE USAF AUTOMATED MISSILE DATCOM * REV 3/99 *****     CASE   1
               AERODYNAMIC METHODS FOR MISSILE CONFIGURATIONS          PAGE  54
                   STATIC AERODYNAMICS FOR BODY-FIN SET 1

       ******* FLIGHT CONDITIONS AND REFERENCE QUANTITIES *******
     MACH NO  =       0.80                REYNOLDS NO = 1.855E+07 /M
     ALTITUDE =        0.0 M         DYNAMIC PRESSURE =  45393.68 N/M**2
     SIDESLIP =       0.00 DEG                   ROLL =      0.00 DEG     
     REF AREA =      0.004 M**2         MOMENT CENTER =     0.710 M
     REF LENGTH =     1.28 M           LAT REF LENGTH =      1.28 M

                   ----- LONGITUDINAL -----     -- LATERAL DIRECTIONAL --
         ALPHA       CN        CM        CA        CY       CLN       CLL

        -10.00    -2.768     0.568     0.350    -0.019     0.007    -0.009
         -8.00    -2.099     0.437     0.353    -0.014     0.005    -0.009
         -6.00    -1.505     0.321     0.354    -0.007     0.003    -0.009
         -4.00    -0.956     0.209     0.355    -0.002     0.001    -0.009
         -2.00    -0.445     0.098     0.355     0.000     0.000    -0.009
          0.00     0.000     0.000     0.355     0.000     0.000    -0.008
          2.00     0.445    -0.098     0.355     0.000     0.000    -0.009
          4.00     0.956    -0.209     0.355     0.002    -0.001    -0.009
          6.00     1.505    -0.321     0.354     0.007    -0.003    -0.009
          8.00     2.099    -0.437     0.353     0.014    -0.005    -0.009
         10.00     2.768    -0.568     0.350     0.019    -0.007    -0.009

         ALPHA       CL        CD      CL/CD     X-C.P.

        -10.00    -2.665     0.826    -3.227    -0.205
         -8.00    -2.030     0.642    -3.164    -0.208
         -6.00    -1.460     0.510    -2.864    -0.213
         -4.00    -0.929     0.421    -2.208    -0.219
         -2.00    -0.432     0.370    -1.166    -0.221
          0.00     0.000     0.355     0.000    -0.380
          2.00     0.432     0.370     1.166    -0.221
          4.00     0.929     0.421     2.208    -0.219
          6.00     1.460     0.510     2.864    -0.213
          8.00     2.030     0.642     3.164    -0.208
         10.00     2.665     0.826     3.227    -0.205

    X-C.P. MEAS. FROM MOMENT CENTER IN REF. LENGTHS, NEG. AFT OF MOMENT CENTER
1         ***** THE USAF AUTOMATED MISSILE DATCOM * REV 3/99 *****     CASE   1
               AERODYNAMIC METHODS FOR MISSILE CONFIGURATIONS          PAGE  55
                   STATIC AERODYNAMICS FOR BODY-FIN SET 1

       ******* FLIGHT CONDITIONS AND REFERENCE QUANTITIES *******
     MACH NO  =       0.80                REYNOLDS NO = 1.855E+07 /M
     ALTITUDE =        0.0 M         DYNAMIC PRESSURE =  45393.68 N/M**2
     SIDESLIP =       0.00 DEG                   ROLL =      0.00 DEG     
     REF AREA =      0.004 M**2         MOMENT CENTER =     0.710 M
     REF LENGTH =     1.28 M           LAT REF LENGTH =      1.28 M

                   ---------- DERIVATIVES (PER DEGREE) ----------
         ALPHA       CNA         CMA         CYB         CLNB        CLLB
        -10.00      0.3531     -0.0690     -0.2071      0.0307     -0.0009
         -8.00      0.3156     -0.0616     -0.1992      0.0308     -0.0009
         -6.00      0.2857     -0.0570     -0.2095      0.0378     -0.0006
         -4.00      0.2651     -0.0557     -0.2189      0.0445     -0.0002
         -2.00      0.2390     -0.0523     -0.2186      0.0473     -0.0002
          0.00      0.2223     -0.0491     -0.2166      0.0477     -0.0002
          2.00      0.2390     -0.0523     -0.2191      0.0475     -0.0002
          4.00      0.2651     -0.0557     -0.2183      0.0442      0.0000
          6.00      0.2857     -0.0570     -0.2091      0.0377      0.0003
          8.00      0.3156     -0.0616     -0.1984      0.0305      0.0008
         10.00      0.3531     -0.0690     -0.2067      0.0305      0.0008

    PANEL DEFLECTION ANGLES (DEGREES)
    SET    FIN 1   FIN 2   FIN 3   FIN 4   FIN 5   FIN 6   FIN 7   FIN 8
      1    1.60    1.60    1.60    1.60
1         ***** THE USAF AUTOMATED MISSILE DATCOM * REV 3/99 *****     CASE   1
               AERODYNAMIC METHODS FOR MISSILE CONFIGURATIONS          PAGE  56
                             BODY ALONE PARTIAL OUTPUT

       ******* FLIGHT CONDITIONS AND REFERENCE QUANTITIES *******
     MACH NO  =       0.90                REYNOLDS NO = 2.087E+07 /M
     ALTITUDE =        0.0 M         DYNAMIC PRESSURE =  57451.37 N/M**2
     SIDESLIP =       0.00 DEG                   ROLL =      0.00 DEG     
     REF AREA =      0.004 M**2         MOMENT CENTER =     0.710 M
     REF LENGTH =     1.28 M           LAT REF LENGTH =      1.28 M

      ALPHA    CA-FRIC  CA-PRES/WAVE CA-BASE    CA-PROT     CA-SEP     CA-ALP
     -10.00     0.1629     0.1009     0.0539                           0.0025
      -8.00     0.1647     0.1021     0.0541                           0.0021
      -6.00     0.1661     0.1029     0.0542                           0.0013
      -4.00     0.1671     0.1036     0.0542                           0.0006
      -2.00     0.1677     0.1040     0.0542                           0.0002
       0.00     0.1679     0.1041     0.0541                           0.0000
       2.00     0.1677     0.1040     0.0542                           0.0002
       4.00     0.1671     0.1036     0.0542                           0.0006
       6.00     0.1661     0.1029     0.0542                           0.0013
       8.00     0.1647     0.1021     0.0541                           0.0021
      10.00     0.1629     0.1009     0.0539                           0.0025

                     CROSS FLOW DRAG PROPORTIONALITY FACTOR = 0.76398

      ALPHA    CN-POTEN  CN-VISC   CN-SEP    CM-POTEN  CM-VISC   CM-SEP    CDC
     -10.00    -0.212    -0.422              -0.242    -0.011             0.836
      -8.00    -0.171    -0.265              -0.195    -0.007             0.817
      -6.00    -0.129    -0.146              -0.148    -0.004             0.798
      -4.00    -0.087    -0.063              -0.099    -0.002             0.778
      -2.00    -0.043    -0.015              -0.050     0.000             0.759
       0.00     0.000     0.000               0.000     0.000             0.740
       2.00     0.043     0.015               0.050     0.000             0.759
       4.00     0.087     0.063               0.099     0.002             0.778
       6.00     0.129     0.146               0.148     0.004             0.798
       8.00     0.171     0.265               0.195     0.007             0.817
      10.00     0.212     0.422               0.242     0.011             0.836
1         ***** THE USAF AUTOMATED MISSILE DATCOM * REV 3/99 *****     CASE   1
               AERODYNAMIC METHODS FOR MISSILE CONFIGURATIONS          PAGE  57
                        FIN SET 1 CA PARTIAL OUTPUT

       ******* FLIGHT CONDITIONS AND REFERENCE QUANTITIES *******
     MACH NO  =       0.90                REYNOLDS NO = 2.087E+07 /M
     ALTITUDE =        0.0 M         DYNAMIC PRESSURE =  57451.37 N/M**2
     SIDESLIP =       0.00 DEG                   ROLL =      0.00 DEG     
     REF AREA =      0.004 M**2         MOMENT CENTER =     0.710 M
     REF LENGTH =     1.28 M           LAT REF LENGTH =      1.28 M

    SINGLE FIN PANEL ZERO-LIFT AXIAL FORCE COMPONENTS

    SKIN FRICTION        0.0110
    SUBSONIC PRESSURE    0.0009
    TRANSONIC WAVE       0.0135
    SUPERSONIC WAVE      0.0000
    LEADING EDGE         0.0000
    TRAILING EDGE        0.0000
    TOTAL CAO            0.0254

    FIN AXIAL FORCE DUE TO ANGLE OF ATTACK

    ALPHA      CA DUE TO LIFT (SINGLE PANEL)   CA-TOTAL (4 FINS)

     -10.00              0.0000                      0.1001
      -8.00              0.0000                      0.1007
      -6.00              0.0000                      0.1011
      -4.00              0.0000                      0.1014
      -2.00              0.0000                      0.1016
       0.00              0.0000                      0.1017
       2.00              0.0000                      0.1016
       4.00              0.0000                      0.1014
       6.00              0.0000                      0.1011
       8.00              0.0000                      0.1007
      10.00              0.0000                      0.1001
1         ***** THE USAF AUTOMATED MISSILE DATCOM * REV 3/99 *****     CASE   1
               AERODYNAMIC METHODS FOR MISSILE CONFIGURATIONS          PAGE  58
                       FIN SET 1 CN, CM PARTIAL OUTPUT

       ******* FLIGHT CONDITIONS AND REFERENCE QUANTITIES *******
     MACH NO  =       0.90                REYNOLDS NO = 2.087E+07 /M
     ALTITUDE =        0.0 M         DYNAMIC PRESSURE =  57451.37 N/M**2
     SIDESLIP =       0.00 DEG                   ROLL =      0.00 DEG     
     REF AREA =      0.004 M**2         MOMENT CENTER =     0.710 M
     REF LENGTH =     1.28 M           LAT REF LENGTH =      1.28 M

    NORMAL FORCE SLOPE AT ALPHA ZERO, CNA =    0.04566/DEG (1 PANEL)
         CENTER OF PRESSURE FOR LINEAR CN =   -0.37874 (CALIBERS FROM C.G.)
     CENTER OF PRESSURE FOR NON-LINEAR CN =   -0.40446 (CALIBERS FROM C.G.)

      ALPHA      CN        CN        CN        CM        CM        CM
               LINEAR  NON-LINEAR  TOTAL     LINEAR  NON-LINEAR  TOTAL

     -10.00   -0.8947   -0.2154   -1.1101    0.3389    0.0871    0.4260
      -8.00   -0.7211   -0.1392   -0.8602    0.2731    0.0563    0.3294
      -6.00   -0.5439   -0.0789   -0.6228    0.2060    0.0319    0.2379
      -4.00   -0.3641   -0.0353   -0.3994    0.1379    0.0143    0.1522
      -2.00   -0.1825   -0.0089   -0.1914    0.0691    0.0036    0.0727
       0.00    0.0000    0.0000    0.0000    0.0000    0.0000    0.0000
       2.00    0.1825    0.0089    0.1914   -0.0691   -0.0036   -0.0727
       4.00    0.3641    0.0353    0.3994   -0.1379   -0.0143   -0.1522
       6.00    0.5439    0.0789    0.6228   -0.2060   -0.0319   -0.2379
       8.00    0.7211    0.1392    0.8602   -0.2731   -0.0563   -0.3294
      10.00    0.8947    0.2154    1.1101   -0.3389   -0.0871   -0.4260
1         ***** THE USAF AUTOMATED MISSILE DATCOM * REV 3/99 *****     CASE   1
               AERODYNAMIC METHODS FOR MISSILE CONFIGURATIONS          PAGE  59
                 AERODYNAMIC FORCE AND MOMENT SYNTHESIS

       ******* FLIGHT CONDITIONS AND REFERENCE QUANTITIES *******
     MACH NO  =       0.90                REYNOLDS NO = 2.087E+07 /M
     ALTITUDE =        0.0 M         DYNAMIC PRESSURE =  57451.37 N/M**2
     SIDESLIP =       0.00 DEG                   ROLL =      0.00 DEG     
     REF AREA =      0.004 M**2         MOMENT CENTER =     0.710 M
     REF LENGTH =     1.28 M           LAT REF LENGTH =      1.28 M

          ---------------FIN SET 1 IN PRESENCE OF THE BODY----------------

      ALPHA       CN         CM         CA         CY         CLN        CLL

     -10.00    -1.4885     0.5638     0.1075    -0.0132     0.0050    -0.0092
      -8.00    -1.1670     0.4420     0.1074    -0.0099     0.0037    -0.0093
      -6.00    -0.8685     0.3289     0.1073    -0.0049     0.0018    -0.0094
      -4.00    -0.5729     0.2170     0.1071    -0.0012     0.0005    -0.0092
      -2.00    -0.2754     0.1043     0.1068    -0.0002     0.0001    -0.0086
       0.00     0.0000     0.0000     0.1066     0.0000     0.0000    -0.0081
       2.00     0.2754    -0.1043     0.1068     0.0002    -0.0001    -0.0086
       4.00     0.5729    -0.2170     0.1071     0.0012    -0.0005    -0.0092
       6.00     0.8685    -0.3289     0.1073     0.0049    -0.0018    -0.0094
       8.00     1.1670    -0.4420     0.1074     0.0099    -0.0037    -0.0093
      10.00     1.4885    -0.5638     0.1075     0.0132    -0.0050    -0.0092
1         ***** THE USAF AUTOMATED MISSILE DATCOM * REV 3/99 *****     CASE   1
               AERODYNAMIC METHODS FOR MISSILE CONFIGURATIONS          PAGE  60
                 AERODYNAMIC FORCE AND MOMENT SYNTHESIS

       ******* FLIGHT CONDITIONS AND REFERENCE QUANTITIES *******
     MACH NO  =       0.90                REYNOLDS NO = 2.087E+07 /M
     ALTITUDE =        0.0 M         DYNAMIC PRESSURE =  57451.37 N/M**2
     SIDESLIP =       0.00 DEG                   ROLL =      0.00 DEG     
     REF AREA =      0.004 M**2         MOMENT CENTER =     0.710 M
     REF LENGTH =     1.28 M           LAT REF LENGTH =      1.28 M

          ---------------FIN SET 1 PANEL CHARACTERISTICS------------------

      ALPHA      PANEL    AEQ (PANEL AXIS SYS.)    PANEL CN

     -10.00        1              0.5632           0.0265
     -10.00        2            -11.9181          -0.6801
     -10.00        3              1.1614           0.0549
     -10.00        4             13.8230           0.8088
 
      -8.00        1              0.6353           0.0299
      -8.00        2             -9.4846          -0.5223
      -8.00        3              1.1139           0.0526
      -8.00        4             11.3878           0.6450
 
      -6.00        1              0.7075           0.0333
      -6.00        2             -7.1132          -0.3766
      -6.00        3              1.1153           0.0527
      -6.00        4              9.0022           0.4920
 
      -4.00        1              0.7818           0.0368
      -4.00        2             -4.6120          -0.2331
      -4.00        3              1.0928           0.0516
      -4.00        4              6.4889           0.3398
 
      -2.00        1              0.8592           0.0405
      -2.00        2             -1.8710          -0.0893
      -2.00        3              1.0163           0.0479
      -2.00        4              3.7470           0.1861
 
       0.00        1              0.9379           0.0442
       0.00        2              0.9379           0.0442
       0.00        3              0.9379           0.0442
       0.00        4              0.9379           0.0442
 
       2.00        1              1.0163           0.0479
       2.00        2              3.7470           0.1861
       2.00        3              0.8592           0.0405
       2.00        4             -1.8710          -0.0893
 
       4.00        1              1.0928           0.0516
       4.00        2              6.4889           0.3398
       4.00        3              0.7818           0.0368
       4.00        4             -4.6120          -0.2331
 
       6.00        1              1.1153           0.0527
       6.00        2              9.0022           0.4920
       6.00        3              0.7075           0.0333
       6.00        4             -7.1132          -0.3766
 
       8.00        1              1.1139           0.0526
       8.00        2             11.3878           0.6450
       8.00        3              0.6353           0.0299
       8.00        4             -9.4846          -0.5223
 
      10.00        1              1.1614           0.0549
      10.00        2             13.8230           0.8088
      10.00        3              0.5632           0.0265
      10.00        4            -11.9181          -0.6801
 
1         ***** THE USAF AUTOMATED MISSILE DATCOM * REV 3/99 *****     CASE   1
               AERODYNAMIC METHODS FOR MISSILE CONFIGURATIONS          PAGE  61
                 AERODYNAMIC FORCE AND MOMENT SYNTHESIS

       ******* FLIGHT CONDITIONS AND REFERENCE QUANTITIES *******
     MACH NO  =       0.90                REYNOLDS NO = 2.087E+07 /M
     ALTITUDE =        0.0 M         DYNAMIC PRESSURE =  57451.37 N/M**2
     SIDESLIP =       0.00 DEG                   ROLL =      0.00 DEG     
     REF AREA =      0.004 M**2         MOMENT CENTER =     0.710 M
     REF LENGTH =     1.28 M           LAT REF LENGTH =      1.28 M

             CARRYOVER INTERFERENCE FACTORS - FIN SET 1

      ALPHA   K-W(B)   K-B(W)  KK-W(B)  KK-B(W)  XCP-W(B) XCP-B(W) Y-CP/(B/2)

     -10.00   1.3273   0.5437   0.9354   0.3728   0.3787   0.3804   0.4524
      -8.00   1.3501   0.5437   0.9354   0.3728   0.3787   0.3804   0.4705
      -6.00   1.3714   0.5437   0.9354   0.3728   0.3787   0.3804   0.4812
      -4.00   1.3905   0.5437   0.9354   0.3728   0.3787   0.3804   0.4808
      -2.00   1.4059   0.5437   0.9354   0.3728   0.3787   0.3804   0.4668
       0.00   1.4145   0.5437   0.9354   0.3728   0.3787   0.3804   0.4504
       2.00   1.4059   0.5437   0.9354   0.3728   0.3787   0.3804   0.4556
       4.00   1.3905   0.5437   0.9354   0.3728   0.3787   0.3804   0.4714
       6.00   1.3714   0.5437   0.9354   0.3728   0.3787   0.3804   0.4841
       8.00   1.3501   0.5437   0.9354   0.3728   0.3787   0.3804   0.4796
      10.00   1.3273   0.5437   0.9354   0.3728   0.3787   0.3804   0.4667

    NOTE - XCP-W(B) USED FOR STABILITY ONLY DIFFERENT VALUES USED FOR HINGE MOMENTS
1         ***** THE USAF AUTOMATED MISSILE DATCOM * REV 3/99 *****     CASE   1
               AERODYNAMIC METHODS FOR MISSILE CONFIGURATIONS          PAGE  62
        FIN SET 1 PANEL BENDING MOMENTS (ABOUT EXPOSED ROOT CHORD)

       ******* FLIGHT CONDITIONS AND REFERENCE QUANTITIES *******
     MACH NO  =       0.90                REYNOLDS NO = 2.087E+07 /M
     ALTITUDE =        0.0 M         DYNAMIC PRESSURE =  57451.37 N/M**2
     SIDESLIP =       0.00 DEG                   ROLL =      0.00 DEG     
     REF AREA =      0.004 M**2         MOMENT CENTER =     0.710 M
     REF LENGTH =     1.28 M           LAT REF LENGTH =      1.28 M

   ALPHA   PANL 1   PANL 2   PANL 3   PANL 4   PANL 5   PANL 6   PANL 7   PANL 8
 
   -10.0  5.36E-04 -1.38E-02  1.11E-03  1.64E-02
    -8.0  6.29E-04 -1.10E-02  1.11E-03  1.36E-02
    -6.0  7.17E-04 -8.11E-03  1.13E-03  1.06E-02
    -4.0  7.92E-04 -5.02E-03  1.11E-03  7.31E-03
    -2.0  8.46E-04 -1.87E-03  1.00E-03  3.89E-03
     0.0  8.91E-04  8.91E-04  8.91E-04  8.91E-04
     2.0  9.77E-04  3.79E-03  8.25E-04 -1.82E-03
     4.0  1.09E-03  7.17E-03  7.76E-04 -4.92E-03
     6.0  1.14E-03  1.07E-02  7.21E-04 -8.16E-03
     8.0  1.13E-03  1.38E-02  6.41E-04 -1.12E-02
    10.0  1.15E-03  1.69E-02  5.53E-04 -1.42E-02
1         ***** THE USAF AUTOMATED MISSILE DATCOM * REV 3/99 *****     CASE   1
               AERODYNAMIC METHODS FOR MISSILE CONFIGURATIONS          PAGE  63
            FIN SET 1 PANEL HINGE MOMENTS (ABOUT HINGE LINE)

       ******* FLIGHT CONDITIONS AND REFERENCE QUANTITIES *******
     MACH NO  =       0.90                REYNOLDS NO = 2.087E+07 /M
     ALTITUDE =        0.0 M         DYNAMIC PRESSURE =  57451.37 N/M**2
     SIDESLIP =       0.00 DEG                   ROLL =      0.00 DEG     
     REF AREA =      0.004 M**2         MOMENT CENTER =     0.710 M
     REF LENGTH =     1.28 M           LAT REF LENGTH =      1.28 M

   ALPHA   PANL 1   PANL 2   PANL 3   PANL 4   PANL 5   PANL 6   PANL 7   PANL 8
 
   -10.0  1.10E-03 -2.82E-02  2.28E-03  3.36E-02
    -8.0  1.24E-03 -2.17E-02  2.18E-03  2.68E-02
    -6.0  1.38E-03 -1.56E-02  2.19E-03  2.04E-02
    -4.0  1.53E-03 -9.67E-03  2.14E-03  1.41E-02
    -2.0  1.68E-03 -3.71E-03  1.99E-03  7.72E-03
     0.0  1.83E-03  1.83E-03  1.83E-03  1.83E-03
     2.0  1.99E-03  7.72E-03  1.68E-03 -3.71E-03
     4.0  2.14E-03  1.41E-02  1.53E-03 -9.67E-03
     6.0  2.19E-03  2.04E-02  1.38E-03 -1.56E-02
     8.0  2.18E-03  2.68E-02  1.24E-03 -2.17E-02
    10.0  2.28E-03  3.36E-02  1.10E-03 -2.82E-02
1         ***** THE USAF AUTOMATED MISSILE DATCOM * REV 3/99 *****     CASE   1
               AERODYNAMIC METHODS FOR MISSILE CONFIGURATIONS          PAGE  64
                   STATIC AERODYNAMICS FOR BODY-FIN SET 1

       ******* FLIGHT CONDITIONS AND REFERENCE QUANTITIES *******
     MACH NO  =       0.90                REYNOLDS NO = 2.087E+07 /M
     ALTITUDE =        0.0 M         DYNAMIC PRESSURE =  57451.37 N/M**2
     SIDESLIP =       0.00 DEG                   ROLL =      0.00 DEG     
     REF AREA =      0.004 M**2         MOMENT CENTER =     0.710 M
     REF LENGTH =     1.28 M           LAT REF LENGTH =      1.28 M

                   ----- LONGITUDINAL -----     -- LATERAL DIRECTIONAL --
         ALPHA       CN        CM        CA        CY       CLN       CLL

        -10.00    -2.732     0.542     0.428    -0.019     0.007    -0.009
         -8.00    -2.073     0.418     0.430    -0.014     0.005    -0.009
         -6.00    -1.488     0.308     0.432    -0.007     0.003    -0.009
         -4.00    -0.947     0.202     0.433    -0.002     0.001    -0.009
         -2.00    -0.441     0.095     0.433     0.000     0.000    -0.009
          0.00     0.000     0.000     0.433     0.000     0.000    -0.008
          2.00     0.441    -0.095     0.433     0.000     0.000    -0.009
          4.00     0.947    -0.202     0.433     0.002    -0.001    -0.009
          6.00     1.488    -0.308     0.432     0.007    -0.003    -0.009
          8.00     2.073    -0.418     0.430     0.014    -0.005    -0.009
         10.00     2.732    -0.542     0.428     0.019    -0.007    -0.009

         ALPHA       CL        CD      CL/CD     X-C.P.

        -10.00    -2.617     0.896    -2.921    -0.198
         -8.00    -1.993     0.715    -2.789    -0.202
         -6.00    -1.435     0.585    -2.452    -0.207
         -4.00    -0.914     0.498    -1.838    -0.213
         -2.00    -0.425     0.448    -0.950    -0.215
          0.00     0.000     0.433     0.000    -0.379
          2.00     0.425     0.448     0.950    -0.215
          4.00     0.914     0.498     1.838    -0.213
          6.00     1.435     0.585     2.452    -0.207
          8.00     1.993     0.715     2.789    -0.202
         10.00     2.617     0.896     2.921    -0.198

    X-C.P. MEAS. FROM MOMENT CENTER IN REF. LENGTHS, NEG. AFT OF MOMENT CENTER
1         ***** THE USAF AUTOMATED MISSILE DATCOM * REV 3/99 *****     CASE   1
               AERODYNAMIC METHODS FOR MISSILE CONFIGURATIONS          PAGE  65
                   STATIC AERODYNAMICS FOR BODY-FIN SET 1

       ******* FLIGHT CONDITIONS AND REFERENCE QUANTITIES *******
     MACH NO  =       0.90                REYNOLDS NO = 2.087E+07 /M
     ALTITUDE =        0.0 M         DYNAMIC PRESSURE =  57451.37 N/M**2
     SIDESLIP =       0.00 DEG                   ROLL =      0.00 DEG     
     REF AREA =      0.004 M**2         MOMENT CENTER =     0.710 M
     REF LENGTH =     1.28 M           LAT REF LENGTH =      1.28 M

                   ---------- DERIVATIVES (PER DEGREE) ----------
         ALPHA       CNA         CMA         CYB         CLNB        CLLB
        -10.00      0.3483     -0.0655     -0.2055      0.0290     -0.0009
         -8.00      0.3110     -0.0585     -0.1970      0.0289     -0.0010
         -6.00      0.2815     -0.0542     -0.2075      0.0361     -0.0006
         -4.00      0.2618     -0.0534     -0.2173      0.0429     -0.0002
         -2.00      0.2367     -0.0504     -0.2169      0.0457     -0.0001
          0.00      0.2204     -0.0474     -0.2149      0.0461     -0.0002
          2.00      0.2367     -0.0504     -0.2175      0.0459     -0.0002
          4.00      0.2618     -0.0534     -0.2166      0.0426      0.0000
          6.00      0.2815     -0.0542     -0.2072      0.0359      0.0003
          8.00      0.3110     -0.0585     -0.1962      0.0286      0.0008
         10.00      0.3483     -0.0655     -0.2051      0.0288      0.0008

    PANEL DEFLECTION ANGLES (DEGREES)
    SET    FIN 1   FIN 2   FIN 3   FIN 4   FIN 5   FIN 6   FIN 7   FIN 8
      1    1.60    1.60    1.60    1.60
1         ***** THE USAF AUTOMATED MISSILE DATCOM * REV 3/99 *****     CASE   1
               AERODYNAMIC METHODS FOR MISSILE CONFIGURATIONS          PAGE  66
                             BODY ALONE PARTIAL OUTPUT

       ******* FLIGHT CONDITIONS AND REFERENCE QUANTITIES *******
     MACH NO  =       1.00                REYNOLDS NO = 2.318E+07 /M
     ALTITUDE =        0.0 M         DYNAMIC PRESSURE =  70927.62 N/M**2
     SIDESLIP =       0.00 DEG                   ROLL =      0.00 DEG     
     REF AREA =      0.004 M**2         MOMENT CENTER =     0.710 M
     REF LENGTH =     1.28 M           LAT REF LENGTH =      1.28 M

      ALPHA    CA-FRIC  CA-PRES/WAVE CA-BASE    CA-PROT     CA-SEP     CA-ALP
     -10.00     0.1584     0.1815     0.0743                           0.0034
      -8.00     0.1601     0.1835     0.0746                           0.0027
      -6.00     0.1615     0.1851     0.0748                           0.0017
      -4.00     0.1625     0.1862     0.0749                           0.0008
      -2.00     0.1631     0.1869     0.0749                           0.0002
       0.00     0.1633     0.1871     0.0748                           0.0000
       2.00     0.1631     0.1869     0.0749                           0.0002
       4.00     0.1625     0.1862     0.0749                           0.0008
       6.00     0.1615     0.1851     0.0748                           0.0017
       8.00     0.1601     0.1835     0.0746                           0.0027
      10.00     0.1584     0.1815     0.0743                           0.0034

                     CROSS FLOW DRAG PROPORTIONALITY FACTOR = 0.88077

      ALPHA    CN-POTEN  CN-VISC   CN-SEP    CM-POTEN  CM-VISC   CM-SEP    CDC
     -10.00    -0.274    -0.493              -0.220    -0.013             0.846
      -8.00    -0.221    -0.309              -0.177    -0.008             0.825
      -6.00    -0.167    -0.170              -0.134    -0.005             0.804
      -4.00    -0.112    -0.074              -0.090    -0.002             0.783
      -2.00    -0.056    -0.018              -0.045     0.000             0.761
       0.00     0.000     0.000               0.000     0.000             0.740
       2.00     0.056     0.018               0.045     0.000             0.761
       4.00     0.112     0.074               0.090     0.002             0.783
       6.00     0.167     0.170               0.134     0.005             0.804
       8.00     0.221     0.309               0.177     0.008             0.825
      10.00     0.274     0.493               0.220     0.013             0.846
1         ***** THE USAF AUTOMATED MISSILE DATCOM * REV 3/99 *****     CASE   1
               AERODYNAMIC METHODS FOR MISSILE CONFIGURATIONS          PAGE  67
                        FIN SET 1 CA PARTIAL OUTPUT

       ******* FLIGHT CONDITIONS AND REFERENCE QUANTITIES *******
     MACH NO  =       1.00                REYNOLDS NO = 2.318E+07 /M
     ALTITUDE =        0.0 M         DYNAMIC PRESSURE =  70927.62 N/M**2
     SIDESLIP =       0.00 DEG                   ROLL =      0.00 DEG     
     REF AREA =      0.004 M**2         MOMENT CENTER =     0.710 M
     REF LENGTH =     1.28 M           LAT REF LENGTH =      1.28 M

    SINGLE FIN PANEL ZERO-LIFT AXIAL FORCE COMPONENTS

    SKIN FRICTION        0.0107
    SUBSONIC PRESSURE    0.0009
    TRANSONIC WAVE       0.0271
    SUPERSONIC WAVE      0.0000
    LEADING EDGE         0.0000
    TRAILING EDGE        0.0000
    TOTAL CAO            0.0386

    FIN AXIAL FORCE DUE TO ANGLE OF ATTACK

    ALPHA      CA DUE TO LIFT (SINGLE PANEL)   CA-TOTAL (4 FINS)

     -10.00              0.0000                      0.1522
      -8.00              0.0000                      0.1530
      -6.00              0.0000                      0.1537
      -4.00              0.0000                      0.1541
      -2.00              0.0000                      0.1544
       0.00              0.0000                      0.1545
       2.00              0.0000                      0.1544
       4.00              0.0000                      0.1541
       6.00              0.0000                      0.1537
       8.00              0.0000                      0.1530
      10.00              0.0000                      0.1522
1         ***** THE USAF AUTOMATED MISSILE DATCOM * REV 3/99 *****     CASE   1
               AERODYNAMIC METHODS FOR MISSILE CONFIGURATIONS          PAGE  68
                       FIN SET 1 CN, CM PARTIAL OUTPUT

       ******* FLIGHT CONDITIONS AND REFERENCE QUANTITIES *******
     MACH NO  =       1.00                REYNOLDS NO = 2.318E+07 /M
     ALTITUDE =        0.0 M         DYNAMIC PRESSURE =  70927.62 N/M**2
     SIDESLIP =       0.00 DEG                   ROLL =      0.00 DEG     
     REF AREA =      0.004 M**2         MOMENT CENTER =     0.710 M
     REF LENGTH =     1.28 M           LAT REF LENGTH =      1.28 M

    NORMAL FORCE SLOPE AT ALPHA ZERO, CNA =    0.04728/DEG (1 PANEL)
         CENTER OF PRESSURE FOR LINEAR CN =   -0.37128 (CALIBERS FROM C.G.)
     CENTER OF PRESSURE FOR NON-LINEAR CN =   -0.40446 (CALIBERS FROM C.G.)

      ALPHA      CN        CN        CN        CM        CM        CM
               LINEAR  NON-LINEAR  TOTAL     LINEAR  NON-LINEAR  TOTAL

     -10.00   -0.9264   -0.2006   -1.1271    0.3440    0.0811    0.4251
      -8.00   -0.7466   -0.1299   -0.8766    0.2772    0.0526    0.3298
      -6.00   -0.5632   -0.0739   -0.6371    0.2091    0.0299    0.2390
      -4.00   -0.3770   -0.0332   -0.4102    0.1400    0.0134    0.1534
      -2.00   -0.1890   -0.0084   -0.1973    0.0702    0.0034    0.0735
       0.00    0.0000    0.0000    0.0000    0.0000    0.0000    0.0000
       2.00    0.1890    0.0084    0.1973   -0.0702   -0.0034   -0.0735
       4.00    0.3770    0.0332    0.4102   -0.1400   -0.0134   -0.1534
       6.00    0.5632    0.0739    0.6371   -0.2091   -0.0299   -0.2390
       8.00    0.7466    0.1299    0.8766   -0.2772   -0.0526   -0.3298
      10.00    0.9264    0.2006    1.1271   -0.3440   -0.0811   -0.4251
1         ***** THE USAF AUTOMATED MISSILE DATCOM * REV 3/99 *****     CASE   1
               AERODYNAMIC METHODS FOR MISSILE CONFIGURATIONS          PAGE  69
                 AERODYNAMIC FORCE AND MOMENT SYNTHESIS

       ******* FLIGHT CONDITIONS AND REFERENCE QUANTITIES *******
     MACH NO  =       1.00                REYNOLDS NO = 2.318E+07 /M
     ALTITUDE =        0.0 M         DYNAMIC PRESSURE =  70927.62 N/M**2
     SIDESLIP =       0.00 DEG                   ROLL =      0.00 DEG     
     REF AREA =      0.004 M**2         MOMENT CENTER =     0.710 M
     REF LENGTH =     1.28 M           LAT REF LENGTH =      1.28 M

          ---------------FIN SET 1 IN PRESENCE OF THE BODY----------------

      ALPHA       CN         CM         CA         CY         CLN        CLL

     -10.00    -1.4966     0.5556     0.1603    -0.0126     0.0047    -0.0094
      -8.00    -1.1793     0.4379     0.1602    -0.0096     0.0036    -0.0095
      -6.00    -0.8826     0.3277     0.1602    -0.0047     0.0018    -0.0095
      -4.00    -0.5856     0.2174     0.1600    -0.0011     0.0004    -0.0094
      -2.00    -0.2832     0.1051     0.1598    -0.0002     0.0001    -0.0088
       0.00     0.0000     0.0000     0.1595     0.0000     0.0000    -0.0084
       2.00     0.2832    -0.1051     0.1598     0.0002    -0.0001    -0.0088
       4.00     0.5856    -0.2174     0.1600     0.0011    -0.0004    -0.0094
       6.00     0.8826    -0.3277     0.1602     0.0047    -0.0018    -0.0095
       8.00     1.1793    -0.4379     0.1602     0.0096    -0.0036    -0.0095
      10.00     1.4966    -0.5556     0.1603     0.0126    -0.0047    -0.0094
1         ***** THE USAF AUTOMATED MISSILE DATCOM * REV 3/99 *****     CASE   1
               AERODYNAMIC METHODS FOR MISSILE CONFIGURATIONS          PAGE  70
                 AERODYNAMIC FORCE AND MOMENT SYNTHESIS

       ******* FLIGHT CONDITIONS AND REFERENCE QUANTITIES *******
     MACH NO  =       1.00                REYNOLDS NO = 2.318E+07 /M
     ALTITUDE =        0.0 M         DYNAMIC PRESSURE =  70927.62 N/M**2
     SIDESLIP =       0.00 DEG                   ROLL =      0.00 DEG     
     REF AREA =      0.004 M**2         MOMENT CENTER =     0.710 M
     REF LENGTH =     1.28 M           LAT REF LENGTH =      1.28 M

          ---------------FIN SET 1 PANEL CHARACTERISTICS------------------

      ALPHA      PANEL    AEQ (PANEL AXIS SYS.)    PANEL CN

     -10.00        1              0.5646           0.0274
     -10.00        2            -11.8686          -0.6848
     -10.00        3              1.1599           0.0566
     -10.00        4             13.7735           0.8122
 
      -8.00        1              0.6362           0.0309
      -8.00        2             -9.4505          -0.5286
      -8.00        3              1.1117           0.0542
      -8.00        4             11.3540           0.6509
 
      -6.00        1              0.7079           0.0344
      -6.00        2             -7.0959          -0.3834
      -6.00        3              1.1144           0.0543
      -6.00        4              8.9850           0.4994
 
      -4.00        1              0.7820           0.0380
      -4.00        2             -4.6058          -0.2388
      -4.00        3              1.0927           0.0533
      -4.00        4              6.4826           0.3469
 
      -2.00        1              0.8592           0.0418
      -2.00        2             -1.8699          -0.0920
      -2.00        3              1.0162           0.0495
      -2.00        4              3.7459           0.1911
 
       0.00        1              0.9379           0.0457
       0.00        2              0.9379           0.0457
       0.00        3              0.9379           0.0457
       0.00        4              0.9379           0.0457
 
       2.00        1              1.0162           0.0495
       2.00        2              3.7459           0.1911
       2.00        3              0.8592           0.0418
       2.00        4             -1.8699          -0.0920
 
       4.00        1              1.0927           0.0533
       4.00        2              6.4826           0.3469
       4.00        3              0.7820           0.0380
       4.00        4             -4.6058          -0.2388
 
       6.00        1              1.1144           0.0543
       6.00        2              8.9850           0.4994
       6.00        3              0.7079           0.0344
       6.00        4             -7.0959          -0.3834
 
       8.00        1              1.1117           0.0542
       8.00        2             11.3540           0.6509
       8.00        3              0.6362           0.0309
       8.00        4             -9.4505          -0.5286
 
      10.00        1              1.1599           0.0566
      10.00        2             13.7735           0.8122
      10.00        3              0.5646           0.0274
      10.00        4            -11.8686          -0.6848
 
1         ***** THE USAF AUTOMATED MISSILE DATCOM * REV 3/99 *****     CASE   1
               AERODYNAMIC METHODS FOR MISSILE CONFIGURATIONS          PAGE  71
                 AERODYNAMIC FORCE AND MOMENT SYNTHESIS

       ******* FLIGHT CONDITIONS AND REFERENCE QUANTITIES *******
     MACH NO  =       1.00                REYNOLDS NO = 2.318E+07 /M
     ALTITUDE =        0.0 M         DYNAMIC PRESSURE =  70927.62 N/M**2
     SIDESLIP =       0.00 DEG                   ROLL =      0.00 DEG     
     REF AREA =      0.004 M**2         MOMENT CENTER =     0.710 M
     REF LENGTH =     1.28 M           LAT REF LENGTH =      1.28 M

             CARRYOVER INTERFERENCE FACTORS - FIN SET 1

      ALPHA   K-W(B)   K-B(W)  KK-W(B)  KK-B(W)  XCP-W(B) XCP-B(W) Y-CP/(B/2)

     -10.00   1.3222   0.5437   0.9354   0.3728   0.3713   0.3804   0.4576
      -8.00   1.3461   0.5437   0.9354   0.3728   0.3713   0.3804   0.4726
      -6.00   1.3687   0.5437   0.9354   0.3728   0.3713   0.3804   0.4810
      -4.00   1.3889   0.5437   0.9354   0.3728   0.3713   0.3804   0.4794
      -2.00   1.4053   0.5437   0.9354   0.3728   0.3713   0.3804   0.4643
       0.00   1.4145   0.5437   0.9354   0.3728   0.3713   0.3804   0.4478
       2.00   1.4053   0.5437   0.9354   0.3728   0.3713   0.3804   0.4531
       4.00   1.3889   0.5437   0.9354   0.3728   0.3713   0.3804   0.4690
       6.00   1.3687   0.5437   0.9354   0.3728   0.3713   0.3804   0.4829
       8.00   1.3461   0.5437   0.9354   0.3728   0.3713   0.3804   0.4799
      10.00   1.3222   0.5437   0.9354   0.3728   0.3713   0.3804   0.4695

    NOTE - XCP-W(B) USED FOR STABILITY ONLY DIFFERENT VALUES USED FOR HINGE MOMENTS
1         ***** THE USAF AUTOMATED MISSILE DATCOM * REV 3/99 *****     CASE   1
               AERODYNAMIC METHODS FOR MISSILE CONFIGURATIONS          PAGE  72
        FIN SET 1 PANEL BENDING MOMENTS (ABOUT EXPOSED ROOT CHORD)

       ******* FLIGHT CONDITIONS AND REFERENCE QUANTITIES *******
     MACH NO  =       1.00                REYNOLDS NO = 2.318E+07 /M
     ALTITUDE =        0.0 M         DYNAMIC PRESSURE =  70927.62 N/M**2
     SIDESLIP =       0.00 DEG                   ROLL =      0.00 DEG     
     REF AREA =      0.004 M**2         MOMENT CENTER =     0.710 M
     REF LENGTH =     1.28 M           LAT REF LENGTH =      1.28 M

   ALPHA   PANL 1   PANL 2   PANL 3   PANL 4   PANL 5   PANL 6   PANL 7   PANL 8
 
   -10.0  5.61E-04 -1.40E-02  1.16E-03  1.66E-02
    -8.0  6.54E-04 -1.12E-02  1.15E-03  1.38E-02
    -6.0  7.40E-04 -8.25E-03  1.17E-03  1.07E-02
    -4.0  8.16E-04 -5.12E-03  1.14E-03  7.44E-03
    -2.0  8.68E-04 -1.91E-03  1.03E-03  3.97E-03
     0.0  9.15E-04  9.15E-04  9.15E-04  9.15E-04
     2.0  1.00E-03  3.87E-03  8.47E-04 -1.87E-03
     4.0  1.12E-03  7.28E-03  7.98E-04 -5.01E-03
     6.0  1.17E-03  1.08E-02  7.43E-04 -8.28E-03
     8.0  1.16E-03  1.40E-02  6.64E-04 -1.14E-02
    10.0  1.19E-03  1.71E-02  5.76E-04 -1.44E-02
1         ***** THE USAF AUTOMATED MISSILE DATCOM * REV 3/99 *****     CASE   1
               AERODYNAMIC METHODS FOR MISSILE CONFIGURATIONS          PAGE  73
            FIN SET 1 PANEL HINGE MOMENTS (ABOUT HINGE LINE)

       ******* FLIGHT CONDITIONS AND REFERENCE QUANTITIES *******
     MACH NO  =       1.00                REYNOLDS NO = 2.318E+07 /M
     ALTITUDE =        0.0 M         DYNAMIC PRESSURE =  70927.62 N/M**2
     SIDESLIP =       0.00 DEG                   ROLL =      0.00 DEG     
     REF AREA =      0.004 M**2         MOMENT CENTER =     0.710 M
     REF LENGTH =     1.28 M           LAT REF LENGTH =      1.28 M

   ALPHA   PANL 1   PANL 2   PANL 3   PANL 4   PANL 5   PANL 6   PANL 7   PANL 8
 
   -10.0  1.34E-03 -3.35E-02  2.77E-03  3.98E-02
    -8.0  1.51E-03 -2.59E-02  2.65E-03  3.19E-02
    -6.0  1.68E-03 -1.88E-02  2.66E-03  2.44E-02
    -4.0  1.86E-03 -1.17E-02  2.61E-03  1.70E-02
    -2.0  2.05E-03 -4.51E-03  2.42E-03  9.36E-03
     0.0  2.24E-03  2.24E-03  2.24E-03  2.24E-03
     2.0  2.42E-03  9.36E-03  2.05E-03 -4.51E-03
     4.0  2.61E-03  1.70E-02  1.86E-03 -1.17E-02
     6.0  2.66E-03  2.44E-02  1.68E-03 -1.88E-02
     8.0  2.65E-03  3.19E-02  1.51E-03 -2.59E-02
    10.0  2.77E-03  3.98E-02  1.34E-03 -3.35E-02
1         ***** THE USAF AUTOMATED MISSILE DATCOM * REV 3/99 *****     CASE   1
               AERODYNAMIC METHODS FOR MISSILE CONFIGURATIONS          PAGE  74
                   STATIC AERODYNAMICS FOR BODY-FIN SET 1

       ******* FLIGHT CONDITIONS AND REFERENCE QUANTITIES *******
     MACH NO  =       1.00                REYNOLDS NO = 2.318E+07 /M
     ALTITUDE =        0.0 M         DYNAMIC PRESSURE =  70927.62 N/M**2
     SIDESLIP =       0.00 DEG                   ROLL =      0.00 DEG     
     REF AREA =      0.004 M**2         MOMENT CENTER =     0.710 M
     REF LENGTH =     1.28 M           LAT REF LENGTH =      1.28 M

                   ----- LONGITUDINAL -----     -- LATERAL DIRECTIONAL --
         ALPHA       CN        CM        CA        CY       CLN       CLL

        -10.00    -2.878     0.557     0.578    -0.018     0.007    -0.009
         -8.00    -2.185     0.433     0.581    -0.014     0.005    -0.009
         -6.00    -1.570     0.323     0.583    -0.007     0.002    -0.010
         -4.00    -1.000     0.213     0.584    -0.002     0.001    -0.009
         -2.00    -0.467     0.101     0.585     0.000     0.000    -0.009
          0.00     0.000     0.000     0.585     0.000     0.000    -0.008
          2.00     0.467    -0.101     0.585     0.000     0.000    -0.009
          4.00     1.000    -0.213     0.584     0.002    -0.001    -0.009
          6.00     1.570    -0.323     0.583     0.007    -0.002    -0.010
          8.00     2.185    -0.433     0.581     0.014    -0.005    -0.009
         10.00     2.878    -0.557     0.578     0.018    -0.007    -0.009

         ALPHA       CL        CD      CL/CD     X-C.P.

        -10.00    -2.734     1.069    -2.558    -0.193
         -8.00    -2.083     0.880    -2.368    -0.198
         -6.00    -1.500     0.744    -2.016    -0.206
         -4.00    -0.957     0.653    -1.466    -0.213
         -2.00    -0.446     0.601    -0.742    -0.217
          0.00     0.000     0.585     0.000    -0.374
          2.00     0.446     0.601     0.742    -0.217
          4.00     0.957     0.653     1.466    -0.213
          6.00     1.500     0.744     2.016    -0.206
          8.00     2.083     0.880     2.368    -0.198
         10.00     2.734     1.069     2.558    -0.193

    X-C.P. MEAS. FROM MOMENT CENTER IN REF. LENGTHS, NEG. AFT OF MOMENT CENTER
1         ***** THE USAF AUTOMATED MISSILE DATCOM * REV 3/99 *****     CASE   1
               AERODYNAMIC METHODS FOR MISSILE CONFIGURATIONS          PAGE  75
                   STATIC AERODYNAMICS FOR BODY-FIN SET 1

       ******* FLIGHT CONDITIONS AND REFERENCE QUANTITIES *******
     MACH NO  =       1.00                REYNOLDS NO = 2.318E+07 /M
     ALTITUDE =        0.0 M         DYNAMIC PRESSURE =  70927.62 N/M**2
     SIDESLIP =       0.00 DEG                   ROLL =      0.00 DEG     
     REF AREA =      0.004 M**2         MOMENT CENTER =     0.710 M
     REF LENGTH =     1.28 M           LAT REF LENGTH =      1.28 M

                   ---------- DERIVATIVES (PER DEGREE) ----------
         ALPHA       CNA         CMA         CYB         CLNB        CLLB
        -10.00      0.3662     -0.0648     -0.2225      0.0317     -0.0010
         -8.00      0.3271     -0.0585     -0.2122      0.0316     -0.0010
         -6.00      0.2962     -0.0551     -0.2223      0.0391     -0.0006
         -4.00      0.2757     -0.0553     -0.2315      0.0461     -0.0002
         -2.00      0.2500     -0.0532     -0.2303      0.0491     -0.0001
          0.00      0.2333     -0.0507     -0.2279      0.0495     -0.0002
          2.00      0.2500     -0.0532     -0.2308      0.0493     -0.0002
          4.00      0.2757     -0.0553     -0.2307      0.0458      0.0000
          6.00      0.2962     -0.0551     -0.2219      0.0389      0.0004
          8.00      0.3271     -0.0585     -0.2114      0.0313      0.0008
         10.00      0.3662     -0.0648     -0.2222      0.0316      0.0008

    PANEL DEFLECTION ANGLES (DEGREES)
    SET    FIN 1   FIN 2   FIN 3   FIN 4   FIN 5   FIN 6   FIN 7   FIN 8
      1    1.60    1.60    1.60    1.60
1         ***** THE USAF AUTOMATED MISSILE DATCOM * REV 3/99 *****     CASE   1
               AERODYNAMIC METHODS FOR MISSILE CONFIGURATIONS          PAGE  76
                             BODY ALONE PARTIAL OUTPUT

       ******* FLIGHT CONDITIONS AND REFERENCE QUANTITIES *******
     MACH NO  =       1.10                REYNOLDS NO = 2.550E+07 /M
     ALTITUDE =        0.0 M         DYNAMIC PRESSURE =  85822.41 N/M**2
     SIDESLIP =       0.00 DEG                   ROLL =      0.00 DEG     
     REF AREA =      0.004 M**2         MOMENT CENTER =     0.710 M
     REF LENGTH =     1.28 M           LAT REF LENGTH =      1.28 M

      ALPHA    CA-FRIC  CA-PRES/WAVE CA-BASE    CA-PROT     CA-SEP     CA-ALP
     -10.00     0.1541     0.2175     0.0825                           0.0036
      -8.00     0.1558     0.2199     0.0829                           0.0029
      -6.00     0.1572     0.2218     0.0831                           0.0019
      -4.00     0.1581     0.2232     0.0832                           0.0009
      -2.00     0.1587     0.2240     0.0833                           0.0002
       0.00     0.1589     0.2243     0.0832                           0.0000
       2.00     0.1587     0.2240     0.0833                           0.0002
       4.00     0.1581     0.2232     0.0832                           0.0009
       6.00     0.1572     0.2218     0.0831                           0.0019
       8.00     0.1558     0.2199     0.0829                           0.0029
      10.00     0.1541     0.2175     0.0825                           0.0036

                     CROSS FLOW DRAG PROPORTIONALITY FACTOR = 0.97278

      ALPHA    CN-POTEN  CN-VISC   CN-SEP    CM-POTEN  CM-VISC   CM-SEP    CDC
     -10.00    -0.338    -0.551              -0.210    -0.015             0.857
      -8.00    -0.272    -0.344              -0.169    -0.009             0.834
      -6.00    -0.206    -0.189              -0.128    -0.005             0.810
      -4.00    -0.138    -0.082              -0.086    -0.002             0.787
      -2.00    -0.069    -0.020              -0.043    -0.001             0.764
       0.00     0.000     0.000               0.000     0.000             0.740
       2.00     0.069     0.020               0.043     0.001             0.764
       4.00     0.138     0.082               0.086     0.002             0.787
       6.00     0.206     0.189               0.128     0.005             0.810
       8.00     0.272     0.344               0.169     0.009             0.834
      10.00     0.338     0.551               0.210     0.015             0.857
1         ***** THE USAF AUTOMATED MISSILE DATCOM * REV 3/99 *****     CASE   1
               AERODYNAMIC METHODS FOR MISSILE CONFIGURATIONS          PAGE  77
                        FIN SET 1 CA PARTIAL OUTPUT

       ******* FLIGHT CONDITIONS AND REFERENCE QUANTITIES *******
     MACH NO  =       1.10                REYNOLDS NO = 2.550E+07 /M
     ALTITUDE =        0.0 M         DYNAMIC PRESSURE =  85822.41 N/M**2
     SIDESLIP =       0.00 DEG                   ROLL =      0.00 DEG     
     REF AREA =      0.004 M**2         MOMENT CENTER =     0.710 M
     REF LENGTH =     1.28 M           LAT REF LENGTH =      1.28 M

    SINGLE FIN PANEL ZERO-LIFT AXIAL FORCE COMPONENTS

    SKIN FRICTION        0.0104
    SUBSONIC PRESSURE    0.0004
    TRANSONIC WAVE       0.0000
    SUPERSONIC WAVE      0.0299
    LEADING EDGE         0.0000
    TRAILING EDGE        0.0000
    TOTAL CAO            0.0407

    FIN AXIAL FORCE DUE TO ANGLE OF ATTACK

    ALPHA      CA DUE TO LIFT (SINGLE PANEL)   CA-TOTAL (4 FINS)

     -10.00              0.0000                      0.1603
      -8.00              0.0000                      0.1612
      -6.00              0.0000                      0.1619
      -4.00              0.0000                      0.1624
      -2.00              0.0000                      0.1627
       0.00              0.0000                      0.1628
       2.00              0.0000                      0.1627
       4.00              0.0000                      0.1624
       6.00              0.0000                      0.1619
       8.00              0.0000                      0.1612
      10.00              0.0000                      0.1603
1         ***** THE USAF AUTOMATED MISSILE DATCOM * REV 3/99 *****     CASE   1
               AERODYNAMIC METHODS FOR MISSILE CONFIGURATIONS          PAGE  78
                       FIN SET 1 CN, CM PARTIAL OUTPUT

       ******* FLIGHT CONDITIONS AND REFERENCE QUANTITIES *******
     MACH NO  =       1.10                REYNOLDS NO = 2.550E+07 /M
     ALTITUDE =        0.0 M         DYNAMIC PRESSURE =  85822.41 N/M**2
     SIDESLIP =       0.00 DEG                   ROLL =      0.00 DEG     
     REF AREA =      0.004 M**2         MOMENT CENTER =     0.710 M
     REF LENGTH =     1.28 M           LAT REF LENGTH =      1.28 M

    NORMAL FORCE SLOPE AT ALPHA ZERO, CNA =    0.05417/DEG (1 PANEL)
         CENTER OF PRESSURE FOR LINEAR CN =   -0.38443 (CALIBERS FROM C.G.)
     CENTER OF PRESSURE FOR NON-LINEAR CN =   -0.40446 (CALIBERS FROM C.G.)

      ALPHA      CN        CN        CN        CM        CM        CM
               LINEAR  NON-LINEAR  TOTAL     LINEAR  NON-LINEAR  TOTAL

     -10.00   -1.0616   -0.2041   -1.2657    0.4081    0.0826    0.4907
      -8.00   -0.8555   -0.1327   -0.9882    0.3289    0.0537    0.3825
      -6.00   -0.6453   -0.0757   -0.7210    0.2481    0.0306    0.2787
      -4.00   -0.4320   -0.0341   -0.4661    0.1661    0.0138    0.1799
      -2.00   -0.2165   -0.0086   -0.2251    0.0832    0.0035    0.0867
       0.00    0.0000    0.0000    0.0000    0.0000    0.0000    0.0000
       2.00    0.2165    0.0086    0.2251   -0.0832   -0.0035   -0.0867
       4.00    0.4320    0.0341    0.4661   -0.1661   -0.0138   -0.1799
       6.00    0.6453    0.0757    0.7210   -0.2481   -0.0306   -0.2787
       8.00    0.8555    0.1327    0.9882   -0.3289   -0.0537   -0.3825
      10.00    1.0616    0.2041    1.2657   -0.4081   -0.0826   -0.4907
1         ***** THE USAF AUTOMATED MISSILE DATCOM * REV 3/99 *****     CASE   1
               AERODYNAMIC METHODS FOR MISSILE CONFIGURATIONS          PAGE  79
                 AERODYNAMIC FORCE AND MOMENT SYNTHESIS

       ******* FLIGHT CONDITIONS AND REFERENCE QUANTITIES *******
     MACH NO  =       1.10                REYNOLDS NO = 2.550E+07 /M
     ALTITUDE =        0.0 M         DYNAMIC PRESSURE =  85822.41 N/M**2
     SIDESLIP =       0.00 DEG                   ROLL =      0.00 DEG     
     REF AREA =      0.004 M**2         MOMENT CENTER =     0.710 M
     REF LENGTH =     1.28 M           LAT REF LENGTH =      1.28 M

          ---------------FIN SET 1 IN PRESENCE OF THE BODY----------------

      ALPHA       CN         CM         CA         CY         CLN        CLL

     -10.00    -1.6579     0.6373     0.1699    -0.0139     0.0053    -0.0114
      -8.00    -1.3181     0.5067     0.1698    -0.0101     0.0039    -0.0116
      -6.00    -0.9924     0.3815     0.1698    -0.0049     0.0019    -0.0117
      -4.00    -0.6625     0.2547     0.1696    -0.0011     0.0004    -0.0117
      -2.00    -0.3226     0.1240     0.1693    -0.0002     0.0001    -0.0110
       0.00     0.0000     0.0000     0.1691     0.0000     0.0000    -0.0105
       2.00     0.3226    -0.1240     0.1693     0.0002    -0.0001    -0.0110
       4.00     0.6625    -0.2547     0.1696     0.0011    -0.0004    -0.0117
       6.00     0.9924    -0.3815     0.1698     0.0049    -0.0019    -0.0117
       8.00     1.3181    -0.5067     0.1698     0.0101    -0.0039    -0.0116
      10.00     1.6579    -0.6373     0.1699     0.0139    -0.0053    -0.0114
1         ***** THE USAF AUTOMATED MISSILE DATCOM * REV 3/99 *****     CASE   1
               AERODYNAMIC METHODS FOR MISSILE CONFIGURATIONS          PAGE  80
                 AERODYNAMIC FORCE AND MOMENT SYNTHESIS

       ******* FLIGHT CONDITIONS AND REFERENCE QUANTITIES *******
     MACH NO  =       1.10                REYNOLDS NO = 2.550E+07 /M
     ALTITUDE =        0.0 M         DYNAMIC PRESSURE =  85822.41 N/M**2
     SIDESLIP =       0.00 DEG                   ROLL =      0.00 DEG     
     REF AREA =      0.004 M**2         MOMENT CENTER =     0.710 M
     REF LENGTH =     1.28 M           LAT REF LENGTH =      1.28 M

          ---------------FIN SET 1 PANEL CHARACTERISTICS------------------

      ALPHA      PANEL    AEQ (PANEL AXIS SYS.)    PANEL CN

     -10.00        1              0.6574           0.0365
     -10.00        2            -11.6826          -0.7528
     -10.00        3              1.2359           0.0689
     -10.00        4             13.7721           0.9055
 
      -8.00        1              0.7279           0.0404
      -8.00        2             -9.3222          -0.5853
      -8.00        3              1.2050           0.0672
      -8.00        4             11.4075           0.7330
 
      -6.00        1              0.7992           0.0444
      -6.00        2             -6.9861          -0.4257
      -6.00        3              1.2066           0.0673
      -6.00        4              9.0568           0.5669
 
      -4.00        1              0.8729           0.0485
      -4.00        2             -4.5081          -0.2648
      -4.00        3              1.1832           0.0659
      -4.00        4              6.5665           0.3978
 
      -2.00        1              0.9500           0.0528
      -2.00        2             -1.7778          -0.0997
      -2.00        3              1.1069           0.0616
      -2.00        4              3.8354           0.2228
 
       0.00        1              1.0286           0.0573
       0.00        2              1.0286           0.0573
       0.00        3              1.0286           0.0573
       0.00        4              1.0286           0.0573
 
       2.00        1              1.1069           0.0616
       2.00        2              3.8354           0.2228
       2.00        3              0.9500           0.0528
       2.00        4             -1.7778          -0.0997
 
       4.00        1              1.1832           0.0659
       4.00        2              6.5665           0.3978
       4.00        3              0.8729           0.0485
       4.00        4             -4.5081          -0.2648
 
       6.00        1              1.2066           0.0673
       6.00        2              9.0568           0.5669
       6.00        3              0.7992           0.0444
       6.00        4             -6.9861          -0.4257
 
       8.00        1              1.2050           0.0672
       8.00        2             11.4075           0.7330
       8.00        3              0.7279           0.0404
       8.00        4             -9.3222          -0.5853
 
      10.00        1              1.2359           0.0689
      10.00        2             13.7721           0.9055
      10.00        3              0.6574           0.0365
      10.00        4            -11.6826          -0.7528
 
1         ***** THE USAF AUTOMATED MISSILE DATCOM * REV 3/99 *****     CASE   1
               AERODYNAMIC METHODS FOR MISSILE CONFIGURATIONS          PAGE  81
                 AERODYNAMIC FORCE AND MOMENT SYNTHESIS

       ******* FLIGHT CONDITIONS AND REFERENCE QUANTITIES *******
     MACH NO  =       1.10                REYNOLDS NO = 2.550E+07 /M
     ALTITUDE =        0.0 M         DYNAMIC PRESSURE =  85822.41 N/M**2
     SIDESLIP =       0.00 DEG                   ROLL =      0.00 DEG     
     REF AREA =      0.004 M**2         MOMENT CENTER =     0.710 M
     REF LENGTH =     1.28 M           LAT REF LENGTH =      1.28 M

             CARRYOVER INTERFERENCE FACTORS - FIN SET 1

      ALPHA   K-W(B)   K-B(W)  KK-W(B)  KK-B(W)  XCP-W(B) XCP-B(W) Y-CP/(B/2)

     -10.00   1.3165   0.5437   0.9354   0.3728   0.3844   0.3804   0.4550
      -8.00   1.3417   0.5437   0.9354   0.3728   0.3844   0.3804   0.4693
      -6.00   1.3657   0.5437   0.9354   0.3728   0.3844   0.3804   0.4798
      -4.00   1.3872   0.5437   0.9354   0.3728   0.3844   0.3804   0.4826
      -2.00   1.4046   0.5437   0.9354   0.3728   0.3844   0.3804   0.4645
       0.00   1.4145   0.5437   0.9354   0.3728   0.3844   0.3804   0.4464
       2.00   1.4046   0.5437   0.9354   0.3728   0.3844   0.3804   0.4510
       4.00   1.3872   0.5437   0.9354   0.3728   0.3844   0.3804   0.4688
       6.00   1.3657   0.5437   0.9354   0.3728   0.3844   0.3804   0.4824
       8.00   1.3417   0.5437   0.9354   0.3728   0.3844   0.3804   0.4795
      10.00   1.3165   0.5437   0.9354   0.3728   0.3844   0.3804   0.4678

    NOTE - XCP-W(B) USED FOR STABILITY ONLY DIFFERENT VALUES USED FOR HINGE MOMENTS
1         ***** THE USAF AUTOMATED MISSILE DATCOM * REV 3/99 *****     CASE   1
               AERODYNAMIC METHODS FOR MISSILE CONFIGURATIONS          PAGE  82
        FIN SET 1 PANEL BENDING MOMENTS (ABOUT EXPOSED ROOT CHORD)

       ******* FLIGHT CONDITIONS AND REFERENCE QUANTITIES *******
     MACH NO  =       1.10                REYNOLDS NO = 2.550E+07 /M
     ALTITUDE =        0.0 M         DYNAMIC PRESSURE =  85822.41 N/M**2
     SIDESLIP =       0.00 DEG                   ROLL =      0.00 DEG     
     REF AREA =      0.004 M**2         MOMENT CENTER =     0.710 M
     REF LENGTH =     1.28 M           LAT REF LENGTH =      1.28 M

   ALPHA   PANL 1   PANL 2   PANL 3   PANL 4   PANL 5   PANL 6   PANL 7   PANL 8
 
   -10.0  7.43E-04 -1.53E-02  1.40E-03  1.84E-02
    -8.0  8.49E-04 -1.23E-02  1.41E-03  1.54E-02
    -6.0  9.54E-04 -9.14E-03  1.44E-03  1.22E-02
    -4.0  1.05E-03 -5.72E-03  1.42E-03  8.59E-03
    -2.0  1.10E-03 -2.07E-03  1.28E-03  4.63E-03
     0.0  1.14E-03  1.14E-03  1.14E-03  1.14E-03
     2.0  1.24E-03  4.50E-03  1.07E-03 -2.01E-03
     4.0  1.38E-03  8.34E-03  1.02E-03 -5.56E-03
     6.0  1.45E-03  1.22E-02  9.59E-04 -9.19E-03
     8.0  1.44E-03  1.57E-02  8.68E-04 -1.26E-02
    10.0  1.44E-03  1.90E-02  7.64E-04 -1.58E-02
1         ***** THE USAF AUTOMATED MISSILE DATCOM * REV 3/99 *****     CASE   1
               AERODYNAMIC METHODS FOR MISSILE CONFIGURATIONS          PAGE  83
            FIN SET 1 PANEL HINGE MOMENTS (ABOUT HINGE LINE)

       ******* FLIGHT CONDITIONS AND REFERENCE QUANTITIES *******
     MACH NO  =       1.10                REYNOLDS NO = 2.550E+07 /M
     ALTITUDE =        0.0 M         DYNAMIC PRESSURE =  85822.41 N/M**2
     SIDESLIP =       0.00 DEG                   ROLL =      0.00 DEG     
     REF AREA =      0.004 M**2         MOMENT CENTER =     0.710 M
     REF LENGTH =     1.28 M           LAT REF LENGTH =      1.28 M

   ALPHA   PANL 1   PANL 2   PANL 3   PANL 4   PANL 5   PANL 6   PANL 7   PANL 8
 
   -10.0  1.31E-03 -2.70E-02  2.47E-03  3.24E-02
    -8.0  1.45E-03 -2.10E-02  2.40E-03  2.62E-02
    -6.0  1.59E-03 -1.52E-02  2.41E-03  2.03E-02
    -4.0  1.74E-03 -9.48E-03  2.36E-03  1.42E-02
    -2.0  1.89E-03 -3.57E-03  2.21E-03  7.98E-03
     0.0  2.05E-03  2.05E-03  2.05E-03  2.05E-03
     2.0  2.21E-03  7.98E-03  1.89E-03 -3.57E-03
     4.0  2.36E-03  1.42E-02  1.74E-03 -9.48E-03
     6.0  2.41E-03  2.03E-02  1.59E-03 -1.52E-02
     8.0  2.40E-03  2.62E-02  1.45E-03 -2.10E-02
    10.0  2.47E-03  3.24E-02  1.31E-03 -2.70E-02
1         ***** THE USAF AUTOMATED MISSILE DATCOM * REV 3/99 *****     CASE   1
               AERODYNAMIC METHODS FOR MISSILE CONFIGURATIONS          PAGE  84
                   STATIC AERODYNAMICS FOR BODY-FIN SET 1

       ******* FLIGHT CONDITIONS AND REFERENCE QUANTITIES *******
     MACH NO  =       1.10                REYNOLDS NO = 2.550E+07 /M
     ALTITUDE =        0.0 M         DYNAMIC PRESSURE =  85822.41 N/M**2
     SIDESLIP =       0.00 DEG                   ROLL =      0.00 DEG     
     REF AREA =      0.004 M**2         MOMENT CENTER =     0.710 M
     REF LENGTH =     1.28 M           LAT REF LENGTH =      1.28 M

                   ----- LONGITUDINAL -----     -- LATERAL DIRECTIONAL --
         ALPHA       CN        CM        CA        CY       CLN       CLL

        -10.00    -3.231     0.674     0.628    -0.020     0.008    -0.011
         -8.00    -2.469     0.532     0.631    -0.014     0.005    -0.012
         -6.00    -1.782     0.399     0.634    -0.007     0.003    -0.012
         -4.00    -1.142     0.266     0.635    -0.002     0.001    -0.012
         -2.00    -0.536     0.128     0.636     0.000     0.000    -0.011
          0.00     0.000     0.000     0.636     0.000     0.000    -0.010
          2.00     0.536    -0.128     0.636     0.000     0.000    -0.011
          4.00     1.142    -0.266     0.635     0.002    -0.001    -0.012
          6.00     1.782    -0.399     0.634     0.007    -0.003    -0.012
          8.00     2.469    -0.532     0.631     0.014    -0.005    -0.012
         10.00     3.231    -0.674     0.628     0.020    -0.008    -0.011

         ALPHA       CL        CD      CL/CD     X-C.P.

        -10.00    -3.073     1.179    -2.606    -0.208
         -8.00    -2.357     0.969    -2.433    -0.215
         -6.00    -1.706     0.817    -2.089    -0.224
         -4.00    -1.095     0.713    -1.535    -0.233
         -2.00    -0.514     0.654    -0.786    -0.239
          0.00     0.000     0.636     0.000    -0.383
          2.00     0.514     0.654     0.786    -0.239
          4.00     1.095     0.713     1.535    -0.233
          6.00     1.706     0.817     2.089    -0.224
          8.00     2.357     0.969     2.433    -0.215
         10.00     3.073     1.179     2.606    -0.208

    X-C.P. MEAS. FROM MOMENT CENTER IN REF. LENGTHS, NEG. AFT OF MOMENT CENTER
1         ***** THE USAF AUTOMATED MISSILE DATCOM * REV 3/99 *****     CASE   1
               AERODYNAMIC METHODS FOR MISSILE CONFIGURATIONS          PAGE  85
                   STATIC AERODYNAMICS FOR BODY-FIN SET 1

       ******* FLIGHT CONDITIONS AND REFERENCE QUANTITIES *******
     MACH NO  =       1.10                REYNOLDS NO = 2.550E+07 /M
     ALTITUDE =        0.0 M         DYNAMIC PRESSURE =  85822.41 N/M**2
     SIDESLIP =       0.00 DEG                   ROLL =      0.00 DEG     
     REF AREA =      0.004 M**2         MOMENT CENTER =     0.710 M
     REF LENGTH =     1.28 M           LAT REF LENGTH =      1.28 M

                   ---------- DERIVATIVES (PER DEGREE) ----------
         ALPHA       CNA         CMA         CYB         CLNB        CLLB
        -10.00      0.4001     -0.0734     -0.2511      0.0402     -0.0012
         -8.00      0.3622     -0.0686     -0.2447      0.0421     -0.0011
         -6.00      0.3318     -0.0664     -0.2563      0.0509     -0.0006
         -4.00      0.3114     -0.0677     -0.2668      0.0591     -0.0003
         -2.00      0.2853     -0.0664     -0.2653      0.0625     -0.0002
          0.00      0.2682     -0.0640     -0.2627      0.0630     -0.0002
          2.00      0.2853     -0.0664     -0.2658      0.0627     -0.0002
          4.00      0.3114     -0.0677     -0.2659      0.0587      0.0000
          6.00      0.3318     -0.0664     -0.2559      0.0507      0.0004
          8.00      0.3622     -0.0686     -0.2438      0.0418      0.0009
         10.00      0.4001     -0.0734     -0.2504      0.0400      0.0010

    PANEL DEFLECTION ANGLES (DEGREES)
    SET    FIN 1   FIN 2   FIN 3   FIN 4   FIN 5   FIN 6   FIN 7   FIN 8
      1    1.60    1.60    1.60    1.60
1         ***** THE USAF AUTOMATED MISSILE DATCOM * REV 3/99 *****     CASE   1
               AERODYNAMIC METHODS FOR MISSILE CONFIGURATIONS          PAGE  86
                             BODY ALONE PARTIAL OUTPUT

       ******* FLIGHT CONDITIONS AND REFERENCE QUANTITIES *******
     MACH NO  =       2.30                REYNOLDS NO = 5.332E+07 /M
     ALTITUDE =        0.0 M         DYNAMIC PRESSURE = 375207.06 N/M**2
     SIDESLIP =       0.00 DEG                   ROLL =      0.00 DEG     
     REF AREA =      0.004 M**2         MOMENT CENTER =     0.710 M
     REF LENGTH =     1.28 M           LAT REF LENGTH =      1.28 M

      ALPHA    CA-FRIC  CA-PRES/WAVE CA-BASE    CA-PROT     CA-SEP     CA-ALP
     -10.00     0.1132     0.1586     0.0521                           0.0000
      -8.00     0.1145     0.1591     0.0524                           0.0000
      -6.00     0.1155     0.1594     0.0526                           0.0000
      -4.00     0.1162     0.1597     0.0528                           0.0000
      -2.00     0.1166     0.1598     0.0528                           0.0000
       0.00     0.1167     0.1599     0.0529                           0.0000
       2.00     0.1166     0.1598     0.0528                           0.0000
       4.00     0.1162     0.1597     0.0528                           0.0000
       6.00     0.1155     0.1594     0.0526                           0.0000
       8.00     0.1145     0.1591     0.0524                           0.0000
      10.00     0.1132     0.1586     0.0521                           0.0000

                     CROSS FLOW DRAG PROPORTIONALITY FACTOR = 1.00000

      ALPHA    CN-POTEN  CN-VISC   CN-SEP    CM-POTEN  CM-VISC   CM-SEP    CDC
     -10.00    -0.431    -0.756              -0.235    -0.020             1.144
      -8.00    -0.348    -0.438              -0.189    -0.012             1.032
      -6.00    -0.262    -0.220              -0.143    -0.006             0.920
      -4.00    -0.176    -0.089              -0.096    -0.002             0.838
      -2.00    -0.088    -0.021              -0.048    -0.001             0.789
       0.00     0.000     0.000               0.000     0.000             0.740
       2.00     0.088     0.021               0.048     0.001             0.789
       4.00     0.176     0.089               0.096     0.002             0.838
       6.00     0.262     0.220               0.143     0.006             0.920
       8.00     0.348     0.438               0.189     0.012             1.032
      10.00     0.431     0.756               0.235     0.020             1.144
1         ***** THE USAF AUTOMATED MISSILE DATCOM * REV 3/99 *****     CASE   1
               AERODYNAMIC METHODS FOR MISSILE CONFIGURATIONS          PAGE  87
                        FIN SET 1 CA PARTIAL OUTPUT

       ******* FLIGHT CONDITIONS AND REFERENCE QUANTITIES *******
     MACH NO  =       2.30                REYNOLDS NO = 5.332E+07 /M
     ALTITUDE =        0.0 M         DYNAMIC PRESSURE = 375207.06 N/M**2
     SIDESLIP =       0.00 DEG                   ROLL =      0.00 DEG     
     REF AREA =      0.004 M**2         MOMENT CENTER =     0.710 M
     REF LENGTH =     1.28 M           LAT REF LENGTH =      1.28 M

    SINGLE FIN PANEL ZERO-LIFT AXIAL FORCE COMPONENTS

    SKIN FRICTION        0.0077
    SUBSONIC PRESSURE    0.0000
    TRANSONIC WAVE       0.0000
    SUPERSONIC WAVE      0.0092
    LEADING EDGE         0.0000
    TRAILING EDGE        0.0000
    TOTAL CAO            0.0169

    FIN AXIAL FORCE DUE TO ANGLE OF ATTACK

    ALPHA      CA DUE TO LIFT (SINGLE PANEL)   CA-TOTAL (4 FINS)

     -10.00              0.0000                      0.0664
      -8.00              0.0000                      0.0667
      -6.00              0.0000                      0.0670
      -4.00              0.0000                      0.0672
      -2.00              0.0000                      0.0674
       0.00              0.0000                      0.0674
       2.00              0.0000                      0.0674
       4.00              0.0000                      0.0672
       6.00              0.0000                      0.0670
       8.00              0.0000                      0.0667
      10.00              0.0000                      0.0664
1         ***** THE USAF AUTOMATED MISSILE DATCOM * REV 3/99 *****     CASE   1
               AERODYNAMIC METHODS FOR MISSILE CONFIGURATIONS          PAGE  88
                       FIN SET 1 CN, CM PARTIAL OUTPUT

       ******* FLIGHT CONDITIONS AND REFERENCE QUANTITIES *******
     MACH NO  =       2.30                REYNOLDS NO = 5.332E+07 /M
     ALTITUDE =        0.0 M         DYNAMIC PRESSURE = 375207.06 N/M**2
     SIDESLIP =       0.00 DEG                   ROLL =      0.00 DEG     
     REF AREA =      0.004 M**2         MOMENT CENTER =     0.710 M
     REF LENGTH =     1.28 M           LAT REF LENGTH =      1.28 M

    NORMAL FORCE SLOPE AT ALPHA ZERO, CNA =    0.03970/DEG (1 PANEL)
         CENTER OF PRESSURE FOR LINEAR CN =   -0.40148 (CALIBERS FROM C.G.)
     CENTER OF PRESSURE FOR NON-LINEAR CN =   -0.40446 (CALIBERS FROM C.G.)

      ALPHA      CN        CN        CN        CM        CM        CM
               LINEAR  NON-LINEAR  TOTAL     LINEAR  NON-LINEAR  TOTAL

     -10.00   -0.7780   -0.0472   -0.8252    0.3123    0.0191    0.3314
      -8.00   -0.6270   -0.0241   -0.6510    0.2517    0.0097    0.2614
      -6.00   -0.4729   -0.0102   -0.4831    0.1899    0.0041    0.1940
      -4.00   -0.3166   -0.0030   -0.3196    0.1271    0.0012    0.1283
      -2.00   -0.1587   -0.0004   -0.1590    0.0637    0.0002    0.0639
       0.00    0.0000    0.0000    0.0000    0.0000    0.0000    0.0000
       2.00    0.1587    0.0004    0.1590   -0.0637   -0.0002   -0.0639
       4.00    0.3166    0.0030    0.3196   -0.1271   -0.0012   -0.1283
       6.00    0.4729    0.0102    0.4831   -0.1899   -0.0041   -0.1940
       8.00    0.6270    0.0241    0.6510   -0.2517   -0.0097   -0.2614
      10.00    0.7780    0.0472    0.8252   -0.3123   -0.0191   -0.3314
1         ***** THE USAF AUTOMATED MISSILE DATCOM * REV 3/99 *****     CASE   1
               AERODYNAMIC METHODS FOR MISSILE CONFIGURATIONS          PAGE  89
                 AERODYNAMIC FORCE AND MOMENT SYNTHESIS

       ******* FLIGHT CONDITIONS AND REFERENCE QUANTITIES *******
     MACH NO  =       2.30                REYNOLDS NO = 5.332E+07 /M
     ALTITUDE =        0.0 M         DYNAMIC PRESSURE = 375207.06 N/M**2
     SIDESLIP =       0.00 DEG                   ROLL =      0.00 DEG     
     REF AREA =      0.004 M**2         MOMENT CENTER =     0.710 M
     REF LENGTH =     1.28 M           LAT REF LENGTH =      1.28 M

          ---------------FIN SET 1 IN PRESENCE OF THE BODY----------------

      ALPHA       CN         CM         CA         CY         CLN        CLL

     -10.00    -1.0064     0.4040     0.0740    -0.0106     0.0043    -0.0109
      -8.00    -0.8354     0.3354     0.0740    -0.0044     0.0018    -0.0109
      -6.00    -0.6439     0.2585     0.0739    -0.0016     0.0006    -0.0107
      -4.00    -0.4426     0.1777     0.0738    -0.0001     0.0000    -0.0105
      -2.00    -0.2235     0.0897     0.0737     0.0000     0.0000    -0.0103
       0.00     0.0000     0.0000     0.0737     0.0000     0.0000    -0.0103
       2.00     0.2235    -0.0897     0.0737     0.0000     0.0000    -0.0103
       4.00     0.4426    -0.1777     0.0738     0.0001     0.0000    -0.0105
       6.00     0.6439    -0.2585     0.0739     0.0016    -0.0006    -0.0107
       8.00     0.8354    -0.3354     0.0740     0.0044    -0.0018    -0.0109
      10.00     1.0064    -0.4040     0.0740     0.0106    -0.0043    -0.0109
1         ***** THE USAF AUTOMATED MISSILE DATCOM * REV 3/99 *****     CASE   1
               AERODYNAMIC METHODS FOR MISSILE CONFIGURATIONS          PAGE  90
                 AERODYNAMIC FORCE AND MOMENT SYNTHESIS

       ******* FLIGHT CONDITIONS AND REFERENCE QUANTITIES *******
     MACH NO  =       2.30                REYNOLDS NO = 5.332E+07 /M
     ALTITUDE =        0.0 M         DYNAMIC PRESSURE = 375207.06 N/M**2
     SIDESLIP =       0.00 DEG                   ROLL =      0.00 DEG     
     REF AREA =      0.004 M**2         MOMENT CENTER =     0.710 M
     REF LENGTH =     1.28 M           LAT REF LENGTH =      1.28 M

          ---------------FIN SET 1 PANEL CHARACTERISTICS------------------

      ALPHA      PANEL    AEQ (PANEL AXIS SYS.)    PANEL CN

     -10.00        1              1.0582           0.0420
     -10.00        2            -10.5086          -0.4353
     -10.00        3              1.4981           0.0595
     -10.00        4             13.4079           0.5715
 
      -8.00        1              1.1213           0.0445
      -8.00        2             -8.6620          -0.3540
      -8.00        3              1.5977           0.0635
      -8.00        4             11.5272           0.4816
 
      -6.00        1              1.1893           0.0472
      -6.00        2             -6.4752          -0.2613
      -6.00        3              1.6009           0.0636
      -6.00        4              9.3214           0.3827
 
      -4.00        1              1.2610           0.0501
      -4.00        2             -4.0806          -0.1631
      -4.00        3              1.5691           0.0624
      -4.00        4              6.9130           0.2795
 
      -2.00        1              1.3372           0.0531
      -2.00        2             -1.3833          -0.0550
      -2.00        3              1.4937           0.0594
      -2.00        4              4.2148           0.1685
 
       0.00        1              1.4156           0.0562
       0.00        2              1.4156           0.0562
       0.00        3              1.4156           0.0562
       0.00        4              1.4156           0.0562
 
       2.00        1              1.4937           0.0594
       2.00        2              4.2148           0.1685
       2.00        3              1.3372           0.0531
       2.00        4             -1.3833          -0.0550
 
       4.00        1              1.5691           0.0624
       4.00        2              6.9130           0.2795
       4.00        3              1.2610           0.0501
       4.00        4             -4.0806          -0.1631
 
       6.00        1              1.6009           0.0636
       6.00        2              9.3214           0.3827
       6.00        3              1.1893           0.0472
       6.00        4             -6.4752          -0.2613
 
       8.00        1              1.5977           0.0635
       8.00        2             11.5272           0.4816
       8.00        3              1.1213           0.0445
       8.00        4             -8.6620          -0.3540
 
      10.00        1              1.4981           0.0595
      10.00        2             13.4079           0.5715
      10.00        3              1.0582           0.0420
      10.00        4            -10.5086          -0.4353
 
1         ***** THE USAF AUTOMATED MISSILE DATCOM * REV 3/99 *****     CASE   1
               AERODYNAMIC METHODS FOR MISSILE CONFIGURATIONS          PAGE  91
                 AERODYNAMIC FORCE AND MOMENT SYNTHESIS

       ******* FLIGHT CONDITIONS AND REFERENCE QUANTITIES *******
     MACH NO  =       2.30                REYNOLDS NO = 5.332E+07 /M
     ALTITUDE =        0.0 M         DYNAMIC PRESSURE = 375207.06 N/M**2
     SIDESLIP =       0.00 DEG                   ROLL =      0.00 DEG     
     REF AREA =      0.004 M**2         MOMENT CENTER =     0.710 M
     REF LENGTH =     1.28 M           LAT REF LENGTH =      1.28 M

             CARRYOVER INTERFERENCE FACTORS - FIN SET 1

      ALPHA   K-W(B)   K-B(W)  KK-W(B)  KK-B(W)  XCP-W(B) XCP-B(W) Y-CP/(B/2)

     -10.00   1.2848   0.2073   0.9354   0.3728   0.4015   0.4150   0.4535
      -8.00   1.3169   0.2073   0.9354   0.3728   0.4015   0.4150   0.4535
      -6.00   1.3481   0.2073   0.9354   0.3728   0.4015   0.4150   0.4529
      -4.00   1.3770   0.2073   0.9354   0.3728   0.4015   0.4150   0.4485
      -2.00   1.4008   0.2073   0.9354   0.3728   0.4015   0.4150   0.4456
       0.00   1.4145   0.2073   0.9354   0.3728   0.4015   0.4150   0.4474
       2.00   1.4008   0.2073   0.9354   0.3728   0.4015   0.4150   0.4474
       4.00   1.3770   0.2073   0.9354   0.3728   0.4015   0.4150   0.4457
       6.00   1.3481   0.2073   0.9354   0.3728   0.4015   0.4150   0.4477
       8.00   1.3169   0.2073   0.9354   0.3728   0.4015   0.4150   0.4517
      10.00   1.2848   0.2073   0.9354   0.3728   0.4015   0.4150   0.4536

    NOTE - XCP-W(B) USED FOR STABILITY ONLY DIFFERENT VALUES USED FOR HINGE MOMENTS
1         ***** THE USAF AUTOMATED MISSILE DATCOM * REV 3/99 *****     CASE   1
               AERODYNAMIC METHODS FOR MISSILE CONFIGURATIONS          PAGE  92
        FIN SET 1 PANEL BENDING MOMENTS (ABOUT EXPOSED ROOT CHORD)

       ******* FLIGHT CONDITIONS AND REFERENCE QUANTITIES *******
     MACH NO  =       2.30                REYNOLDS NO = 5.332E+07 /M
     ALTITUDE =        0.0 M         DYNAMIC PRESSURE = 375207.06 N/M**2
     SIDESLIP =       0.00 DEG                   ROLL =      0.00 DEG     
     REF AREA =      0.004 M**2         MOMENT CENTER =     0.710 M
     REF LENGTH =     1.28 M           LAT REF LENGTH =      1.28 M

   ALPHA   PANL 1   PANL 2   PANL 3   PANL 4   PANL 5   PANL 6   PANL 7   PANL 8
 
   -10.0  8.53E-04 -8.83E-03  1.21E-03  1.16E-02
    -8.0  9.04E-04 -7.18E-03  1.29E-03  9.77E-03
    -6.0  9.57E-04 -5.29E-03  1.29E-03  7.75E-03
    -4.0  1.01E-03 -3.27E-03  1.25E-03  5.61E-03
    -2.0  1.06E-03 -1.10E-03  1.18E-03  3.36E-03
     0.0  1.13E-03  1.13E-03  1.13E-03  1.13E-03
     2.0  1.19E-03  3.37E-03  1.06E-03 -1.10E-03
     4.0  1.24E-03  5.57E-03  9.99E-04 -3.25E-03
     6.0  1.27E-03  7.67E-03  9.46E-04 -5.23E-03
     8.0  1.28E-03  9.73E-03  9.00E-04 -7.15E-03
    10.0  1.21E-03  1.16E-02  8.53E-04 -8.83E-03
1         ***** THE USAF AUTOMATED MISSILE DATCOM * REV 3/99 *****     CASE   1
               AERODYNAMIC METHODS FOR MISSILE CONFIGURATIONS          PAGE  93
            FIN SET 1 PANEL HINGE MOMENTS (ABOUT HINGE LINE)

       ******* FLIGHT CONDITIONS AND REFERENCE QUANTITIES *******
     MACH NO  =       2.30                REYNOLDS NO = 5.332E+07 /M
     ALTITUDE =        0.0 M         DYNAMIC PRESSURE = 375207.06 N/M**2
     SIDESLIP =       0.00 DEG                   ROLL =      0.00 DEG     
     REF AREA =      0.004 M**2         MOMENT CENTER =     0.710 M
     REF LENGTH =     1.28 M           LAT REF LENGTH =      1.28 M

   ALPHA   PANL 1   PANL 2   PANL 3   PANL 4   PANL 5   PANL 6   PANL 7   PANL 8
 
   -10.0  7.88E-04 -8.16E-03  1.12E-03  1.07E-02
    -8.0  8.35E-04 -6.64E-03  1.19E-03  9.03E-03
    -6.0  8.86E-04 -4.90E-03  1.19E-03  7.18E-03
    -4.0  9.40E-04 -3.06E-03  1.17E-03  5.24E-03
    -2.0  9.96E-04 -1.03E-03  1.11E-03  3.16E-03
     0.0  1.05E-03  1.05E-03  1.05E-03  1.05E-03
     2.0  1.11E-03  3.16E-03  9.96E-04 -1.03E-03
     4.0  1.17E-03  5.24E-03  9.40E-04 -3.06E-03
     6.0  1.19E-03  7.18E-03  8.86E-04 -4.90E-03
     8.0  1.19E-03  9.03E-03  8.35E-04 -6.64E-03
    10.0  1.12E-03  1.07E-02  7.88E-04 -8.16E-03
1         ***** THE USAF AUTOMATED MISSILE DATCOM * REV 3/99 *****     CASE   1
               AERODYNAMIC METHODS FOR MISSILE CONFIGURATIONS          PAGE  94
                   STATIC AERODYNAMICS FOR BODY-FIN SET 1

       ******* FLIGHT CONDITIONS AND REFERENCE QUANTITIES *******
     MACH NO  =       2.30                REYNOLDS NO = 5.332E+07 /M
     ALTITUDE =        0.0 M         DYNAMIC PRESSURE = 375207.06 N/M**2
     SIDESLIP =       0.00 DEG                   ROLL =      0.00 DEG     
     REF AREA =      0.004 M**2         MOMENT CENTER =     0.710 M
     REF LENGTH =     1.28 M           LAT REF LENGTH =      1.28 M

                   ----- LONGITUDINAL -----     -- LATERAL DIRECTIONAL --
         ALPHA       CN        CM        CA        CY       CLN       CLL

        -10.00    -2.356     0.216     0.398    -0.012     0.005    -0.011
         -8.00    -1.753     0.189     0.400    -0.005     0.002    -0.011
         -6.00    -1.226     0.151     0.401    -0.002     0.001    -0.011
         -4.00    -0.774     0.107     0.402     0.000     0.000    -0.011
         -2.00    -0.366     0.055     0.403     0.000     0.000    -0.010
          0.00     0.000     0.000     0.403     0.000     0.000    -0.010
          2.00     0.366    -0.055     0.403     0.000     0.000    -0.010
          4.00     0.774    -0.107     0.402     0.000     0.000    -0.011
          6.00     1.226    -0.151     0.401     0.002    -0.001    -0.011
          8.00     1.753    -0.189     0.400     0.005    -0.002    -0.011
         10.00     2.356    -0.216     0.398     0.012    -0.005    -0.011

         ALPHA       CL        CD      CL/CD     X-C.P.

        -10.00    -2.251     0.801    -2.810    -0.092
         -8.00    -1.680     0.640    -2.625    -0.108
         -6.00    -1.177     0.527    -2.232    -0.123
         -4.00    -0.744     0.455    -1.635    -0.138
         -2.00    -0.351     0.415    -0.846    -0.150
          0.00     0.000     0.403     0.000    -0.403
          2.00     0.351     0.415     0.846    -0.150
          4.00     0.744     0.455     1.635    -0.138
          6.00     1.177     0.527     2.232    -0.123
          8.00     1.680     0.640     2.625    -0.108
         10.00     2.251     0.801     2.810    -0.092

    X-C.P. MEAS. FROM MOMENT CENTER IN REF. LENGTHS, NEG. AFT OF MOMENT CENTER
1         ***** THE USAF AUTOMATED MISSILE DATCOM * REV 3/99 *****     CASE   1
               AERODYNAMIC METHODS FOR MISSILE CONFIGURATIONS          PAGE  95
                   STATIC AERODYNAMICS FOR BODY-FIN SET 1

       ******* FLIGHT CONDITIONS AND REFERENCE QUANTITIES *******
     MACH NO  =       2.30                REYNOLDS NO = 5.332E+07 /M
     ALTITUDE =        0.0 M         DYNAMIC PRESSURE = 375207.06 N/M**2
     SIDESLIP =       0.00 DEG                   ROLL =      0.00 DEG     
     REF AREA =      0.004 M**2         MOMENT CENTER =     0.710 M
     REF LENGTH =     1.28 M           LAT REF LENGTH =      1.28 M

                   ---------- DERIVATIVES (PER DEGREE) ----------
         ALPHA       CNA         CMA         CYB         CLNB        CLLB
        -10.00      0.3205     -0.0112     -0.1897      0.0037     -0.0013
         -8.00      0.2824     -0.0165     -0.1954      0.0142     -0.0006
         -6.00      0.2445     -0.0204     -0.1928      0.0204     -0.0003
         -4.00      0.2149     -0.0240     -0.1905      0.0253     -0.0001
         -2.00      0.1936     -0.0268     -0.1837      0.0272      0.0000
          0.00      0.1829     -0.0274     -0.1804      0.0276      0.0000
          2.00      0.1936     -0.0268     -0.1837      0.0272      0.0000
          4.00      0.2149     -0.0240     -0.1901      0.0251      0.0001
          6.00      0.2445     -0.0204     -0.1927      0.0204      0.0003
          8.00      0.2824     -0.0165     -0.1953      0.0142      0.0006
         10.00      0.3205     -0.0112     -0.1894      0.0036      0.0013

    PANEL DEFLECTION ANGLES (DEGREES)
    SET    FIN 1   FIN 2   FIN 3   FIN 4   FIN 5   FIN 6   FIN 7   FIN 8
      1    1.60    1.60    1.60    1.60

    BODY ALONE LINEAR DATA GENERATED FROM VAN DYKE HYBRID THEORY

    *** END OF JOB ***
