1         ***** THE USAF AUTOMATED MISSILE DATCOM * REV 3/99 *****
               AERODYNAMIC METHODS FOR MISSILE CONFIGURATIONS     

    CONERR - INPUT ERROR CHECKING

    ERROR CODES - N* DENOTES THE NUMBER OF OCCURENCES OF EACH ERROR
    A - UNKNOWN VARIABLE NAME
    B - MISSING EQUAL SIGN FOLLOWING VARIABLE NAME
    C - NON-ARRAY VARIABLE HAS AN ARRAY ELEMENTDESIGNATION - (N)
    D - NON-ARRAY VARIABLE HAS MULTIPLE VALUES ASSIGNED
    E - ASSIGNED VALUES EXCEED ARRAY DIMENSION
    F - SYNTAX ERROR

    ************************* INPUT DATA CARDS *************************

   1 DIM M                                                                           
      2 ** BLANK CARD - IGNORED
   3  $FLTCON  NALPHA=11.,NMACH=9.,                                                  
   4           MACH=0.1000,0.2000,0.3000,0.4000,0.5000,0.9000,1.1000,1.4000,2.0000,  
   5           ALPHA=-10.0,-8.0,-6.0,-4.0,-2.0,0.0,2.0,4.0,6.0,8.0,10.0,$            
      6 ** BLANK CARD - IGNORED
   7  $REFQ    XCG=0.7100,                                                           
   8           SREF=0.0038485,                                                       
   9           LREF=1.2850,                                                          
  10           RHR=0.,$                                                              
     11 ** BLANK CARD - IGNORED
  12  $AXIBOD  X0=0.00,                                                              
  13           TNOSE=OGIVE,                                                          
               ** SUBSTITUTING NUMERIC FOR NAME OGIVE
  14           LNOSE=0.0600,                                                         
  15           DNOSE=0.0700,                                                         
  16           BNOSE=0.0,                                                            
  17           TRUNC=.FALSE.,                                                        
  18           LCENTR=1.1810,                                                        
  19           DCENTR=0.0700,                                                        
  20           TAFT=CONE,                                                            
               ** SUBSTITUTING NUMERIC FOR NAME CONE
  21           LAFT=0.0440,                                                          
  22           DAFT=0.0520,                                                          
  23           DEXIT=0.0000,$                                                        
     24 ** BLANK CARD - IGNORED
  25  $FINSET1 XLE=1.1600,1.2003,NPANEL=4.,                                          
  26           SSPAN=0.0350,0.0925,                                                  
  27           CHORD=0.1200,0.0810,                                                  
  28           LER=2*0.0,                                                            
  29           PHIF=0.0,90.0,180.0,270.0,                                            
  30           SECTYP=HEX,                                                           
               ** SUBSTITUTING NUMERIC FOR NAME HEX
  31           ZUPPER=0.025000,0.025000,                                             
  32           LMAXU=0.4,0.4,                                                        
  33           LFLATU=0.2,0.2,$                                                      
     34 ** BLANK CARD - IGNORED
  35  $DEFLCT  DELTA1=0.0000,0.0000,0.0000,0.0000,                                   
  36           XHINGE=1.2500,$                                                       
     37 ** BLANK CARD - IGNORED
  38 PART                                                                            
  39 NEXT CASE                                                                       
1         ***** THE USAF AUTOMATED MISSILE DATCOM * REV 3/99 *****     CASE   1
               AERODYNAMIC METHODS FOR MISSILE CONFIGURATIONS          PAGE   1
    CASE INPUTS
    FOLLOWING ARE THE CARDS INPUT FOR THIS CASE

 DIM M                                                                           
  $FLTCON  NALPHA=11.,NMACH=9.,                                                  
           MACH=0.1000,0.2000,0.3000,0.4000,0.5000,0.9000,1.1000,1.4000,2.0000,  
           ALPHA=-10.0,-8.0,-6.0,-4.0,-2.0,0.0,2.0,4.0,6.0,8.0,10.0,$            
  $REFQ    XCG=0.7100,                                                           
           SREF=0.0038485,                                                       
           LREF=1.2850,                                                          
           RHR=0.,$                                                              
  $AXIBOD  X0=0.00,                                                              
           TNOSE=1.,                                                             
           LNOSE=0.0600,                                                         
           DNOSE=0.0700,                                                         
           BNOSE=0.0,                                                            
           TRUNC=.FALSE.,                                                        
           LCENTR=1.1810,                                                        
           DCENTR=0.0700,                                                        
           TAFT=0.,                                                              
           LAFT=0.0440,                                                          
           DAFT=0.0520,                                                          
           DEXIT=0.0000,$                                                        
  $FINSET1 XLE=1.1600,1.2003,NPANEL=4.,                                          
           SSPAN=0.0350,0.0925,                                                  
           CHORD=0.1200,0.0810,                                                  
           LER=2*0.0,                                                            
           PHIF=0.0,90.0,180.0,270.0,                                            
           SECTYP=0.,                                                            
           ZUPPER=0.025000,0.025000,                                             
           LMAXU=0.4,0.4,                                                        
           LFLATU=0.2,0.2,$                                                      
  $DEFLCT  DELTA1=0.0000,0.0000,0.0000,0.0000,                                   
           XHINGE=1.2500,$                                                       
 PART                                                                            
 NEXT CASE                                                                       
    * WARNING * THE REYNOLDS NUMBER IS NOT DEFINED, FOR INPUT SPEED  1
                SEA LEVEL ALTITUDE ASSUMED
    * WARNING * THE REYNOLDS NUMBER IS NOT DEFINED, FOR INPUT SPEED  2
                SEA LEVEL ALTITUDE ASSUMED
    * WARNING * THE REYNOLDS NUMBER IS NOT DEFINED, FOR INPUT SPEED  3
                SEA LEVEL ALTITUDE ASSUMED
    * WARNING * THE REYNOLDS NUMBER IS NOT DEFINED, FOR INPUT SPEED  4
                SEA LEVEL ALTITUDE ASSUMED
    * WARNING * THE REYNOLDS NUMBER IS NOT DEFINED, FOR INPUT SPEED  5
                SEA LEVEL ALTITUDE ASSUMED
    * WARNING * THE REYNOLDS NUMBER IS NOT DEFINED, FOR INPUT SPEED  6
                SEA LEVEL ALTITUDE ASSUMED
    * WARNING * THE REYNOLDS NUMBER IS NOT DEFINED, FOR INPUT SPEED  7
                SEA LEVEL ALTITUDE ASSUMED
    * WARNING * THE REYNOLDS NUMBER IS NOT DEFINED, FOR INPUT SPEED  8
                SEA LEVEL ALTITUDE ASSUMED
    * WARNING * THE REYNOLDS NUMBER IS NOT DEFINED, FOR INPUT SPEED  9
                SEA LEVEL ALTITUDE ASSUMED
    THE BOUNDARY LAYER IS ASSUMED TO BE TURBULENT
    THE INPUT UNITS ARE IN METERS, THE SCALE FACTOR IS   1.0000
1         ***** THE USAF AUTOMATED MISSILE DATCOM * REV 3/99 *****     CASE   1
               AERODYNAMIC METHODS FOR MISSILE CONFIGURATIONS          PAGE   2
                        AXISYMMETRIC BODY DEFINITION

                             NOSE   CENTERBODY     AFT BODY        TOTAL
    SHAPE                   OGIVE     CYLINDER        CONIC
    LENGTH                  0.060        1.181        0.044        1.285   M
    FINENESS RATIO          0.857       16.871        0.629       18.357
    PLANFORM AREA           0.003        0.083        0.003        0.088   M**2
    AREA CENTROID           0.036        0.651        1.262        0.648   M
    WETTED AREA             0.010        0.260        0.009        0.279   M**2
    VOLUME                  0.000        0.005        0.000        0.005   M**3
    VOL. CENTROID           0.040        0.651        1.261        0.650   M

                              MOLD LINE CONTOUR

     LONGITUDINAL STATIONS    0.0000     0.0060     0.0120     0.0180     0.0240 
        0.0300     0.0360     0.0420     0.0480     0.0540     0.0600     0.1781 
        0.2962     0.4143     0.5324     0.6505     0.7686     0.8867     1.0048 
        1.1229     1.2410*    1.2454     1.2498     1.2542     1.2586     1.2630 
        1.2674     1.2718     1.2762     1.2806     1.2850*

                BODY RADII    0.0000     0.0089     0.0155     0.0207     0.0249 
        0.0281     0.0307     0.0326     0.0339     0.0347     0.0350     0.0350 
        0.0350     0.0350     0.0350     0.0350     0.0350     0.0350     0.0350 
        0.0350     0.0350*    0.0341     0.0332     0.0323     0.0314     0.0305 
        0.0296     0.0287     0.0278     0.0269     0.0260*
    NOTE - * INDICATES SLOPE DISCONTINUOUS POINTS
1         ***** THE USAF AUTOMATED MISSILE DATCOM * REV 3/99 *****     CASE   1
               AERODYNAMIC METHODS FOR MISSILE CONFIGURATIONS          PAGE   3
                         FIN SET NUMBER 1 AIRFOIL SECTION

                                  NACA S-3-40.0-05.0-20.0

         X/C     X-UPPER   Y-UPPER   X-LOWER   Y-LOWER  MEAN LINE  THICKNESS

       0.00000   0.00000   0.00000   0.00000   0.00000   0.00000   0.00000
       0.00100   0.00100   0.00006   0.00100  -0.00006   0.00000   0.00013
       0.00200   0.00200   0.00013   0.00200  -0.00013   0.00000   0.00025
       0.00300   0.00300   0.00019   0.00300  -0.00019   0.00000   0.00038
       0.00400   0.00400   0.00025   0.00400  -0.00025   0.00000   0.00050
       0.00500   0.00500   0.00031   0.00500  -0.00031   0.00000   0.00063
       0.00600   0.00600   0.00038   0.00600  -0.00038   0.00000   0.00075
       0.00800   0.00800   0.00050   0.00800  -0.00050   0.00000   0.00100
       0.01000   0.01000   0.00063   0.01000  -0.00063   0.00000   0.00125
       0.02000   0.02000   0.00125   0.02000  -0.00125   0.00000   0.00250
       0.03000   0.03000   0.00187   0.03000  -0.00187   0.00000   0.00375
       0.04000   0.04000   0.00250   0.04000  -0.00250   0.00000   0.00500
       0.05000   0.05000   0.00312   0.05000  -0.00312   0.00000   0.00625
       0.06000   0.06000   0.00375   0.06000  -0.00375   0.00000   0.00750
       0.08000   0.08000   0.00500   0.08000  -0.00500   0.00000   0.01000
       0.10000   0.10000   0.00625   0.10000  -0.00625   0.00000   0.01250
       0.12000   0.12000   0.00750   0.12000  -0.00750   0.00000   0.01500
       0.14000   0.14000   0.00875   0.14000  -0.00875   0.00000   0.01750
       0.16000   0.16000   0.01000   0.16000  -0.01000   0.00000   0.02000
       0.18000   0.18000   0.01125   0.18000  -0.01125   0.00000   0.02250
       0.20000   0.20000   0.01250   0.20000  -0.01250   0.00000   0.02500
       0.22000   0.22000   0.01375   0.22000  -0.01375   0.00000   0.02750
       0.24000   0.24000   0.01500   0.24000  -0.01500   0.00000   0.03000
       0.26000   0.26000   0.01625   0.26000  -0.01625   0.00000   0.03250
       0.28000   0.28000   0.01750   0.28000  -0.01750   0.00000   0.03500
       0.30000   0.30000   0.01875   0.30000  -0.01875   0.00000   0.03750
       0.32000   0.32000   0.02000   0.32000  -0.02000   0.00000   0.04000
       0.34000   0.34000   0.02125   0.34000  -0.02125   0.00000   0.04250
       0.36000   0.36000   0.02250   0.36000  -0.02250   0.00000   0.04500
       0.38000   0.38000   0.02375   0.38000  -0.02375   0.00000   0.04750
       0.40000   0.40000   0.02500   0.40000  -0.02500   0.00000   0.05000
       0.42000   0.42000   0.02500   0.42000  -0.02500   0.00000   0.05000
       0.45000   0.45000   0.02500   0.45000  -0.02500   0.00000   0.05000
       0.50000   0.50000   0.02500   0.50000  -0.02500   0.00000   0.05000
       0.55000   0.55000   0.02500   0.55000  -0.02500   0.00000   0.05000
       0.60000   0.60000   0.02500   0.60000  -0.02500   0.00000   0.05000
       0.65000   0.65000   0.02187   0.65000  -0.02187   0.00000   0.04375
       0.70000   0.70000   0.01875   0.70000  -0.01875   0.00000   0.03750
       0.75000   0.75000   0.01562   0.75000  -0.01562   0.00000   0.03125
       0.80000   0.80000   0.01250   0.80000  -0.01250   0.00000   0.02500
       0.82000   0.82000   0.01125   0.82000  -0.01125   0.00000   0.02250
       0.84000   0.84000   0.01000   0.84000  -0.01000   0.00000   0.02000
       0.86000   0.86000   0.00875   0.86000  -0.00875   0.00000   0.01750
       0.88000   0.88000   0.00750   0.88000  -0.00750   0.00000   0.01500
       0.90000   0.90000   0.00625   0.90000  -0.00625   0.00000   0.01250
       0.92000   0.92000   0.00500   0.92000  -0.00500   0.00000   0.01000
       0.94000   0.94000   0.00375   0.94000  -0.00375   0.00000   0.00750
       0.96000   0.96000   0.00250   0.96000  -0.00250   0.00000   0.00500
       0.98000   0.98000   0.00125   0.98000  -0.00125   0.00000   0.00250
       1.00000   1.00000   0.00000   1.00000   0.00000   0.00000   0.00000
1         ***** THE USAF AUTOMATED MISSILE DATCOM * REV 3/99 *****     CASE   1
               AERODYNAMIC METHODS FOR MISSILE CONFIGURATIONS          PAGE   4
                      GEOMETRIC RESULTS FOR FIN SETS

                             FIN SET NUMBER  1
                          (DATA FOR ONE PANEL ONLY)

    SEGMENT   PLAN        ASPECT    TAPER     L.E.     T.E.    M.A.C.    T/C
    NUMBER    AREA        RATIO     RATIO    SWEEP    SWEEP    CHORD    RATIO

      1      0.0058        0.572    0.675   35.025    1.295    0.102    0.050
    TOTAL    0.0058        0.572    0.675   35.025    1.295    0.102    0.050
 
 
 
1         ***** THE USAF AUTOMATED MISSILE DATCOM * REV 3/99 *****     CASE   1
               AERODYNAMIC METHODS FOR MISSILE CONFIGURATIONS          PAGE   5
                           FIN SET 1 SECTION AERODYNAMICS

                        IDEAL ANGLE OF ATTACK =    0.0000 DEG.
                    ZERO LIFT ANGLE OF ATTACK =    0.0000 DEG.
                       IDEAL LIFT COEFFICIENT =    0.0000
        ZERO LIFT PITCHING MOMENT COEFFICIENT =    0.0000
                   MACH ZERO LIFT-CURVE-SLOPE =    0.0963 /DEG.
                          LEADING EDGE RADIUS =    0.0000 FRACTION CHORD
                    MAXIMUM AIRFOIL THICKNESS =    0.0500 FRACTION CHORD
                                      DELTA-Y =    0.3656 PERCENT CHORD


    MACH = 0.100   CL-ALPHA = 0.0968 /DEG.   XAC = 0.2715   CL MAX = 0.7368

    MACH = 0.200   CL-ALPHA = 0.0983 /DEG.   XAC = 0.2714   CL MAX = 0.7394

    MACH = 0.300   CL-ALPHA = 0.1010 /DEG.   XAC = 0.2713   CL MAX = 0.7420

    MACH = 0.400   CL-ALPHA = 0.1051 /DEG.   XAC = 0.2712   CL MAX = 0.7445

    MACH = 0.500   CL-ALPHA = 0.1126 /DEG.   XAC = 0.2708   CL MAX = 0.7471

                   *** CREST CRITICAL MACH NUMBER EXCEEDED ***

                           CREST CRITICAL MACH =    0.8070
                                      LOCATION =    0.4145 FRACTION CHORD
                              LIFT-CURVE-SLOPE =    0.1410 /DEG.
1         ***** THE USAF AUTOMATED MISSILE DATCOM * REV 3/99 *****     CASE   1
               AERODYNAMIC METHODS FOR MISSILE CONFIGURATIONS          PAGE   6
                             BODY ALONE PARTIAL OUTPUT

       ******* FLIGHT CONDITIONS AND REFERENCE QUANTITIES *******
     MACH NO  =       0.10                REYNOLDS NO = 2.318E+06 /M
     ALTITUDE =        0.0 M         DYNAMIC PRESSURE =    709.28 N/M**2
     SIDESLIP =       0.00 DEG                   ROLL =      0.00 DEG     
     REF AREA =      0.004 M**2         MOMENT CENTER =     0.710 M
     REF LENGTH =     1.28 M           LAT REF LENGTH =      1.28 M

      ALPHA    CA-FRIC  CA-PRES/WAVE CA-BASE    CA-PROT     CA-SEP     CA-ALP
     -10.00     0.2586     0.0598     0.0561                           0.0029
      -8.00     0.2614     0.0604     0.0563                           0.0024
      -6.00     0.2637     0.0610     0.0563                           0.0016
      -4.00     0.2653     0.0613     0.0564                           0.0008
      -2.00     0.2663     0.0616     0.0563                           0.0002
       0.00     0.2666     0.0616     0.0562                           0.0000
       2.00     0.2663     0.0616     0.0563                           0.0002
       4.00     0.2653     0.0613     0.0564                           0.0008
       6.00     0.2637     0.0610     0.0563                           0.0016
       8.00     0.2614     0.0604     0.0563                           0.0024
      10.00     0.2586     0.0598     0.0561                           0.0029

                     CROSS FLOW DRAG PROPORTIONALITY FACTOR = 0.75438

      ALPHA    CN-POTEN  CN-VISC   CN-SEP    CM-POTEN  CM-VISC   CM-SEP    CDC
     -10.00    -0.420    -0.392              -0.196    -0.019             0.751
      -8.00    -0.339    -0.251              -0.158    -0.012             0.749
      -6.00    -0.256    -0.141              -0.119    -0.007             0.746
      -4.00    -0.172    -0.063              -0.080    -0.003             0.744
      -2.00    -0.086    -0.016              -0.040    -0.001             0.742
       0.00     0.000     0.000               0.000     0.000             0.740
       2.00     0.086     0.016               0.040     0.001             0.742
       4.00     0.172     0.063               0.080     0.003             0.744
       6.00     0.256     0.141               0.119     0.007             0.746
       8.00     0.339     0.251               0.158     0.012             0.749
      10.00     0.420     0.392               0.196     0.019             0.751
1         ***** THE USAF AUTOMATED MISSILE DATCOM * REV 3/99 *****     CASE   1
               AERODYNAMIC METHODS FOR MISSILE CONFIGURATIONS          PAGE   7
                        FIN SET 1 CA PARTIAL OUTPUT

       ******* FLIGHT CONDITIONS AND REFERENCE QUANTITIES *******
     MACH NO  =       0.10                REYNOLDS NO = 2.318E+06 /M
     ALTITUDE =        0.0 M         DYNAMIC PRESSURE =    709.28 N/M**2
     SIDESLIP =       0.00 DEG                   ROLL =      0.00 DEG     
     REF AREA =      0.004 M**2         MOMENT CENTER =     0.710 M
     REF LENGTH =     1.28 M           LAT REF LENGTH =      1.28 M

    SINGLE FIN PANEL ZERO-LIFT AXIAL FORCE COMPONENTS

    SKIN FRICTION        0.0178
    SUBSONIC PRESSURE    0.0014
    TRANSONIC WAVE       0.0000
    SUPERSONIC WAVE      0.0000
    LEADING EDGE         0.0000
    TRAILING EDGE        0.0000
    TOTAL CAO            0.0192

    FIN AXIAL FORCE DUE TO ANGLE OF ATTACK

    ALPHA      CA DUE TO LIFT (SINGLE PANEL)   CA-TOTAL (4 FINS)

     -10.00              0.0000                      0.0756
      -8.00              0.0000                      0.0760
      -6.00              0.0000                      0.0764
      -4.00              0.0000                      0.0766
      -2.00              0.0000                      0.0767
       0.00              0.0000                      0.0768
       2.00              0.0000                      0.0767
       4.00              0.0000                      0.0766
       6.00              0.0000                      0.0764
       8.00              0.0000                      0.0760
      10.00              0.0000                      0.0756
1         ***** THE USAF AUTOMATED MISSILE DATCOM * REV 3/99 *****     CASE   1
               AERODYNAMIC METHODS FOR MISSILE CONFIGURATIONS          PAGE   8
                       FIN SET 1 CN, CM PARTIAL OUTPUT

       ******* FLIGHT CONDITIONS AND REFERENCE QUANTITIES *******
     MACH NO  =       0.10                REYNOLDS NO = 2.318E+06 /M
     ALTITUDE =        0.0 M         DYNAMIC PRESSURE =    709.28 N/M**2
     SIDESLIP =       0.00 DEG                   ROLL =      0.00 DEG     
     REF AREA =      0.004 M**2         MOMENT CENTER =     0.710 M
     REF LENGTH =     1.28 M           LAT REF LENGTH =      1.28 M

    NORMAL FORCE SLOPE AT ALPHA ZERO, CNA =    0.04254/DEG (1 PANEL)
         CENTER OF PRESSURE FOR LINEAR CN =   -0.38162 (CALIBERS FROM C.G.)
     CENTER OF PRESSURE FOR NON-LINEAR CN =   -0.40446 (CALIBERS FROM C.G.)

      ALPHA      CN        CN        CN        CM        CM        CM
               LINEAR  NON-LINEAR  TOTAL     LINEAR  NON-LINEAR  TOTAL

     -10.00   -0.8336   -0.2904   -1.1240    0.3181    0.1174    0.4356
      -8.00   -0.6718   -0.1865   -0.8583    0.2564    0.0754    0.3318
      -6.00   -0.5067   -0.1052   -0.6119    0.1934    0.0426    0.2359
      -4.00   -0.3392   -0.0469   -0.3861    0.1294    0.0190    0.1484
      -2.00   -0.1700   -0.0117   -0.1817    0.0649    0.0047    0.0696
       0.00    0.0000    0.0000    0.0000    0.0000    0.0000    0.0000
       2.00    0.1700    0.0117    0.1817   -0.0649   -0.0047   -0.0696
       4.00    0.3392    0.0469    0.3861   -0.1294   -0.0190   -0.1484
       6.00    0.5067    0.1052    0.6119   -0.1934   -0.0426   -0.2359
       8.00    0.6718    0.1865    0.8583   -0.2564   -0.0754   -0.3318
      10.00    0.8336    0.2904    1.1240   -0.3181   -0.1174   -0.4356
1         ***** THE USAF AUTOMATED MISSILE DATCOM * REV 3/99 *****     CASE   1
               AERODYNAMIC METHODS FOR MISSILE CONFIGURATIONS          PAGE   9
                 AERODYNAMIC FORCE AND MOMENT SYNTHESIS

       ******* FLIGHT CONDITIONS AND REFERENCE QUANTITIES *******
     MACH NO  =       0.10                REYNOLDS NO = 2.318E+06 /M
     ALTITUDE =        0.0 M         DYNAMIC PRESSURE =    709.28 N/M**2
     SIDESLIP =       0.00 DEG                   ROLL =      0.00 DEG     
     REF AREA =      0.004 M**2         MOMENT CENTER =     0.710 M
     REF LENGTH =     1.28 M           LAT REF LENGTH =      1.28 M

          ---------------FIN SET 1 IN PRESENCE OF THE BODY----------------

      ALPHA       CN         CM         CA         CY         CLN        CLL

     -10.00    -1.5141     0.5778     0.0768     0.0000     0.0000     0.0000
      -8.00    -1.1923     0.4550     0.0768     0.0000     0.0000     0.0000
      -6.00    -0.8561     0.3267     0.0768     0.0000     0.0000     0.0000
      -4.00    -0.5596     0.2135     0.0768     0.0000     0.0000     0.0000
      -2.00    -0.2615     0.0998     0.0768     0.0000     0.0000     0.0000
       0.00     0.0000     0.0000     0.0768     0.0000     0.0000     0.0000
       2.00     0.2615    -0.0998     0.0768     0.0000     0.0000     0.0000
       4.00     0.5596    -0.2135     0.0768     0.0000     0.0000     0.0000
       6.00     0.8561    -0.3267     0.0768     0.0000     0.0000     0.0000
       8.00     1.1923    -0.4550     0.0768     0.0000     0.0000     0.0000
      10.00     1.5141    -0.5778     0.0768     0.0000     0.0000     0.0000
1         ***** THE USAF AUTOMATED MISSILE DATCOM * REV 3/99 *****     CASE   1
               AERODYNAMIC METHODS FOR MISSILE CONFIGURATIONS          PAGE  10
                 AERODYNAMIC FORCE AND MOMENT SYNTHESIS

       ******* FLIGHT CONDITIONS AND REFERENCE QUANTITIES *******
     MACH NO  =       0.10                REYNOLDS NO = 2.318E+06 /M
     ALTITUDE =        0.0 M         DYNAMIC PRESSURE =    709.28 N/M**2
     SIDESLIP =       0.00 DEG                   ROLL =      0.00 DEG     
     REF AREA =      0.004 M**2         MOMENT CENTER =     0.710 M
     REF LENGTH =     1.28 M           LAT REF LENGTH =      1.28 M

          ---------------FIN SET 1 PANEL CHARACTERISTICS------------------

      ALPHA      PANEL    AEQ (PANEL AXIS SYS.)    PANEL CN

     -10.00        1              0.0000           0.0000
     -10.00        2            -12.7251          -0.7571
     -10.00        3              0.0000           0.0000
     -10.00        4             12.7251           0.7571
 
      -8.00        1              0.0000           0.0000
      -8.00        2            -10.4925          -0.5961
      -8.00        3              0.0000           0.0000
      -8.00        4             10.4925           0.5961
 
      -6.00        1              0.0000           0.0000
      -6.00        2             -7.9828          -0.4281
      -6.00        3              0.0000           0.0000
      -6.00        4              7.9828           0.4281
 
      -4.00        1              0.0000           0.0000
      -4.00        2             -5.5521          -0.2798
      -4.00        3              0.0000           0.0000
      -4.00        4              5.5521           0.2798
 
      -2.00        1              0.0000           0.0000
      -2.00        2             -2.8103          -0.1308
      -2.00        3              0.0000           0.0000
      -2.00        4              2.8103           0.1308
 
       0.00        1              0.0000           0.0000
       0.00        2              0.0000           0.0000
       0.00        3              0.0000           0.0000
       0.00        4              0.0000           0.0000
 
       2.00        1              0.0000           0.0000
       2.00        2              2.8103           0.1308
       2.00        3              0.0000           0.0000
       2.00        4             -2.8103          -0.1308
 
       4.00        1              0.0000           0.0000
       4.00        2              5.5521           0.2798
       4.00        3              0.0000           0.0000
       4.00        4             -5.5521          -0.2798
 
       6.00        1              0.0000           0.0000
       6.00        2              7.9828           0.4281
       6.00        3              0.0000           0.0000
       6.00        4             -7.9828          -0.4281
 
       8.00        1              0.0000           0.0000
       8.00        2             10.4925           0.5961
       8.00        3              0.0000           0.0000
       8.00        4            -10.4925          -0.5961
 
      10.00        1              0.0000           0.0000
      10.00        2             12.7251           0.7571
      10.00        3              0.0000           0.0000
      10.00        4            -12.7251          -0.7571
 
1         ***** THE USAF AUTOMATED MISSILE DATCOM * REV 3/99 *****     CASE   1
               AERODYNAMIC METHODS FOR MISSILE CONFIGURATIONS          PAGE  11
                 AERODYNAMIC FORCE AND MOMENT SYNTHESIS

       ******* FLIGHT CONDITIONS AND REFERENCE QUANTITIES *******
     MACH NO  =       0.10                REYNOLDS NO = 2.318E+06 /M
     ALTITUDE =        0.0 M         DYNAMIC PRESSURE =    709.28 N/M**2
     SIDESLIP =       0.00 DEG                   ROLL =      0.00 DEG     
     REF AREA =      0.004 M**2         MOMENT CENTER =     0.710 M
     REF LENGTH =     1.28 M           LAT REF LENGTH =      1.28 M

             CARRYOVER INTERFERENCE FACTORS - FIN SET 1

      ALPHA   K-W(B)   K-B(W)  KK-W(B)  KK-B(W)  XCP-W(B) XCP-B(W) Y-CP/(B/2)

     -10.00   1.3261   0.5437   0.9354   0.3728   0.3816   0.3804   0.4628
      -8.00   1.3491   0.5437   0.9354   0.3728   0.3816   0.3804   0.4644
      -6.00   1.3708   0.5437   0.9354   0.3728   0.3816   0.3804   0.4608
      -4.00   1.3901   0.5437   0.9354   0.3728   0.3816   0.3804   0.4580
      -2.00   1.4057   0.5437   0.9354   0.3728   0.3816   0.3804   0.4520
       0.00   1.4145   0.5437   0.9354   0.3728   0.3816   0.3804   0.4436
       2.00   1.4057   0.5437   0.9354   0.3728   0.3816   0.3804   0.4520
       4.00   1.3901   0.5437   0.9354   0.3728   0.3816   0.3804   0.4580
       6.00   1.3708   0.5437   0.9354   0.3728   0.3816   0.3804   0.4608
       8.00   1.3491   0.5437   0.9354   0.3728   0.3816   0.3804   0.4644
      10.00   1.3261   0.5437   0.9354   0.3728   0.3816   0.3804   0.4628

    NOTE - XCP-W(B) USED FOR STABILITY ONLY DIFFERENT VALUES USED FOR HINGE MOMENTS
1         ***** THE USAF AUTOMATED MISSILE DATCOM * REV 3/99 *****     CASE   1
               AERODYNAMIC METHODS FOR MISSILE CONFIGURATIONS          PAGE  12
        FIN SET 1 PANEL BENDING MOMENTS (ABOUT EXPOSED ROOT CHORD)

       ******* FLIGHT CONDITIONS AND REFERENCE QUANTITIES *******
     MACH NO  =       0.10                REYNOLDS NO = 2.318E+06 /M
     ALTITUDE =        0.0 M         DYNAMIC PRESSURE =    709.28 N/M**2
     SIDESLIP =       0.00 DEG                   ROLL =      0.00 DEG     
     REF AREA =      0.004 M**2         MOMENT CENTER =     0.710 M
     REF LENGTH =     1.28 M           LAT REF LENGTH =      1.28 M

   ALPHA   PANL 1   PANL 2   PANL 3   PANL 4   PANL 5   PANL 6   PANL 7   PANL 8
 
   -10.0  0.00E+00 -1.57E-02 -1.88E-09  1.57E-02
    -8.0 -1.41E-10 -1.24E-02 -1.47E-09  1.24E-02
    -6.0  0.00E+00 -8.83E-03 -1.27E-09  8.83E-03
    -4.0  0.00E+00 -5.73E-03 -7.60E-10  5.73E-03
    -2.0  0.00E+00 -2.65E-03 -3.79E-10  2.65E-03
     0.0  0.00E+00  0.00E+00  0.00E+00  0.00E+00
     2.0  0.00E+00  2.65E-03  3.81E-10 -2.65E-03
     4.0  0.00E+00  5.73E-03  7.65E-10 -5.73E-03
     6.0 -1.35E-10  8.83E-03  1.14E-09 -8.83E-03
     8.0  2.36E-11  1.24E-02  1.38E-09 -1.24E-02
    10.0 -4.08E-11  1.57E-02  1.87E-09 -1.57E-02
1         ***** THE USAF AUTOMATED MISSILE DATCOM * REV 3/99 *****     CASE   1
               AERODYNAMIC METHODS FOR MISSILE CONFIGURATIONS          PAGE  13
            FIN SET 1 PANEL HINGE MOMENTS (ABOUT HINGE LINE)

       ******* FLIGHT CONDITIONS AND REFERENCE QUANTITIES *******
     MACH NO  =       0.10                REYNOLDS NO = 2.318E+06 /M
     ALTITUDE =        0.0 M         DYNAMIC PRESSURE =    709.28 N/M**2
     SIDESLIP =       0.00 DEG                   ROLL =      0.00 DEG     
     REF AREA =      0.004 M**2         MOMENT CENTER =     0.710 M
     REF LENGTH =     1.28 M           LAT REF LENGTH =      1.28 M

   ALPHA   PANL 1   PANL 2   PANL 3   PANL 4   PANL 5   PANL 6   PANL 7   PANL 8
 
   -10.0  0.00E+00 -2.92E-02 -3.50E-09  2.92E-02
    -8.0 -2.63E-10 -2.30E-02 -2.74E-09  2.30E-02
    -6.0  0.00E+00 -1.65E-02 -2.37E-09  1.65E-02
    -4.0  0.00E+00 -1.08E-02 -1.43E-09  1.08E-02
    -2.0  0.00E+00 -5.05E-03 -7.24E-10  5.05E-03
     0.0  0.00E+00  0.00E+00  0.00E+00  0.00E+00
     2.0  0.00E+00  5.05E-03  7.27E-10 -5.05E-03
     4.0  0.00E+00  1.08E-02  1.44E-09 -1.08E-02
     6.0 -2.53E-10  1.65E-02  2.14E-09 -1.65E-02
     8.0  4.38E-11  2.30E-02  2.56E-09 -2.30E-02
    10.0 -7.60E-11  2.92E-02  3.49E-09 -2.92E-02
1         ***** THE USAF AUTOMATED MISSILE DATCOM * REV 3/99 *****     CASE   1
               AERODYNAMIC METHODS FOR MISSILE CONFIGURATIONS          PAGE  14
                   STATIC AERODYNAMICS FOR BODY-FIN SET 1

       ******* FLIGHT CONDITIONS AND REFERENCE QUANTITIES *******
     MACH NO  =       0.10                REYNOLDS NO = 2.318E+06 /M
     ALTITUDE =        0.0 M         DYNAMIC PRESSURE =    709.28 N/M**2
     SIDESLIP =       0.00 DEG                   ROLL =      0.00 DEG     
     REF AREA =      0.004 M**2         MOMENT CENTER =     0.710 M
     REF LENGTH =     1.28 M           LAT REF LENGTH =      1.28 M

                   ----- LONGITUDINAL -----     -- LATERAL DIRECTIONAL --
         ALPHA       CN        CM        CA        CY       CLN       CLL

        -10.00    -2.947     0.599     0.454     0.000     0.000     0.000
         -8.00    -2.263     0.467     0.457     0.000     0.000     0.000
         -6.00    -1.593     0.330     0.459     0.000     0.000     0.000
         -4.00    -1.013     0.214     0.461     0.000     0.000     0.000
         -2.00    -0.464     0.097     0.461     0.000     0.000     0.000
          0.00     0.000     0.000     0.461     0.000     0.000     0.000
          2.00     0.464    -0.097     0.461     0.000     0.000     0.000
          4.00     1.013    -0.214     0.461     0.000     0.000     0.000
          6.00     1.593    -0.330     0.459     0.000     0.000     0.000
          8.00     2.263    -0.467     0.457     0.000     0.000     0.000
         10.00     2.947    -0.599     0.454     0.000     0.000     0.000

         ALPHA       CL        CD      CL/CD     X-C.P.

        -10.00    -2.824     0.959    -2.944    -0.203
         -8.00    -2.177     0.768    -2.836    -0.207
         -6.00    -1.536     0.623    -2.464    -0.207
         -4.00    -0.978     0.530    -1.845    -0.211
         -2.00    -0.448     0.477    -0.939    -0.210
          0.00     0.000     0.461     0.000    -0.210
          2.00     0.448     0.477     0.939    -0.210
          4.00     0.978     0.530     1.845    -0.211
          6.00     1.536     0.623     2.464    -0.207
          8.00     2.177     0.768     2.836    -0.207
         10.00     2.824     0.959     2.944    -0.203

    X-C.P. MEAS. FROM MOMENT CENTER IN REF. LENGTHS, NEG. AFT OF MOMENT CENTER
1         ***** THE USAF AUTOMATED MISSILE DATCOM * REV 3/99 *****     CASE   1
               AERODYNAMIC METHODS FOR MISSILE CONFIGURATIONS          PAGE  15
                   STATIC AERODYNAMICS FOR BODY-FIN SET 1

       ******* FLIGHT CONDITIONS AND REFERENCE QUANTITIES *******
     MACH NO  =       0.10                REYNOLDS NO = 2.318E+06 /M
     ALTITUDE =        0.0 M         DYNAMIC PRESSURE =    709.28 N/M**2
     SIDESLIP =       0.00 DEG                   ROLL =      0.00 DEG     
     REF AREA =      0.004 M**2         MOMENT CENTER =     0.710 M
     REF LENGTH =     1.28 M           LAT REF LENGTH =      1.28 M

                   ---------- DERIVATIVES (PER DEGREE) ----------
         ALPHA       CNA         CMA         CYB         CLNB        CLLB
        -10.00      0.3456     -0.0642     -0.1893      0.0202     -0.0014
         -8.00      0.3385     -0.0674     -0.2080      0.0301     -0.0008
         -6.00      0.3124     -0.0634     -0.2029      0.0311     -0.0008
         -4.00      0.2822     -0.0581     -0.2322      0.0453      0.0000
         -2.00      0.2531     -0.0534     -0.2264      0.0461      0.0000
          0.00      0.2322     -0.0487     -0.2242      0.0465      0.0000
          2.00      0.2531     -0.0534     -0.2264      0.0461      0.0000
          4.00      0.2822     -0.0581     -0.2322      0.0453      0.0000
          6.00      0.3124     -0.0634     -0.2029      0.0311      0.0008
          8.00      0.3385     -0.0674     -0.2080      0.0301      0.0008
         10.00      0.3456     -0.0642     -0.1893      0.0202      0.0014

    PANEL DEFLECTION ANGLES (DEGREES)
    SET    FIN 1   FIN 2   FIN 3   FIN 4   FIN 5   FIN 6   FIN 7   FIN 8
      1    0.00    0.00    0.00    0.00
1         ***** THE USAF AUTOMATED MISSILE DATCOM * REV 3/99 *****     CASE   1
               AERODYNAMIC METHODS FOR MISSILE CONFIGURATIONS          PAGE  16
                             BODY ALONE PARTIAL OUTPUT

       ******* FLIGHT CONDITIONS AND REFERENCE QUANTITIES *******
     MACH NO  =       0.20                REYNOLDS NO = 4.637E+06 /M
     ALTITUDE =        0.0 M         DYNAMIC PRESSURE =   2837.10 N/M**2
     SIDESLIP =       0.00 DEG                   ROLL =      0.00 DEG     
     REF AREA =      0.004 M**2         MOMENT CENTER =     0.710 M
     REF LENGTH =     1.28 M           LAT REF LENGTH =      1.28 M

      ALPHA    CA-FRIC  CA-PRES/WAVE CA-BASE    CA-PROT     CA-SEP     CA-ALP
     -10.00     0.2289     0.0583     0.0561                           0.0024
      -8.00     0.2315     0.0590     0.0563                           0.0021
      -6.00     0.2334     0.0595     0.0563                           0.0014
      -4.00     0.2349     0.0598     0.0563                           0.0007
      -2.00     0.2357     0.0601     0.0563                           0.0002
       0.00     0.2360     0.0601     0.0562                           0.0000
       2.00     0.2357     0.0601     0.0563                           0.0002
       4.00     0.2349     0.0598     0.0563                           0.0007
       6.00     0.2334     0.0595     0.0563                           0.0014
       8.00     0.2315     0.0590     0.0563                           0.0021
      10.00     0.2289     0.0583     0.0561                           0.0024

                     CROSS FLOW DRAG PROPORTIONALITY FACTOR = 0.75438

      ALPHA    CN-POTEN  CN-VISC   CN-SEP    CM-POTEN  CM-VISC   CM-SEP    CDC
     -10.00    -0.419    -0.397              -0.197    -0.019             0.761
      -8.00    -0.338    -0.254              -0.159    -0.012             0.757
      -6.00    -0.256    -0.142              -0.120    -0.007             0.753
      -4.00    -0.171    -0.063              -0.080    -0.003             0.749
      -2.00    -0.086    -0.016              -0.040    -0.001             0.744
       0.00     0.000     0.000               0.000     0.000             0.740
       2.00     0.086     0.016               0.040     0.001             0.744
       4.00     0.171     0.063               0.080     0.003             0.749
       6.00     0.256     0.142               0.120     0.007             0.753
       8.00     0.338     0.254               0.159     0.012             0.757
      10.00     0.419     0.397               0.197     0.019             0.761
1         ***** THE USAF AUTOMATED MISSILE DATCOM * REV 3/99 *****     CASE   1
               AERODYNAMIC METHODS FOR MISSILE CONFIGURATIONS          PAGE  17
                        FIN SET 1 CA PARTIAL OUTPUT

       ******* FLIGHT CONDITIONS AND REFERENCE QUANTITIES *******
     MACH NO  =       0.20                REYNOLDS NO = 4.637E+06 /M
     ALTITUDE =        0.0 M         DYNAMIC PRESSURE =   2837.10 N/M**2
     SIDESLIP =       0.00 DEG                   ROLL =      0.00 DEG     
     REF AREA =      0.004 M**2         MOMENT CENTER =     0.710 M
     REF LENGTH =     1.28 M           LAT REF LENGTH =      1.28 M

    SINGLE FIN PANEL ZERO-LIFT AXIAL FORCE COMPONENTS

    SKIN FRICTION        0.0153
    SUBSONIC PRESSURE    0.0012
    TRANSONIC WAVE       0.0000
    SUPERSONIC WAVE      0.0000
    LEADING EDGE         0.0000
    TRAILING EDGE        0.0000
    TOTAL CAO            0.0166

    FIN AXIAL FORCE DUE TO ANGLE OF ATTACK

    ALPHA      CA DUE TO LIFT (SINGLE PANEL)   CA-TOTAL (4 FINS)

     -10.00              0.0000                      0.0652
      -8.00              0.0000                      0.0656
      -6.00              0.0000                      0.0659
      -4.00              0.0000                      0.0661
      -2.00              0.0000                      0.0662
       0.00              0.0000                      0.0663
       2.00              0.0000                      0.0662
       4.00              0.0000                      0.0661
       6.00              0.0000                      0.0659
       8.00              0.0000                      0.0656
      10.00              0.0000                      0.0652
1         ***** THE USAF AUTOMATED MISSILE DATCOM * REV 3/99 *****     CASE   1
               AERODYNAMIC METHODS FOR MISSILE CONFIGURATIONS          PAGE  18
                       FIN SET 1 CN, CM PARTIAL OUTPUT

       ******* FLIGHT CONDITIONS AND REFERENCE QUANTITIES *******
     MACH NO  =       0.20                REYNOLDS NO = 4.637E+06 /M
     ALTITUDE =        0.0 M         DYNAMIC PRESSURE =   2837.10 N/M**2
     SIDESLIP =       0.00 DEG                   ROLL =      0.00 DEG     
     REF AREA =      0.004 M**2         MOMENT CENTER =     0.710 M
     REF LENGTH =     1.28 M           LAT REF LENGTH =      1.28 M

    NORMAL FORCE SLOPE AT ALPHA ZERO, CNA =    0.04264/DEG (1 PANEL)
         CENTER OF PRESSURE FOR LINEAR CN =   -0.38157 (CALIBERS FROM C.G.)
     CENTER OF PRESSURE FOR NON-LINEAR CN =   -0.40446 (CALIBERS FROM C.G.)

      ALPHA      CN        CN        CN        CM        CM        CM
               LINEAR  NON-LINEAR  TOTAL     LINEAR  NON-LINEAR  TOTAL

     -10.00   -0.8356   -0.2889   -1.1245    0.3188    0.1168    0.4357
      -8.00   -0.6734   -0.1856   -0.8590    0.2569    0.0751    0.3320
      -6.00   -0.5079   -0.1047   -0.6126    0.1938    0.0423    0.2361
      -4.00   -0.3400   -0.0466   -0.3866    0.1297    0.0189    0.1486
      -2.00   -0.1704   -0.0117   -0.1821    0.0650    0.0047    0.0697
       0.00    0.0000    0.0000    0.0000    0.0000    0.0000    0.0000
       2.00    0.1704    0.0117    0.1821   -0.0650   -0.0047   -0.0697
       4.00    0.3400    0.0466    0.3866   -0.1297   -0.0189   -0.1486
       6.00    0.5079    0.1047    0.6126   -0.1938   -0.0423   -0.2361
       8.00    0.6734    0.1856    0.8590   -0.2569   -0.0751   -0.3320
      10.00    0.8356    0.2889    1.1245   -0.3188   -0.1168   -0.4357
1         ***** THE USAF AUTOMATED MISSILE DATCOM * REV 3/99 *****     CASE   1
               AERODYNAMIC METHODS FOR MISSILE CONFIGURATIONS          PAGE  19
                 AERODYNAMIC FORCE AND MOMENT SYNTHESIS

       ******* FLIGHT CONDITIONS AND REFERENCE QUANTITIES *******
     MACH NO  =       0.20                REYNOLDS NO = 4.637E+06 /M
     ALTITUDE =        0.0 M         DYNAMIC PRESSURE =   2837.10 N/M**2
     SIDESLIP =       0.00 DEG                   ROLL =      0.00 DEG     
     REF AREA =      0.004 M**2         MOMENT CENTER =     0.710 M
     REF LENGTH =     1.28 M           LAT REF LENGTH =      1.28 M

          ---------------FIN SET 1 IN PRESENCE OF THE BODY----------------

      ALPHA       CN         CM         CA         CY         CLN        CLL

     -10.00    -1.5142     0.5778     0.0663     0.0000     0.0000     0.0000
      -8.00    -1.1927     0.4551     0.0663     0.0000     0.0000     0.0000
      -6.00    -0.8565     0.3268     0.0663     0.0000     0.0000     0.0000
      -4.00    -0.5602     0.2138     0.0663     0.0000     0.0000     0.0000
      -2.00    -0.2620     0.1000     0.0663     0.0000     0.0000     0.0000
       0.00     0.0000     0.0000     0.0663     0.0000     0.0000     0.0000
       2.00     0.2620    -0.1000     0.0663     0.0000     0.0000     0.0000
       4.00     0.5602    -0.2138     0.0663     0.0000     0.0000     0.0000
       6.00     0.8565    -0.3268     0.0663     0.0000     0.0000     0.0000
       8.00     1.1927    -0.4551     0.0663     0.0000     0.0000     0.0000
      10.00     1.5142    -0.5778     0.0663     0.0000     0.0000     0.0000
1         ***** THE USAF AUTOMATED MISSILE DATCOM * REV 3/99 *****     CASE   1
               AERODYNAMIC METHODS FOR MISSILE CONFIGURATIONS          PAGE  20
                 AERODYNAMIC FORCE AND MOMENT SYNTHESIS

       ******* FLIGHT CONDITIONS AND REFERENCE QUANTITIES *******
     MACH NO  =       0.20                REYNOLDS NO = 4.637E+06 /M
     ALTITUDE =        0.0 M         DYNAMIC PRESSURE =   2837.10 N/M**2
     SIDESLIP =       0.00 DEG                   ROLL =      0.00 DEG     
     REF AREA =      0.004 M**2         MOMENT CENTER =     0.710 M
     REF LENGTH =     1.28 M           LAT REF LENGTH =      1.28 M

          ---------------FIN SET 1 PANEL CHARACTERISTICS------------------

      ALPHA      PANEL    AEQ (PANEL AXIS SYS.)    PANEL CN

     -10.00        1              0.0000           0.0000
     -10.00        2            -12.7251          -0.7571
     -10.00        3              0.0000           0.0000
     -10.00        4             12.7251           0.7571
 
      -8.00        1              0.0000           0.0000
      -8.00        2            -10.4925          -0.5964
      -8.00        3              0.0000           0.0000
      -8.00        4             10.4925           0.5964
 
      -6.00        1              0.0000           0.0000
      -6.00        2             -7.9810          -0.4283
      -6.00        3              0.0000           0.0000
      -6.00        4              7.9810           0.4283
 
      -4.00        1              0.0000           0.0000
      -4.00        2             -5.5521          -0.2801
      -4.00        3              0.0000           0.0000
      -4.00        4              5.5521           0.2801
 
      -2.00        1              0.0000           0.0000
      -2.00        2             -2.8103          -0.1310
      -2.00        3              0.0000           0.0000
      -2.00        4              2.8103           0.1310
 
       0.00        1              0.0000           0.0000
       0.00        2              0.0000           0.0000
       0.00        3              0.0000           0.0000
       0.00        4              0.0000           0.0000
 
       2.00        1              0.0000           0.0000
       2.00        2              2.8103           0.1310
       2.00        3              0.0000           0.0000
       2.00        4             -2.8103          -0.1310
 
       4.00        1              0.0000           0.0000
       4.00        2              5.5521           0.2801
       4.00        3              0.0000           0.0000
       4.00        4             -5.5521          -0.2801
 
       6.00        1              0.0000           0.0000
       6.00        2              7.9810           0.4283
       6.00        3              0.0000           0.0000
       6.00        4             -7.9810          -0.4283
 
       8.00        1              0.0000           0.0000
       8.00        2             10.4925           0.5964
       8.00        3              0.0000           0.0000
       8.00        4            -10.4925          -0.5964
 
      10.00        1              0.0000           0.0000
      10.00        2             12.7251           0.7571
      10.00        3              0.0000           0.0000
      10.00        4            -12.7251          -0.7571
 
1         ***** THE USAF AUTOMATED MISSILE DATCOM * REV 3/99 *****     CASE   1
               AERODYNAMIC METHODS FOR MISSILE CONFIGURATIONS          PAGE  21
                 AERODYNAMIC FORCE AND MOMENT SYNTHESIS

       ******* FLIGHT CONDITIONS AND REFERENCE QUANTITIES *******
     MACH NO  =       0.20                REYNOLDS NO = 4.637E+06 /M
     ALTITUDE =        0.0 M         DYNAMIC PRESSURE =   2837.10 N/M**2
     SIDESLIP =       0.00 DEG                   ROLL =      0.00 DEG     
     REF AREA =      0.004 M**2         MOMENT CENTER =     0.710 M
     REF LENGTH =     1.28 M           LAT REF LENGTH =      1.28 M

             CARRYOVER INTERFERENCE FACTORS - FIN SET 1

      ALPHA   K-W(B)   K-B(W)  KK-W(B)  KK-B(W)  XCP-W(B) XCP-B(W) Y-CP/(B/2)

     -10.00   1.3261   0.5437   0.9354   0.3728   0.3816   0.3804   0.4617
      -8.00   1.3491   0.5437   0.9354   0.3728   0.3816   0.3804   0.4658
      -6.00   1.3708   0.5437   0.9354   0.3728   0.3816   0.3804   0.4644
      -4.00   1.3901   0.5437   0.9354   0.3728   0.3816   0.3804   0.4611
      -2.00   1.4057   0.5437   0.9354   0.3728   0.3816   0.3804   0.4540
       0.00   1.4145   0.5437   0.9354   0.3728   0.3816   0.3804   0.4443
       2.00   1.4057   0.5437   0.9354   0.3728   0.3816   0.3804   0.4540
       4.00   1.3901   0.5437   0.9354   0.3728   0.3816   0.3804   0.4611
       6.00   1.3708   0.5437   0.9354   0.3728   0.3816   0.3804   0.4644
       8.00   1.3491   0.5437   0.9354   0.3728   0.3816   0.3804   0.4658
      10.00   1.3261   0.5437   0.9354   0.3728   0.3816   0.3804   0.4617

    NOTE - XCP-W(B) USED FOR STABILITY ONLY DIFFERENT VALUES USED FOR HINGE MOMENTS
1         ***** THE USAF AUTOMATED MISSILE DATCOM * REV 3/99 *****     CASE   1
               AERODYNAMIC METHODS FOR MISSILE CONFIGURATIONS          PAGE  22
        FIN SET 1 PANEL BENDING MOMENTS (ABOUT EXPOSED ROOT CHORD)

       ******* FLIGHT CONDITIONS AND REFERENCE QUANTITIES *******
     MACH NO  =       0.20                REYNOLDS NO = 4.637E+06 /M
     ALTITUDE =        0.0 M         DYNAMIC PRESSURE =   2837.10 N/M**2
     SIDESLIP =       0.00 DEG                   ROLL =      0.00 DEG     
     REF AREA =      0.004 M**2         MOMENT CENTER =     0.710 M
     REF LENGTH =     1.28 M           LAT REF LENGTH =      1.28 M

   ALPHA   PANL 1   PANL 2   PANL 3   PANL 4   PANL 5   PANL 6   PANL 7   PANL 8
 
   -10.0  0.00E+00 -1.56E-02 -1.88E-09  1.56E-02
    -8.0 -1.42E-10 -1.24E-02 -1.48E-09  1.24E-02
    -6.0  0.00E+00 -8.90E-03 -1.28E-09  8.90E-03
    -4.0  0.00E+00 -5.78E-03 -7.66E-10  5.78E-03
    -2.0  0.00E+00 -2.66E-03 -3.82E-10  2.66E-03
     0.0  0.00E+00  0.00E+00  0.00E+00  0.00E+00
     2.0  0.00E+00  2.66E-03  3.83E-10 -2.66E-03
     4.0  0.00E+00  5.78E-03  7.72E-10 -5.78E-03
     6.0 -1.38E-10  8.90E-03  1.15E-09 -8.90E-03
     8.0  2.37E-11  1.24E-02  1.38E-09 -1.24E-02
    10.0 -4.08E-11  1.56E-02  1.87E-09 -1.56E-02
1         ***** THE USAF AUTOMATED MISSILE DATCOM * REV 3/99 *****     CASE   1
               AERODYNAMIC METHODS FOR MISSILE CONFIGURATIONS          PAGE  23
            FIN SET 1 PANEL HINGE MOMENTS (ABOUT HINGE LINE)

       ******* FLIGHT CONDITIONS AND REFERENCE QUANTITIES *******
     MACH NO  =       0.20                REYNOLDS NO = 4.637E+06 /M
     ALTITUDE =        0.0 M         DYNAMIC PRESSURE =   2837.10 N/M**2
     SIDESLIP =       0.00 DEG                   ROLL =      0.00 DEG     
     REF AREA =      0.004 M**2         MOMENT CENTER =     0.710 M
     REF LENGTH =     1.28 M           LAT REF LENGTH =      1.28 M

   ALPHA   PANL 1   PANL 2   PANL 3   PANL 4   PANL 5   PANL 6   PANL 7   PANL 8
 
   -10.0  0.00E+00 -2.93E-02 -3.51E-09  2.93E-02
    -8.0 -2.64E-10 -2.31E-02 -2.75E-09  2.31E-02
    -6.0  0.00E+00 -1.66E-02 -2.38E-09  1.66E-02
    -4.0  0.00E+00 -1.08E-02 -1.44E-09  1.08E-02
    -2.0  0.00E+00 -5.07E-03 -7.27E-10  5.07E-03
     0.0  0.00E+00  0.00E+00  0.00E+00  0.00E+00
     2.0  0.00E+00  5.07E-03  7.29E-10 -5.07E-03
     4.0  0.00E+00  1.08E-02  1.45E-09 -1.08E-02
     6.0 -2.56E-10  1.66E-02  2.15E-09 -1.66E-02
     8.0  4.39E-11  2.31E-02  2.57E-09 -2.31E-02
    10.0 -7.63E-11  2.93E-02  3.50E-09 -2.93E-02
1         ***** THE USAF AUTOMATED MISSILE DATCOM * REV 3/99 *****     CASE   1
               AERODYNAMIC METHODS FOR MISSILE CONFIGURATIONS          PAGE  24
                   STATIC AERODYNAMICS FOR BODY-FIN SET 1

       ******* FLIGHT CONDITIONS AND REFERENCE QUANTITIES *******
     MACH NO  =       0.20                REYNOLDS NO = 4.637E+06 /M
     ALTITUDE =        0.0 M         DYNAMIC PRESSURE =   2837.10 N/M**2
     SIDESLIP =       0.00 DEG                   ROLL =      0.00 DEG     
     REF AREA =      0.004 M**2         MOMENT CENTER =     0.710 M
     REF LENGTH =     1.28 M           LAT REF LENGTH =      1.28 M

                   ----- LONGITUDINAL -----     -- LATERAL DIRECTIONAL --
         ALPHA       CN        CM        CA        CY       CLN       CLL

        -10.00    -2.952     0.598     0.412     0.000     0.000     0.000
         -8.00    -2.266     0.467     0.415     0.000     0.000     0.000
         -6.00    -1.594     0.329     0.417     0.000     0.000     0.000
         -4.00    -1.014     0.214     0.418     0.000     0.000     0.000
         -2.00    -0.465     0.098     0.419     0.000     0.000     0.000
          0.00     0.000     0.000     0.419     0.000     0.000     0.000
          2.00     0.465    -0.098     0.419     0.000     0.000     0.000
          4.00     1.014    -0.214     0.418     0.000     0.000     0.000
          6.00     1.594    -0.329     0.417     0.000     0.000     0.000
          8.00     2.266    -0.467     0.415     0.000     0.000     0.000
         10.00     2.952    -0.598     0.412     0.000     0.000     0.000

         ALPHA       CL        CD      CL/CD     X-C.P.

        -10.00    -2.835     0.918    -3.088    -0.203
         -8.00    -2.186     0.726    -3.009    -0.206
         -6.00    -1.542     0.581    -2.653    -0.207
         -4.00    -0.982     0.488    -2.014    -0.211
         -2.00    -0.450     0.434    -1.036    -0.210
          0.00     0.000     0.419     0.000    -0.210
          2.00     0.450     0.434     1.036    -0.210
          4.00     0.982     0.488     2.014    -0.211
          6.00     1.542     0.581     2.653    -0.207
          8.00     2.186     0.726     3.009    -0.206
         10.00     2.835     0.918     3.088    -0.203

    X-C.P. MEAS. FROM MOMENT CENTER IN REF. LENGTHS, NEG. AFT OF MOMENT CENTER
1         ***** THE USAF AUTOMATED MISSILE DATCOM * REV 3/99 *****     CASE   1
               AERODYNAMIC METHODS FOR MISSILE CONFIGURATIONS          PAGE  25
                   STATIC AERODYNAMICS FOR BODY-FIN SET 1

       ******* FLIGHT CONDITIONS AND REFERENCE QUANTITIES *******
     MACH NO  =       0.20                REYNOLDS NO = 4.637E+06 /M
     ALTITUDE =        0.0 M         DYNAMIC PRESSURE =   2837.10 N/M**2
     SIDESLIP =       0.00 DEG                   ROLL =      0.00 DEG     
     REF AREA =      0.004 M**2         MOMENT CENTER =     0.710 M
     REF LENGTH =     1.28 M           LAT REF LENGTH =      1.28 M

                   ---------- DERIVATIVES (PER DEGREE) ----------
         ALPHA       CNA         CMA         CYB         CLNB        CLLB
        -10.00      0.3467     -0.0640     -0.1899      0.0202     -0.0014
         -8.00      0.3394     -0.0672     -0.2085      0.0301     -0.0008
         -6.00      0.3129     -0.0633     -0.2030      0.0310     -0.0008
         -4.00      0.2823     -0.0580     -0.2325      0.0454      0.0000
         -2.00      0.2533     -0.0535     -0.2266      0.0462      0.0000
          0.00      0.2324     -0.0488     -0.2245      0.0465      0.0000
          2.00      0.2533     -0.0535     -0.2266      0.0462      0.0000
          4.00      0.2823     -0.0580     -0.2325      0.0454      0.0000
          6.00      0.3129     -0.0633     -0.2030      0.0310      0.0008
          8.00      0.3394     -0.0672     -0.2085      0.0301      0.0008
         10.00      0.3467     -0.0640     -0.1899      0.0202      0.0014

    PANEL DEFLECTION ANGLES (DEGREES)
    SET    FIN 1   FIN 2   FIN 3   FIN 4   FIN 5   FIN 6   FIN 7   FIN 8
      1    0.00    0.00    0.00    0.00
1         ***** THE USAF AUTOMATED MISSILE DATCOM * REV 3/99 *****     CASE   1
               AERODYNAMIC METHODS FOR MISSILE CONFIGURATIONS          PAGE  26
                             BODY ALONE PARTIAL OUTPUT

       ******* FLIGHT CONDITIONS AND REFERENCE QUANTITIES *******
     MACH NO  =       0.30                REYNOLDS NO = 6.955E+06 /M
     ALTITUDE =        0.0 M         DYNAMIC PRESSURE =   6383.49 N/M**2
     SIDESLIP =       0.00 DEG                   ROLL =      0.00 DEG     
     REF AREA =      0.004 M**2         MOMENT CENTER =     0.710 M
     REF LENGTH =     1.28 M           LAT REF LENGTH =      1.28 M

      ALPHA    CA-FRIC  CA-PRES/WAVE CA-BASE    CA-PROT     CA-SEP     CA-ALP
     -10.00     0.2133     0.0578     0.0561                           0.0022
      -8.00     0.2156     0.0584     0.0562                           0.0019
      -6.00     0.2175     0.0589     0.0563                           0.0013
      -4.00     0.2188     0.0593     0.0563                           0.0006
      -2.00     0.2196     0.0595     0.0563                           0.0002
       0.00     0.2199     0.0596     0.0562                           0.0000
       2.00     0.2196     0.0595     0.0563                           0.0002
       4.00     0.2188     0.0593     0.0563                           0.0006
       6.00     0.2175     0.0589     0.0563                           0.0013
       8.00     0.2156     0.0584     0.0562                           0.0019
      10.00     0.2133     0.0578     0.0561                           0.0022

                     CROSS FLOW DRAG PROPORTIONALITY FACTOR = 0.75438

      ALPHA    CN-POTEN  CN-VISC   CN-SEP    CM-POTEN  CM-VISC   CM-SEP    CDC
     -10.00    -0.417    -0.403              -0.197    -0.019             0.772
      -8.00    -0.337    -0.257              -0.159    -0.012             0.766
      -6.00    -0.254    -0.144              -0.120    -0.007             0.759
      -4.00    -0.170    -0.063              -0.081    -0.003             0.753
      -2.00    -0.085    -0.016              -0.040    -0.001             0.746
       0.00     0.000     0.000               0.000     0.000             0.740
       2.00     0.085     0.016               0.040     0.001             0.746
       4.00     0.170     0.063               0.081     0.003             0.753
       6.00     0.254     0.144               0.120     0.007             0.759
       8.00     0.337     0.257               0.159     0.012             0.766
      10.00     0.417     0.403               0.197     0.019             0.772
1         ***** THE USAF AUTOMATED MISSILE DATCOM * REV 3/99 *****     CASE   1
               AERODYNAMIC METHODS FOR MISSILE CONFIGURATIONS          PAGE  27
                        FIN SET 1 CA PARTIAL OUTPUT

       ******* FLIGHT CONDITIONS AND REFERENCE QUANTITIES *******
     MACH NO  =       0.30                REYNOLDS NO = 6.955E+06 /M
     ALTITUDE =        0.0 M         DYNAMIC PRESSURE =   6383.49 N/M**2
     SIDESLIP =       0.00 DEG                   ROLL =      0.00 DEG     
     REF AREA =      0.004 M**2         MOMENT CENTER =     0.710 M
     REF LENGTH =     1.28 M           LAT REF LENGTH =      1.28 M

    SINGLE FIN PANEL ZERO-LIFT AXIAL FORCE COMPONENTS

    SKIN FRICTION        0.0141
    SUBSONIC PRESSURE    0.0011
    TRANSONIC WAVE       0.0000
    SUPERSONIC WAVE      0.0000
    LEADING EDGE         0.0000
    TRAILING EDGE        0.0000
    TOTAL CAO            0.0152

    FIN AXIAL FORCE DUE TO ANGLE OF ATTACK

    ALPHA      CA DUE TO LIFT (SINGLE PANEL)   CA-TOTAL (4 FINS)

     -10.00              0.0000                      0.0600
      -8.00              0.0000                      0.0603
      -6.00              0.0000                      0.0606
      -4.00              0.0000                      0.0608
      -2.00              0.0000                      0.0609
       0.00              0.0000                      0.0609
       2.00              0.0000                      0.0609
       4.00              0.0000                      0.0608
       6.00              0.0000                      0.0606
       8.00              0.0000                      0.0603
      10.00              0.0000                      0.0600
1         ***** THE USAF AUTOMATED MISSILE DATCOM * REV 3/99 *****     CASE   1
               AERODYNAMIC METHODS FOR MISSILE CONFIGURATIONS          PAGE  28
                       FIN SET 1 CN, CM PARTIAL OUTPUT

       ******* FLIGHT CONDITIONS AND REFERENCE QUANTITIES *******
     MACH NO  =       0.30                REYNOLDS NO = 6.955E+06 /M
     ALTITUDE =        0.0 M         DYNAMIC PRESSURE =   6383.49 N/M**2
     SIDESLIP =       0.00 DEG                   ROLL =      0.00 DEG     
     REF AREA =      0.004 M**2         MOMENT CENTER =     0.710 M
     REF LENGTH =     1.28 M           LAT REF LENGTH =      1.28 M

    NORMAL FORCE SLOPE AT ALPHA ZERO, CNA =    0.04281/DEG (1 PANEL)
         CENTER OF PRESSURE FOR LINEAR CN =   -0.38147 (CALIBERS FROM C.G.)
     CENTER OF PRESSURE FOR NON-LINEAR CN =   -0.40446 (CALIBERS FROM C.G.)

      ALPHA      CN        CN        CN        CM        CM        CM
               LINEAR  NON-LINEAR  TOTAL     LINEAR  NON-LINEAR  TOTAL

     -10.00   -0.8389   -0.2862   -1.1252    0.3200    0.1158    0.4358
      -8.00   -0.6761   -0.1839   -0.8600    0.2579    0.0744    0.3323
      -6.00   -0.5100   -0.1037   -0.6137    0.1945    0.0420    0.2365
      -4.00   -0.3414   -0.0462   -0.3876    0.1302    0.0187    0.1489
      -2.00   -0.1711   -0.0116   -0.1827    0.0653    0.0047    0.0699
       0.00    0.0000    0.0000    0.0000    0.0000    0.0000    0.0000
       2.00    0.1711    0.0116    0.1827   -0.0653   -0.0047   -0.0699
       4.00    0.3414    0.0462    0.3876   -0.1302   -0.0187   -0.1489
       6.00    0.5100    0.1037    0.6137   -0.1945   -0.0420   -0.2365
       8.00    0.6761    0.1839    0.8600   -0.2579   -0.0744   -0.3323
      10.00    0.8389    0.2862    1.1252   -0.3200   -0.1158   -0.4358
1         ***** THE USAF AUTOMATED MISSILE DATCOM * REV 3/99 *****     CASE   1
               AERODYNAMIC METHODS FOR MISSILE CONFIGURATIONS          PAGE  29
                 AERODYNAMIC FORCE AND MOMENT SYNTHESIS

       ******* FLIGHT CONDITIONS AND REFERENCE QUANTITIES *******
     MACH NO  =       0.30                REYNOLDS NO = 6.955E+06 /M
     ALTITUDE =        0.0 M         DYNAMIC PRESSURE =   6383.49 N/M**2
     SIDESLIP =       0.00 DEG                   ROLL =      0.00 DEG     
     REF AREA =      0.004 M**2         MOMENT CENTER =     0.710 M
     REF LENGTH =     1.28 M           LAT REF LENGTH =      1.28 M

          ---------------FIN SET 1 IN PRESENCE OF THE BODY----------------

      ALPHA       CN         CM         CA         CY         CLN        CLL

     -10.00    -1.5142     0.5776     0.0609     0.0000     0.0000     0.0000
      -8.00    -1.1933     0.4552     0.0609     0.0000     0.0000     0.0000
      -6.00    -0.8573     0.3270     0.0609     0.0000     0.0000     0.0000
      -4.00    -0.5613     0.2141     0.0609     0.0000     0.0000     0.0000
      -2.00    -0.2628     0.1002     0.0609     0.0000     0.0000     0.0000
       0.00     0.0000     0.0000     0.0609     0.0000     0.0000     0.0000
       2.00     0.2628    -0.1002     0.0609     0.0000     0.0000     0.0000
       4.00     0.5613    -0.2141     0.0609     0.0000     0.0000     0.0000
       6.00     0.8573    -0.3270     0.0609     0.0000     0.0000     0.0000
       8.00     1.1933    -0.4552     0.0609     0.0000     0.0000     0.0000
      10.00     1.5142    -0.5776     0.0609     0.0000     0.0000     0.0000
1         ***** THE USAF AUTOMATED MISSILE DATCOM * REV 3/99 *****     CASE   1
               AERODYNAMIC METHODS FOR MISSILE CONFIGURATIONS          PAGE  30
                 AERODYNAMIC FORCE AND MOMENT SYNTHESIS

       ******* FLIGHT CONDITIONS AND REFERENCE QUANTITIES *******
     MACH NO  =       0.30                REYNOLDS NO = 6.955E+06 /M
     ALTITUDE =        0.0 M         DYNAMIC PRESSURE =   6383.49 N/M**2
     SIDESLIP =       0.00 DEG                   ROLL =      0.00 DEG     
     REF AREA =      0.004 M**2         MOMENT CENTER =     0.710 M
     REF LENGTH =     1.28 M           LAT REF LENGTH =      1.28 M

          ---------------FIN SET 1 PANEL CHARACTERISTICS------------------

      ALPHA      PANEL    AEQ (PANEL AXIS SYS.)    PANEL CN

     -10.00        1              0.0000           0.0000
     -10.00        2            -12.7251          -0.7571
     -10.00        3              0.0000           0.0000
     -10.00        4             12.7251           0.7571
 
      -8.00        1              0.0000           0.0000
      -8.00        2            -10.4925          -0.5967
      -8.00        3              0.0000           0.0000
      -8.00        4             10.4925           0.5967
 
      -6.00        1              0.0000           0.0000
      -6.00        2             -7.9791          -0.4287
      -6.00        3              0.0000           0.0000
      -6.00        4              7.9791           0.4287
 
      -4.00        1              0.0000           0.0000
      -4.00        2             -5.5521          -0.2806
      -4.00        3              0.0000           0.0000
      -4.00        4              5.5521           0.2806
 
      -2.00        1              0.0000           0.0000
      -2.00        2             -2.8103          -0.1314
      -2.00        3              0.0000           0.0000
      -2.00        4              2.8103           0.1314
 
       0.00        1              0.0000           0.0000
       0.00        2              0.0000           0.0000
       0.00        3              0.0000           0.0000
       0.00        4              0.0000           0.0000
 
       2.00        1              0.0000           0.0000
       2.00        2              2.8103           0.1314
       2.00        3              0.0000           0.0000
       2.00        4             -2.8103          -0.1314
 
       4.00        1              0.0000           0.0000
       4.00        2              5.5521           0.2806
       4.00        3              0.0000           0.0000
       4.00        4             -5.5521          -0.2806
 
       6.00        1              0.0000           0.0000
       6.00        2              7.9791           0.4287
       6.00        3              0.0000           0.0000
       6.00        4             -7.9791          -0.4287
 
       8.00        1              0.0000           0.0000
       8.00        2             10.4925           0.5967
       8.00        3              0.0000           0.0000
       8.00        4            -10.4925          -0.5967
 
      10.00        1              0.0000           0.0000
      10.00        2             12.7251           0.7571
      10.00        3              0.0000           0.0000
      10.00        4            -12.7251          -0.7571
 
1         ***** THE USAF AUTOMATED MISSILE DATCOM * REV 3/99 *****     CASE   1
               AERODYNAMIC METHODS FOR MISSILE CONFIGURATIONS          PAGE  31
                 AERODYNAMIC FORCE AND MOMENT SYNTHESIS

       ******* FLIGHT CONDITIONS AND REFERENCE QUANTITIES *******
     MACH NO  =       0.30                REYNOLDS NO = 6.955E+06 /M
     ALTITUDE =        0.0 M         DYNAMIC PRESSURE =   6383.49 N/M**2
     SIDESLIP =       0.00 DEG                   ROLL =      0.00 DEG     
     REF AREA =      0.004 M**2         MOMENT CENTER =     0.710 M
     REF LENGTH =     1.28 M           LAT REF LENGTH =      1.28 M

             CARRYOVER INTERFERENCE FACTORS - FIN SET 1

      ALPHA   K-W(B)   K-B(W)  KK-W(B)  KK-B(W)  XCP-W(B) XCP-B(W) Y-CP/(B/2)

     -10.00   1.3261   0.5437   0.9354   0.3728   0.3815   0.3804   0.4606
      -8.00   1.3491   0.5437   0.9354   0.3728   0.3815   0.3804   0.4672
      -6.00   1.3708   0.5437   0.9354   0.3728   0.3815   0.3804   0.4680
      -4.00   1.3901   0.5437   0.9354   0.3728   0.3815   0.3804   0.4643
      -2.00   1.4057   0.5437   0.9354   0.3728   0.3815   0.3804   0.4559
       0.00   1.4145   0.5437   0.9354   0.3728   0.3815   0.3804   0.4450
       2.00   1.4057   0.5437   0.9354   0.3728   0.3815   0.3804   0.4559
       4.00   1.3901   0.5437   0.9354   0.3728   0.3815   0.3804   0.4643
       6.00   1.3708   0.5437   0.9354   0.3728   0.3815   0.3804   0.4680
       8.00   1.3491   0.5437   0.9354   0.3728   0.3815   0.3804   0.4672
      10.00   1.3261   0.5437   0.9354   0.3728   0.3815   0.3804   0.4606

    NOTE - XCP-W(B) USED FOR STABILITY ONLY DIFFERENT VALUES USED FOR HINGE MOMENTS
1         ***** THE USAF AUTOMATED MISSILE DATCOM * REV 3/99 *****     CASE   1
               AERODYNAMIC METHODS FOR MISSILE CONFIGURATIONS          PAGE  32
        FIN SET 1 PANEL BENDING MOMENTS (ABOUT EXPOSED ROOT CHORD)

       ******* FLIGHT CONDITIONS AND REFERENCE QUANTITIES *******
     MACH NO  =       0.30                REYNOLDS NO = 6.955E+06 /M
     ALTITUDE =        0.0 M         DYNAMIC PRESSURE =   6383.49 N/M**2
     SIDESLIP =       0.00 DEG                   ROLL =      0.00 DEG     
     REF AREA =      0.004 M**2         MOMENT CENTER =     0.710 M
     REF LENGTH =     1.28 M           LAT REF LENGTH =      1.28 M

   ALPHA   PANL 1   PANL 2   PANL 3   PANL 4   PANL 5   PANL 6   PANL 7   PANL 8
 
   -10.0  0.00E+00 -1.56E-02 -1.88E-09  1.56E-02
    -8.0 -1.43E-10 -1.25E-02 -1.49E-09  1.25E-02
    -6.0  0.00E+00 -8.98E-03 -1.30E-09  8.98E-03
    -4.0  0.00E+00 -5.83E-03 -7.74E-10  5.83E-03
    -2.0  0.00E+00 -2.68E-03 -3.85E-10  2.68E-03
     0.0  0.00E+00  0.00E+00  0.00E+00  0.00E+00
     2.0  0.00E+00  2.68E-03  3.86E-10 -2.68E-03
     4.0  0.00E+00  5.83E-03  7.80E-10 -5.83E-03
     6.0 -1.40E-10  8.98E-03  1.17E-09 -8.98E-03
     8.0  2.38E-11  1.25E-02  1.39E-09 -1.25E-02
    10.0 -4.08E-11  1.56E-02  1.87E-09 -1.56E-02
1         ***** THE USAF AUTOMATED MISSILE DATCOM * REV 3/99 *****     CASE   1
               AERODYNAMIC METHODS FOR MISSILE CONFIGURATIONS          PAGE  33
            FIN SET 1 PANEL HINGE MOMENTS (ABOUT HINGE LINE)

       ******* FLIGHT CONDITIONS AND REFERENCE QUANTITIES *******
     MACH NO  =       0.30                REYNOLDS NO = 6.955E+06 /M
     ALTITUDE =        0.0 M         DYNAMIC PRESSURE =   6383.49 N/M**2
     SIDESLIP =       0.00 DEG                   ROLL =      0.00 DEG     
     REF AREA =      0.004 M**2         MOMENT CENTER =     0.710 M
     REF LENGTH =     1.28 M           LAT REF LENGTH =      1.28 M

   ALPHA   PANL 1   PANL 2   PANL 3   PANL 4   PANL 5   PANL 6   PANL 7   PANL 8
 
   -10.0  0.00E+00 -2.94E-02 -3.53E-09  2.94E-02
    -8.0 -2.65E-10 -2.31E-02 -2.76E-09  2.31E-02
    -6.0  0.00E+00 -1.66E-02 -2.40E-09  1.66E-02
    -4.0  0.00E+00 -1.09E-02 -1.44E-09  1.09E-02
    -2.0  0.00E+00 -5.09E-03 -7.31E-10  5.09E-03
     0.0  0.00E+00  0.00E+00  0.00E+00  0.00E+00
     2.0  0.00E+00  5.09E-03  7.34E-10 -5.09E-03
     4.0  0.00E+00  1.09E-02  1.46E-09 -1.09E-02
     6.0 -2.60E-10  1.66E-02  2.16E-09 -1.66E-02
     8.0  4.42E-11  2.31E-02  2.58E-09 -2.31E-02
    10.0 -7.68E-11  2.94E-02  3.52E-09 -2.94E-02
1         ***** THE USAF AUTOMATED MISSILE DATCOM * REV 3/99 *****     CASE   1
               AERODYNAMIC METHODS FOR MISSILE CONFIGURATIONS          PAGE  34
                   STATIC AERODYNAMICS FOR BODY-FIN SET 1

       ******* FLIGHT CONDITIONS AND REFERENCE QUANTITIES *******
     MACH NO  =       0.30                REYNOLDS NO = 6.955E+06 /M
     ALTITUDE =        0.0 M         DYNAMIC PRESSURE =   6383.49 N/M**2
     SIDESLIP =       0.00 DEG                   ROLL =      0.00 DEG     
     REF AREA =      0.004 M**2         MOMENT CENTER =     0.710 M
     REF LENGTH =     1.28 M           LAT REF LENGTH =      1.28 M

                   ----- LONGITUDINAL -----     -- LATERAL DIRECTIONAL --
         ALPHA       CN        CM        CA        CY       CLN       CLL

        -10.00    -2.956     0.597     0.390     0.000     0.000     0.000
         -8.00    -2.268     0.467     0.393     0.000     0.000     0.000
         -6.00    -1.595     0.329     0.395     0.000     0.000     0.000
         -4.00    -1.015     0.214     0.396     0.000     0.000     0.000
         -2.00    -0.466     0.098     0.396     0.000     0.000     0.000
          0.00     0.000     0.000     0.397     0.000     0.000     0.000
          2.00     0.466    -0.098     0.396     0.000     0.000     0.000
          4.00     1.015    -0.214     0.396     0.000     0.000     0.000
          6.00     1.595    -0.329     0.395     0.000     0.000     0.000
          8.00     2.268    -0.467     0.393     0.000     0.000     0.000
         10.00     2.956    -0.597     0.390     0.000     0.000     0.000

         ALPHA       CL        CD      CL/CD     X-C.P.

        -10.00    -2.843     0.897    -3.168    -0.202
         -8.00    -2.191     0.705    -3.108    -0.206
         -6.00    -1.545     0.560    -2.762    -0.206
         -4.00    -0.985     0.466    -2.114    -0.211
         -2.00    -0.451     0.412    -1.095    -0.210
          0.00     0.000     0.397     0.000    -0.210
          2.00     0.451     0.412     1.095    -0.210
          4.00     0.985     0.466     2.114    -0.211
          6.00     1.545     0.560     2.762    -0.206
          8.00     2.191     0.705     3.108    -0.206
         10.00     2.843     0.897     3.168    -0.202

    X-C.P. MEAS. FROM MOMENT CENTER IN REF. LENGTHS, NEG. AFT OF MOMENT CENTER
1         ***** THE USAF AUTOMATED MISSILE DATCOM * REV 3/99 *****     CASE   1
               AERODYNAMIC METHODS FOR MISSILE CONFIGURATIONS          PAGE  35
                   STATIC AERODYNAMICS FOR BODY-FIN SET 1

       ******* FLIGHT CONDITIONS AND REFERENCE QUANTITIES *******
     MACH NO  =       0.30                REYNOLDS NO = 6.955E+06 /M
     ALTITUDE =        0.0 M         DYNAMIC PRESSURE =   6383.49 N/M**2
     SIDESLIP =       0.00 DEG                   ROLL =      0.00 DEG     
     REF AREA =      0.004 M**2         MOMENT CENTER =     0.710 M
     REF LENGTH =     1.28 M           LAT REF LENGTH =      1.28 M

                   ---------- DERIVATIVES (PER DEGREE) ----------
         ALPHA       CNA         CMA         CYB         CLNB        CLLB
        -10.00      0.3477     -0.0636     -0.1907      0.0202     -0.0014
         -8.00      0.3401     -0.0670     -0.2091      0.0302     -0.0008
         -6.00      0.3132     -0.0631     -0.2032      0.0310     -0.0008
         -4.00      0.2824     -0.0579     -0.2330      0.0455      0.0000
         -2.00      0.2536     -0.0535     -0.2271      0.0463      0.0000
          0.00      0.2328     -0.0489     -0.2249      0.0467      0.0000
          2.00      0.2536     -0.0535     -0.2271      0.0463      0.0000
          4.00      0.2824     -0.0579     -0.2330      0.0455      0.0000
          6.00      0.3132     -0.0631     -0.2032      0.0310      0.0008
          8.00      0.3401     -0.0670     -0.2091      0.0302      0.0008
         10.00      0.3477     -0.0636     -0.1907      0.0202      0.0014

    PANEL DEFLECTION ANGLES (DEGREES)
    SET    FIN 1   FIN 2   FIN 3   FIN 4   FIN 5   FIN 6   FIN 7   FIN 8
      1    0.00    0.00    0.00    0.00
1         ***** THE USAF AUTOMATED MISSILE DATCOM * REV 3/99 *****     CASE   1
               AERODYNAMIC METHODS FOR MISSILE CONFIGURATIONS          PAGE  36
                             BODY ALONE PARTIAL OUTPUT

       ******* FLIGHT CONDITIONS AND REFERENCE QUANTITIES *******
     MACH NO  =       0.40                REYNOLDS NO = 9.274E+06 /M
     ALTITUDE =        0.0 M         DYNAMIC PRESSURE =  11348.42 N/M**2
     SIDESLIP =       0.00 DEG                   ROLL =      0.00 DEG     
     REF AREA =      0.004 M**2         MOMENT CENTER =     0.710 M
     REF LENGTH =     1.28 M           LAT REF LENGTH =      1.28 M

      ALPHA    CA-FRIC  CA-PRES/WAVE CA-BASE    CA-PROT     CA-SEP     CA-ALP
     -10.00     0.2026     0.0576     0.0561                           0.0020
      -8.00     0.2048     0.0583     0.0562                           0.0018
      -6.00     0.2066     0.0588     0.0563                           0.0013
      -4.00     0.2078     0.0591     0.0563                           0.0006
      -2.00     0.2086     0.0593     0.0563                           0.0002
       0.00     0.2089     0.0594     0.0562                           0.0000
       2.00     0.2086     0.0593     0.0563                           0.0002
       4.00     0.2078     0.0591     0.0563                           0.0006
       6.00     0.2066     0.0588     0.0563                           0.0013
       8.00     0.2048     0.0583     0.0562                           0.0018
      10.00     0.2026     0.0576     0.0561                           0.0020

                     CROSS FLOW DRAG PROPORTIONALITY FACTOR = 0.75438

      ALPHA    CN-POTEN  CN-VISC   CN-SEP    CM-POTEN  CM-VISC   CM-SEP    CDC
     -10.00    -0.414    -0.409              -0.199    -0.020             0.783
      -8.00    -0.334    -0.260              -0.160    -0.012             0.774
      -6.00    -0.253    -0.145              -0.121    -0.007             0.766
      -4.00    -0.169    -0.064              -0.081    -0.003             0.757
      -2.00    -0.085    -0.016              -0.041    -0.001             0.749
       0.00     0.000     0.000               0.000     0.000             0.740
       2.00     0.085     0.016               0.041     0.001             0.749
       4.00     0.169     0.064               0.081     0.003             0.757
       6.00     0.253     0.145               0.121     0.007             0.766
       8.00     0.334     0.260               0.160     0.012             0.774
      10.00     0.414     0.409               0.199     0.020             0.783
1         ***** THE USAF AUTOMATED MISSILE DATCOM * REV 3/99 *****     CASE   1
               AERODYNAMIC METHODS FOR MISSILE CONFIGURATIONS          PAGE  37
                        FIN SET 1 CA PARTIAL OUTPUT

       ******* FLIGHT CONDITIONS AND REFERENCE QUANTITIES *******
     MACH NO  =       0.40                REYNOLDS NO = 9.274E+06 /M
     ALTITUDE =        0.0 M         DYNAMIC PRESSURE =  11348.42 N/M**2
     SIDESLIP =       0.00 DEG                   ROLL =      0.00 DEG     
     REF AREA =      0.004 M**2         MOMENT CENTER =     0.710 M
     REF LENGTH =     1.28 M           LAT REF LENGTH =      1.28 M

    SINGLE FIN PANEL ZERO-LIFT AXIAL FORCE COMPONENTS

    SKIN FRICTION        0.0133
    SUBSONIC PRESSURE    0.0011
    TRANSONIC WAVE       0.0000
    SUPERSONIC WAVE      0.0000
    LEADING EDGE         0.0000
    TRAILING EDGE        0.0000
    TOTAL CAO            0.0143

    FIN AXIAL FORCE DUE TO ANGLE OF ATTACK

    ALPHA      CA DUE TO LIFT (SINGLE PANEL)   CA-TOTAL (4 FINS)

     -10.00              0.0000                      0.0565
      -8.00              0.0000                      0.0568
      -6.00              0.0000                      0.0570
      -4.00              0.0000                      0.0572
      -2.00              0.0000                      0.0573
       0.00              0.0000                      0.0573
       2.00              0.0000                      0.0573
       4.00              0.0000                      0.0572
       6.00              0.0000                      0.0570
       8.00              0.0000                      0.0568
      10.00              0.0000                      0.0565
1         ***** THE USAF AUTOMATED MISSILE DATCOM * REV 3/99 *****     CASE   1
               AERODYNAMIC METHODS FOR MISSILE CONFIGURATIONS          PAGE  38
                       FIN SET 1 CN, CM PARTIAL OUTPUT

       ******* FLIGHT CONDITIONS AND REFERENCE QUANTITIES *******
     MACH NO  =       0.40                REYNOLDS NO = 9.274E+06 /M
     ALTITUDE =        0.0 M         DYNAMIC PRESSURE =  11348.42 N/M**2
     SIDESLIP =       0.00 DEG                   ROLL =      0.00 DEG     
     REF AREA =      0.004 M**2         MOMENT CENTER =     0.710 M
     REF LENGTH =     1.28 M           LAT REF LENGTH =      1.28 M

    NORMAL FORCE SLOPE AT ALPHA ZERO, CNA =    0.04306/DEG (1 PANEL)
         CENTER OF PRESSURE FOR LINEAR CN =   -0.38131 (CALIBERS FROM C.G.)
     CENTER OF PRESSURE FOR NON-LINEAR CN =   -0.40446 (CALIBERS FROM C.G.)

      ALPHA      CN        CN        CN        CM        CM        CM
               LINEAR  NON-LINEAR  TOTAL     LINEAR  NON-LINEAR  TOTAL

     -10.00   -0.8437   -0.2822   -1.1259    0.3217    0.1141    0.4359
      -8.00   -0.6800   -0.1813   -0.8612    0.2593    0.0733    0.3326
      -6.00   -0.5129   -0.1022   -0.6151    0.1956    0.0414    0.2369
      -4.00   -0.3433   -0.0455   -0.3889    0.1309    0.0184    0.1493
      -2.00   -0.1721   -0.0114   -0.1835    0.0656    0.0046    0.0702
       0.00    0.0000    0.0000    0.0000    0.0000    0.0000    0.0000
       2.00    0.1721    0.0114    0.1835   -0.0656   -0.0046   -0.0702
       4.00    0.3433    0.0455    0.3889   -0.1309   -0.0184   -0.1493
       6.00    0.5129    0.1022    0.6151   -0.1956   -0.0414   -0.2369
       8.00    0.6800    0.1813    0.8612   -0.2593   -0.0733   -0.3326
      10.00    0.8437    0.2822    1.1259   -0.3217   -0.1141   -0.4359
1         ***** THE USAF AUTOMATED MISSILE DATCOM * REV 3/99 *****     CASE   1
               AERODYNAMIC METHODS FOR MISSILE CONFIGURATIONS          PAGE  39
                 AERODYNAMIC FORCE AND MOMENT SYNTHESIS

       ******* FLIGHT CONDITIONS AND REFERENCE QUANTITIES *******
     MACH NO  =       0.40                REYNOLDS NO = 9.274E+06 /M
     ALTITUDE =        0.0 M         DYNAMIC PRESSURE =  11348.42 N/M**2
     SIDESLIP =       0.00 DEG                   ROLL =      0.00 DEG     
     REF AREA =      0.004 M**2         MOMENT CENTER =     0.710 M
     REF LENGTH =     1.28 M           LAT REF LENGTH =      1.28 M

          ---------------FIN SET 1 IN PRESENCE OF THE BODY----------------

      ALPHA       CN         CM         CA         CY         CLN        CLL

     -10.00    -1.5139     0.5773     0.0573     0.0000     0.0000     0.0000
      -8.00    -1.1938     0.4552     0.0573     0.0000     0.0000     0.0000
      -6.00    -0.8583     0.3273     0.0573     0.0000     0.0000     0.0000
      -4.00    -0.5627     0.2146     0.0573     0.0000     0.0000     0.0000
      -2.00    -0.2638     0.1006     0.0573     0.0000     0.0000     0.0000
       0.00     0.0000     0.0000     0.0573     0.0000     0.0000     0.0000
       2.00     0.2638    -0.1006     0.0573     0.0000     0.0000     0.0000
       4.00     0.5627    -0.2146     0.0573     0.0000     0.0000     0.0000
       6.00     0.8583    -0.3273     0.0573     0.0000     0.0000     0.0000
       8.00     1.1938    -0.4552     0.0573     0.0000     0.0000     0.0000
      10.00     1.5139    -0.5773     0.0573     0.0000     0.0000     0.0000
1         ***** THE USAF AUTOMATED MISSILE DATCOM * REV 3/99 *****     CASE   1
               AERODYNAMIC METHODS FOR MISSILE CONFIGURATIONS          PAGE  40
                 AERODYNAMIC FORCE AND MOMENT SYNTHESIS

       ******* FLIGHT CONDITIONS AND REFERENCE QUANTITIES *******
     MACH NO  =       0.40                REYNOLDS NO = 9.274E+06 /M
     ALTITUDE =        0.0 M         DYNAMIC PRESSURE =  11348.42 N/M**2
     SIDESLIP =       0.00 DEG                   ROLL =      0.00 DEG     
     REF AREA =      0.004 M**2         MOMENT CENTER =     0.710 M
     REF LENGTH =     1.28 M           LAT REF LENGTH =      1.28 M

          ---------------FIN SET 1 PANEL CHARACTERISTICS------------------

      ALPHA      PANEL    AEQ (PANEL AXIS SYS.)    PANEL CN

     -10.00        1              0.0000           0.0000
     -10.00        2            -12.7251          -0.7570
     -10.00        3              0.0000           0.0000
     -10.00        4             12.7251           0.7570
 
      -8.00        1              0.0000           0.0000
      -8.00        2            -10.4925          -0.5969
      -8.00        3              0.0000           0.0000
      -8.00        4             10.4925           0.5969
 
      -6.00        1              0.0000           0.0000
      -6.00        2             -7.9773          -0.4292
      -6.00        3              0.0000           0.0000
      -6.00        4              7.9773           0.4292
 
      -4.00        1              0.0000           0.0000
      -4.00        2             -5.5521          -0.2814
      -4.00        3              0.0000           0.0000
      -4.00        4              5.5521           0.2814
 
      -2.00        1              0.0000           0.0000
      -2.00        2             -2.8103          -0.1319
      -2.00        3              0.0000           0.0000
      -2.00        4              2.8103           0.1319
 
       0.00        1              0.0000           0.0000
       0.00        2              0.0000           0.0000
       0.00        3              0.0000           0.0000
       0.00        4              0.0000           0.0000
 
       2.00        1              0.0000           0.0000
       2.00        2              2.8103           0.1319
       2.00        3              0.0000           0.0000
       2.00        4             -2.8103          -0.1319
 
       4.00        1              0.0000           0.0000
       4.00        2              5.5521           0.2814
       4.00        3              0.0000           0.0000
       4.00        4             -5.5521          -0.2814
 
       6.00        1              0.0000           0.0000
       6.00        2              7.9773           0.4292
       6.00        3              0.0000           0.0000
       6.00        4             -7.9773          -0.4292
 
       8.00        1              0.0000           0.0000
       8.00        2             10.4925           0.5969
       8.00        3              0.0000           0.0000
       8.00        4            -10.4925          -0.5969
 
      10.00        1              0.0000           0.0000
      10.00        2             12.7251           0.7570
      10.00        3              0.0000           0.0000
      10.00        4            -12.7251          -0.7570
 
1         ***** THE USAF AUTOMATED MISSILE DATCOM * REV 3/99 *****     CASE   1
               AERODYNAMIC METHODS FOR MISSILE CONFIGURATIONS          PAGE  41
                 AERODYNAMIC FORCE AND MOMENT SYNTHESIS

       ******* FLIGHT CONDITIONS AND REFERENCE QUANTITIES *******
     MACH NO  =       0.40                REYNOLDS NO = 9.274E+06 /M
     ALTITUDE =        0.0 M         DYNAMIC PRESSURE =  11348.42 N/M**2
     SIDESLIP =       0.00 DEG                   ROLL =      0.00 DEG     
     REF AREA =      0.004 M**2         MOMENT CENTER =     0.710 M
     REF LENGTH =     1.28 M           LAT REF LENGTH =      1.28 M

             CARRYOVER INTERFERENCE FACTORS - FIN SET 1

      ALPHA   K-W(B)   K-B(W)  KK-W(B)  KK-B(W)  XCP-W(B) XCP-B(W) Y-CP/(B/2)

     -10.00   1.3261   0.5437   0.9354   0.3728   0.3813   0.3804   0.4595
      -8.00   1.3491   0.5437   0.9354   0.3728   0.3813   0.3804   0.4686
      -6.00   1.3708   0.5437   0.9354   0.3728   0.3813   0.3804   0.4717
      -4.00   1.3901   0.5437   0.9354   0.3728   0.3813   0.3804   0.4675
      -2.00   1.4057   0.5437   0.9354   0.3728   0.3813   0.3804   0.4579
       0.00   1.4145   0.5437   0.9354   0.3728   0.3813   0.3804   0.4457
       2.00   1.4057   0.5437   0.9354   0.3728   0.3813   0.3804   0.4579
       4.00   1.3901   0.5437   0.9354   0.3728   0.3813   0.3804   0.4675
       6.00   1.3708   0.5437   0.9354   0.3728   0.3813   0.3804   0.4717
       8.00   1.3491   0.5437   0.9354   0.3728   0.3813   0.3804   0.4686
      10.00   1.3261   0.5437   0.9354   0.3728   0.3813   0.3804   0.4595

    NOTE - XCP-W(B) USED FOR STABILITY ONLY DIFFERENT VALUES USED FOR HINGE MOMENTS
1         ***** THE USAF AUTOMATED MISSILE DATCOM * REV 3/99 *****     CASE   1
               AERODYNAMIC METHODS FOR MISSILE CONFIGURATIONS          PAGE  42
        FIN SET 1 PANEL BENDING MOMENTS (ABOUT EXPOSED ROOT CHORD)

       ******* FLIGHT CONDITIONS AND REFERENCE QUANTITIES *******
     MACH NO  =       0.40                REYNOLDS NO = 9.274E+06 /M
     ALTITUDE =        0.0 M         DYNAMIC PRESSURE =  11348.42 N/M**2
     SIDESLIP =       0.00 DEG                   ROLL =      0.00 DEG     
     REF AREA =      0.004 M**2         MOMENT CENTER =     0.710 M
     REF LENGTH =     1.28 M           LAT REF LENGTH =      1.28 M

   ALPHA   PANL 1   PANL 2   PANL 3   PANL 4   PANL 5   PANL 6   PANL 7   PANL 8
 
   -10.0  0.00E+00 -1.56E-02 -1.88E-09  1.56E-02
    -8.0 -1.44E-10 -1.25E-02 -1.50E-09  1.25E-02
    -6.0  0.00E+00 -9.06E-03 -1.31E-09  9.06E-03
    -4.0  0.00E+00 -5.89E-03 -7.84E-10  5.89E-03
    -2.0  0.00E+00 -2.70E-03 -3.88E-10  2.70E-03
     0.0  0.00E+00  0.00E+00  0.00E+00  0.00E+00
     2.0  0.00E+00  2.70E-03  3.90E-10 -2.70E-03
     4.0  0.00E+00  5.89E-03  7.89E-10 -5.89E-03
     6.0 -1.43E-10  9.06E-03  1.18E-09 -9.06E-03
     8.0  2.40E-11  1.25E-02  1.40E-09 -1.25E-02
    10.0 -4.09E-11  1.56E-02  1.88E-09 -1.56E-02
1         ***** THE USAF AUTOMATED MISSILE DATCOM * REV 3/99 *****     CASE   1
               AERODYNAMIC METHODS FOR MISSILE CONFIGURATIONS          PAGE  43
            FIN SET 1 PANEL HINGE MOMENTS (ABOUT HINGE LINE)

       ******* FLIGHT CONDITIONS AND REFERENCE QUANTITIES *******
     MACH NO  =       0.40                REYNOLDS NO = 9.274E+06 /M
     ALTITUDE =        0.0 M         DYNAMIC PRESSURE =  11348.42 N/M**2
     SIDESLIP =       0.00 DEG                   ROLL =      0.00 DEG     
     REF AREA =      0.004 M**2         MOMENT CENTER =     0.710 M
     REF LENGTH =     1.28 M           LAT REF LENGTH =      1.28 M

   ALPHA   PANL 1   PANL 2   PANL 3   PANL 4   PANL 5   PANL 6   PANL 7   PANL 8
 
   -10.0  0.00E+00 -2.95E-02 -3.56E-09  2.95E-02
    -8.0 -2.68E-10 -2.32E-02 -2.79E-09  2.32E-02
    -6.0  0.00E+00 -1.67E-02 -2.42E-09  1.67E-02
    -4.0  0.00E+00 -1.10E-02 -1.46E-09  1.10E-02
    -2.0  0.00E+00 -5.13E-03 -7.38E-10  5.13E-03
     0.0  0.00E+00  0.00E+00  0.00E+00  0.00E+00
     2.0  0.00E+00  5.13E-03  7.40E-10 -5.13E-03
     4.0  0.00E+00  1.10E-02  1.47E-09 -1.10E-02
     6.0 -2.64E-10  1.67E-02  2.18E-09 -1.67E-02
     8.0  4.46E-11  2.32E-02  2.61E-09 -2.32E-02
    10.0 -7.75E-11  2.95E-02  3.55E-09 -2.95E-02
1         ***** THE USAF AUTOMATED MISSILE DATCOM * REV 3/99 *****     CASE   1
               AERODYNAMIC METHODS FOR MISSILE CONFIGURATIONS          PAGE  44
                   STATIC AERODYNAMICS FOR BODY-FIN SET 1

       ******* FLIGHT CONDITIONS AND REFERENCE QUANTITIES *******
     MACH NO  =       0.40                REYNOLDS NO = 9.274E+06 /M
     ALTITUDE =        0.0 M         DYNAMIC PRESSURE =  11348.42 N/M**2
     SIDESLIP =       0.00 DEG                   ROLL =      0.00 DEG     
     REF AREA =      0.004 M**2         MOMENT CENTER =     0.710 M
     REF LENGTH =     1.28 M           LAT REF LENGTH =      1.28 M

                   ----- LONGITUDINAL -----     -- LATERAL DIRECTIONAL --
         ALPHA       CN        CM        CA        CY       CLN       CLL

        -10.00    -2.958     0.595     0.376     0.000     0.000     0.000
         -8.00    -2.269     0.466     0.378     0.000     0.000     0.000
         -6.00    -1.596     0.329     0.380     0.000     0.000     0.000
         -4.00    -1.016     0.214     0.381     0.000     0.000     0.000
         -2.00    -0.466     0.098     0.382     0.000     0.000     0.000
          0.00     0.000     0.000     0.382     0.000     0.000     0.000
          2.00     0.466    -0.098     0.382     0.000     0.000     0.000
          4.00     1.016    -0.214     0.381     0.000     0.000     0.000
          6.00     1.596    -0.329     0.380     0.000     0.000     0.000
          8.00     2.269    -0.466     0.378     0.000     0.000     0.000
         10.00     2.958    -0.595     0.376     0.000     0.000     0.000

         ALPHA       CL        CD      CL/CD     X-C.P.

        -10.00    -2.848     0.883    -3.223    -0.201
         -8.00    -2.194     0.691    -3.177    -0.205
         -6.00    -1.548     0.545    -2.840    -0.206
         -4.00    -0.987     0.451    -2.187    -0.211
         -2.00    -0.453     0.398    -1.139    -0.210
          0.00     0.000     0.382     0.000    -0.210
          2.00     0.453     0.398     1.139    -0.210
          4.00     0.987     0.451     2.187    -0.211
          6.00     1.548     0.545     2.840    -0.206
          8.00     2.194     0.691     3.177    -0.205
         10.00     2.848     0.883     3.223    -0.201

    X-C.P. MEAS. FROM MOMENT CENTER IN REF. LENGTHS, NEG. AFT OF MOMENT CENTER
1         ***** THE USAF AUTOMATED MISSILE DATCOM * REV 3/99 *****     CASE   1
               AERODYNAMIC METHODS FOR MISSILE CONFIGURATIONS          PAGE  45
                   STATIC AERODYNAMICS FOR BODY-FIN SET 1

       ******* FLIGHT CONDITIONS AND REFERENCE QUANTITIES *******
     MACH NO  =       0.40                REYNOLDS NO = 9.274E+06 /M
     ALTITUDE =        0.0 M         DYNAMIC PRESSURE =  11348.42 N/M**2
     SIDESLIP =       0.00 DEG                   ROLL =      0.00 DEG     
     REF AREA =      0.004 M**2         MOMENT CENTER =     0.710 M
     REF LENGTH =     1.28 M           LAT REF LENGTH =      1.28 M

                   ---------- DERIVATIVES (PER DEGREE) ----------
         ALPHA       CNA         CMA         CYB         CLNB        CLLB
        -10.00      0.3483     -0.0631     -0.1915      0.0202     -0.0014
         -8.00      0.3404     -0.0666     -0.2099      0.0303     -0.0008
         -6.00      0.3132     -0.0628     -0.2034      0.0310     -0.0008
         -4.00      0.2824     -0.0577     -0.2336      0.0456      0.0000
         -2.00      0.2539     -0.0535     -0.2276      0.0465      0.0000
          0.00      0.2332     -0.0490     -0.2254      0.0468      0.0000
          2.00      0.2539     -0.0535     -0.2276      0.0465      0.0000
          4.00      0.2824     -0.0577     -0.2336      0.0456      0.0000
          6.00      0.3132     -0.0628     -0.2034      0.0310      0.0008
          8.00      0.3404     -0.0666     -0.2099      0.0303      0.0008
         10.00      0.3483     -0.0631     -0.1915      0.0202      0.0014

    PANEL DEFLECTION ANGLES (DEGREES)
    SET    FIN 1   FIN 2   FIN 3   FIN 4   FIN 5   FIN 6   FIN 7   FIN 8
      1    0.00    0.00    0.00    0.00
1         ***** THE USAF AUTOMATED MISSILE DATCOM * REV 3/99 *****     CASE   1
               AERODYNAMIC METHODS FOR MISSILE CONFIGURATIONS          PAGE  46
                             BODY ALONE PARTIAL OUTPUT

       ******* FLIGHT CONDITIONS AND REFERENCE QUANTITIES *******
     MACH NO  =       0.50                REYNOLDS NO = 1.159E+07 /M
     ALTITUDE =        0.0 M         DYNAMIC PRESSURE =  17731.91 N/M**2
     SIDESLIP =       0.00 DEG                   ROLL =      0.00 DEG     
     REF AREA =      0.004 M**2         MOMENT CENTER =     0.710 M
     REF LENGTH =     1.28 M           LAT REF LENGTH =      1.28 M

      ALPHA    CA-FRIC  CA-PRES/WAVE CA-BASE    CA-PROT     CA-SEP     CA-ALP
     -10.00     0.1943     0.0578     0.0560                           0.0019
      -8.00     0.1964     0.0585     0.0562                           0.0018
      -6.00     0.1981     0.0590     0.0563                           0.0012
      -4.00     0.1994     0.0593     0.0563                           0.0006
      -2.00     0.2001     0.0595     0.0563                           0.0002
       0.00     0.2003     0.0596     0.0562                           0.0000
       2.00     0.2001     0.0595     0.0563                           0.0002
       4.00     0.1994     0.0593     0.0563                           0.0006
       6.00     0.1981     0.0590     0.0563                           0.0012
       8.00     0.1964     0.0585     0.0562                           0.0018
      10.00     0.1943     0.0578     0.0560                           0.0019

                     CROSS FLOW DRAG PROPORTIONALITY FACTOR = 0.75438

      ALPHA    CN-POTEN  CN-VISC   CN-SEP    CM-POTEN  CM-VISC   CM-SEP    CDC
     -10.00    -0.409    -0.414              -0.201    -0.020             0.793
      -8.00    -0.330    -0.262              -0.162    -0.013             0.783
      -6.00    -0.249    -0.146              -0.123    -0.007             0.772
      -4.00    -0.167    -0.064              -0.082    -0.003             0.761
      -2.00    -0.084    -0.016              -0.041    -0.001             0.751
       0.00     0.000     0.000               0.000     0.000             0.740
       2.00     0.084     0.016               0.041     0.001             0.751
       4.00     0.167     0.064               0.082     0.003             0.761
       6.00     0.249     0.146               0.123     0.007             0.772
       8.00     0.330     0.262               0.162     0.013             0.783
      10.00     0.409     0.414               0.201     0.020             0.793
1         ***** THE USAF AUTOMATED MISSILE DATCOM * REV 3/99 *****     CASE   1
               AERODYNAMIC METHODS FOR MISSILE CONFIGURATIONS          PAGE  47
                        FIN SET 1 CA PARTIAL OUTPUT

       ******* FLIGHT CONDITIONS AND REFERENCE QUANTITIES *******
     MACH NO  =       0.50                REYNOLDS NO = 1.159E+07 /M
     ALTITUDE =        0.0 M         DYNAMIC PRESSURE =  17731.91 N/M**2
     SIDESLIP =       0.00 DEG                   ROLL =      0.00 DEG     
     REF AREA =      0.004 M**2         MOMENT CENTER =     0.710 M
     REF LENGTH =     1.28 M           LAT REF LENGTH =      1.28 M

    SINGLE FIN PANEL ZERO-LIFT AXIAL FORCE COMPONENTS

    SKIN FRICTION        0.0126
    SUBSONIC PRESSURE    0.0010
    TRANSONIC WAVE       0.0000
    SUPERSONIC WAVE      0.0000
    LEADING EDGE         0.0000
    TRAILING EDGE        0.0000
    TOTAL CAO            0.0137

    FIN AXIAL FORCE DUE TO ANGLE OF ATTACK

    ALPHA      CA DUE TO LIFT (SINGLE PANEL)   CA-TOTAL (4 FINS)

     -10.00              0.0000                      0.0538
      -8.00              0.0000                      0.0541
      -6.00              0.0000                      0.0544
      -4.00              0.0000                      0.0545
      -2.00              0.0000                      0.0546
       0.00              0.0000                      0.0547
       2.00              0.0000                      0.0546
       4.00              0.0000                      0.0545
       6.00              0.0000                      0.0544
       8.00              0.0000                      0.0541
      10.00              0.0000                      0.0538
1         ***** THE USAF AUTOMATED MISSILE DATCOM * REV 3/99 *****     CASE   1
               AERODYNAMIC METHODS FOR MISSILE CONFIGURATIONS          PAGE  48
                       FIN SET 1 CN, CM PARTIAL OUTPUT

       ******* FLIGHT CONDITIONS AND REFERENCE QUANTITIES *******
     MACH NO  =       0.50                REYNOLDS NO = 1.159E+07 /M
     ALTITUDE =        0.0 M         DYNAMIC PRESSURE =  17731.91 N/M**2
     SIDESLIP =       0.00 DEG                   ROLL =      0.00 DEG     
     REF AREA =      0.004 M**2         MOMENT CENTER =     0.710 M
     REF LENGTH =     1.28 M           LAT REF LENGTH =      1.28 M

    NORMAL FORCE SLOPE AT ALPHA ZERO, CNA =    0.04345/DEG (1 PANEL)
         CENTER OF PRESSURE FOR LINEAR CN =   -0.38108 (CALIBERS FROM C.G.)
     CENTER OF PRESSURE FOR NON-LINEAR CN =   -0.40446 (CALIBERS FROM C.G.)

      ALPHA      CN        CN        CN        CM        CM        CM
               LINEAR  NON-LINEAR  TOTAL     LINEAR  NON-LINEAR  TOTAL

     -10.00   -0.8515   -0.2788   -1.1303    0.3245    0.1128    0.4372
      -8.00   -0.6862   -0.1791   -0.8653    0.2615    0.0724    0.3339
      -6.00   -0.5176   -0.1010   -0.6186    0.1972    0.0409    0.2381
      -4.00   -0.3465   -0.0450   -0.3915    0.1320    0.0182    0.1502
      -2.00   -0.1737   -0.0113   -0.1849    0.0662    0.0046    0.0707
       0.00    0.0000    0.0000    0.0000    0.0000    0.0000    0.0000
       2.00    0.1737    0.0113    0.1849   -0.0662   -0.0046   -0.0707
       4.00    0.3465    0.0450    0.3915   -0.1320   -0.0182   -0.1502
       6.00    0.5176    0.1010    0.6186   -0.1972   -0.0409   -0.2381
       8.00    0.6862    0.1791    0.8653   -0.2615   -0.0724   -0.3339
      10.00    0.8515    0.2788    1.1303   -0.3245   -0.1128   -0.4372
1         ***** THE USAF AUTOMATED MISSILE DATCOM * REV 3/99 *****     CASE   1
               AERODYNAMIC METHODS FOR MISSILE CONFIGURATIONS          PAGE  49
                 AERODYNAMIC FORCE AND MOMENT SYNTHESIS

       ******* FLIGHT CONDITIONS AND REFERENCE QUANTITIES *******
     MACH NO  =       0.50                REYNOLDS NO = 1.159E+07 /M
     ALTITUDE =        0.0 M         DYNAMIC PRESSURE =  17731.91 N/M**2
     SIDESLIP =       0.00 DEG                   ROLL =      0.00 DEG     
     REF AREA =      0.004 M**2         MOMENT CENTER =     0.710 M
     REF LENGTH =     1.28 M           LAT REF LENGTH =      1.28 M

          ---------------FIN SET 1 IN PRESENCE OF THE BODY----------------

      ALPHA       CN         CM         CA         CY         CLN        CLL

     -10.00    -1.5185     0.5787     0.0547     0.0000     0.0000     0.0000
      -8.00    -1.1981     0.4566     0.0547     0.0000     0.0000     0.0000
      -6.00    -0.8621     0.3285     0.0547     0.0000     0.0000     0.0000
      -4.00    -0.5660     0.2157     0.0547     0.0000     0.0000     0.0000
      -2.00    -0.2658     0.1013     0.0547     0.0000     0.0000     0.0000
       0.00     0.0000     0.0000     0.0547     0.0000     0.0000     0.0000
       2.00     0.2658    -0.1013     0.0547     0.0000     0.0000     0.0000
       4.00     0.5660    -0.2157     0.0547     0.0000     0.0000     0.0000
       6.00     0.8621    -0.3285     0.0547     0.0000     0.0000     0.0000
       8.00     1.1981    -0.4566     0.0547     0.0000     0.0000     0.0000
      10.00     1.5185    -0.5787     0.0547     0.0000     0.0000     0.0000
1         ***** THE USAF AUTOMATED MISSILE DATCOM * REV 3/99 *****     CASE   1
               AERODYNAMIC METHODS FOR MISSILE CONFIGURATIONS          PAGE  50
                 AERODYNAMIC FORCE AND MOMENT SYNTHESIS

       ******* FLIGHT CONDITIONS AND REFERENCE QUANTITIES *******
     MACH NO  =       0.50                REYNOLDS NO = 1.159E+07 /M
     ALTITUDE =        0.0 M         DYNAMIC PRESSURE =  17731.91 N/M**2
     SIDESLIP =       0.00 DEG                   ROLL =      0.00 DEG     
     REF AREA =      0.004 M**2         MOMENT CENTER =     0.710 M
     REF LENGTH =     1.28 M           LAT REF LENGTH =      1.28 M

          ---------------FIN SET 1 PANEL CHARACTERISTICS------------------

      ALPHA      PANEL    AEQ (PANEL AXIS SYS.)    PANEL CN

     -10.00        1              0.0000           0.0000
     -10.00        2            -12.7251          -0.7593
     -10.00        3              0.0000           0.0000
     -10.00        4             12.7251           0.7593
 
      -8.00        1              0.0000           0.0000
      -8.00        2            -10.4925          -0.5991
      -8.00        3              0.0000           0.0000
      -8.00        4             10.4925           0.5991
 
      -6.00        1              0.0000           0.0000
      -6.00        2             -7.9754          -0.4311
      -6.00        3              0.0000           0.0000
      -6.00        4              7.9754           0.4311
 
      -4.00        1              0.0000           0.0000
      -4.00        2             -5.5521          -0.2830
      -4.00        3              0.0000           0.0000
      -4.00        4              5.5521           0.2830
 
      -2.00        1              0.0000           0.0000
      -2.00        2             -2.8103          -0.1329
      -2.00        3              0.0000           0.0000
      -2.00        4              2.8103           0.1329
 
       0.00        1              0.0000           0.0000
       0.00        2              0.0000           0.0000
       0.00        3              0.0000           0.0000
       0.00        4              0.0000           0.0000
 
       2.00        1              0.0000           0.0000
       2.00        2              2.8103           0.1329
       2.00        3              0.0000           0.0000
       2.00        4             -2.8103          -0.1329
 
       4.00        1              0.0000           0.0000
       4.00        2              5.5521           0.2830
       4.00        3              0.0000           0.0000
       4.00        4             -5.5521          -0.2830
 
       6.00        1              0.0000           0.0000
       6.00        2              7.9754           0.4311
       6.00        3              0.0000           0.0000
       6.00        4             -7.9754          -0.4311
 
       8.00        1              0.0000           0.0000
       8.00        2             10.4925           0.5991
       8.00        3              0.0000           0.0000
       8.00        4            -10.4925          -0.5991
 
      10.00        1              0.0000           0.0000
      10.00        2             12.7251           0.7593
      10.00        3              0.0000           0.0000
      10.00        4            -12.7251          -0.7593
 
1         ***** THE USAF AUTOMATED MISSILE DATCOM * REV 3/99 *****     CASE   1
               AERODYNAMIC METHODS FOR MISSILE CONFIGURATIONS          PAGE  51
                 AERODYNAMIC FORCE AND MOMENT SYNTHESIS

       ******* FLIGHT CONDITIONS AND REFERENCE QUANTITIES *******
     MACH NO  =       0.50                REYNOLDS NO = 1.159E+07 /M
     ALTITUDE =        0.0 M         DYNAMIC PRESSURE =  17731.91 N/M**2
     SIDESLIP =       0.00 DEG                   ROLL =      0.00 DEG     
     REF AREA =      0.004 M**2         MOMENT CENTER =     0.710 M
     REF LENGTH =     1.28 M           LAT REF LENGTH =      1.28 M

             CARRYOVER INTERFERENCE FACTORS - FIN SET 1

      ALPHA   K-W(B)   K-B(W)  KK-W(B)  KK-B(W)  XCP-W(B) XCP-B(W) Y-CP/(B/2)

     -10.00   1.3261   0.5437   0.9354   0.3728   0.3811   0.3804   0.4582
      -8.00   1.3491   0.5437   0.9354   0.3728   0.3811   0.3804   0.4699
      -6.00   1.3708   0.5437   0.9354   0.3728   0.3811   0.3804   0.4752
      -4.00   1.3901   0.5437   0.9354   0.3728   0.3811   0.3804   0.4707
      -2.00   1.4057   0.5437   0.9354   0.3728   0.3811   0.3804   0.4600
       0.00   1.4145   0.5437   0.9354   0.3728   0.3811   0.3804   0.4465
       2.00   1.4057   0.5437   0.9354   0.3728   0.3811   0.3804   0.4600
       4.00   1.3901   0.5437   0.9354   0.3728   0.3811   0.3804   0.4707
       6.00   1.3708   0.5437   0.9354   0.3728   0.3811   0.3804   0.4752
       8.00   1.3491   0.5437   0.9354   0.3728   0.3811   0.3804   0.4699
      10.00   1.3261   0.5437   0.9354   0.3728   0.3811   0.3804   0.4582

    NOTE - XCP-W(B) USED FOR STABILITY ONLY DIFFERENT VALUES USED FOR HINGE MOMENTS
1         ***** THE USAF AUTOMATED MISSILE DATCOM * REV 3/99 *****     CASE   1
               AERODYNAMIC METHODS FOR MISSILE CONFIGURATIONS          PAGE  52
        FIN SET 1 PANEL BENDING MOMENTS (ABOUT EXPOSED ROOT CHORD)

       ******* FLIGHT CONDITIONS AND REFERENCE QUANTITIES *******
     MACH NO  =       0.50                REYNOLDS NO = 1.159E+07 /M
     ALTITUDE =        0.0 M         DYNAMIC PRESSURE =  17731.91 N/M**2
     SIDESLIP =       0.00 DEG                   ROLL =      0.00 DEG     
     REF AREA =      0.004 M**2         MOMENT CENTER =     0.710 M
     REF LENGTH =     1.28 M           LAT REF LENGTH =      1.28 M

   ALPHA   PANL 1   PANL 2   PANL 3   PANL 4   PANL 5   PANL 6   PANL 7   PANL 8
 
   -10.0  0.00E+00 -1.56E-02 -1.89E-09  1.56E-02
    -8.0 -1.46E-10 -1.26E-02 -1.52E-09  1.26E-02
    -6.0  0.00E+00 -9.17E-03 -1.34E-09  9.17E-03
    -4.0  0.00E+00 -5.96E-03 -7.96E-10  5.96E-03
    -2.0  0.00E+00 -2.73E-03 -3.93E-10  2.73E-03
     0.0  0.00E+00  0.00E+00  0.00E+00  0.00E+00
     2.0  0.00E+00  2.73E-03  3.95E-10 -2.73E-03
     4.0  0.00E+00  5.96E-03  8.01E-10 -5.96E-03
     6.0 -1.47E-10  9.17E-03  1.20E-09 -9.17E-03
     8.0  2.43E-11  1.26E-02  1.42E-09 -1.26E-02
    10.0 -4.11E-11  1.56E-02  1.89E-09 -1.56E-02
1         ***** THE USAF AUTOMATED MISSILE DATCOM * REV 3/99 *****     CASE   1
               AERODYNAMIC METHODS FOR MISSILE CONFIGURATIONS          PAGE  53
            FIN SET 1 PANEL HINGE MOMENTS (ABOUT HINGE LINE)

       ******* FLIGHT CONDITIONS AND REFERENCE QUANTITIES *******
     MACH NO  =       0.50                REYNOLDS NO = 1.159E+07 /M
     ALTITUDE =        0.0 M         DYNAMIC PRESSURE =  17731.91 N/M**2
     SIDESLIP =       0.00 DEG                   ROLL =      0.00 DEG     
     REF AREA =      0.004 M**2         MOMENT CENTER =     0.710 M
     REF LENGTH =     1.28 M           LAT REF LENGTH =      1.28 M

   ALPHA   PANL 1   PANL 2   PANL 3   PANL 4   PANL 5   PANL 6   PANL 7   PANL 8
 
   -10.0  0.00E+00 -2.97E-02 -3.62E-09  2.97E-02
    -8.0 -2.71E-10 -2.35E-02 -2.83E-09  2.35E-02
    -6.0  0.00E+00 -1.69E-02 -2.46E-09  1.69E-02
    -4.0  0.00E+00 -1.11E-02 -1.48E-09  1.11E-02
    -2.0  0.00E+00 -5.20E-03 -7.48E-10  5.20E-03
     0.0  0.00E+00  0.00E+00  0.00E+00  0.00E+00
     2.0  0.00E+00  5.20E-03  7.51E-10 -5.20E-03
     4.0  0.00E+00  1.11E-02  1.49E-09 -1.11E-02
     6.0 -2.70E-10  1.69E-02  2.21E-09 -1.69E-02
     8.0  4.52E-11  2.35E-02  2.64E-09 -2.35E-02
    10.0 -7.86E-11  2.97E-02  3.60E-09 -2.97E-02
1         ***** THE USAF AUTOMATED MISSILE DATCOM * REV 3/99 *****     CASE   1
               AERODYNAMIC METHODS FOR MISSILE CONFIGURATIONS          PAGE  54
                   STATIC AERODYNAMICS FOR BODY-FIN SET 1

       ******* FLIGHT CONDITIONS AND REFERENCE QUANTITIES *******
     MACH NO  =       0.50                REYNOLDS NO = 1.159E+07 /M
     ALTITUDE =        0.0 M         DYNAMIC PRESSURE =  17731.91 N/M**2
     SIDESLIP =       0.00 DEG                   ROLL =      0.00 DEG     
     REF AREA =      0.004 M**2         MOMENT CENTER =     0.710 M
     REF LENGTH =     1.28 M           LAT REF LENGTH =      1.28 M

                   ----- LONGITUDINAL -----     -- LATERAL DIRECTIONAL --
         ALPHA       CN        CM        CA        CY       CLN       CLL

        -10.00    -2.964     0.595     0.365     0.000     0.000     0.000
         -8.00    -2.273     0.465     0.368     0.000     0.000     0.000
         -6.00    -1.599     0.329     0.369     0.000     0.000     0.000
         -4.00    -1.018     0.215     0.370     0.000     0.000     0.000
         -2.00    -0.468     0.098     0.371     0.000     0.000     0.000
          0.00     0.000     0.000     0.371     0.000     0.000     0.000
          2.00     0.468    -0.098     0.371     0.000     0.000     0.000
          4.00     1.018    -0.215     0.370     0.000     0.000     0.000
          6.00     1.599    -0.329     0.369     0.000     0.000     0.000
          8.00     2.273    -0.465     0.368     0.000     0.000     0.000
         10.00     2.964    -0.595     0.365     0.000     0.000     0.000

         ALPHA       CL        CD      CL/CD     X-C.P.

        -10.00    -2.856     0.874    -3.268    -0.201
         -8.00    -2.200     0.680    -3.234    -0.205
         -6.00    -1.552     0.534    -2.904    -0.206
         -4.00    -0.990     0.440    -2.248    -0.211
         -2.00    -0.455     0.387    -1.176    -0.210
          0.00     0.000     0.371     0.000    -0.210
          2.00     0.455     0.387     1.176    -0.210
          4.00     0.990     0.440     2.248    -0.211
          6.00     1.552     0.534     2.904    -0.206
          8.00     2.200     0.680     3.234    -0.205
         10.00     2.856     0.874     3.268    -0.201

    X-C.P. MEAS. FROM MOMENT CENTER IN REF. LENGTHS, NEG. AFT OF MOMENT CENTER
1         ***** THE USAF AUTOMATED MISSILE DATCOM * REV 3/99 *****     CASE   1
               AERODYNAMIC METHODS FOR MISSILE CONFIGURATIONS          PAGE  55
                   STATIC AERODYNAMICS FOR BODY-FIN SET 1

       ******* FLIGHT CONDITIONS AND REFERENCE QUANTITIES *******
     MACH NO  =       0.50                REYNOLDS NO = 1.159E+07 /M
     ALTITUDE =        0.0 M         DYNAMIC PRESSURE =  17731.91 N/M**2
     SIDESLIP =       0.00 DEG                   ROLL =      0.00 DEG     
     REF AREA =      0.004 M**2         MOMENT CENTER =     0.710 M
     REF LENGTH =     1.28 M           LAT REF LENGTH =      1.28 M

                   ---------- DERIVATIVES (PER DEGREE) ----------
         ALPHA       CNA         CMA         CYB         CLNB        CLLB
        -10.00      0.3495     -0.0628     -0.1923      0.0203     -0.0015
         -8.00      0.3412     -0.0664     -0.2108      0.0304     -0.0008
         -6.00      0.3136     -0.0627     -0.2039      0.0310     -0.0008
         -4.00      0.2828     -0.0577     -0.2345      0.0459      0.0000
         -2.00      0.2545     -0.0537     -0.2285      0.0467      0.0000
          0.00      0.2340     -0.0492     -0.2262      0.0471      0.0000
          2.00      0.2545     -0.0537     -0.2285      0.0467      0.0000
          4.00      0.2828     -0.0577     -0.2345      0.0459      0.0000
          6.00      0.3136     -0.0627     -0.2039      0.0310      0.0008
          8.00      0.3412     -0.0664     -0.2108      0.0304      0.0008
         10.00      0.3495     -0.0628     -0.1923      0.0203      0.0015

    PANEL DEFLECTION ANGLES (DEGREES)
    SET    FIN 1   FIN 2   FIN 3   FIN 4   FIN 5   FIN 6   FIN 7   FIN 8
      1    0.00    0.00    0.00    0.00
1         ***** THE USAF AUTOMATED MISSILE DATCOM * REV 3/99 *****     CASE   1
               AERODYNAMIC METHODS FOR MISSILE CONFIGURATIONS          PAGE  56
                             BODY ALONE PARTIAL OUTPUT

       ******* FLIGHT CONDITIONS AND REFERENCE QUANTITIES *******
     MACH NO  =       0.90                REYNOLDS NO = 2.087E+07 /M
     ALTITUDE =        0.0 M         DYNAMIC PRESSURE =  57451.37 N/M**2
     SIDESLIP =       0.00 DEG                   ROLL =      0.00 DEG     
     REF AREA =      0.004 M**2         MOMENT CENTER =     0.710 M
     REF LENGTH =     1.28 M           LAT REF LENGTH =      1.28 M

      ALPHA    CA-FRIC  CA-PRES/WAVE CA-BASE    CA-PROT     CA-SEP     CA-ALP
     -10.00     0.1710     0.3397     0.0539                           0.0063
      -8.00     0.1729     0.3435     0.0541                           0.0045
      -6.00     0.1744     0.3465     0.0542                           0.0027
      -4.00     0.1755     0.3486     0.0542                           0.0013
      -2.00     0.1761     0.3499     0.0542                           0.0003
       0.00     0.1763     0.3503     0.0541                           0.0000
       2.00     0.1761     0.3499     0.0542                           0.0003
       4.00     0.1755     0.3486     0.0542                           0.0013
       6.00     0.1744     0.3465     0.0542                           0.0027
       8.00     0.1729     0.3435     0.0541                           0.0045
      10.00     0.1710     0.3397     0.0539                           0.0063

                     CROSS FLOW DRAG PROPORTIONALITY FACTOR = 0.75689

      ALPHA    CN-POTEN  CN-VISC   CN-SEP    CM-POTEN  CM-VISC   CM-SEP    CDC
     -10.00    -0.259    -0.438              -0.269    -0.021             0.836
      -8.00    -0.209    -0.275              -0.217    -0.013             0.817
      -6.00    -0.158    -0.151              -0.164    -0.007             0.798
      -4.00    -0.106    -0.066              -0.110    -0.003             0.778
      -2.00    -0.053    -0.016              -0.055    -0.001             0.759
       0.00     0.000     0.000               0.000     0.000             0.740
       2.00     0.053     0.016               0.055     0.001             0.759
       4.00     0.106     0.066               0.110     0.003             0.778
       6.00     0.158     0.151               0.164     0.007             0.798
       8.00     0.209     0.275               0.217     0.013             0.817
      10.00     0.259     0.438               0.269     0.021             0.836
1         ***** THE USAF AUTOMATED MISSILE DATCOM * REV 3/99 *****     CASE   1
               AERODYNAMIC METHODS FOR MISSILE CONFIGURATIONS          PAGE  57
                        FIN SET 1 CA PARTIAL OUTPUT

       ******* FLIGHT CONDITIONS AND REFERENCE QUANTITIES *******
     MACH NO  =       0.90                REYNOLDS NO = 2.087E+07 /M
     ALTITUDE =        0.0 M         DYNAMIC PRESSURE =  57451.37 N/M**2
     SIDESLIP =       0.00 DEG                   ROLL =      0.00 DEG     
     REF AREA =      0.004 M**2         MOMENT CENTER =     0.710 M
     REF LENGTH =     1.28 M           LAT REF LENGTH =      1.28 M

    SINGLE FIN PANEL ZERO-LIFT AXIAL FORCE COMPONENTS

    SKIN FRICTION        0.0110
    SUBSONIC PRESSURE    0.0009
    TRANSONIC WAVE       0.0135
    SUPERSONIC WAVE      0.0000
    LEADING EDGE         0.0000
    TRAILING EDGE        0.0000
    TOTAL CAO            0.0254

    FIN AXIAL FORCE DUE TO ANGLE OF ATTACK

    ALPHA      CA DUE TO LIFT (SINGLE PANEL)   CA-TOTAL (4 FINS)

     -10.00              0.0000                      0.1001
      -8.00              0.0000                      0.1007
      -6.00              0.0000                      0.1011
      -4.00              0.0000                      0.1014
      -2.00              0.0000                      0.1016
       0.00              0.0000                      0.1017
       2.00              0.0000                      0.1016
       4.00              0.0000                      0.1014
       6.00              0.0000                      0.1011
       8.00              0.0000                      0.1007
      10.00              0.0000                      0.1001
1         ***** THE USAF AUTOMATED MISSILE DATCOM * REV 3/99 *****     CASE   1
               AERODYNAMIC METHODS FOR MISSILE CONFIGURATIONS          PAGE  58
                       FIN SET 1 CN, CM PARTIAL OUTPUT

       ******* FLIGHT CONDITIONS AND REFERENCE QUANTITIES *******
     MACH NO  =       0.90                REYNOLDS NO = 2.087E+07 /M
     ALTITUDE =        0.0 M         DYNAMIC PRESSURE =  57451.37 N/M**2
     SIDESLIP =       0.00 DEG                   ROLL =      0.00 DEG     
     REF AREA =      0.004 M**2         MOMENT CENTER =     0.710 M
     REF LENGTH =     1.28 M           LAT REF LENGTH =      1.28 M

    NORMAL FORCE SLOPE AT ALPHA ZERO, CNA =    0.04566/DEG (1 PANEL)
         CENTER OF PRESSURE FOR LINEAR CN =   -0.37874 (CALIBERS FROM C.G.)
     CENTER OF PRESSURE FOR NON-LINEAR CN =   -0.40446 (CALIBERS FROM C.G.)

      ALPHA      CN        CN        CN        CM        CM        CM
               LINEAR  NON-LINEAR  TOTAL     LINEAR  NON-LINEAR  TOTAL

     -10.00   -0.8947   -0.2154   -1.1101    0.3389    0.0871    0.4260
      -8.00   -0.7211   -0.1392   -0.8602    0.2731    0.0563    0.3294
      -6.00   -0.5439   -0.0789   -0.6228    0.2060    0.0319    0.2379
      -4.00   -0.3641   -0.0353   -0.3994    0.1379    0.0143    0.1522
      -2.00   -0.1825   -0.0089   -0.1914    0.0691    0.0036    0.0727
       0.00    0.0000    0.0000    0.0000    0.0000    0.0000    0.0000
       2.00    0.1825    0.0089    0.1914   -0.0691   -0.0036   -0.0727
       4.00    0.3641    0.0353    0.3994   -0.1379   -0.0143   -0.1522
       6.00    0.5439    0.0789    0.6228   -0.2060   -0.0319   -0.2379
       8.00    0.7211    0.1392    0.8602   -0.2731   -0.0563   -0.3294
      10.00    0.8947    0.2154    1.1101   -0.3389   -0.0871   -0.4260
1         ***** THE USAF AUTOMATED MISSILE DATCOM * REV 3/99 *****     CASE   1
               AERODYNAMIC METHODS FOR MISSILE CONFIGURATIONS          PAGE  59
                 AERODYNAMIC FORCE AND MOMENT SYNTHESIS

       ******* FLIGHT CONDITIONS AND REFERENCE QUANTITIES *******
     MACH NO  =       0.90                REYNOLDS NO = 2.087E+07 /M
     ALTITUDE =        0.0 M         DYNAMIC PRESSURE =  57451.37 N/M**2
     SIDESLIP =       0.00 DEG                   ROLL =      0.00 DEG     
     REF AREA =      0.004 M**2         MOMENT CENTER =     0.710 M
     REF LENGTH =     1.28 M           LAT REF LENGTH =      1.28 M

          ---------------FIN SET 1 IN PRESENCE OF THE BODY----------------

      ALPHA       CN         CM         CA         CY         CLN        CLL

     -10.00    -1.4702     0.5568     0.1017     0.0000     0.0000     0.0000
      -8.00    -1.1742     0.4447     0.1017     0.0000     0.0000     0.0000
      -6.00    -0.8568     0.3245     0.1017     0.0000     0.0000     0.0000
      -4.00    -0.5717     0.2165     0.1017     0.0000     0.0000     0.0000
      -2.00    -0.2735     0.1036     0.1017     0.0000     0.0000     0.0000
       0.00     0.0000     0.0000     0.1017     0.0000     0.0000     0.0000
       2.00     0.2735    -0.1036     0.1017     0.0000     0.0000     0.0000
       4.00     0.5717    -0.2165     0.1017     0.0000     0.0000     0.0000
       6.00     0.8568    -0.3245     0.1017     0.0000     0.0000     0.0000
       8.00     1.1742    -0.4447     0.1017     0.0000     0.0000     0.0000
      10.00     1.4702    -0.5568     0.1017     0.0000     0.0000     0.0000
1         ***** THE USAF AUTOMATED MISSILE DATCOM * REV 3/99 *****     CASE   1
               AERODYNAMIC METHODS FOR MISSILE CONFIGURATIONS          PAGE  60
                 AERODYNAMIC FORCE AND MOMENT SYNTHESIS

       ******* FLIGHT CONDITIONS AND REFERENCE QUANTITIES *******
     MACH NO  =       0.90                REYNOLDS NO = 2.087E+07 /M
     ALTITUDE =        0.0 M         DYNAMIC PRESSURE =  57451.37 N/M**2
     SIDESLIP =       0.00 DEG                   ROLL =      0.00 DEG     
     REF AREA =      0.004 M**2         MOMENT CENTER =     0.710 M
     REF LENGTH =     1.28 M           LAT REF LENGTH =      1.28 M

          ---------------FIN SET 1 PANEL CHARACTERISTICS------------------

      ALPHA      PANEL    AEQ (PANEL AXIS SYS.)    PANEL CN

     -10.00        1              0.0000           0.0000
     -10.00        2            -12.7367          -0.7351
     -10.00        3              0.0000           0.0000
     -10.00        4             12.7367           0.7351
 
      -8.00        1              0.0000           0.0000
      -8.00        2            -10.4996          -0.5871
      -8.00        3              0.0000           0.0000
      -8.00        4             10.4996           0.5871
 
      -6.00        1              0.0000           0.0000
      -6.00        2             -7.9718          -0.4284
      -6.00        3              0.0000           0.0000
      -6.00        4              7.9718           0.4284
 
      -4.00        1              0.0000           0.0000
      -4.00        2             -5.5535          -0.2859
      -4.00        3              0.0000           0.0000
      -4.00        4              5.5535           0.2859
 
      -2.00        1              0.0000           0.0000
      -2.00        2             -2.8106          -0.1368
      -2.00        3              0.0000           0.0000
      -2.00        4              2.8106           0.1368
 
       0.00        1              0.0000           0.0000
       0.00        2              0.0000           0.0000
       0.00        3              0.0000           0.0000
       0.00        4              0.0000           0.0000
 
       2.00        1              0.0000           0.0000
       2.00        2              2.8106           0.1368
       2.00        3              0.0000           0.0000
       2.00        4             -2.8106          -0.1368
 
       4.00        1              0.0000           0.0000
       4.00        2              5.5535           0.2859
       4.00        3              0.0000           0.0000
       4.00        4             -5.5535          -0.2859
 
       6.00        1              0.0000           0.0000
       6.00        2              7.9718           0.4284
       6.00        3              0.0000           0.0000
       6.00        4             -7.9718          -0.4284
 
       8.00        1              0.0000           0.0000
       8.00        2             10.4996           0.5871
       8.00        3              0.0000           0.0000
       8.00        4            -10.4996          -0.5871
 
      10.00        1              0.0000           0.0000
      10.00        2             12.7367           0.7351
      10.00        3              0.0000           0.0000
      10.00        4            -12.7367          -0.7351
 
1         ***** THE USAF AUTOMATED MISSILE DATCOM * REV 3/99 *****     CASE   1
               AERODYNAMIC METHODS FOR MISSILE CONFIGURATIONS          PAGE  61
                 AERODYNAMIC FORCE AND MOMENT SYNTHESIS

       ******* FLIGHT CONDITIONS AND REFERENCE QUANTITIES *******
     MACH NO  =       0.90                REYNOLDS NO = 2.087E+07 /M
     ALTITUDE =        0.0 M         DYNAMIC PRESSURE =  57451.37 N/M**2
     SIDESLIP =       0.00 DEG                   ROLL =      0.00 DEG     
     REF AREA =      0.004 M**2         MOMENT CENTER =     0.710 M
     REF LENGTH =     1.28 M           LAT REF LENGTH =      1.28 M

             CARRYOVER INTERFERENCE FACTORS - FIN SET 1

      ALPHA   K-W(B)   K-B(W)  KK-W(B)  KK-B(W)  XCP-W(B) XCP-B(W) Y-CP/(B/2)

     -10.00   1.3273   0.5437   0.9354   0.3728   0.3787   0.3804   0.4606
      -8.00   1.3501   0.5437   0.9354   0.3728   0.3787   0.3804   0.4762
      -6.00   1.3714   0.5437   0.9354   0.3728   0.3787   0.3804   0.4846
      -4.00   1.3905   0.5437   0.9354   0.3728   0.3787   0.3804   0.4760
      -2.00   1.4059   0.5437   0.9354   0.3728   0.3787   0.3804   0.4611
       0.00   1.4145   0.5437   0.9354   0.3728   0.3787   0.3804   0.4452
       2.00   1.4059   0.5437   0.9354   0.3728   0.3787   0.3804   0.4611
       4.00   1.3905   0.5437   0.9354   0.3728   0.3787   0.3804   0.4760
       6.00   1.3714   0.5437   0.9354   0.3728   0.3787   0.3804   0.4846
       8.00   1.3501   0.5437   0.9354   0.3728   0.3787   0.3804   0.4762
      10.00   1.3273   0.5437   0.9354   0.3728   0.3787   0.3804   0.4606

    NOTE - XCP-W(B) USED FOR STABILITY ONLY DIFFERENT VALUES USED FOR HINGE MOMENTS
1         ***** THE USAF AUTOMATED MISSILE DATCOM * REV 3/99 *****     CASE   1
               AERODYNAMIC METHODS FOR MISSILE CONFIGURATIONS          PAGE  62
        FIN SET 1 PANEL BENDING MOMENTS (ABOUT EXPOSED ROOT CHORD)

       ******* FLIGHT CONDITIONS AND REFERENCE QUANTITIES *******
     MACH NO  =       0.90                REYNOLDS NO = 2.087E+07 /M
     ALTITUDE =        0.0 M         DYNAMIC PRESSURE =  57451.37 N/M**2
     SIDESLIP =       0.00 DEG                   ROLL =      0.00 DEG     
     REF AREA =      0.004 M**2         MOMENT CENTER =     0.710 M
     REF LENGTH =     1.28 M           LAT REF LENGTH =      1.28 M

   ALPHA   PANL 1   PANL 2   PANL 3   PANL 4   PANL 5   PANL 6   PANL 7   PANL 8
 
   -10.0  0.00E+00 -1.52E-02 -1.98E-09  1.52E-02
    -8.0 -1.54E-10 -1.25E-02 -1.60E-09  1.25E-02
    -6.0  0.00E+00 -9.29E-03 -1.42E-09  9.29E-03
    -4.0  0.00E+00 -6.09E-03 -8.38E-10  6.09E-03
    -2.0  0.00E+00 -2.82E-03 -4.11E-10  2.82E-03
     0.0  0.00E+00  0.00E+00  0.00E+00  0.00E+00
     2.0  0.00E+00  2.82E-03  4.12E-10 -2.82E-03
     4.0  0.00E+00  6.09E-03  8.44E-10 -6.09E-03
     6.0 -1.61E-10  9.29E-03  1.28E-09 -9.29E-03
     8.0  2.56E-11  1.25E-02  1.50E-09 -1.25E-02
    10.0 -4.31E-11  1.52E-02  1.98E-09 -1.52E-02
1         ***** THE USAF AUTOMATED MISSILE DATCOM * REV 3/99 *****     CASE   1
               AERODYNAMIC METHODS FOR MISSILE CONFIGURATIONS          PAGE  63
            FIN SET 1 PANEL HINGE MOMENTS (ABOUT HINGE LINE)

       ******* FLIGHT CONDITIONS AND REFERENCE QUANTITIES *******
     MACH NO  =       0.90                REYNOLDS NO = 2.087E+07 /M
     ALTITUDE =        0.0 M         DYNAMIC PRESSURE =  57451.37 N/M**2
     SIDESLIP =       0.00 DEG                   ROLL =      0.00 DEG     
     REF AREA =      0.004 M**2         MOMENT CENTER =     0.710 M
     REF LENGTH =     1.28 M           LAT REF LENGTH =      1.28 M

   ALPHA   PANL 1   PANL 2   PANL 3   PANL 4   PANL 5   PANL 6   PANL 7   PANL 8
 
   -10.0  0.00E+00 -3.05E-02 -3.99E-09  3.05E-02
    -8.0 -3.00E-10 -2.44E-02 -3.12E-09  2.44E-02
    -6.0  0.00E+00 -1.78E-02 -2.72E-09  1.78E-02
    -4.0  0.00E+00 -1.19E-02 -1.63E-09  1.19E-02
    -2.0  0.00E+00 -5.68E-03 -8.26E-10  5.68E-03
     0.0  0.00E+00  0.00E+00  0.00E+00  0.00E+00
     2.0  0.00E+00  5.68E-03  8.29E-10 -5.68E-03
     4.0  0.00E+00  1.19E-02  1.64E-09 -1.19E-02
     6.0 -3.08E-10  1.78E-02  2.44E-09 -1.78E-02
     8.0  4.99E-11  2.44E-02  2.92E-09 -2.44E-02
    10.0 -8.67E-11  3.05E-02  3.98E-09 -3.05E-02
1         ***** THE USAF AUTOMATED MISSILE DATCOM * REV 3/99 *****     CASE   1
               AERODYNAMIC METHODS FOR MISSILE CONFIGURATIONS          PAGE  64
                   STATIC AERODYNAMICS FOR BODY-FIN SET 1

       ******* FLIGHT CONDITIONS AND REFERENCE QUANTITIES *******
     MACH NO  =       0.90                REYNOLDS NO = 2.087E+07 /M
     ALTITUDE =        0.0 M         DYNAMIC PRESSURE =  57451.37 N/M**2
     SIDESLIP =       0.00 DEG                   ROLL =      0.00 DEG     
     REF AREA =      0.004 M**2         MOMENT CENTER =     0.710 M
     REF LENGTH =     1.28 M           LAT REF LENGTH =      1.28 M

                   ----- LONGITUDINAL -----     -- LATERAL DIRECTIONAL --
         ALPHA       CN        CM        CA        CY       CLN       CLL

        -10.00    -2.769     0.496     0.673     0.000     0.000     0.000
         -8.00    -2.131     0.394     0.677     0.000     0.000     0.000
         -6.00    -1.505     0.282     0.679     0.000     0.000     0.000
         -4.00    -0.967     0.188     0.681     0.000     0.000     0.000
         -2.00    -0.448     0.088     0.682     0.000     0.000     0.000
          0.00     0.000     0.000     0.682     0.000     0.000     0.000
          2.00     0.448    -0.088     0.682     0.000     0.000     0.000
          4.00     0.967    -0.188     0.681     0.000     0.000     0.000
          6.00     1.505    -0.282     0.679     0.000     0.000     0.000
          8.00     2.131    -0.394     0.677     0.000     0.000     0.000
         10.00     2.769    -0.496     0.673     0.000     0.000     0.000

         ALPHA       CL        CD      CL/CD     X-C.P.

        -10.00    -2.610     1.143    -2.283    -0.179
         -8.00    -2.016     0.967    -2.085    -0.185
         -6.00    -1.426     0.833    -1.712    -0.188
         -4.00    -0.917     0.747    -1.227    -0.195
         -2.00    -0.424     0.697    -0.608    -0.196
          0.00     0.000     0.682     0.000    -0.196
          2.00     0.424     0.697     0.608    -0.196
          4.00     0.917     0.747     1.227    -0.195
          6.00     1.426     0.833     1.712    -0.188
          8.00     2.016     0.967     2.085    -0.185
         10.00     2.610     1.143     2.283    -0.179

    X-C.P. MEAS. FROM MOMENT CENTER IN REF. LENGTHS, NEG. AFT OF MOMENT CENTER
1         ***** THE USAF AUTOMATED MISSILE DATCOM * REV 3/99 *****     CASE   1
               AERODYNAMIC METHODS FOR MISSILE CONFIGURATIONS          PAGE  65
                   STATIC AERODYNAMICS FOR BODY-FIN SET 1

       ******* FLIGHT CONDITIONS AND REFERENCE QUANTITIES *******
     MACH NO  =       0.90                REYNOLDS NO = 2.087E+07 /M
     ALTITUDE =        0.0 M         DYNAMIC PRESSURE =  57451.37 N/M**2
     SIDESLIP =       0.00 DEG                   ROLL =      0.00 DEG     
     REF AREA =      0.004 M**2         MOMENT CENTER =     0.710 M
     REF LENGTH =     1.28 M           LAT REF LENGTH =      1.28 M

                   ---------- DERIVATIVES (PER DEGREE) ----------
         ALPHA       CNA         CMA         CYB         CLNB        CLLB
        -10.00      0.3223     -0.0482     -0.1843      0.0149     -0.0016
         -8.00      0.3159     -0.0533     -0.2027      0.0254     -0.0009
         -6.00      0.2909     -0.0514     -0.1938      0.0254     -0.0009
         -4.00      0.2643     -0.0486     -0.2265      0.0412      0.0000
         -2.00      0.2416     -0.0471     -0.2201      0.0420      0.0000
          0.00      0.2242     -0.0440     -0.2177      0.0424      0.0000
          2.00      0.2416     -0.0471     -0.2201      0.0420      0.0000
          4.00      0.2643     -0.0486     -0.2265      0.0412      0.0000
          6.00      0.2909     -0.0514     -0.1938      0.0254      0.0009
          8.00      0.3159     -0.0533     -0.2027      0.0254      0.0009
         10.00      0.3223     -0.0482     -0.1843      0.0149      0.0016

    PANEL DEFLECTION ANGLES (DEGREES)
    SET    FIN 1   FIN 2   FIN 3   FIN 4   FIN 5   FIN 6   FIN 7   FIN 8
      1    0.00    0.00    0.00    0.00
1         ***** THE USAF AUTOMATED MISSILE DATCOM * REV 3/99 *****     CASE   1
               AERODYNAMIC METHODS FOR MISSILE CONFIGURATIONS          PAGE  66
                             BODY ALONE PARTIAL OUTPUT

       ******* FLIGHT CONDITIONS AND REFERENCE QUANTITIES *******
     MACH NO  =       1.10                REYNOLDS NO = 2.550E+07 /M
     ALTITUDE =        0.0 M         DYNAMIC PRESSURE =  85822.41 N/M**2
     SIDESLIP =       0.00 DEG                   ROLL =      0.00 DEG     
     REF AREA =      0.004 M**2         MOMENT CENTER =     0.710 M
     REF LENGTH =     1.28 M           LAT REF LENGTH =      1.28 M

      ALPHA    CA-FRIC  CA-PRES/WAVE CA-BASE    CA-PROT     CA-SEP     CA-ALP
     -10.00     0.1618     0.7921     0.0825                           0.0127
      -8.00     0.1636     0.8009     0.0829                           0.0088
      -6.00     0.1650     0.8078     0.0831                           0.0052
      -4.00     0.1661     0.8128     0.0832                           0.0024
      -2.00     0.1667     0.8158     0.0833                           0.0006
       0.00     0.1669     0.8168     0.0832                           0.0000
       2.00     0.1667     0.8158     0.0833                           0.0006
       4.00     0.1661     0.8128     0.0832                           0.0024
       6.00     0.1650     0.8078     0.0831                           0.0052
       8.00     0.1636     0.8009     0.0829                           0.0088
      10.00     0.1618     0.7921     0.0825                           0.0127

                     CROSS FLOW DRAG PROPORTIONALITY FACTOR = 0.97196

      ALPHA    CN-POTEN  CN-VISC   CN-SEP    CM-POTEN  CM-VISC   CM-SEP    CDC
     -10.00    -0.369    -0.577              -0.242    -0.028             0.857
      -8.00    -0.298    -0.360              -0.195    -0.017             0.834
      -6.00    -0.225    -0.198              -0.147    -0.009             0.810
      -4.00    -0.151    -0.085              -0.099    -0.004             0.787
      -2.00    -0.076    -0.021              -0.050    -0.001             0.764
       0.00     0.000     0.000               0.000     0.000             0.740
       2.00     0.076     0.021               0.050     0.001             0.764
       4.00     0.151     0.085               0.099     0.004             0.787
       6.00     0.225     0.198               0.147     0.009             0.810
       8.00     0.298     0.360               0.195     0.017             0.834
      10.00     0.369     0.577               0.242     0.028             0.857
1         ***** THE USAF AUTOMATED MISSILE DATCOM * REV 3/99 *****     CASE   1
               AERODYNAMIC METHODS FOR MISSILE CONFIGURATIONS          PAGE  67
                        FIN SET 1 CA PARTIAL OUTPUT

       ******* FLIGHT CONDITIONS AND REFERENCE QUANTITIES *******
     MACH NO  =       1.10                REYNOLDS NO = 2.550E+07 /M
     ALTITUDE =        0.0 M         DYNAMIC PRESSURE =  85822.41 N/M**2
     SIDESLIP =       0.00 DEG                   ROLL =      0.00 DEG     
     REF AREA =      0.004 M**2         MOMENT CENTER =     0.710 M
     REF LENGTH =     1.28 M           LAT REF LENGTH =      1.28 M

    SINGLE FIN PANEL ZERO-LIFT AXIAL FORCE COMPONENTS

    SKIN FRICTION        0.0104
    SUBSONIC PRESSURE    0.0004
    TRANSONIC WAVE       0.0000
    SUPERSONIC WAVE      0.0299
    LEADING EDGE         0.0000
    TRAILING EDGE        0.0000
    TOTAL CAO            0.0407

    FIN AXIAL FORCE DUE TO ANGLE OF ATTACK

    ALPHA      CA DUE TO LIFT (SINGLE PANEL)   CA-TOTAL (4 FINS)

     -10.00              0.0000                      0.1603
      -8.00              0.0000                      0.1612
      -6.00              0.0000                      0.1619
      -4.00              0.0000                      0.1624
      -2.00              0.0000                      0.1627
       0.00              0.0000                      0.1628
       2.00              0.0000                      0.1627
       4.00              0.0000                      0.1624
       6.00              0.0000                      0.1619
       8.00              0.0000                      0.1612
      10.00              0.0000                      0.1603
1         ***** THE USAF AUTOMATED MISSILE DATCOM * REV 3/99 *****     CASE   1
               AERODYNAMIC METHODS FOR MISSILE CONFIGURATIONS          PAGE  68
                       FIN SET 1 CN, CM PARTIAL OUTPUT

       ******* FLIGHT CONDITIONS AND REFERENCE QUANTITIES *******
     MACH NO  =       1.10                REYNOLDS NO = 2.550E+07 /M
     ALTITUDE =        0.0 M         DYNAMIC PRESSURE =  85822.41 N/M**2
     SIDESLIP =       0.00 DEG                   ROLL =      0.00 DEG     
     REF AREA =      0.004 M**2         MOMENT CENTER =     0.710 M
     REF LENGTH =     1.28 M           LAT REF LENGTH =      1.28 M

    NORMAL FORCE SLOPE AT ALPHA ZERO, CNA =    0.05417/DEG (1 PANEL)
         CENTER OF PRESSURE FOR LINEAR CN =   -0.38443 (CALIBERS FROM C.G.)
     CENTER OF PRESSURE FOR NON-LINEAR CN =   -0.40446 (CALIBERS FROM C.G.)

      ALPHA      CN        CN        CN        CM        CM        CM
               LINEAR  NON-LINEAR  TOTAL     LINEAR  NON-LINEAR  TOTAL

     -10.00   -1.0616   -0.2041   -1.2657    0.4081    0.0826    0.4907
      -8.00   -0.8555   -0.1327   -0.9882    0.3289    0.0537    0.3825
      -6.00   -0.6453   -0.0757   -0.7210    0.2481    0.0306    0.2787
      -4.00   -0.4320   -0.0341   -0.4661    0.1661    0.0138    0.1799
      -2.00   -0.2165   -0.0086   -0.2251    0.0832    0.0035    0.0867
       0.00    0.0000    0.0000    0.0000    0.0000    0.0000    0.0000
       2.00    0.2165    0.0086    0.2251   -0.0832   -0.0035   -0.0867
       4.00    0.4320    0.0341    0.4661   -0.1661   -0.0138   -0.1799
       6.00    0.6453    0.0757    0.7210   -0.2481   -0.0306   -0.2787
       8.00    0.8555    0.1327    0.9882   -0.3289   -0.0537   -0.3825
      10.00    1.0616    0.2041    1.2657   -0.4081   -0.0826   -0.4907
1         ***** THE USAF AUTOMATED MISSILE DATCOM * REV 3/99 *****     CASE   1
               AERODYNAMIC METHODS FOR MISSILE CONFIGURATIONS          PAGE  69
                 AERODYNAMIC FORCE AND MOMENT SYNTHESIS

       ******* FLIGHT CONDITIONS AND REFERENCE QUANTITIES *******
     MACH NO  =       1.10                REYNOLDS NO = 2.550E+07 /M
     ALTITUDE =        0.0 M         DYNAMIC PRESSURE =  85822.41 N/M**2
     SIDESLIP =       0.00 DEG                   ROLL =      0.00 DEG     
     REF AREA =      0.004 M**2         MOMENT CENTER =     0.710 M
     REF LENGTH =     1.28 M           LAT REF LENGTH =      1.28 M

          ---------------FIN SET 1 IN PRESENCE OF THE BODY----------------

      ALPHA       CN         CM         CA         CY         CLN        CLL

     -10.00    -1.6370     0.6293     0.1628     0.0000     0.0000     0.0000
      -8.00    -1.3226     0.5084     0.1628     0.0000     0.0000     0.0000
      -6.00    -0.9792     0.3764     0.1628     0.0000     0.0000     0.0000
      -4.00    -0.6613     0.2542     0.1628     0.0000     0.0000     0.0000
      -2.00    -0.3205     0.1232     0.1628     0.0000     0.0000     0.0000
       0.00     0.0000     0.0000     0.1628     0.0000     0.0000     0.0000
       2.00     0.3205    -0.1232     0.1628     0.0000     0.0000     0.0000
       4.00     0.6613    -0.2542     0.1628     0.0000     0.0000     0.0000
       6.00     0.9792    -0.3764     0.1628     0.0000     0.0000     0.0000
       8.00     1.3226    -0.5084     0.1628     0.0000     0.0000     0.0000
      10.00     1.6370    -0.6293     0.1628     0.0000     0.0000     0.0000
1         ***** THE USAF AUTOMATED MISSILE DATCOM * REV 3/99 *****     CASE   1
               AERODYNAMIC METHODS FOR MISSILE CONFIGURATIONS          PAGE  70
                 AERODYNAMIC FORCE AND MOMENT SYNTHESIS

       ******* FLIGHT CONDITIONS AND REFERENCE QUANTITIES *******
     MACH NO  =       1.10                REYNOLDS NO = 2.550E+07 /M
     ALTITUDE =        0.0 M         DYNAMIC PRESSURE =  85822.41 N/M**2
     SIDESLIP =       0.00 DEG                   ROLL =      0.00 DEG     
     REF AREA =      0.004 M**2         MOMENT CENTER =     0.710 M
     REF LENGTH =     1.28 M           LAT REF LENGTH =      1.28 M

          ---------------FIN SET 1 PANEL CHARACTERISTICS------------------

      ALPHA      PANEL    AEQ (PANEL AXIS SYS.)    PANEL CN

     -10.00        1              0.0000           0.0000
     -10.00        2            -12.5860          -0.8185
     -10.00        3              0.0000           0.0000
     -10.00        4             12.5860           0.8185
 
      -8.00        1              0.0000           0.0000
      -8.00        2            -10.4026          -0.6613
      -8.00        3              0.0000           0.0000
      -8.00        4             10.4026           0.6613
 
      -6.00        1              0.0000           0.0000
      -6.00        2             -7.9339          -0.4896
      -6.00        3              0.0000           0.0000
      -6.00        4              7.9339           0.4896
 
      -4.00        1              0.0000           0.0000
      -4.00        2             -5.5404          -0.3307
      -4.00        3              0.0000           0.0000
      -4.00        4              5.5404           0.3307
 
      -2.00        1              0.0000           0.0000
      -2.00        2             -2.8082          -0.1602
      -2.00        3              0.0000           0.0000
      -2.00        4              2.8082           0.1602
 
       0.00        1              0.0000           0.0000
       0.00        2              0.0000           0.0000
       0.00        3              0.0000           0.0000
       0.00        4              0.0000           0.0000
 
       2.00        1              0.0000           0.0000
       2.00        2              2.8082           0.1602
       2.00        3              0.0000           0.0000
       2.00        4             -2.8082          -0.1602
 
       4.00        1              0.0000           0.0000
       4.00        2              5.5404           0.3307
       4.00        3              0.0000           0.0000
       4.00        4             -5.5404          -0.3307
 
       6.00        1              0.0000           0.0000
       6.00        2              7.9339           0.4896
       6.00        3              0.0000           0.0000
       6.00        4             -7.9339          -0.4896
 
       8.00        1              0.0000           0.0000
       8.00        2             10.4026           0.6613
       8.00        3              0.0000           0.0000
       8.00        4            -10.4026          -0.6613
 
      10.00        1              0.0000           0.0000
      10.00        2             12.5860           0.8185
      10.00        3              0.0000           0.0000
      10.00        4            -12.5860          -0.8185
 
1         ***** THE USAF AUTOMATED MISSILE DATCOM * REV 3/99 *****     CASE   1
               AERODYNAMIC METHODS FOR MISSILE CONFIGURATIONS          PAGE  71
                 AERODYNAMIC FORCE AND MOMENT SYNTHESIS

       ******* FLIGHT CONDITIONS AND REFERENCE QUANTITIES *******
     MACH NO  =       1.10                REYNOLDS NO = 2.550E+07 /M
     ALTITUDE =        0.0 M         DYNAMIC PRESSURE =  85822.41 N/M**2
     SIDESLIP =       0.00 DEG                   ROLL =      0.00 DEG     
     REF AREA =      0.004 M**2         MOMENT CENTER =     0.710 M
     REF LENGTH =     1.28 M           LAT REF LENGTH =      1.28 M

             CARRYOVER INTERFERENCE FACTORS - FIN SET 1

      ALPHA   K-W(B)   K-B(W)  KK-W(B)  KK-B(W)  XCP-W(B) XCP-B(W) Y-CP/(B/2)

     -10.00   1.3165   0.5437   0.9354   0.3728   0.3844   0.3804   0.4627
      -8.00   1.3417   0.5437   0.9354   0.3728   0.3844   0.3804   0.4746
      -6.00   1.3657   0.5437   0.9354   0.3728   0.3844   0.3804   0.4812
      -4.00   1.3872   0.5437   0.9354   0.3728   0.3844   0.3804   0.4757
      -2.00   1.4046   0.5437   0.9354   0.3728   0.3844   0.3804   0.4577
       0.00   1.4145   0.5437   0.9354   0.3728   0.3844   0.3804   0.4400
       2.00   1.4046   0.5437   0.9354   0.3728   0.3844   0.3804   0.4577
       4.00   1.3872   0.5437   0.9354   0.3728   0.3844   0.3804   0.4757
       6.00   1.3657   0.5437   0.9354   0.3728   0.3844   0.3804   0.4812
       8.00   1.3417   0.5437   0.9354   0.3728   0.3844   0.3804   0.4746
      10.00   1.3165   0.5437   0.9354   0.3728   0.3844   0.3804   0.4627

    NOTE - XCP-W(B) USED FOR STABILITY ONLY DIFFERENT VALUES USED FOR HINGE MOMENTS
1         ***** THE USAF AUTOMATED MISSILE DATCOM * REV 3/99 *****     CASE   1
               AERODYNAMIC METHODS FOR MISSILE CONFIGURATIONS          PAGE  72
        FIN SET 1 PANEL BENDING MOMENTS (ABOUT EXPOSED ROOT CHORD)

       ******* FLIGHT CONDITIONS AND REFERENCE QUANTITIES *******
     MACH NO  =       1.10                REYNOLDS NO = 2.550E+07 /M
     ALTITUDE =        0.0 M         DYNAMIC PRESSURE =  85822.41 N/M**2
     SIDESLIP =       0.00 DEG                   ROLL =      0.00 DEG     
     REF AREA =      0.004 M**2         MOMENT CENTER =     0.710 M
     REF LENGTH =     1.28 M           LAT REF LENGTH =      1.28 M

   ALPHA   PANL 1   PANL 2   PANL 3   PANL 4   PANL 5   PANL 6   PANL 7   PANL 8
 
   -10.0 -2.18E-10 -1.69E-02 -2.42E-09  1.69E-02
    -8.0  1.31E-10 -1.40E-02 -1.91E-09  1.40E-02
    -6.0  0.00E+00 -1.05E-02 -1.35E-09  1.05E-02
    -4.0  0.00E+00 -7.04E-03 -9.87E-10  7.04E-03
    -2.0  0.00E+00 -3.28E-03 -4.81E-10  3.28E-03
     0.0  0.00E+00  0.00E+00  0.00E+00  0.00E+00
     2.0  0.00E+00  3.28E-03  4.83E-10 -3.28E-03
     4.0  0.00E+00  7.04E-03  9.94E-10 -7.04E-03
     6.0  1.23E-10  1.05E-02  1.49E-09 -1.05E-02
     8.0  0.00E+00  1.40E-02  2.07E-09 -1.40E-02
    10.0 -1.36E-10  1.69E-02  2.11E-09 -1.69E-02
1         ***** THE USAF AUTOMATED MISSILE DATCOM * REV 3/99 *****     CASE   1
               AERODYNAMIC METHODS FOR MISSILE CONFIGURATIONS          PAGE  73
            FIN SET 1 PANEL HINGE MOMENTS (ABOUT HINGE LINE)

       ******* FLIGHT CONDITIONS AND REFERENCE QUANTITIES *******
     MACH NO  =       1.10                REYNOLDS NO = 2.550E+07 /M
     ALTITUDE =        0.0 M         DYNAMIC PRESSURE =  85822.41 N/M**2
     SIDESLIP =       0.00 DEG                   ROLL =      0.00 DEG     
     REF AREA =      0.004 M**2         MOMENT CENTER =     0.710 M
     REF LENGTH =     1.28 M           LAT REF LENGTH =      1.28 M

   ALPHA   PANL 1   PANL 2   PANL 3   PANL 4   PANL 5   PANL 6   PANL 7   PANL 8
 
   -10.0 -3.77E-10 -2.93E-02 -4.18E-09  2.93E-02
    -8.0  2.21E-10 -2.37E-02 -3.21E-09  2.37E-02
    -6.0  0.00E+00 -1.75E-02 -2.25E-09  1.75E-02
    -4.0  0.00E+00 -1.18E-02 -1.66E-09  1.18E-02
    -2.0  0.00E+00 -5.74E-03 -8.41E-10  5.74E-03
     0.0  0.00E+00  0.00E+00  0.00E+00  0.00E+00
     2.0  0.00E+00  5.74E-03  8.44E-10 -5.74E-03
     4.0  0.00E+00  1.18E-02  1.67E-09 -1.18E-02
     6.0  2.04E-10  1.75E-02  2.48E-09 -1.75E-02
     8.0  0.00E+00  2.37E-02  3.48E-09 -2.37E-02
    10.0 -2.35E-10  2.93E-02  3.65E-09 -2.93E-02
1         ***** THE USAF AUTOMATED MISSILE DATCOM * REV 3/99 *****     CASE   1
               AERODYNAMIC METHODS FOR MISSILE CONFIGURATIONS          PAGE  74
                   STATIC AERODYNAMICS FOR BODY-FIN SET 1

       ******* FLIGHT CONDITIONS AND REFERENCE QUANTITIES *******
     MACH NO  =       1.10                REYNOLDS NO = 2.550E+07 /M
     ALTITUDE =        0.0 M         DYNAMIC PRESSURE =  85822.41 N/M**2
     SIDESLIP =       0.00 DEG                   ROLL =      0.00 DEG     
     REF AREA =      0.004 M**2         MOMENT CENTER =     0.710 M
     REF LENGTH =     1.28 M           LAT REF LENGTH =      1.28 M

                   ----- LONGITUDINAL -----     -- LATERAL DIRECTIONAL --
         ALPHA       CN        CM        CA        CY       CLN       CLL

        -10.00    -3.259     0.617     1.212     0.000     0.000     0.000
         -8.00    -2.517     0.500     1.219     0.000     0.000     0.000
         -6.00    -1.792     0.368     1.224     0.000     0.000     0.000
         -4.00    -1.157     0.250     1.227     0.000     0.000     0.000
         -2.00    -0.541     0.120     1.229     0.000     0.000     0.000
          0.00     0.000     0.000     1.230     0.000     0.000     0.000
          2.00     0.541    -0.120     1.229     0.000     0.000     0.000
          4.00     1.157    -0.250     1.227     0.000     0.000     0.000
          6.00     1.792    -0.368     1.224     0.000     0.000     0.000
          8.00     2.517    -0.500     1.219     0.000     0.000     0.000
         10.00     3.259    -0.617     1.212     0.000     0.000     0.000

         ALPHA       CL        CD      CL/CD     X-C.P.

        -10.00    -2.999     1.759    -1.704    -0.189
         -8.00    -2.323     1.557    -1.491    -0.199
         -6.00    -1.654     1.404    -1.178    -0.205
         -4.00    -1.068     1.305    -0.819    -0.216
         -2.00    -0.498     1.247    -0.399    -0.222
          0.00     0.000     1.230     0.000    -0.222
          2.00     0.498     1.247     0.399    -0.222
          4.00     1.068     1.305     0.819    -0.216
          6.00     1.654     1.404     1.178    -0.205
          8.00     2.323     1.557     1.491    -0.199
         10.00     2.999     1.759     1.704    -0.189

    X-C.P. MEAS. FROM MOMENT CENTER IN REF. LENGTHS, NEG. AFT OF MOMENT CENTER
1         ***** THE USAF AUTOMATED MISSILE DATCOM * REV 3/99 *****     CASE   1
               AERODYNAMIC METHODS FOR MISSILE CONFIGURATIONS          PAGE  75
                   STATIC AERODYNAMICS FOR BODY-FIN SET 1

       ******* FLIGHT CONDITIONS AND REFERENCE QUANTITIES *******
     MACH NO  =       1.10                REYNOLDS NO = 2.550E+07 /M
     ALTITUDE =        0.0 M         DYNAMIC PRESSURE =  85822.41 N/M**2
     SIDESLIP =       0.00 DEG                   ROLL =      0.00 DEG     
     REF AREA =      0.004 M**2         MOMENT CENTER =     0.710 M
     REF LENGTH =     1.28 M           LAT REF LENGTH =      1.28 M

                   ---------- DERIVATIVES (PER DEGREE) ----------
         ALPHA       CNA         CMA         CYB         CLNB        CLLB
        -10.00      0.3753     -0.0549     -0.2234      0.0229     -0.0020
         -8.00      0.3668     -0.0623     -0.2451      0.0361     -0.0012
         -6.00      0.3399     -0.0624     -0.2385      0.0383     -0.0011
         -4.00      0.3127     -0.0620     -0.2751      0.0569      0.0000
         -2.00      0.2891     -0.0625     -0.2668      0.0580      0.0000
          0.00      0.2704     -0.0599     -0.2638      0.0585      0.0000
          2.00      0.2891     -0.0625     -0.2668      0.0580      0.0000
          4.00      0.3127     -0.0620     -0.2751      0.0569      0.0000
          6.00      0.3399     -0.0624     -0.2385      0.0383      0.0011
          8.00      0.3668     -0.0623     -0.2451      0.0361      0.0012
         10.00      0.3753     -0.0549     -0.2234      0.0229      0.0020

    PANEL DEFLECTION ANGLES (DEGREES)
    SET    FIN 1   FIN 2   FIN 3   FIN 4   FIN 5   FIN 6   FIN 7   FIN 8
      1    0.00    0.00    0.00    0.00
    *** NOSE TIP ANGLE GREATER THAN MACH ANGLE, HYBRID THEORY INVALID
        SECOND ORDER SHOCK EXPANSION TO BE USED

1         ***** THE USAF AUTOMATED MISSILE DATCOM * REV 3/99 *****     CASE   1
               AERODYNAMIC METHODS FOR MISSILE CONFIGURATIONS          PAGE  76
                             BODY ALONE PARTIAL OUTPUT

       ******* FLIGHT CONDITIONS AND REFERENCE QUANTITIES *******
     MACH NO  =       1.40                REYNOLDS NO = 3.246E+07 /M
     ALTITUDE =        0.0 M         DYNAMIC PRESSURE = 139018.12 N/M**2
     SIDESLIP =       0.00 DEG                   ROLL =      0.00 DEG     
     REF AREA =      0.004 M**2         MOMENT CENTER =     0.710 M
     REF LENGTH =     1.28 M           LAT REF LENGTH =      1.28 M

      ALPHA    CA-FRIC  CA-PRES/WAVE CA-BASE    CA-PROT     CA-SEP     CA-ALP
     -10.00     0.1495     0.9134     0.0740                           0.0000
      -8.00     0.1512     0.9225     0.0744                           0.0000
      -6.00     0.1525     0.9296     0.0748                           0.0000
      -4.00     0.1534     0.9347     0.0750                           0.0000
      -2.00     0.1540     0.9378     0.0751                           0.0000
       0.00     0.1542     0.9388     0.0752                           0.0000
       2.00     0.1540     0.9378     0.0751                           0.0000
       4.00     0.1534     0.9347     0.0750                           0.0000
       6.00     0.1525     0.9296     0.0748                           0.0000
       8.00     0.1512     0.9225     0.0744                           0.0000
      10.00     0.1495     0.9134     0.0740                           0.0000

                     CROSS FLOW DRAG PROPORTIONALITY FACTOR = 1.00000

      ALPHA    CN-POTEN  CN-VISC   CN-SEP    CM-POTEN  CM-VISC   CM-SEP    CDC
     -10.00    -0.375    -0.639              -0.203    -0.031             0.923
      -8.00    -0.303    -0.382              -0.164    -0.018             0.859
      -6.00    -0.229    -0.208              -0.124    -0.010             0.830
      -4.00    -0.153    -0.089              -0.083    -0.004             0.800
      -2.00    -0.077    -0.022              -0.042    -0.001             0.770
       0.00     0.000     0.000               0.000     0.000             0.740
       2.00     0.077     0.022               0.042     0.001             0.770
       4.00     0.153     0.089               0.083     0.004             0.800
       6.00     0.229     0.208               0.124     0.010             0.830
       8.00     0.303     0.382               0.164     0.018             0.859
      10.00     0.375     0.639               0.203     0.031             0.923
1         ***** THE USAF AUTOMATED MISSILE DATCOM * REV 3/99 *****     CASE   1
               AERODYNAMIC METHODS FOR MISSILE CONFIGURATIONS          PAGE  77
                        FIN SET 1 CA PARTIAL OUTPUT

       ******* FLIGHT CONDITIONS AND REFERENCE QUANTITIES *******
     MACH NO  =       1.40                REYNOLDS NO = 3.246E+07 /M
     ALTITUDE =        0.0 M         DYNAMIC PRESSURE = 139018.12 N/M**2
     SIDESLIP =       0.00 DEG                   ROLL =      0.00 DEG     
     REF AREA =      0.004 M**2         MOMENT CENTER =     0.710 M
     REF LENGTH =     1.28 M           LAT REF LENGTH =      1.28 M

    SINGLE FIN PANEL ZERO-LIFT AXIAL FORCE COMPONENTS

    SKIN FRICTION        0.0096
    SUBSONIC PRESSURE    0.0000
    TRANSONIC WAVE       0.0000
    SUPERSONIC WAVE      0.0192
    LEADING EDGE         0.0000
    TRAILING EDGE        0.0000
    TOTAL CAO            0.0288

    FIN AXIAL FORCE DUE TO ANGLE OF ATTACK

    ALPHA      CA DUE TO LIFT (SINGLE PANEL)   CA-TOTAL (4 FINS)

     -10.00              0.0000                      0.1133
      -8.00              0.0000                      0.1139
      -6.00              0.0000                      0.1144
      -4.00              0.0000                      0.1147
      -2.00              0.0000                      0.1149
       0.00              0.0000                      0.1150
       2.00              0.0000                      0.1149
       4.00              0.0000                      0.1147
       6.00              0.0000                      0.1144
       8.00              0.0000                      0.1139
      10.00              0.0000                      0.1133
1         ***** THE USAF AUTOMATED MISSILE DATCOM * REV 3/99 *****     CASE   1
               AERODYNAMIC METHODS FOR MISSILE CONFIGURATIONS          PAGE  78
                       FIN SET 1 CN, CM PARTIAL OUTPUT

       ******* FLIGHT CONDITIONS AND REFERENCE QUANTITIES *******
     MACH NO  =       1.40                REYNOLDS NO = 3.246E+07 /M
     ALTITUDE =        0.0 M         DYNAMIC PRESSURE = 139018.12 N/M**2
     SIDESLIP =       0.00 DEG                   ROLL =      0.00 DEG     
     REF AREA =      0.004 M**2         MOMENT CENTER =     0.710 M
     REF LENGTH =     1.28 M           LAT REF LENGTH =      1.28 M

    NORMAL FORCE SLOPE AT ALPHA ZERO, CNA =    0.05380/DEG (1 PANEL)
         CENTER OF PRESSURE FOR LINEAR CN =   -0.39580 (CALIBERS FROM C.G.)
     CENTER OF PRESSURE FOR NON-LINEAR CN =   -0.40446 (CALIBERS FROM C.G.)

      ALPHA      CN        CN        CN        CM        CM        CM
               LINEAR  NON-LINEAR  TOTAL     LINEAR  NON-LINEAR  TOTAL

     -10.00   -1.0542   -0.1261   -1.1803    0.4173    0.0510    0.4683
      -8.00   -0.8496   -0.0834   -0.9331    0.3363    0.0338    0.3700
      -6.00   -0.6409   -0.0484   -0.6893    0.2537    0.0196    0.2732
      -4.00   -0.4290   -0.0222   -0.4512    0.1698    0.0090    0.1788
      -2.00   -0.2150   -0.0057   -0.2207    0.0851    0.0023    0.0874
       0.00    0.0000    0.0000    0.0000    0.0000    0.0000    0.0000
       2.00    0.2150    0.0057    0.2207   -0.0851   -0.0023   -0.0874
       4.00    0.4290    0.0222    0.4512   -0.1698   -0.0090   -0.1788
       6.00    0.6409    0.0484    0.6893   -0.2537   -0.0196   -0.2732
       8.00    0.8496    0.0834    0.9331   -0.3363   -0.0338   -0.3700
      10.00    1.0542    0.1261    1.1803   -0.4173   -0.0510   -0.4683
1         ***** THE USAF AUTOMATED MISSILE DATCOM * REV 3/99 *****     CASE   1
               AERODYNAMIC METHODS FOR MISSILE CONFIGURATIONS          PAGE  79
                 AERODYNAMIC FORCE AND MOMENT SYNTHESIS

       ******* FLIGHT CONDITIONS AND REFERENCE QUANTITIES *******
     MACH NO  =       1.40                REYNOLDS NO = 3.246E+07 /M
     ALTITUDE =        0.0 M         DYNAMIC PRESSURE = 139018.12 N/M**2
     SIDESLIP =       0.00 DEG                   ROLL =      0.00 DEG     
     REF AREA =      0.004 M**2         MOMENT CENTER =     0.710 M
     REF LENGTH =     1.28 M           LAT REF LENGTH =      1.28 M

          ---------------FIN SET 1 IN PRESENCE OF THE BODY----------------

      ALPHA       CN         CM         CA         CY         CLN        CLL

     -10.00    -1.4592     0.5776     0.1150     0.0000     0.0000     0.0000
      -8.00    -1.2021     0.4758     0.1150     0.0000     0.0000     0.0000
      -6.00    -0.9164     0.3627     0.1150     0.0000     0.0000     0.0000
      -4.00    -0.6311     0.2498     0.1150     0.0000     0.0000     0.0000
      -2.00    -0.3121     0.1235     0.1150     0.0000     0.0000     0.0000
       0.00     0.0000     0.0000     0.1150     0.0000     0.0000     0.0000
       2.00     0.3121    -0.1235     0.1150     0.0000     0.0000     0.0000
       4.00     0.6311    -0.2498     0.1150     0.0000     0.0000     0.0000
       6.00     0.9164    -0.3627     0.1150     0.0000     0.0000     0.0000
       8.00     1.2021    -0.4758     0.1150     0.0000     0.0000     0.0000
      10.00     1.4592    -0.5776     0.1150     0.0000     0.0000     0.0000
1         ***** THE USAF AUTOMATED MISSILE DATCOM * REV 3/99 *****     CASE   1
               AERODYNAMIC METHODS FOR MISSILE CONFIGURATIONS          PAGE  80
                 AERODYNAMIC FORCE AND MOMENT SYNTHESIS

       ******* FLIGHT CONDITIONS AND REFERENCE QUANTITIES *******
     MACH NO  =       1.40                REYNOLDS NO = 3.246E+07 /M
     ALTITUDE =        0.0 M         DYNAMIC PRESSURE = 139018.12 N/M**2
     SIDESLIP =       0.00 DEG                   ROLL =      0.00 DEG     
     REF AREA =      0.004 M**2         MOMENT CENTER =     0.710 M
     REF LENGTH =     1.28 M           LAT REF LENGTH =      1.28 M

          ---------------FIN SET 1 PANEL CHARACTERISTICS------------------

      ALPHA      PANEL    AEQ (PANEL AXIS SYS.)    PANEL CN

     -10.00        1              0.0000           0.0000
     -10.00        2            -12.2434          -0.7296
     -10.00        3              0.0000           0.0000
     -10.00        4             12.2434           0.7296
 
      -8.00        1              0.0000           0.0000
      -8.00        2            -10.1756          -0.6011
      -8.00        3              0.0000           0.0000
      -8.00        4             10.1756           0.6011
 
      -6.00        1              0.0000           0.0000
      -6.00        2             -7.8647          -0.4582
      -6.00        3              0.0000           0.0000
      -6.00        4              7.8647           0.4582
 
      -4.00        1              0.0000           0.0000
      -4.00        2             -5.5158          -0.3155
      -4.00        3              0.0000           0.0000
      -4.00        4              5.5158           0.3155
 
      -2.00        1              0.0000           0.0000
      -2.00        2             -2.8036          -0.1560
      -2.00        3              0.0000           0.0000
      -2.00        4              2.8036           0.1560
 
       0.00        1              0.0000           0.0000
       0.00        2              0.0000           0.0000
       0.00        3              0.0000           0.0000
       0.00        4              0.0000           0.0000
 
       2.00        1              0.0000           0.0000
       2.00        2              2.8036           0.1560
       2.00        3              0.0000           0.0000
       2.00        4             -2.8036          -0.1560
 
       4.00        1              0.0000           0.0000
       4.00        2              5.5158           0.3155
       4.00        3              0.0000           0.0000
       4.00        4             -5.5158          -0.3155
 
       6.00        1              0.0000           0.0000
       6.00        2              7.8647           0.4582
       6.00        3              0.0000           0.0000
       6.00        4             -7.8647          -0.4582
 
       8.00        1              0.0000           0.0000
       8.00        2             10.1756           0.6011
       8.00        3              0.0000           0.0000
       8.00        4            -10.1756          -0.6011
 
      10.00        1              0.0000           0.0000
      10.00        2             12.2434           0.7296
      10.00        3              0.0000           0.0000
      10.00        4            -12.2434          -0.7296
 
1         ***** THE USAF AUTOMATED MISSILE DATCOM * REV 3/99 *****     CASE   1
               AERODYNAMIC METHODS FOR MISSILE CONFIGURATIONS          PAGE  81
                 AERODYNAMIC FORCE AND MOMENT SYNTHESIS

       ******* FLIGHT CONDITIONS AND REFERENCE QUANTITIES *******
     MACH NO  =       1.40                REYNOLDS NO = 3.246E+07 /M
     ALTITUDE =        0.0 M         DYNAMIC PRESSURE = 139018.12 N/M**2
     SIDESLIP =       0.00 DEG                   ROLL =      0.00 DEG     
     REF AREA =      0.004 M**2         MOMENT CENTER =     0.710 M
     REF LENGTH =     1.28 M           LAT REF LENGTH =      1.28 M

             CARRYOVER INTERFERENCE FACTORS - FIN SET 1

      ALPHA   K-W(B)   K-B(W)  KK-W(B)  KK-B(W)  XCP-W(B) XCP-B(W) Y-CP/(B/2)

     -10.00   1.2969   0.5437   0.9354   0.3728   0.3958   0.3804   0.4680
      -8.00   1.3265   0.5437   0.9354   0.3728   0.3958   0.3804   0.4741
      -6.00   1.3550   0.5437   0.9354   0.3728   0.3958   0.3804   0.4726
      -4.00   1.3810   0.5437   0.9354   0.3728   0.3958   0.3804   0.4624
      -2.00   1.4023   0.5437   0.9354   0.3728   0.3958   0.3804   0.4463
       0.00   1.4145   0.5437   0.9354   0.3728   0.3958   0.3804   0.4357
       2.00   1.4023   0.5437   0.9354   0.3728   0.3958   0.3804   0.4463
       4.00   1.3810   0.5437   0.9354   0.3728   0.3958   0.3804   0.4624
       6.00   1.3550   0.5437   0.9354   0.3728   0.3958   0.3804   0.4726
       8.00   1.3265   0.5437   0.9354   0.3728   0.3958   0.3804   0.4741
      10.00   1.2969   0.5437   0.9354   0.3728   0.3958   0.3804   0.4680

    NOTE - XCP-W(B) USED FOR STABILITY ONLY DIFFERENT VALUES USED FOR HINGE MOMENTS
1         ***** THE USAF AUTOMATED MISSILE DATCOM * REV 3/99 *****     CASE   1
               AERODYNAMIC METHODS FOR MISSILE CONFIGURATIONS          PAGE  82
        FIN SET 1 PANEL BENDING MOMENTS (ABOUT EXPOSED ROOT CHORD)

       ******* FLIGHT CONDITIONS AND REFERENCE QUANTITIES *******
     MACH NO  =       1.40                REYNOLDS NO = 3.246E+07 /M
     ALTITUDE =        0.0 M         DYNAMIC PRESSURE = 139018.12 N/M**2
     SIDESLIP =       0.00 DEG                   ROLL =      0.00 DEG     
     REF AREA =      0.004 M**2         MOMENT CENTER =     0.710 M
     REF LENGTH =     1.28 M           LAT REF LENGTH =      1.28 M

   ALPHA   PANL 1   PANL 2   PANL 3   PANL 4   PANL 5   PANL 6   PANL 7   PANL 8
 
   -10.0  0.00E+00 -1.53E-02 -2.24E-09  1.53E-02
    -8.0  0.00E+00 -1.28E-02 -1.86E-09  1.28E-02
    -6.0  0.00E+00 -9.69E-03 -1.42E-09  9.69E-03
    -4.0  0.00E+00 -6.53E-03 -9.41E-10  6.53E-03
    -2.0  0.00E+00 -3.12E-03 -4.62E-10  3.12E-03
     0.0  0.00E+00  0.00E+00  0.00E+00  0.00E+00
     2.0  0.00E+00  3.12E-03  4.63E-10 -3.12E-03
     4.0  0.00E+00  6.53E-03  9.48E-10 -6.53E-03
     6.0  0.00E+00  9.69E-03  1.43E-09 -9.69E-03
     8.0  0.00E+00  1.28E-02  1.88E-09 -1.28E-02
    10.0  0.00E+00  1.53E-02  2.29E-09 -1.53E-02
1         ***** THE USAF AUTOMATED MISSILE DATCOM * REV 3/99 *****     CASE   1
               AERODYNAMIC METHODS FOR MISSILE CONFIGURATIONS          PAGE  83
            FIN SET 1 PANEL HINGE MOMENTS (ABOUT HINGE LINE)

       ******* FLIGHT CONDITIONS AND REFERENCE QUANTITIES *******
     MACH NO  =       1.40                REYNOLDS NO = 3.246E+07 /M
     ALTITUDE =        0.0 M         DYNAMIC PRESSURE = 139018.12 N/M**2
     SIDESLIP =       0.00 DEG                   ROLL =      0.00 DEG     
     REF AREA =      0.004 M**2         MOMENT CENTER =     0.710 M
     REF LENGTH =     1.28 M           LAT REF LENGTH =      1.28 M

   ALPHA   PANL 1   PANL 2   PANL 3   PANL 4   PANL 5   PANL 6   PANL 7   PANL 8
 
   -10.0  0.00E+00 -1.78E-02 -2.62E-09  1.78E-02
    -8.0  0.00E+00 -1.47E-02 -2.14E-09  1.47E-02
    -6.0  0.00E+00 -1.12E-02 -1.64E-09  1.12E-02
    -4.0  0.00E+00 -7.71E-03 -1.11E-09  7.71E-03
    -2.0  0.00E+00 -3.81E-03 -5.65E-10  3.81E-03
     0.0  0.00E+00  0.00E+00  0.00E+00  0.00E+00
     2.0  0.00E+00  3.81E-03  5.67E-10 -3.81E-03
     4.0  0.00E+00  7.71E-03  1.12E-09 -7.71E-03
     6.0  0.00E+00  1.12E-02  1.65E-09 -1.12E-02
     8.0  0.00E+00  1.47E-02  2.17E-09 -1.47E-02
    10.0  0.00E+00  1.78E-02  2.67E-09 -1.78E-02
1         ***** THE USAF AUTOMATED MISSILE DATCOM * REV 3/99 *****     CASE   1
               AERODYNAMIC METHODS FOR MISSILE CONFIGURATIONS          PAGE  84
                   STATIC AERODYNAMICS FOR BODY-FIN SET 1

       ******* FLIGHT CONDITIONS AND REFERENCE QUANTITIES *******
     MACH NO  =       1.40                REYNOLDS NO = 3.246E+07 /M
     ALTITUDE =        0.0 M         DYNAMIC PRESSURE = 139018.12 N/M**2
     SIDESLIP =       0.00 DEG                   ROLL =      0.00 DEG     
     REF AREA =      0.004 M**2         MOMENT CENTER =     0.710 M
     REF LENGTH =     1.28 M           LAT REF LENGTH =      1.28 M

                   ----- LONGITUDINAL -----     -- LATERAL DIRECTIONAL --
         ALPHA       CN        CM        CA        CY       CLN       CLL

        -10.00    -3.085     0.576     1.252     0.000     0.000     0.000
         -8.00    -2.380     0.481     1.263     0.000     0.000     0.000
         -6.00    -1.721     0.369     1.272     0.000     0.000     0.000
         -4.00    -1.122     0.257     1.278     0.000     0.000     0.000
         -2.00    -0.531     0.127     1.282     0.000     0.000     0.000
          0.00     0.000     0.000     1.283     0.000     0.000     0.000
          2.00     0.531    -0.127     1.282     0.000     0.000     0.000
          4.00     1.122    -0.257     1.278     0.000     0.000     0.000
          6.00     1.721    -0.369     1.272     0.000     0.000     0.000
          8.00     2.380    -0.481     1.263     0.000     0.000     0.000
         10.00     3.085    -0.576     1.252     0.000     0.000     0.000

         ALPHA       CL        CD      CL/CD     X-C.P.

        -10.00    -2.821     1.769    -1.595    -0.187
         -8.00    -2.181     1.582    -1.378    -0.202
         -6.00    -1.579     1.445    -1.093    -0.214
         -4.00    -1.030     1.353    -0.761    -0.229
         -2.00    -0.486     1.300    -0.374    -0.239
          0.00     0.000     1.283     0.000    -0.239
          2.00     0.486     1.300     0.374    -0.239
          4.00     1.030     1.353     0.761    -0.229
          6.00     1.579     1.445     1.093    -0.214
          8.00     2.181     1.582     1.378    -0.202
         10.00     2.821     1.769     1.595    -0.187

    X-C.P. MEAS. FROM MOMENT CENTER IN REF. LENGTHS, NEG. AFT OF MOMENT CENTER
1         ***** THE USAF AUTOMATED MISSILE DATCOM * REV 3/99 *****     CASE   1
               AERODYNAMIC METHODS FOR MISSILE CONFIGURATIONS          PAGE  85
                   STATIC AERODYNAMICS FOR BODY-FIN SET 1

       ******* FLIGHT CONDITIONS AND REFERENCE QUANTITIES *******
     MACH NO  =       1.40                REYNOLDS NO = 3.246E+07 /M
     ALTITUDE =        0.0 M         DYNAMIC PRESSURE = 139018.12 N/M**2
     SIDESLIP =       0.00 DEG                   ROLL =      0.00 DEG     
     REF AREA =      0.004 M**2         MOMENT CENTER =     0.710 M
     REF LENGTH =     1.28 M           LAT REF LENGTH =      1.28 M

                   ---------- DERIVATIVES (PER DEGREE) ----------
         ALPHA       CNA         CMA         CYB         CLNB        CLLB
        -10.00      0.3645     -0.0436     -0.2115      0.0201     -0.0023
         -8.00      0.3411     -0.0519     -0.2326      0.0349     -0.0014
         -6.00      0.3144     -0.0559     -0.2403      0.0432     -0.0009
         -4.00      0.2974     -0.0604     -0.2724      0.0608      0.0000
         -2.00      0.2805     -0.0642     -0.2639      0.0622      0.0000
          0.00      0.2657     -0.0634     -0.2609      0.0628      0.0000
          2.00      0.2805     -0.0642     -0.2639      0.0622      0.0000
          4.00      0.2974     -0.0604     -0.2724      0.0608      0.0000
          6.00      0.3144     -0.0559     -0.2403      0.0432      0.0009
          8.00      0.3411     -0.0519     -0.2326      0.0349      0.0014
         10.00      0.3645     -0.0436     -0.2115      0.0201      0.0023

    PANEL DEFLECTION ANGLES (DEGREES)
    SET    FIN 1   FIN 2   FIN 3   FIN 4   FIN 5   FIN 6   FIN 7   FIN 8
      1    0.00    0.00    0.00    0.00

    BODY ALONE LINEAR DATA GENERATED FROM SECOND ORDER SHOCK EXPANSION METHOD

    *** NOSE TIP ANGLE GREATER THAN MACH ANGLE, HYBRID THEORY INVALID
        SECOND ORDER SHOCK EXPANSION TO BE USED

1         ***** THE USAF AUTOMATED MISSILE DATCOM * REV 3/99 *****     CASE   1
               AERODYNAMIC METHODS FOR MISSILE CONFIGURATIONS          PAGE  86
                             BODY ALONE PARTIAL OUTPUT

       ******* FLIGHT CONDITIONS AND REFERENCE QUANTITIES *******
     MACH NO  =       2.00                REYNOLDS NO = 4.637E+07 /M
     ALTITUDE =        0.0 M         DYNAMIC PRESSURE = 283710.47 N/M**2
     SIDESLIP =       0.00 DEG                   ROLL =      0.00 DEG     
     REF AREA =      0.004 M**2         MOMENT CENTER =     0.710 M
     REF LENGTH =     1.28 M           LAT REF LENGTH =      1.28 M

      ALPHA    CA-FRIC  CA-PRES/WAVE CA-BASE    CA-PROT     CA-SEP     CA-ALP
     -10.00     0.1282     0.7487     0.0593                           0.0000
      -8.00     0.1296     0.7574     0.0597                           0.0000
      -6.00     0.1307     0.7643     0.0599                           0.0000
      -4.00     0.1315     0.7692     0.0601                           0.0000
      -2.00     0.1320     0.7722     0.0602                           0.0000
       0.00     0.1322     0.7732     0.0603                           0.0000
       2.00     0.1320     0.7722     0.0602                           0.0000
       4.00     0.1315     0.7692     0.0601                           0.0000
       6.00     0.1307     0.7643     0.0599                           0.0000
       8.00     0.1296     0.7574     0.0597                           0.0000
      10.00     0.1282     0.7487     0.0593                           0.0000

                     CROSS FLOW DRAG PROPORTIONALITY FACTOR = 1.00000

      ALPHA    CN-POTEN  CN-VISC   CN-SEP    CM-POTEN  CM-VISC   CM-SEP    CDC
     -10.00    -0.399    -0.741              -0.210    -0.036             1.071
      -8.00    -0.322    -0.433              -0.169    -0.021             0.973
      -6.00    -0.243    -0.220              -0.128    -0.011             0.875
      -4.00    -0.163    -0.092              -0.086    -0.004             0.825
      -2.00    -0.082    -0.022              -0.043    -0.001             0.783
       0.00     0.000     0.000               0.000     0.000             0.740
       2.00     0.082     0.022               0.043     0.001             0.783
       4.00     0.163     0.092               0.086     0.004             0.825
       6.00     0.243     0.220               0.128     0.011             0.875
       8.00     0.322     0.433               0.169     0.021             0.973
      10.00     0.399     0.741               0.210     0.036             1.071
1         ***** THE USAF AUTOMATED MISSILE DATCOM * REV 3/99 *****     CASE   1
               AERODYNAMIC METHODS FOR MISSILE CONFIGURATIONS          PAGE  87
                        FIN SET 1 CA PARTIAL OUTPUT

       ******* FLIGHT CONDITIONS AND REFERENCE QUANTITIES *******
     MACH NO  =       2.00                REYNOLDS NO = 4.637E+07 /M
     ALTITUDE =        0.0 M         DYNAMIC PRESSURE = 283710.47 N/M**2
     SIDESLIP =       0.00 DEG                   ROLL =      0.00 DEG     
     REF AREA =      0.004 M**2         MOMENT CENTER =     0.710 M
     REF LENGTH =     1.28 M           LAT REF LENGTH =      1.28 M

    SINGLE FIN PANEL ZERO-LIFT AXIAL FORCE COMPONENTS

    SKIN FRICTION        0.0082
    SUBSONIC PRESSURE    0.0000
    TRANSONIC WAVE       0.0000
    SUPERSONIC WAVE      0.0111
    LEADING EDGE         0.0000
    TRAILING EDGE        0.0000
    TOTAL CAO            0.0194

    FIN AXIAL FORCE DUE TO ANGLE OF ATTACK

    ALPHA      CA DUE TO LIFT (SINGLE PANEL)   CA-TOTAL (4 FINS)

     -10.00              0.0000                      0.0763
      -8.00              0.0000                      0.0767
      -6.00              0.0000                      0.0770
      -4.00              0.0000                      0.0773
      -2.00              0.0000                      0.0774
       0.00              0.0000                      0.0775
       2.00              0.0000                      0.0774
       4.00              0.0000                      0.0773
       6.00              0.0000                      0.0770
       8.00              0.0000                      0.0767
      10.00              0.0000                      0.0763
1         ***** THE USAF AUTOMATED MISSILE DATCOM * REV 3/99 *****     CASE   1
               AERODYNAMIC METHODS FOR MISSILE CONFIGURATIONS          PAGE  88
                       FIN SET 1 CN, CM PARTIAL OUTPUT

       ******* FLIGHT CONDITIONS AND REFERENCE QUANTITIES *******
     MACH NO  =       2.00                REYNOLDS NO = 4.637E+07 /M
     ALTITUDE =        0.0 M         DYNAMIC PRESSURE = 283710.47 N/M**2
     SIDESLIP =       0.00 DEG                   ROLL =      0.00 DEG     
     REF AREA =      0.004 M**2         MOMENT CENTER =     0.710 M
     REF LENGTH =     1.28 M           LAT REF LENGTH =      1.28 M

    NORMAL FORCE SLOPE AT ALPHA ZERO, CNA =    0.04448/DEG (1 PANEL)
         CENTER OF PRESSURE FOR LINEAR CN =   -0.40089 (CALIBERS FROM C.G.)
     CENTER OF PRESSURE FOR NON-LINEAR CN =   -0.40446 (CALIBERS FROM C.G.)

      ALPHA      CN        CN        CN        CM        CM        CM
               LINEAR  NON-LINEAR  TOTAL     LINEAR  NON-LINEAR  TOTAL

     -10.00   -0.8717   -0.0545   -0.9262    0.3495    0.0220    0.3715
      -8.00   -0.7025   -0.0271   -0.7296    0.2816    0.0110    0.2926
      -6.00   -0.5299   -0.0111   -0.5410    0.2124    0.0045    0.2169
      -4.00   -0.3547   -0.0032   -0.3579    0.1422    0.0013    0.1435
      -2.00   -0.1778   -0.0004   -0.1782    0.0713    0.0002    0.0714
       0.00    0.0000    0.0000    0.0000    0.0000    0.0000    0.0000
       2.00    0.1778    0.0004    0.1782   -0.0713   -0.0002   -0.0714
       4.00    0.3547    0.0032    0.3579   -0.1422   -0.0013   -0.1435
       6.00    0.5299    0.0111    0.5410   -0.2124   -0.0045   -0.2169
       8.00    0.7025    0.0271    0.7296   -0.2816   -0.0110   -0.2926
      10.00    0.8717    0.0545    0.9262   -0.3495   -0.0220   -0.3715
1         ***** THE USAF AUTOMATED MISSILE DATCOM * REV 3/99 *****     CASE   1
               AERODYNAMIC METHODS FOR MISSILE CONFIGURATIONS          PAGE  89
                 AERODYNAMIC FORCE AND MOMENT SYNTHESIS

       ******* FLIGHT CONDITIONS AND REFERENCE QUANTITIES *******
     MACH NO  =       2.00                REYNOLDS NO = 4.637E+07 /M
     ALTITUDE =        0.0 M         DYNAMIC PRESSURE = 283710.47 N/M**2
     SIDESLIP =       0.00 DEG                   ROLL =      0.00 DEG     
     REF AREA =      0.004 M**2         MOMENT CENTER =     0.710 M
     REF LENGTH =     1.28 M           LAT REF LENGTH =      1.28 M

          ---------------FIN SET 1 IN PRESENCE OF THE BODY----------------

      ALPHA       CN         CM         CA         CY         CLN        CLL

     -10.00    -1.1016     0.4416     0.0775     0.0000     0.0000     0.0000
      -8.00    -0.9155     0.3670     0.0775     0.0000     0.0000     0.0000
      -6.00    -0.7144     0.2864     0.0775     0.0000     0.0000     0.0000
      -4.00    -0.4961     0.1989     0.0775     0.0000     0.0000     0.0000
      -2.00    -0.2500     0.1002     0.0775     0.0000     0.0000     0.0000
       0.00     0.0000     0.0000     0.0775     0.0000     0.0000     0.0000
       2.00     0.2500    -0.1002     0.0775     0.0000     0.0000     0.0000
       4.00     0.4961    -0.1989     0.0775     0.0000     0.0000     0.0000
       6.00     0.7144    -0.2864     0.0775     0.0000     0.0000     0.0000
       8.00     0.9155    -0.3670     0.0775     0.0000     0.0000     0.0000
      10.00     1.1016    -0.4416     0.0775     0.0000     0.0000     0.0000
1         ***** THE USAF AUTOMATED MISSILE DATCOM * REV 3/99 *****     CASE   1
               AERODYNAMIC METHODS FOR MISSILE CONFIGURATIONS          PAGE  90
                 AERODYNAMIC FORCE AND MOMENT SYNTHESIS

       ******* FLIGHT CONDITIONS AND REFERENCE QUANTITIES *******
     MACH NO  =       2.00                REYNOLDS NO = 4.637E+07 /M
     ALTITUDE =        0.0 M         DYNAMIC PRESSURE = 283710.47 N/M**2
     SIDESLIP =       0.00 DEG                   ROLL =      0.00 DEG     
     REF AREA =      0.004 M**2         MOMENT CENTER =     0.710 M
     REF LENGTH =     1.28 M           LAT REF LENGTH =      1.28 M

          ---------------FIN SET 1 PANEL CHARACTERISTICS------------------

      ALPHA      PANEL    AEQ (PANEL AXIS SYS.)    PANEL CN

     -10.00        1              0.0000           0.0000
     -10.00        2            -11.8449          -0.5508
     -10.00        3              0.0000           0.0000
     -10.00        4             11.8449           0.5508
 
      -8.00        1              0.0000           0.0000
      -8.00        2             -9.8900          -0.4577
      -8.00        3              0.0000           0.0000
      -8.00        4              9.8900           0.4577
 
      -6.00        1              0.0000           0.0000
      -6.00        2             -7.8424          -0.3572
      -6.00        3              0.0000           0.0000
      -6.00        4              7.8424           0.3572
 
      -4.00        1              0.0000           0.0000
      -4.00        2             -5.5127          -0.2480
      -4.00        3              0.0000           0.0000
      -4.00        4              5.5127           0.2480
 
      -2.00        1              0.0000           0.0000
      -2.00        2             -2.8030          -0.1250
      -2.00        3              0.0000           0.0000
      -2.00        4              2.8030           0.1250
 
       0.00        1              0.0000           0.0000
       0.00        2              0.0000           0.0000
       0.00        3              0.0000           0.0000
       0.00        4              0.0000           0.0000
 
       2.00        1              0.0000           0.0000
       2.00        2              2.8030           0.1250
       2.00        3              0.0000           0.0000
       2.00        4             -2.8030          -0.1250
 
       4.00        1              0.0000           0.0000
       4.00        2              5.5127           0.2480
       4.00        3              0.0000           0.0000
       4.00        4             -5.5127          -0.2480
 
       6.00        1              0.0000           0.0000
       6.00        2              7.8424           0.3572
       6.00        3              0.0000           0.0000
       6.00        4             -7.8424          -0.3572
 
       8.00        1              0.0000           0.0000
       8.00        2              9.8900           0.4577
       8.00        3              0.0000           0.0000
       8.00        4             -9.8900          -0.4577
 
      10.00        1              0.0000           0.0000
      10.00        2             11.8449           0.5508
      10.00        3              0.0000           0.0000
      10.00        4            -11.8449          -0.5508
 
1         ***** THE USAF AUTOMATED MISSILE DATCOM * REV 3/99 *****     CASE   1
               AERODYNAMIC METHODS FOR MISSILE CONFIGURATIONS          PAGE  91
                 AERODYNAMIC FORCE AND MOMENT SYNTHESIS

       ******* FLIGHT CONDITIONS AND REFERENCE QUANTITIES *******
     MACH NO  =       2.00                REYNOLDS NO = 4.637E+07 /M
     ALTITUDE =        0.0 M         DYNAMIC PRESSURE = 283710.47 N/M**2
     SIDESLIP =       0.00 DEG                   ROLL =      0.00 DEG     
     REF AREA =      0.004 M**2         MOMENT CENTER =     0.710 M
     REF LENGTH =     1.28 M           LAT REF LENGTH =      1.28 M

             CARRYOVER INTERFERENCE FACTORS - FIN SET 1

      ALPHA   K-W(B)   K-B(W)  KK-W(B)  KK-B(W)  XCP-W(B) XCP-B(W) Y-CP/(B/2)

     -10.00   1.2946   0.2540   0.9354   0.3728   0.4009   0.4149   0.4469
      -8.00   1.3246   0.2540   0.9354   0.3728   0.4009   0.4149   0.4457
      -6.00   1.3537   0.2540   0.9354   0.3728   0.4009   0.4149   0.4426
      -4.00   1.3802   0.2540   0.9354   0.3728   0.4009   0.4149   0.4367
      -2.00   1.4020   0.2540   0.9354   0.3728   0.4009   0.4149   0.4397
       0.00   1.4145   0.2540   0.9354   0.3728   0.4009   0.4149   0.4490
       2.00   1.4020   0.2540   0.9354   0.3728   0.4009   0.4149   0.4397
       4.00   1.3802   0.2540   0.9354   0.3728   0.4009   0.4149   0.4367
       6.00   1.3537   0.2540   0.9354   0.3728   0.4009   0.4149   0.4426
       8.00   1.3246   0.2540   0.9354   0.3728   0.4009   0.4149   0.4457
      10.00   1.2946   0.2540   0.9354   0.3728   0.4009   0.4149   0.4469

    NOTE - XCP-W(B) USED FOR STABILITY ONLY DIFFERENT VALUES USED FOR HINGE MOMENTS
1         ***** THE USAF AUTOMATED MISSILE DATCOM * REV 3/99 *****     CASE   1
               AERODYNAMIC METHODS FOR MISSILE CONFIGURATIONS          PAGE  92
        FIN SET 1 PANEL BENDING MOMENTS (ABOUT EXPOSED ROOT CHORD)

       ******* FLIGHT CONDITIONS AND REFERENCE QUANTITIES *******
     MACH NO  =       2.00                REYNOLDS NO = 4.637E+07 /M
     ALTITUDE =        0.0 M         DYNAMIC PRESSURE = 283710.47 N/M**2
     SIDESLIP =       0.00 DEG                   ROLL =      0.00 DEG     
     REF AREA =      0.004 M**2         MOMENT CENTER =     0.710 M
     REF LENGTH =     1.28 M           LAT REF LENGTH =      1.28 M

   ALPHA   PANL 1   PANL 2   PANL 3   PANL 4   PANL 5   PANL 6   PANL 7   PANL 8
 
   -10.0  0.00E+00 -1.10E-02 -1.74E-09  1.10E-02
    -8.0  0.00E+00 -9.13E-03 -1.42E-09  9.13E-03
    -6.0  0.00E+00 -7.07E-03 -1.08E-09  7.07E-03
    -4.0  0.00E+00 -4.85E-03 -7.23E-10  4.85E-03
    -2.0  0.00E+00 -2.46E-03 -3.70E-10  2.46E-03
     0.0  0.00E+00  0.00E+00  0.00E+00  0.00E+00
     2.0  0.00E+00  2.46E-03  3.71E-10 -2.46E-03
     4.0  0.00E+00  4.85E-03  7.28E-10 -4.85E-03
     6.0  0.00E+00  7.07E-03  1.09E-09 -7.07E-03
     8.0  0.00E+00  9.13E-03  1.44E-09 -9.13E-03
    10.0  0.00E+00  1.10E-02  1.77E-09 -1.10E-02
1         ***** THE USAF AUTOMATED MISSILE DATCOM * REV 3/99 *****     CASE   1
               AERODYNAMIC METHODS FOR MISSILE CONFIGURATIONS          PAGE  93
            FIN SET 1 PANEL HINGE MOMENTS (ABOUT HINGE LINE)

       ******* FLIGHT CONDITIONS AND REFERENCE QUANTITIES *******
     MACH NO  =       2.00                REYNOLDS NO = 4.637E+07 /M
     ALTITUDE =        0.0 M         DYNAMIC PRESSURE = 283710.47 N/M**2
     SIDESLIP =       0.00 DEG                   ROLL =      0.00 DEG     
     REF AREA =      0.004 M**2         MOMENT CENTER =     0.710 M
     REF LENGTH =     1.28 M           LAT REF LENGTH =      1.28 M

   ALPHA   PANL 1   PANL 2   PANL 3   PANL 4   PANL 5   PANL 6   PANL 7   PANL 8
 
   -10.0  0.00E+00 -1.07E-02 -1.68E-09  1.07E-02
    -8.0  0.00E+00 -8.85E-03 -1.38E-09  8.85E-03
    -6.0  0.00E+00 -6.91E-03 -1.05E-09  6.91E-03
    -4.0  0.00E+00 -4.80E-03 -7.16E-10  4.80E-03
    -2.0  0.00E+00 -2.42E-03 -3.64E-10  2.42E-03
     0.0  0.00E+00  0.00E+00  0.00E+00  0.00E+00
     2.0  0.00E+00  2.42E-03  3.65E-10 -2.42E-03
     4.0  0.00E+00  4.80E-03  7.21E-10 -4.80E-03
     6.0  0.00E+00  6.91E-03  1.06E-09 -6.91E-03
     8.0  0.00E+00  8.85E-03  1.40E-09 -8.85E-03
    10.0  0.00E+00  1.07E-02  1.72E-09 -1.07E-02
1         ***** THE USAF AUTOMATED MISSILE DATCOM * REV 3/99 *****     CASE   1
               AERODYNAMIC METHODS FOR MISSILE CONFIGURATIONS          PAGE  94
                   STATIC AERODYNAMICS FOR BODY-FIN SET 1

       ******* FLIGHT CONDITIONS AND REFERENCE QUANTITIES *******
     MACH NO  =       2.00                REYNOLDS NO = 4.637E+07 /M
     ALTITUDE =        0.0 M         DYNAMIC PRESSURE = 283710.47 N/M**2
     SIDESLIP =       0.00 DEG                   ROLL =      0.00 DEG     
     REF AREA =      0.004 M**2         MOMENT CENTER =     0.710 M
     REF LENGTH =     1.28 M           LAT REF LENGTH =      1.28 M

                   ----- LONGITUDINAL -----     -- LATERAL DIRECTIONAL --
         ALPHA       CN        CM        CA        CY       CLN       CLL

        -10.00    -2.457     0.286     1.014     0.000     0.000     0.000
         -8.00    -1.846     0.250     1.024     0.000     0.000     0.000
         -6.00    -1.311     0.204     1.032     0.000     0.000     0.000
         -4.00    -0.842     0.147     1.038     0.000     0.000     0.000
         -2.00    -0.399     0.075     1.042     0.000     0.000     0.000
          0.00     0.000     0.000     1.043     0.000     0.000     0.000
          2.00     0.399    -0.075     1.042     0.000     0.000     0.000
          4.00     0.842    -0.147     1.038     0.000     0.000     0.000
          6.00     1.311    -0.204     1.032     0.000     0.000     0.000
          8.00     1.846    -0.250     1.024     0.000     0.000     0.000
         10.00     2.457    -0.286     1.014     0.000     0.000     0.000

         ALPHA       CL        CD      CL/CD     X-C.P.

        -10.00    -2.244     1.425    -1.575    -0.116
         -8.00    -1.685     1.271    -1.326    -0.135
         -6.00    -1.196     1.164    -1.028    -0.155
         -4.00    -0.768     1.095    -0.702    -0.174
         -2.00    -0.362     1.055    -0.343    -0.188
          0.00     0.000     1.043     0.000    -0.188
          2.00     0.362     1.055     0.343    -0.188
          4.00     0.768     1.095     0.702    -0.174
          6.00     1.196     1.164     1.028    -0.155
          8.00     1.685     1.271     1.326    -0.135
         10.00     2.244     1.425     1.575    -0.116

    X-C.P. MEAS. FROM MOMENT CENTER IN REF. LENGTHS, NEG. AFT OF MOMENT CENTER
1         ***** THE USAF AUTOMATED MISSILE DATCOM * REV 3/99 *****     CASE   1
               AERODYNAMIC METHODS FOR MISSILE CONFIGURATIONS          PAGE  95
                   STATIC AERODYNAMICS FOR BODY-FIN SET 1

       ******* FLIGHT CONDITIONS AND REFERENCE QUANTITIES *******
     MACH NO  =       2.00                REYNOLDS NO = 4.637E+07 /M
     ALTITUDE =        0.0 M         DYNAMIC PRESSURE = 283710.47 N/M**2
     SIDESLIP =       0.00 DEG                   ROLL =      0.00 DEG     
     REF AREA =      0.004 M**2         MOMENT CENTER =     0.710 M
     REF LENGTH =     1.28 M           LAT REF LENGTH =      1.28 M

                   ---------- DERIVATIVES (PER DEGREE) ----------
         ALPHA       CNA         CMA         CYB         CLNB        CLLB
        -10.00      0.3254     -0.0156     -0.1702     -0.0014     -0.0023
         -8.00      0.2865     -0.0206     -0.1795      0.0108     -0.0015
         -6.00      0.2507     -0.0258     -0.1959      0.0248     -0.0006
         -4.00      0.2280     -0.0322     -0.2098      0.0361      0.0000
         -2.00      0.2106     -0.0367     -0.2004      0.0373      0.0000
          0.00      0.1994     -0.0375     -0.1969      0.0378      0.0000
          2.00      0.2106     -0.0367     -0.2004      0.0373      0.0000
          4.00      0.2280     -0.0322     -0.2098      0.0361      0.0000
          6.00      0.2507     -0.0258     -0.1959      0.0248      0.0006
          8.00      0.2865     -0.0206     -0.1795      0.0108      0.0015
         10.00      0.3254     -0.0156     -0.1702     -0.0014      0.0023

    PANEL DEFLECTION ANGLES (DEGREES)
    SET    FIN 1   FIN 2   FIN 3   FIN 4   FIN 5   FIN 6   FIN 7   FIN 8
      1    0.00    0.00    0.00    0.00

    BODY ALONE LINEAR DATA GENERATED FROM SECOND ORDER SHOCK EXPANSION METHOD

    *** END OF JOB ***
