1         ***** THE USAF AUTOMATED MISSILE DATCOM * REV 3/99 *****
               AERODYNAMIC METHODS FOR MISSILE CONFIGURATIONS     

    CONERR - INPUT ERROR CHECKING

    ERROR CODES - N* DENOTES THE NUMBER OF OCCURENCES OF EACH ERROR
    A - UNKNOWN VARIABLE NAME
    B - MISSING EQUAL SIGN FOLLOWING VARIABLE NAME
    C - NON-ARRAY VARIABLE HAS AN ARRAY ELEMENTDESIGNATION - (N)
    D - NON-ARRAY VARIABLE HAS MULTIPLE VALUES ASSIGNED
    E - ASSIGNED VALUES EXCEED ARRAY DIMENSION
    F - SYNTAX ERROR

    ************************* INPUT DATA CARDS *************************

   1 DIM M                                                                           
      2 ** BLANK CARD - IGNORED
   3  $FLTCON  NALPHA=11.,NMACH=6.,                                                  
   4           MACH=0.3000,0.6000,0.9000,1.1000,1.4000,2.0000,                       
   5           ALPHA=-10.0,-8.0,-6.0,-4.0,-2.0,0.0,2.0,4.0,6.0,8.0,10.0,$            
      6 ** BLANK CARD - IGNORED
   7  $REFQ    XCG=0.2500,                                                           
   8           SREF=0.0010179,                                                       
   9           LREF=0.6500,                                                          
  10           RHR=0.,$                                                              
     11 ** BLANK CARD - IGNORED
  12  $AXIBOD  X0=0.00,                                                              
  13           TNOSE=CONE,                                                           
               ** SUBSTITUTING NUMERIC FOR NAME CONE
  14           LNOSE=0.1000,                                                         
  15           DNOSE=0.0360,                                                         
  16           BNOSE=0.0,                                                            
  17           TRUNC=.FALSE.,                                                        
  18           LCENTR=0.5500,                                                        
  19           DCENTR=0.0360,                                                        
  20           TAFT=CONE,                                                            
               ** SUBSTITUTING NUMERIC FOR NAME CONE
  21           LAFT=0.0000,                                                          
  22           DAFT=0.0360,                                                          
  23           DEXIT=0.0000,$                                                        
     24 ** BLANK CARD - IGNORED
  25  $FINSET1 XLE=0.4500,0.4500,NPANEL=6.,                                          
  26           SSPAN=0.0180,0.0275,                                                  
  27           CHORD=0.2000,0.2000,                                                  
  28           LER=2*0.0,                                                            
  29           PHIF=0.0,60.0,120.0,180.0,240.0,300.0,                                
  30           SECTYP=HEX,                                                           
               ** SUBSTITUTING NUMERIC FOR NAME HEX
  31           ZUPPER=0.025000,0.025000,                                             
  32           LMAXU=0.4,0.4,                                                        
  33           LFLATU=0.2,0.2,$                                                      
     34 ** BLANK CARD - IGNORED
  35  $DEFLCT  DELTA1=0.0000,0.0000,0.0000,0.0000,0.0000,0.0000,                     
  36           XHINGE=0.6000,$                                                       
     37 ** BLANK CARD - IGNORED
  38 PART                                                                            
  39 NEXT CASE                                                                       
1         ***** THE USAF AUTOMATED MISSILE DATCOM * REV 3/99 *****     CASE   1
               AERODYNAMIC METHODS FOR MISSILE CONFIGURATIONS          PAGE   1
    CASE INPUTS
    FOLLOWING ARE THE CARDS INPUT FOR THIS CASE

 DIM M                                                                           
  $FLTCON  NALPHA=11.,NMACH=6.,                                                  
           MACH=0.3000,0.6000,0.9000,1.1000,1.4000,2.0000,                       
           ALPHA=-10.0,-8.0,-6.0,-4.0,-2.0,0.0,2.0,4.0,6.0,8.0,10.0,$            
  $REFQ    XCG=0.2500,                                                           
           SREF=0.0010179,                                                       
           LREF=0.6500,                                                          
           RHR=0.,$                                                              
  $AXIBOD  X0=0.00,                                                              
           TNOSE=0.,                                                             
           LNOSE=0.1000,                                                         
           DNOSE=0.0360,                                                         
           BNOSE=0.0,                                                            
           TRUNC=.FALSE.,                                                        
           LCENTR=0.5500,                                                        
           DCENTR=0.0360,                                                        
           TAFT=0.,                                                              
           LAFT=0.0000,                                                          
           DAFT=0.0360,                                                          
           DEXIT=0.0000,$                                                        
  $FINSET1 XLE=0.4500,0.4500,NPANEL=6.,                                          
           SSPAN=0.0180,0.0275,                                                  
           CHORD=0.2000,0.2000,                                                  
           LER=2*0.0,                                                            
           PHIF=0.0,60.0,120.0,180.0,240.0,300.0,                                
           SECTYP=0.,                                                            
           ZUPPER=0.025000,0.025000,                                             
           LMAXU=0.4,0.4,                                                        
           LFLATU=0.2,0.2,$                                                      
  $DEFLCT  DELTA1=0.0000,0.0000,0.0000,0.0000,0.0000,0.0000,                     
           XHINGE=0.6000,$                                                       
 PART                                                                            
 NEXT CASE                                                                       
    * WARNING * THE REYNOLDS NUMBER IS NOT DEFINED, FOR INPUT SPEED  1
                SEA LEVEL ALTITUDE ASSUMED
    * WARNING * THE REYNOLDS NUMBER IS NOT DEFINED, FOR INPUT SPEED  2
                SEA LEVEL ALTITUDE ASSUMED
    * WARNING * THE REYNOLDS NUMBER IS NOT DEFINED, FOR INPUT SPEED  3
                SEA LEVEL ALTITUDE ASSUMED
    * WARNING * THE REYNOLDS NUMBER IS NOT DEFINED, FOR INPUT SPEED  4
                SEA LEVEL ALTITUDE ASSUMED
    * WARNING * THE REYNOLDS NUMBER IS NOT DEFINED, FOR INPUT SPEED  5
                SEA LEVEL ALTITUDE ASSUMED
    * WARNING * THE REYNOLDS NUMBER IS NOT DEFINED, FOR INPUT SPEED  6
                SEA LEVEL ALTITUDE ASSUMED
    THE BOUNDARY LAYER IS ASSUMED TO BE TURBULENT
    THE INPUT UNITS ARE IN METERS, THE SCALE FACTOR IS   1.0000
1         ***** THE USAF AUTOMATED MISSILE DATCOM * REV 3/99 *****     CASE   1
               AERODYNAMIC METHODS FOR MISSILE CONFIGURATIONS          PAGE   2
                        AXISYMMETRIC BODY DEFINITION

                             NOSE   CENTERBODY     AFT BODY        TOTAL
    SHAPE                   CONIC     CYLINDER     --------
    LENGTH                  0.100        0.550        0.000        0.650   M
    FINENESS RATIO          2.778       15.278        0.000       18.056
    PLANFORM AREA           0.002        0.020        0.000        0.022   M**2
    AREA CENTROID           0.067        0.375        0.000        0.349   M
    WETTED AREA             0.006        0.062        0.000        0.068   M**2
    VOLUME                  0.000        0.001        0.000        0.001   M**3
    VOL. CENTROID           0.075        0.375        0.000        0.358   M

                              MOLD LINE CONTOUR

     LONGITUDINAL STATIONS    0.0000     0.0100     0.0200     0.0300     0.0400 
        0.0500     0.0600     0.0700     0.0800     0.0900     0.1000*    0.1550 
        0.2100     0.2650     0.3200     0.3750     0.4300     0.4850     0.5400 
        0.5950     0.6500*

                BODY RADII    0.0000     0.0018     0.0036     0.0054     0.0072 
        0.0090     0.0108     0.0126     0.0144     0.0162     0.0180*    0.0180 
        0.0180     0.0180     0.0180     0.0180     0.0180     0.0180     0.0180 
        0.0180     0.0180*
    NOTE - * INDICATES SLOPE DISCONTINUOUS POINTS
1         ***** THE USAF AUTOMATED MISSILE DATCOM * REV 3/99 *****     CASE   1
               AERODYNAMIC METHODS FOR MISSILE CONFIGURATIONS          PAGE   3
                         FIN SET NUMBER 1 AIRFOIL SECTION

                                  NACA S-3-40.0-05.0-20.0

         X/C     X-UPPER   Y-UPPER   X-LOWER   Y-LOWER  MEAN LINE  THICKNESS

       0.00000   0.00000   0.00000   0.00000   0.00000   0.00000   0.00000
       0.00100   0.00100   0.00006   0.00100  -0.00006   0.00000   0.00013
       0.00200   0.00200   0.00013   0.00200  -0.00013   0.00000   0.00025
       0.00300   0.00300   0.00019   0.00300  -0.00019   0.00000   0.00038
       0.00400   0.00400   0.00025   0.00400  -0.00025   0.00000   0.00050
       0.00500   0.00500   0.00031   0.00500  -0.00031   0.00000   0.00063
       0.00600   0.00600   0.00038   0.00600  -0.00038   0.00000   0.00075
       0.00800   0.00800   0.00050   0.00800  -0.00050   0.00000   0.00100
       0.01000   0.01000   0.00063   0.01000  -0.00063   0.00000   0.00125
       0.02000   0.02000   0.00125   0.02000  -0.00125   0.00000   0.00250
       0.03000   0.03000   0.00187   0.03000  -0.00187   0.00000   0.00375
       0.04000   0.04000   0.00250   0.04000  -0.00250   0.00000   0.00500
       0.05000   0.05000   0.00312   0.05000  -0.00312   0.00000   0.00625
       0.06000   0.06000   0.00375   0.06000  -0.00375   0.00000   0.00750
       0.08000   0.08000   0.00500   0.08000  -0.00500   0.00000   0.01000
       0.10000   0.10000   0.00625   0.10000  -0.00625   0.00000   0.01250
       0.12000   0.12000   0.00750   0.12000  -0.00750   0.00000   0.01500
       0.14000   0.14000   0.00875   0.14000  -0.00875   0.00000   0.01750
       0.16000   0.16000   0.01000   0.16000  -0.01000   0.00000   0.02000
       0.18000   0.18000   0.01125   0.18000  -0.01125   0.00000   0.02250
       0.20000   0.20000   0.01250   0.20000  -0.01250   0.00000   0.02500
       0.22000   0.22000   0.01375   0.22000  -0.01375   0.00000   0.02750
       0.24000   0.24000   0.01500   0.24000  -0.01500   0.00000   0.03000
       0.26000   0.26000   0.01625   0.26000  -0.01625   0.00000   0.03250
       0.28000   0.28000   0.01750   0.28000  -0.01750   0.00000   0.03500
       0.30000   0.30000   0.01875   0.30000  -0.01875   0.00000   0.03750
       0.32000   0.32000   0.02000   0.32000  -0.02000   0.00000   0.04000
       0.34000   0.34000   0.02125   0.34000  -0.02125   0.00000   0.04250
       0.36000   0.36000   0.02250   0.36000  -0.02250   0.00000   0.04500
       0.38000   0.38000   0.02375   0.38000  -0.02375   0.00000   0.04750
       0.40000   0.40000   0.02500   0.40000  -0.02500   0.00000   0.05000
       0.42000   0.42000   0.02500   0.42000  -0.02500   0.00000   0.05000
       0.45000   0.45000   0.02500   0.45000  -0.02500   0.00000   0.05000
       0.50000   0.50000   0.02500   0.50000  -0.02500   0.00000   0.05000
       0.55000   0.55000   0.02500   0.55000  -0.02500   0.00000   0.05000
       0.60000   0.60000   0.02500   0.60000  -0.02500   0.00000   0.05000
       0.65000   0.65000   0.02187   0.65000  -0.02187   0.00000   0.04375
       0.70000   0.70000   0.01875   0.70000  -0.01875   0.00000   0.03750
       0.75000   0.75000   0.01562   0.75000  -0.01562   0.00000   0.03125
       0.80000   0.80000   0.01250   0.80000  -0.01250   0.00000   0.02500
       0.82000   0.82000   0.01125   0.82000  -0.01125   0.00000   0.02250
       0.84000   0.84000   0.01000   0.84000  -0.01000   0.00000   0.02000
       0.86000   0.86000   0.00875   0.86000  -0.00875   0.00000   0.01750
       0.88000   0.88000   0.00750   0.88000  -0.00750   0.00000   0.01500
       0.90000   0.90000   0.00625   0.90000  -0.00625   0.00000   0.01250
       0.92000   0.92000   0.00500   0.92000  -0.00500   0.00000   0.01000
       0.94000   0.94000   0.00375   0.94000  -0.00375   0.00000   0.00750
       0.96000   0.96000   0.00250   0.96000  -0.00250   0.00000   0.00500
       0.98000   0.98000   0.00125   0.98000  -0.00125   0.00000   0.00250
       1.00000   1.00000   0.00000   1.00000   0.00000   0.00000   0.00000
1         ***** THE USAF AUTOMATED MISSILE DATCOM * REV 3/99 *****     CASE   1
               AERODYNAMIC METHODS FOR MISSILE CONFIGURATIONS          PAGE   4
                      GEOMETRIC RESULTS FOR FIN SETS

                             FIN SET NUMBER  1
                          (DATA FOR ONE PANEL ONLY)

    SEGMENT   PLAN        ASPECT    TAPER     L.E.     T.E.    M.A.C.    T/C
    NUMBER    AREA        RATIO     RATIO    SWEEP    SWEEP    CHORD    RATIO

      1      0.0019        0.047    1.000    0.000    0.000    0.200    0.050
    TOTAL    0.0019        0.047    1.000    0.000    0.000    0.200    0.050
 
 
 
1         ***** THE USAF AUTOMATED MISSILE DATCOM * REV 3/99 *****     CASE   1
               AERODYNAMIC METHODS FOR MISSILE CONFIGURATIONS          PAGE   5
                           FIN SET 1 SECTION AERODYNAMICS

                        IDEAL ANGLE OF ATTACK =    0.0000 DEG.
                    ZERO LIFT ANGLE OF ATTACK =    0.0000 DEG.
                       IDEAL LIFT COEFFICIENT =    0.0000
        ZERO LIFT PITCHING MOMENT COEFFICIENT =    0.0000
                   MACH ZERO LIFT-CURVE-SLOPE =    0.0963 /DEG.
                          LEADING EDGE RADIUS =    0.0000 FRACTION CHORD
                    MAXIMUM AIRFOIL THICKNESS =    0.0500 FRACTION CHORD
                                      DELTA-Y =    0.3656 PERCENT CHORD


    MACH = 0.300   CL-ALPHA = 0.1031 /DEG.   XAC = 0.2709   CL MAX = 0.7494

    MACH = 0.600   CL-ALPHA = 0.1269 /DEG.   XAC = 0.2700   CL MAX = 0.7647

                   *** CREST CRITICAL MACH NUMBER EXCEEDED ***

                           CREST CRITICAL MACH =    0.8070
                                      LOCATION =    0.4145 FRACTION CHORD
                              LIFT-CURVE-SLOPE =    0.1410 /DEG.
1         ***** THE USAF AUTOMATED MISSILE DATCOM * REV 3/99 *****     CASE   1
               AERODYNAMIC METHODS FOR MISSILE CONFIGURATIONS          PAGE   6
                             BODY ALONE PARTIAL OUTPUT

       ******* FLIGHT CONDITIONS AND REFERENCE QUANTITIES *******
     MACH NO  =       0.30                REYNOLDS NO = 6.955E+06 /M
     ALTITUDE =        0.0 M         DYNAMIC PRESSURE =   6383.49 N/M**2
     SIDESLIP =       0.00 DEG                   ROLL =      0.00 DEG     
     REF AREA =      0.001 M**2         MOMENT CENTER =     0.250 M
     REF LENGTH =     0.65 M           LAT REF LENGTH =      0.65 M

      ALPHA    CA-FRIC  CA-PRES/WAVE CA-BASE    CA-PROT     CA-SEP     CA-ALP
     -10.00     0.2204     0.0128     0.1368                           0.0016
      -8.00     0.2229     0.0129     0.1372                           0.0016
      -6.00     0.2248     0.0130     0.1374                           0.0011
      -4.00     0.2262     0.0131     0.1374                           0.0005
      -2.00     0.2270     0.0132     0.1373                           0.0001
       0.00     0.2273     0.0132     0.1370                           0.0000
       2.00     0.2270     0.0132     0.1373                           0.0001
       4.00     0.2262     0.0131     0.1374                           0.0005
       6.00     0.2248     0.0130     0.1374                           0.0011
       8.00     0.2229     0.0129     0.1372                           0.0016
      10.00     0.2204     0.0128     0.1368                           0.0016

                     CROSS FLOW DRAG PROPORTIONALITY FACTOR = 0.76143

      ALPHA    CN-POTEN  CN-VISC   CN-SEP    CM-POTEN  CM-VISC   CM-SEP    CDC
     -10.00    -0.449    -0.376              -0.046     0.057             0.772
      -8.00    -0.363    -0.240              -0.037     0.037             0.766
      -6.00    -0.274    -0.134              -0.028     0.020             0.759
      -4.00    -0.183    -0.059              -0.019     0.009             0.753
      -2.00    -0.092    -0.015              -0.009     0.002             0.746
       0.00     0.000     0.000               0.000     0.000             0.740
       2.00     0.092     0.015               0.009    -0.002             0.746
       4.00     0.183     0.059               0.019    -0.009             0.753
       6.00     0.274     0.134               0.028    -0.020             0.759
       8.00     0.363     0.240               0.037    -0.037             0.766
      10.00     0.449     0.376               0.046    -0.057             0.772
1         ***** THE USAF AUTOMATED MISSILE DATCOM * REV 3/99 *****     CASE   1
               AERODYNAMIC METHODS FOR MISSILE CONFIGURATIONS          PAGE   7
                        FIN SET 1 CA PARTIAL OUTPUT

       ******* FLIGHT CONDITIONS AND REFERENCE QUANTITIES *******
     MACH NO  =       0.30                REYNOLDS NO = 6.955E+06 /M
     ALTITUDE =        0.0 M         DYNAMIC PRESSURE =   6383.49 N/M**2
     SIDESLIP =       0.00 DEG                   ROLL =      0.00 DEG     
     REF AREA =      0.001 M**2         MOMENT CENTER =     0.250 M
     REF LENGTH =     0.65 M           LAT REF LENGTH =      0.65 M

    SINGLE FIN PANEL ZERO-LIFT AXIAL FORCE COMPONENTS

    SKIN FRICTION        0.0154
    SUBSONIC PRESSURE    0.0012
    TRANSONIC WAVE       0.0000
    SUPERSONIC WAVE      0.0000
    LEADING EDGE         0.0000
    TRAILING EDGE        0.0000
    TOTAL CAO            0.0166

    FIN AXIAL FORCE DUE TO ANGLE OF ATTACK

    ALPHA      CA DUE TO LIFT (SINGLE PANEL)   CA-TOTAL (6 FINS)

     -10.00              0.0000                      0.0982
      -8.00              0.0000                      0.0987
      -6.00              0.0000                      0.0991
      -4.00              0.0000                      0.0994
      -2.00              0.0000                      0.0996
       0.00              0.0000                      0.0997
       2.00              0.0000                      0.0996
       4.00              0.0000                      0.0994
       6.00              0.0000                      0.0991
       8.00              0.0000                      0.0987
      10.00              0.0000                      0.0982
1         ***** THE USAF AUTOMATED MISSILE DATCOM * REV 3/99 *****     CASE   1
               AERODYNAMIC METHODS FOR MISSILE CONFIGURATIONS          PAGE   8
                       FIN SET 1 CN, CM PARTIAL OUTPUT

       ******* FLIGHT CONDITIONS AND REFERENCE QUANTITIES *******
     MACH NO  =       0.30                REYNOLDS NO = 6.955E+06 /M
     ALTITUDE =        0.0 M         DYNAMIC PRESSURE =   6383.49 N/M**2
     SIDESLIP =       0.00 DEG                   ROLL =      0.00 DEG     
     REF AREA =      0.001 M**2         MOMENT CENTER =     0.250 M
     REF LENGTH =     0.65 M           LAT REF LENGTH =      0.65 M

    NORMAL FORCE SLOPE AT ALPHA ZERO, CNA =    0.00486/DEG (1 PANEL)
         CENTER OF PRESSURE FOR LINEAR CN =   -0.39077 (CALIBERS FROM C.G.)
     CENTER OF PRESSURE FOR NON-LINEAR CN =   -0.46154 (CALIBERS FROM C.G.)

      ALPHA      CN        CN        CN        CM        CM        CM
               LINEAR  NON-LINEAR  TOTAL     LINEAR  NON-LINEAR  TOTAL

     -10.00   -0.1439   -0.3994   -0.5432    0.0562    0.1843    0.2405
      -8.00   -0.1157   -0.2562   -0.3718    0.0452    0.1182    0.1634
      -6.00   -0.0871   -0.1444   -0.2314    0.0340    0.0666    0.1006
      -4.00   -0.0582   -0.0642   -0.1224    0.0227    0.0296    0.0524
      -2.00   -0.0291   -0.0161   -0.0452    0.0114    0.0074    0.0188
       0.00    0.0000    0.0000    0.0000    0.0000    0.0000    0.0000
       2.00    0.0291    0.0161    0.0452   -0.0114   -0.0074   -0.0188
       4.00    0.0582    0.0642    0.1224   -0.0227   -0.0296   -0.0524
       6.00    0.0871    0.1444    0.2314   -0.0340   -0.0666   -0.1006
       8.00    0.1157    0.2562    0.3718   -0.0452   -0.1182   -0.1634
      10.00    0.1439    0.3994    0.5432   -0.0562   -0.1843   -0.2405
1         ***** THE USAF AUTOMATED MISSILE DATCOM * REV 3/99 *****     CASE   1
               AERODYNAMIC METHODS FOR MISSILE CONFIGURATIONS          PAGE   9
                 AERODYNAMIC FORCE AND MOMENT SYNTHESIS

       ******* FLIGHT CONDITIONS AND REFERENCE QUANTITIES *******
     MACH NO  =       0.30                REYNOLDS NO = 6.955E+06 /M
     ALTITUDE =        0.0 M         DYNAMIC PRESSURE =   6383.49 N/M**2
     SIDESLIP =       0.00 DEG                   ROLL =      0.00 DEG     
     REF AREA =      0.001 M**2         MOMENT CENTER =     0.250 M
     REF LENGTH =     0.65 M           LAT REF LENGTH =      0.65 M

          ---------------FIN SET 1 IN PRESENCE OF THE BODY----------------

      ALPHA       CN         CM         CA         CY         CLN        CLL

     -10.00    -1.0397     0.4063     0.0997     0.0000     0.0000     0.0000
      -8.00    -0.7397     0.2891     0.0997     0.0000     0.0000     0.0000
      -6.00    -0.4729     0.1848     0.0997     0.0000     0.0000     0.0000
      -4.00    -0.2500     0.0977     0.0997     0.0000     0.0000     0.0000
      -2.00    -0.0873     0.0341     0.0997     0.0000     0.0000     0.0000
       0.00     0.0000     0.0000     0.0997     0.0000     0.0000     0.0000
       2.00     0.0873    -0.0341     0.0997     0.0000     0.0000     0.0000
       4.00     0.2500    -0.0977     0.0997     0.0000     0.0000     0.0000
       6.00     0.4729    -0.1848     0.0997     0.0000     0.0000     0.0000
       8.00     0.7397    -0.2891     0.0997     0.0000     0.0000     0.0000
      10.00     1.0397    -0.4063     0.0997     0.0000     0.0000     0.0000
1         ***** THE USAF AUTOMATED MISSILE DATCOM * REV 3/99 *****     CASE   1
               AERODYNAMIC METHODS FOR MISSILE CONFIGURATIONS          PAGE  10
                 AERODYNAMIC FORCE AND MOMENT SYNTHESIS

       ******* FLIGHT CONDITIONS AND REFERENCE QUANTITIES *******
     MACH NO  =       0.30                REYNOLDS NO = 6.955E+06 /M
     ALTITUDE =        0.0 M         DYNAMIC PRESSURE =   6383.49 N/M**2
     SIDESLIP =       0.00 DEG                   ROLL =      0.00 DEG     
     REF AREA =      0.001 M**2         MOMENT CENTER =     0.250 M
     REF LENGTH =     0.65 M           LAT REF LENGTH =      0.65 M

          ---------------FIN SET 1 PANEL CHARACTERISTICS------------------

      ALPHA      PANEL    AEQ (PANEL AXIS SYS.)    PANEL CN

     -10.00        1              0.0000           0.0000
     -10.00        2            -13.8024          -0.3148
     -10.00        3            -13.0504          -0.2855
     -10.00        4              0.0000           0.0000
     -10.00        5             13.0504           0.2855
     -10.00        6             13.8024           0.3148
 
      -8.00        1              0.0000           0.0000
      -8.00        2            -11.2270          -0.2199
      -8.00        3            -10.8472          -0.2072
      -8.00        4              0.0000           0.0000
      -8.00        5             10.8472           0.2072
      -8.00        6             11.2270           0.2199
 
      -6.00        1              0.0000           0.0000
      -6.00        2             -8.5457          -0.1380
      -6.00        3             -8.4350          -0.1350
      -6.00        4              0.0000           0.0000
      -6.00        5              8.4350           0.1350
      -6.00        6              8.5457           0.1380
 
      -4.00        1              0.0000           0.0000
      -4.00        2             -5.7631          -0.0722
      -4.00        3             -5.7631          -0.0722
      -4.00        4              0.0000           0.0000
      -4.00        5              5.7631           0.0722
      -4.00        6              5.7631           0.0722
 
      -2.00        1              0.0000           0.0000
      -2.00        2             -2.9023          -0.0252
      -2.00        3             -2.9023          -0.0252
      -2.00        4              0.0000           0.0000
      -2.00        5              2.9023           0.0252
      -2.00        6              2.9023           0.0252
 
       0.00        1              0.0000           0.0000
       0.00        2              0.0000           0.0000
       0.00        3              0.0000           0.0000
       0.00        4              0.0000           0.0000
       0.00        5              0.0000           0.0000
       0.00        6              0.0000           0.0000
 
       2.00        1              0.0000           0.0000
       2.00        2              2.9023           0.0252
       2.00        3              2.9023           0.0252
       2.00        4              0.0000           0.0000
       2.00        5             -2.9023          -0.0252
       2.00        6             -2.9023          -0.0252
 
       4.00        1              0.0000           0.0000
       4.00        2              5.7631           0.0722
       4.00        3              5.7631           0.0722
       4.00        4              0.0000           0.0000
       4.00        5             -5.7631          -0.0722
       4.00        6             -5.7631          -0.0722
 
       6.00        1              0.0000           0.0000
       6.00        2              8.4350           0.1350
       6.00        3              8.5457           0.1380
       6.00        4              0.0000           0.0000
       6.00        5             -8.5457          -0.1380
       6.00        6             -8.4350          -0.1350
 
       8.00        1              0.0000           0.0000
       8.00        2             10.8472           0.2072
       8.00        3             11.2270           0.2199
       8.00        4              0.0000           0.0000
       8.00        5            -11.2270          -0.2199
       8.00        6            -10.8472          -0.2072
 
      10.00        1              0.0000           0.0000
      10.00        2             13.0504           0.2855
      10.00        3             13.8024           0.3148
      10.00        4              0.0000           0.0000
      10.00        5            -13.8024          -0.3148
      10.00        6            -13.0504          -0.2855
 
1         ***** THE USAF AUTOMATED MISSILE DATCOM * REV 3/99 *****     CASE   1
               AERODYNAMIC METHODS FOR MISSILE CONFIGURATIONS          PAGE  11
                 AERODYNAMIC FORCE AND MOMENT SYNTHESIS

       ******* FLIGHT CONDITIONS AND REFERENCE QUANTITIES *******
     MACH NO  =       0.30                REYNOLDS NO = 6.955E+06 /M
     ALTITUDE =        0.0 M         DYNAMIC PRESSURE =   6383.49 N/M**2
     SIDESLIP =       0.00 DEG                   ROLL =      0.00 DEG     
     REF AREA =      0.001 M**2         MOMENT CENTER =     0.250 M
     REF LENGTH =     0.65 M           LAT REF LENGTH =      0.65 M

             CARRYOVER INTERFERENCE FACTORS - FIN SET 1

      ALPHA   K-W(B)   K-B(W)  KK-W(B)  KK-B(W)  XCP-W(B) XCP-B(W) Y-CP/(B/2)

     -10.00   1.6234   1.1241   0.9535   0.6600   0.3908   0.3846   0.4090
      -8.00   1.6395   1.1241   0.9535   0.6600   0.3908   0.3846   0.4471
      -6.00   1.6540   1.1241   0.9535   0.6600   0.3908   0.3846   0.5144
      -4.00   1.6666   1.1241   0.9535   0.6600   0.3908   0.3846   0.5776
      -2.00   1.6764   1.1241   0.9535   0.6600   0.3908   0.3846   0.6226
       0.00   1.6818   1.1241   0.9535   0.6600   0.3908   0.3846   0.6468
       2.00   1.6764   1.1241   0.9535   0.6600   0.3908   0.3846   0.6226
       4.00   1.6666   1.1241   0.9535   0.6600   0.3908   0.3846   0.5776
       6.00   1.6540   1.1241   0.9535   0.6600   0.3908   0.3846   0.5173
       8.00   1.6395   1.1241   0.9535   0.6600   0.3908   0.3846   0.4521
      10.00   1.6234   1.1241   0.9535   0.6600   0.3908   0.3846   0.4208

    NOTE - XCP-W(B) USED FOR STABILITY ONLY DIFFERENT VALUES USED FOR HINGE MOMENTS
1         ***** THE USAF AUTOMATED MISSILE DATCOM * REV 3/99 *****     CASE   1
               AERODYNAMIC METHODS FOR MISSILE CONFIGURATIONS          PAGE  12
        FIN SET 1 PANEL BENDING MOMENTS (ABOUT EXPOSED ROOT CHORD)

       ******* FLIGHT CONDITIONS AND REFERENCE QUANTITIES *******
     MACH NO  =       0.30                REYNOLDS NO = 6.955E+06 /M
     ALTITUDE =        0.0 M         DYNAMIC PRESSURE =   6383.49 N/M**2
     SIDESLIP =       0.00 DEG                   ROLL =      0.00 DEG     
     REF AREA =      0.001 M**2         MOMENT CENTER =     0.250 M
     REF LENGTH =     0.65 M           LAT REF LENGTH =      0.65 M

   ALPHA   PANL 1   PANL 2   PANL 3   PANL 4   PANL 5   PANL 6   PANL 7   PANL 8
 
   -10.0  0.00E+00 -1.88E-03 -1.71E-03 -1.07E-10  1.71E-03  1.88E-03
    -8.0  0.00E+00 -1.44E-03 -1.35E-03 -8.20E-11  1.35E-03  1.44E-03
    -6.0  7.24E-13 -1.04E-03 -1.02E-03 -6.95E-11  1.02E-03  1.04E-03
    -4.0  0.00E+00 -6.09E-04 -6.09E-04 -5.45E-11  6.09E-04  6.09E-04
    -2.0  0.00E+00 -2.29E-04 -2.29E-04 -2.95E-11  2.29E-04  2.29E-04
     0.0  0.00E+00  0.00E+00  0.00E+00  0.00E+00  0.00E+00  0.00E+00
     2.0  0.00E+00  2.29E-04  2.29E-04  2.95E-11 -2.29E-04 -2.29E-04
     4.0  0.00E+00  6.09E-04  6.09E-04  5.45E-11 -6.09E-04 -6.09E-04
     6.0  2.91E-12  1.02E-03  1.04E-03  7.36E-11 -1.04E-03 -1.02E-03
     8.0  1.48E-12  1.37E-03  1.45E-03  8.44E-11 -1.45E-03 -1.37E-03
    10.0 -1.27E-11  1.76E-03  1.94E-03  9.76E-11 -1.94E-03 -1.76E-03
1         ***** THE USAF AUTOMATED MISSILE DATCOM * REV 3/99 *****     CASE   1
               AERODYNAMIC METHODS FOR MISSILE CONFIGURATIONS          PAGE  13
            FIN SET 1 PANEL HINGE MOMENTS (ABOUT HINGE LINE)

       ******* FLIGHT CONDITIONS AND REFERENCE QUANTITIES *******
     MACH NO  =       0.30                REYNOLDS NO = 6.955E+06 /M
     ALTITUDE =        0.0 M         DYNAMIC PRESSURE =   6383.49 N/M**2
     SIDESLIP =       0.00 DEG                   ROLL =      0.00 DEG     
     REF AREA =      0.001 M**2         MOMENT CENTER =     0.250 M
     REF LENGTH =     0.65 M           LAT REF LENGTH =      0.65 M

   ALPHA   PANL 1   PANL 2   PANL 3   PANL 4   PANL 5   PANL 6   PANL 7   PANL 8
 
   -10.0  0.00E+00 -4.78E-02 -4.38E-02 -3.01E-09  4.38E-02  4.78E-02
    -8.0  0.00E+00 -3.45E-02 -3.26E-02 -2.11E-09  3.26E-02  3.45E-02
    -6.0  1.62E-11 -2.22E-02 -2.18E-02 -1.55E-09  2.18E-02  2.22E-02
    -4.0  0.00E+00 -1.19E-02 -1.19E-02 -1.09E-09  1.19E-02  1.19E-02
    -2.0  0.00E+00 -4.21E-03 -4.21E-03 -5.45E-10  4.21E-03  4.21E-03
     0.0  0.00E+00  0.00E+00  0.00E+00  0.00E+00  0.00E+00  0.00E+00
     2.0  0.00E+00  4.21E-03  4.21E-03  5.45E-10 -4.21E-03 -4.21E-03
     4.0  0.00E+00  1.19E-02  1.19E-02  1.09E-09 -1.19E-02 -1.19E-02
     6.0  6.47E-11  2.18E-02  2.22E-02  1.64E-09 -2.22E-02 -2.18E-02
     8.0  3.75E-11  3.26E-02  3.45E-02  2.15E-09 -3.45E-02 -3.26E-02
    10.0 -3.46E-10  4.38E-02  4.78E-02  2.67E-09 -4.78E-02 -4.38E-02
1         ***** THE USAF AUTOMATED MISSILE DATCOM * REV 3/99 *****     CASE   1
               AERODYNAMIC METHODS FOR MISSILE CONFIGURATIONS          PAGE  14
                   STATIC AERODYNAMICS FOR BODY-FIN SET 1

       ******* FLIGHT CONDITIONS AND REFERENCE QUANTITIES *******
     MACH NO  =       0.30                REYNOLDS NO = 6.955E+06 /M
     ALTITUDE =        0.0 M         DYNAMIC PRESSURE =   6383.49 N/M**2
     SIDESLIP =       0.00 DEG                   ROLL =      0.00 DEG     
     REF AREA =      0.001 M**2         MOMENT CENTER =     0.250 M
     REF LENGTH =     0.65 M           LAT REF LENGTH =      0.65 M

                   ----- LONGITUDINAL -----     -- LATERAL DIRECTIONAL --
         ALPHA       CN        CM        CA        CY       CLN       CLL

        -10.00    -2.585     0.694     0.471     0.000     0.000     0.000
         -8.00    -1.849     0.483     0.474     0.000     0.000     0.000
         -6.00    -1.202     0.301     0.476     0.000     0.000     0.000
         -4.00    -0.661     0.153     0.477     0.000     0.000     0.000
         -2.00    -0.253     0.049     0.477     0.000     0.000     0.000
          0.00     0.000     0.000     0.477     0.000     0.000     0.000
          2.00     0.253    -0.049     0.477     0.000     0.000     0.000
          4.00     0.661    -0.153     0.477     0.000     0.000     0.000
          6.00     1.202    -0.301     0.476     0.000     0.000     0.000
          8.00     1.849    -0.483     0.474     0.000     0.000     0.000
         10.00     2.585    -0.694     0.471     0.000     0.000     0.000

         ALPHA       CL        CD      CL/CD     X-C.P.

        -10.00    -2.464     0.913    -2.699    -0.269
         -8.00    -1.765     0.727    -2.428    -0.261
         -6.00    -1.146     0.599    -1.913    -0.250
         -4.00    -0.626     0.522    -1.200    -0.231
         -2.00    -0.236     0.486    -0.485    -0.196
          0.00     0.000     0.477     0.000    -0.196
          2.00     0.236     0.486     0.485    -0.196
          4.00     0.626     0.522     1.200    -0.231
          6.00     1.146     0.599     1.913    -0.250
          8.00     1.765     0.727     2.428    -0.261
         10.00     2.464     0.913     2.699    -0.269

    X-C.P. MEAS. FROM MOMENT CENTER IN REF. LENGTHS, NEG. AFT OF MOMENT CENTER
1         ***** THE USAF AUTOMATED MISSILE DATCOM * REV 3/99 *****     CASE   1
               AERODYNAMIC METHODS FOR MISSILE CONFIGURATIONS          PAGE  15
                   STATIC AERODYNAMICS FOR BODY-FIN SET 1

       ******* FLIGHT CONDITIONS AND REFERENCE QUANTITIES *******
     MACH NO  =       0.30                REYNOLDS NO = 6.955E+06 /M
     ALTITUDE =        0.0 M         DYNAMIC PRESSURE =   6383.49 N/M**2
     SIDESLIP =       0.00 DEG                   ROLL =      0.00 DEG     
     REF AREA =      0.001 M**2         MOMENT CENTER =     0.250 M
     REF LENGTH =     0.65 M           LAT REF LENGTH =      0.65 M

                   ---------- DERIVATIVES (PER DEGREE) ----------
         ALPHA       CNA         CMA         CYB         CLNB        CLLB
        -10.00      0.3904     -0.1126     -0.2123      0.0518      0.0000
         -8.00      0.3456     -0.0984     -0.1974      0.0475      0.0000
         -6.00      0.2968     -0.0827     -0.1792      0.0419      0.0000
         -4.00      0.2371     -0.0628     -0.1565      0.0347      0.0000
         -2.00      0.1651     -0.0382     -0.1296      0.0258      0.0000
          0.00      0.1263     -0.0247     -0.1104      0.0190      0.0000
          2.00      0.1651     -0.0382     -0.1296      0.0258      0.0000
          4.00      0.2371     -0.0628     -0.1565      0.0347      0.0000
          6.00      0.2968     -0.0827     -0.1792      0.0419      0.0000
          8.00      0.3456     -0.0984     -0.1974      0.0475      0.0000
         10.00      0.3904     -0.1126     -0.2123      0.0518      0.0000

    PANEL DEFLECTION ANGLES (DEGREES)
    SET    FIN 1   FIN 2   FIN 3   FIN 4   FIN 5   FIN 6   FIN 7   FIN 8
      1    0.00    0.00    0.00    0.00    0.00    0.00
1         ***** THE USAF AUTOMATED MISSILE DATCOM * REV 3/99 *****     CASE   1
               AERODYNAMIC METHODS FOR MISSILE CONFIGURATIONS          PAGE  16
                             BODY ALONE PARTIAL OUTPUT

       ******* FLIGHT CONDITIONS AND REFERENCE QUANTITIES *******
     MACH NO  =       0.60                REYNOLDS NO = 1.391E+07 /M
     ALTITUDE =        0.0 M         DYNAMIC PRESSURE =  25533.94 N/M**2
     SIDESLIP =       0.00 DEG                   ROLL =      0.00 DEG     
     REF AREA =      0.001 M**2         MOMENT CENTER =     0.250 M
     REF LENGTH =     0.65 M           LAT REF LENGTH =      0.65 M

      ALPHA    CA-FRIC  CA-PRES/WAVE CA-BASE    CA-PROT     CA-SEP     CA-ALP
     -10.00     0.1929     0.0133     0.1356                           0.0011
      -8.00     0.1950     0.0135     0.1360                           0.0013
      -6.00     0.1967     0.0136     0.1363                           0.0009
      -4.00     0.1979     0.0137     0.1364                           0.0005
      -2.00     0.1986     0.0137     0.1363                           0.0001
       0.00     0.1988     0.0138     0.1360                           0.0000
       2.00     0.1986     0.0137     0.1363                           0.0001
       4.00     0.1979     0.0137     0.1364                           0.0005
       6.00     0.1967     0.0136     0.1363                           0.0009
       8.00     0.1950     0.0135     0.1360                           0.0013
      10.00     0.1929     0.0133     0.1356                           0.0011

                     CROSS FLOW DRAG PROPORTIONALITY FACTOR = 0.76143

      ALPHA    CN-POTEN  CN-VISC   CN-SEP    CM-POTEN  CM-VISC   CM-SEP    CDC
     -10.00    -0.449    -0.392              -0.046     0.060             0.804
      -8.00    -0.363    -0.248              -0.037     0.038             0.791
      -6.00    -0.274    -0.137              -0.028     0.021             0.778
      -4.00    -0.183    -0.060              -0.019     0.009             0.766
      -2.00    -0.092    -0.015              -0.009     0.002             0.753
       0.00     0.000     0.000               0.000     0.000             0.740
       2.00     0.092     0.015               0.009    -0.002             0.753
       4.00     0.183     0.060               0.019    -0.009             0.766
       6.00     0.274     0.137               0.028    -0.021             0.778
       8.00     0.363     0.248               0.037    -0.038             0.791
      10.00     0.449     0.392               0.046    -0.060             0.804
1         ***** THE USAF AUTOMATED MISSILE DATCOM * REV 3/99 *****     CASE   1
               AERODYNAMIC METHODS FOR MISSILE CONFIGURATIONS          PAGE  17
                        FIN SET 1 CA PARTIAL OUTPUT

       ******* FLIGHT CONDITIONS AND REFERENCE QUANTITIES *******
     MACH NO  =       0.60                REYNOLDS NO = 1.391E+07 /M
     ALTITUDE =        0.0 M         DYNAMIC PRESSURE =  25533.94 N/M**2
     SIDESLIP =       0.00 DEG                   ROLL =      0.00 DEG     
     REF AREA =      0.001 M**2         MOMENT CENTER =     0.250 M
     REF LENGTH =     0.65 M           LAT REF LENGTH =      0.65 M

    SINGLE FIN PANEL ZERO-LIFT AXIAL FORCE COMPONENTS

    SKIN FRICTION        0.0133
    SUBSONIC PRESSURE    0.0011
    TRANSONIC WAVE       0.0000
    SUPERSONIC WAVE      0.0000
    LEADING EDGE         0.0000
    TRAILING EDGE        0.0000
    TOTAL CAO            0.0144

    FIN AXIAL FORCE DUE TO ANGLE OF ATTACK

    ALPHA      CA DUE TO LIFT (SINGLE PANEL)   CA-TOTAL (6 FINS)

     -10.00              0.0000                      0.0851
      -8.00              0.0000                      0.0856
      -6.00              0.0000                      0.0859
      -4.00              0.0000                      0.0862
      -2.00              0.0000                      0.0864
       0.00              0.0000                      0.0864
       2.00              0.0000                      0.0864
       4.00              0.0000                      0.0862
       6.00              0.0000                      0.0859
       8.00              0.0000                      0.0856
      10.00              0.0000                      0.0851
1         ***** THE USAF AUTOMATED MISSILE DATCOM * REV 3/99 *****     CASE   1
               AERODYNAMIC METHODS FOR MISSILE CONFIGURATIONS          PAGE  18
                       FIN SET 1 CN, CM PARTIAL OUTPUT

       ******* FLIGHT CONDITIONS AND REFERENCE QUANTITIES *******
     MACH NO  =       0.60                REYNOLDS NO = 1.391E+07 /M
     ALTITUDE =        0.0 M         DYNAMIC PRESSURE =  25533.94 N/M**2
     SIDESLIP =       0.00 DEG                   ROLL =      0.00 DEG     
     REF AREA =      0.001 M**2         MOMENT CENTER =     0.250 M
     REF LENGTH =     0.65 M           LAT REF LENGTH =      0.65 M

    NORMAL FORCE SLOPE AT ALPHA ZERO, CNA =    0.00486/DEG (1 PANEL)
         CENTER OF PRESSURE FOR LINEAR CN =   -0.39077 (CALIBERS FROM C.G.)
     CENTER OF PRESSURE FOR NON-LINEAR CN =   -0.46154 (CALIBERS FROM C.G.)

      ALPHA      CN        CN        CN        CM        CM        CM
               LINEAR  NON-LINEAR  TOTAL     LINEAR  NON-LINEAR  TOTAL

     -10.00   -0.1439   -0.4250   -0.5689    0.0562    0.1962    0.2524
      -8.00   -0.1157   -0.2726   -0.3883    0.0452    0.1258    0.1710
      -6.00   -0.0871   -0.1536   -0.2407    0.0340    0.0709    0.1049
      -4.00   -0.0582   -0.0684   -0.1266    0.0227    0.0316    0.0543
      -2.00   -0.0291   -0.0171   -0.0462    0.0114    0.0079    0.0193
       0.00    0.0000    0.0000    0.0000    0.0000    0.0000    0.0000
       2.00    0.0291    0.0171    0.0462   -0.0114   -0.0079   -0.0193
       4.00    0.0582    0.0684    0.1266   -0.0227   -0.0316   -0.0543
       6.00    0.0871    0.1536    0.2407   -0.0340   -0.0709   -0.1049
       8.00    0.1157    0.2726    0.3883   -0.0452   -0.1258   -0.1710
      10.00    0.1439    0.4250    0.5689   -0.0562   -0.1962   -0.2524
1         ***** THE USAF AUTOMATED MISSILE DATCOM * REV 3/99 *****     CASE   1
               AERODYNAMIC METHODS FOR MISSILE CONFIGURATIONS          PAGE  19
                 AERODYNAMIC FORCE AND MOMENT SYNTHESIS

       ******* FLIGHT CONDITIONS AND REFERENCE QUANTITIES *******
     MACH NO  =       0.60                REYNOLDS NO = 1.391E+07 /M
     ALTITUDE =        0.0 M         DYNAMIC PRESSURE =  25533.94 N/M**2
     SIDESLIP =       0.00 DEG                   ROLL =      0.00 DEG     
     REF AREA =      0.001 M**2         MOMENT CENTER =     0.250 M
     REF LENGTH =     0.65 M           LAT REF LENGTH =      0.65 M

          ---------------FIN SET 1 IN PRESENCE OF THE BODY----------------

      ALPHA       CN         CM         CA         CY         CLN        CLL

     -10.00    -1.0897     0.4258     0.0864     0.0000     0.0000     0.0000
      -8.00    -0.7747     0.3027     0.0864     0.0000     0.0000     0.0000
      -6.00    -0.4941     0.1931     0.0864     0.0000     0.0000     0.0000
      -4.00    -0.2599     0.1016     0.0864     0.0000     0.0000     0.0000
      -2.00    -0.0898     0.0351     0.0864     0.0000     0.0000     0.0000
       0.00     0.0000     0.0000     0.0864     0.0000     0.0000     0.0000
       2.00     0.0898    -0.0351     0.0864     0.0000     0.0000     0.0000
       4.00     0.2599    -0.1016     0.0864     0.0000     0.0000     0.0000
       6.00     0.4941    -0.1931     0.0864     0.0000     0.0000     0.0000
       8.00     0.7747    -0.3027     0.0864     0.0000     0.0000     0.0000
      10.00     1.0897    -0.4258     0.0864     0.0000     0.0000     0.0000
1         ***** THE USAF AUTOMATED MISSILE DATCOM * REV 3/99 *****     CASE   1
               AERODYNAMIC METHODS FOR MISSILE CONFIGURATIONS          PAGE  20
                 AERODYNAMIC FORCE AND MOMENT SYNTHESIS

       ******* FLIGHT CONDITIONS AND REFERENCE QUANTITIES *******
     MACH NO  =       0.60                REYNOLDS NO = 1.391E+07 /M
     ALTITUDE =        0.0 M         DYNAMIC PRESSURE =  25533.94 N/M**2
     SIDESLIP =       0.00 DEG                   ROLL =      0.00 DEG     
     REF AREA =      0.001 M**2         MOMENT CENTER =     0.250 M
     REF LENGTH =     0.65 M           LAT REF LENGTH =      0.65 M

          ---------------FIN SET 1 PANEL CHARACTERISTICS------------------

      ALPHA      PANEL    AEQ (PANEL AXIS SYS.)    PANEL CN

     -10.00        1              0.0000           0.0000
     -10.00        2            -13.7974          -0.3307
     -10.00        3            -13.0142          -0.2984
     -10.00        4              0.0000           0.0000
     -10.00        5             13.0142           0.2984
     -10.00        6             13.7974           0.3307
 
      -8.00        1              0.0000           0.0000
      -8.00        2            -11.2251          -0.2305
      -8.00        3            -10.8326          -0.2167
      -8.00        4              0.0000           0.0000
      -8.00        5             10.8326           0.2167
      -8.00        6             11.2251           0.2305
 
      -6.00        1              0.0000           0.0000
      -6.00        2             -8.5453          -0.1443
      -6.00        3             -8.4318          -0.1410
      -6.00        4              0.0000           0.0000
      -6.00        5              8.4318           0.1410
      -6.00        6              8.5453           0.1443
 
      -4.00        1              0.0000           0.0000
      -4.00        2             -5.7631          -0.0750
      -4.00        3             -5.7631          -0.0750
      -4.00        4              0.0000           0.0000
      -4.00        5              5.7631           0.0750
      -4.00        6              5.7631           0.0750
 
      -2.00        1              0.0000           0.0000
      -2.00        2             -2.9023          -0.0259
      -2.00        3             -2.9023          -0.0259
      -2.00        4              0.0000           0.0000
      -2.00        5              2.9023           0.0259
      -2.00        6              2.9023           0.0259
 
       0.00        1              0.0000           0.0000
       0.00        2              0.0000           0.0000
       0.00        3              0.0000           0.0000
       0.00        4              0.0000           0.0000
       0.00        5              0.0000           0.0000
       0.00        6              0.0000           0.0000
 
       2.00        1              0.0000           0.0000
       2.00        2              2.9023           0.0259
       2.00        3              2.9023           0.0259
       2.00        4              0.0000           0.0000
       2.00        5             -2.9023          -0.0259
       2.00        6             -2.9023          -0.0259
 
       4.00        1              0.0000           0.0000
       4.00        2              5.7631           0.0750
       4.00        3              5.7631           0.0750
       4.00        4              0.0000           0.0000
       4.00        5             -5.7631          -0.0750
       4.00        6             -5.7631          -0.0750
 
       6.00        1              0.0000           0.0000
       6.00        2              8.4318           0.1410
       6.00        3              8.5453           0.1443
       6.00        4              0.0000           0.0000
       6.00        5             -8.5453          -0.1443
       6.00        6             -8.4318          -0.1410
 
       8.00        1              0.0000           0.0000
       8.00        2             10.8326           0.2167
       8.00        3             11.2251           0.2305
       8.00        4              0.0000           0.0000
       8.00        5            -11.2251          -0.2305
       8.00        6            -10.8326          -0.2167
 
      10.00        1              0.0000           0.0000
      10.00        2             13.0142           0.2984
      10.00        3             13.7974           0.3307
      10.00        4              0.0000           0.0000
      10.00        5            -13.7974          -0.3307
      10.00        6            -13.0142          -0.2984
 
1         ***** THE USAF AUTOMATED MISSILE DATCOM * REV 3/99 *****     CASE   1
               AERODYNAMIC METHODS FOR MISSILE CONFIGURATIONS          PAGE  21
                 AERODYNAMIC FORCE AND MOMENT SYNTHESIS

       ******* FLIGHT CONDITIONS AND REFERENCE QUANTITIES *******
     MACH NO  =       0.60                REYNOLDS NO = 1.391E+07 /M
     ALTITUDE =        0.0 M         DYNAMIC PRESSURE =  25533.94 N/M**2
     SIDESLIP =       0.00 DEG                   ROLL =      0.00 DEG     
     REF AREA =      0.001 M**2         MOMENT CENTER =     0.250 M
     REF LENGTH =     0.65 M           LAT REF LENGTH =      0.65 M

             CARRYOVER INTERFERENCE FACTORS - FIN SET 1

      ALPHA   K-W(B)   K-B(W)  KK-W(B)  KK-B(W)  XCP-W(B) XCP-B(W) Y-CP/(B/2)

     -10.00   1.6234   1.1241   0.9535   0.6600   0.3908   0.3846   0.4221
      -8.00   1.6395   1.1241   0.9535   0.6600   0.3908   0.3846   0.4512
      -6.00   1.6540   1.1241   0.9535   0.6600   0.3908   0.3846   0.4943
      -4.00   1.6666   1.1241   0.9535   0.6600   0.3908   0.3846   0.5368
      -2.00   1.6764   1.1241   0.9535   0.6600   0.3908   0.3846   0.5669
       0.00   1.6818   1.1241   0.9535   0.6600   0.3908   0.3846   0.5829
       2.00   1.6764   1.1241   0.9535   0.6600   0.3908   0.3846   0.5669
       4.00   1.6666   1.1241   0.9535   0.6600   0.3908   0.3846   0.5368
       6.00   1.6540   1.1241   0.9535   0.6600   0.3908   0.3846   0.4963
       8.00   1.6395   1.1241   0.9535   0.6600   0.3908   0.3846   0.4552
      10.00   1.6234   1.1241   0.9535   0.6600   0.3908   0.3846   0.4315

    NOTE - XCP-W(B) USED FOR STABILITY ONLY DIFFERENT VALUES USED FOR HINGE MOMENTS
1         ***** THE USAF AUTOMATED MISSILE DATCOM * REV 3/99 *****     CASE   1
               AERODYNAMIC METHODS FOR MISSILE CONFIGURATIONS          PAGE  22
        FIN SET 1 PANEL BENDING MOMENTS (ABOUT EXPOSED ROOT CHORD)

       ******* FLIGHT CONDITIONS AND REFERENCE QUANTITIES *******
     MACH NO  =       0.60                REYNOLDS NO = 1.391E+07 /M
     ALTITUDE =        0.0 M         DYNAMIC PRESSURE =  25533.94 N/M**2
     SIDESLIP =       0.00 DEG                   ROLL =      0.00 DEG     
     REF AREA =      0.001 M**2         MOMENT CENTER =     0.250 M
     REF LENGTH =     0.65 M           LAT REF LENGTH =      0.65 M

   ALPHA   PANL 1   PANL 2   PANL 3   PANL 4   PANL 5   PANL 6   PANL 7   PANL 8
 
   -10.0  0.00E+00 -2.04E-03 -1.84E-03 -1.13E-10  1.84E-03  2.04E-03
    -8.0  0.00E+00 -1.52E-03 -1.43E-03 -8.40E-11  1.43E-03  1.52E-03
    -6.0  7.24E-13 -1.04E-03 -1.02E-03 -6.78E-11  1.02E-03  1.04E-03
    -4.0  0.00E+00 -5.89E-04 -5.89E-04 -5.15E-11  5.89E-04  5.89E-04
    -2.0  0.00E+00 -2.15E-04 -2.15E-04 -2.73E-11  2.15E-04  2.15E-04
     0.0  0.00E+00  0.00E+00  0.00E+00  0.00E+00  0.00E+00  0.00E+00
     2.0  0.00E+00  2.15E-04  2.15E-04  2.73E-11 -2.15E-04 -2.15E-04
     4.0  0.00E+00  5.89E-04  5.89E-04  5.15E-11 -5.89E-04 -5.89E-04
     6.0  2.91E-12  1.02E-03  1.05E-03  7.17E-11 -1.05E-03 -1.02E-03
     8.0  1.56E-12  1.44E-03  1.53E-03  8.63E-11 -1.53E-03 -1.44E-03
    10.0 -1.37E-11  1.88E-03  2.09E-03  1.02E-10 -2.09E-03 -1.88E-03
1         ***** THE USAF AUTOMATED MISSILE DATCOM * REV 3/99 *****     CASE   1
               AERODYNAMIC METHODS FOR MISSILE CONFIGURATIONS          PAGE  23
            FIN SET 1 PANEL HINGE MOMENTS (ABOUT HINGE LINE)

       ******* FLIGHT CONDITIONS AND REFERENCE QUANTITIES *******
     MACH NO  =       0.60                REYNOLDS NO = 1.391E+07 /M
     ALTITUDE =        0.0 M         DYNAMIC PRESSURE =  25533.94 N/M**2
     SIDESLIP =       0.00 DEG                   ROLL =      0.00 DEG     
     REF AREA =      0.001 M**2         MOMENT CENTER =     0.250 M
     REF LENGTH =     0.65 M           LAT REF LENGTH =      0.65 M

   ALPHA   PANL 1   PANL 2   PANL 3   PANL 4   PANL 5   PANL 6   PANL 7   PANL 8
 
   -10.0  0.00E+00 -4.99E-02 -4.55E-02 -3.06E-09  4.55E-02  4.99E-02
    -8.0  0.00E+00 -3.59E-02 -3.39E-02 -2.13E-09  3.39E-02  3.59E-02
    -6.0  1.68E-11 -2.31E-02 -2.26E-02 -1.57E-09  2.26E-02  2.31E-02
    -4.0  0.00E+00 -1.23E-02 -1.23E-02 -1.10E-09  1.23E-02  1.23E-02
    -2.0  0.00E+00 -4.30E-03 -4.30E-03 -5.51E-10  4.30E-03  4.30E-03
     0.0  0.00E+00  0.00E+00  0.00E+00  0.00E+00  0.00E+00  0.00E+00
     2.0  0.00E+00  4.30E-03  4.30E-03  5.51E-10 -4.30E-03 -4.30E-03
     4.0  0.00E+00  1.23E-02  1.23E-02  1.10E-09 -1.23E-02 -1.23E-02
     6.0  6.70E-11  2.26E-02  2.31E-02  1.65E-09 -2.31E-02 -2.26E-02
     8.0  3.92E-11  3.39E-02  3.59E-02  2.17E-09 -3.59E-02 -3.39E-02
    10.0 -3.64E-10  4.55E-02  4.99E-02  2.69E-09 -4.99E-02 -4.55E-02
1         ***** THE USAF AUTOMATED MISSILE DATCOM * REV 3/99 *****     CASE   1
               AERODYNAMIC METHODS FOR MISSILE CONFIGURATIONS          PAGE  24
                   STATIC AERODYNAMICS FOR BODY-FIN SET 1

       ******* FLIGHT CONDITIONS AND REFERENCE QUANTITIES *******
     MACH NO  =       0.60                REYNOLDS NO = 1.391E+07 /M
     ALTITUDE =        0.0 M         DYNAMIC PRESSURE =  25533.94 N/M**2
     SIDESLIP =       0.00 DEG                   ROLL =      0.00 DEG     
     REF AREA =      0.001 M**2         MOMENT CENTER =     0.250 M
     REF LENGTH =     0.65 M           LAT REF LENGTH =      0.65 M

                   ----- LONGITUDINAL -----     -- LATERAL DIRECTIONAL --
         ALPHA       CN        CM        CA        CY       CLN       CLL

        -10.00    -2.685     0.730     0.429     0.000     0.000     0.000
         -8.00    -1.916     0.508     0.432     0.000     0.000     0.000
         -6.00    -1.241     0.315     0.434     0.000     0.000     0.000
         -4.00    -0.679     0.159     0.435     0.000     0.000     0.000
         -2.00    -0.257     0.051     0.435     0.000     0.000     0.000
          0.00     0.000     0.000     0.435     0.000     0.000     0.000
          2.00     0.257    -0.051     0.435     0.000     0.000     0.000
          4.00     0.679    -0.159     0.435     0.000     0.000     0.000
          6.00     1.241    -0.315     0.434     0.000     0.000     0.000
          8.00     1.916    -0.508     0.432     0.000     0.000     0.000
         10.00     2.685    -0.730     0.429     0.000     0.000     0.000

         ALPHA       CL        CD      CL/CD     X-C.P.

        -10.00    -2.570     0.889    -2.890    -0.272
         -8.00    -1.837     0.695    -2.645    -0.265
         -6.00    -1.189     0.561    -2.118    -0.254
         -4.00    -0.647     0.481    -1.344    -0.235
         -2.00    -0.242     0.444    -0.544    -0.199
          0.00     0.000     0.435     0.000    -0.199
          2.00     0.242     0.444     0.544    -0.199
          4.00     0.647     0.481     1.344    -0.235
          6.00     1.189     0.561     2.118    -0.254
          8.00     1.837     0.695     2.645    -0.265
         10.00     2.570     0.889     2.890    -0.272

    X-C.P. MEAS. FROM MOMENT CENTER IN REF. LENGTHS, NEG. AFT OF MOMENT CENTER
1         ***** THE USAF AUTOMATED MISSILE DATCOM * REV 3/99 *****     CASE   1
               AERODYNAMIC METHODS FOR MISSILE CONFIGURATIONS          PAGE  25
                   STATIC AERODYNAMICS FOR BODY-FIN SET 1

       ******* FLIGHT CONDITIONS AND REFERENCE QUANTITIES *******
     MACH NO  =       0.60                REYNOLDS NO = 1.391E+07 /M
     ALTITUDE =        0.0 M         DYNAMIC PRESSURE =  25533.94 N/M**2
     SIDESLIP =       0.00 DEG                   ROLL =      0.00 DEG     
     REF AREA =      0.001 M**2         MOMENT CENTER =     0.250 M
     REF LENGTH =     0.65 M           LAT REF LENGTH =      0.65 M

                   ---------- DERIVATIVES (PER DEGREE) ----------
         ALPHA       CNA         CMA         CYB         CLNB        CLLB
        -10.00      0.4084     -0.1185     -0.2202      0.0545      0.0001
         -8.00      0.3608     -0.1036     -0.2040      0.0498      0.0000
         -6.00      0.3091     -0.0871     -0.1845      0.0439      0.0000
         -4.00      0.2458     -0.0660     -0.1603      0.0361      0.0000
         -2.00      0.1694     -0.0398     -0.1319      0.0267      0.0000
          0.00      0.1284     -0.0255     -0.1116      0.0194      0.0000
          2.00      0.1694     -0.0398     -0.1319      0.0267      0.0000
          4.00      0.2458     -0.0660     -0.1603      0.0361      0.0000
          6.00      0.3091     -0.0871     -0.1845      0.0439      0.0000
          8.00      0.3608     -0.1036     -0.2040      0.0498      0.0000
         10.00      0.4084     -0.1185     -0.2202      0.0545     -0.0001

    PANEL DEFLECTION ANGLES (DEGREES)
    SET    FIN 1   FIN 2   FIN 3   FIN 4   FIN 5   FIN 6   FIN 7   FIN 8
      1    0.00    0.00    0.00    0.00    0.00    0.00
1         ***** THE USAF AUTOMATED MISSILE DATCOM * REV 3/99 *****     CASE   1
               AERODYNAMIC METHODS FOR MISSILE CONFIGURATIONS          PAGE  26
                             BODY ALONE PARTIAL OUTPUT

       ******* FLIGHT CONDITIONS AND REFERENCE QUANTITIES *******
     MACH NO  =       0.90                REYNOLDS NO = 2.087E+07 /M
     ALTITUDE =        0.0 M         DYNAMIC PRESSURE =  57451.37 N/M**2
     SIDESLIP =       0.00 DEG                   ROLL =      0.00 DEG     
     REF AREA =      0.001 M**2         MOMENT CENTER =     0.250 M
     REF LENGTH =     0.65 M           LAT REF LENGTH =      0.65 M

      ALPHA    CA-FRIC  CA-PRES/WAVE CA-BASE    CA-PROT     CA-SEP     CA-ALP
     -10.00     0.1756     0.0411     0.1315                           0.0012
      -8.00     0.1775     0.0415     0.1319                           0.0014
      -6.00     0.1791     0.0419     0.1322                           0.0010
      -4.00     0.1802     0.0422     0.1323                           0.0005
      -2.00     0.1808     0.0423     0.1322                           0.0001
       0.00     0.1810     0.0424     0.1320                           0.0000
       2.00     0.1808     0.0423     0.1322                           0.0001
       4.00     0.1802     0.0422     0.1323                           0.0005
       6.00     0.1791     0.0419     0.1322                           0.0010
       8.00     0.1775     0.0415     0.1319                           0.0014
      10.00     0.1756     0.0411     0.1315                           0.0012

                     CROSS FLOW DRAG PROPORTIONALITY FACTOR = 0.76387

      ALPHA    CN-POTEN  CN-VISC   CN-SEP    CM-POTEN  CM-VISC   CM-SEP    CDC
     -10.00    -0.461    -0.408              -0.041     0.062             0.836
      -8.00    -0.372    -0.256              -0.033     0.039             0.817
      -6.00    -0.281    -0.141              -0.025     0.022             0.798
      -4.00    -0.188    -0.061              -0.017     0.009             0.778
      -2.00    -0.094    -0.015              -0.008     0.002             0.759
       0.00     0.000     0.000               0.000     0.000             0.740
       2.00     0.094     0.015               0.008    -0.002             0.759
       4.00     0.188     0.061               0.017    -0.009             0.778
       6.00     0.281     0.141               0.025    -0.022             0.798
       8.00     0.372     0.256               0.033    -0.039             0.817
      10.00     0.461     0.408               0.041    -0.062             0.836
1         ***** THE USAF AUTOMATED MISSILE DATCOM * REV 3/99 *****     CASE   1
               AERODYNAMIC METHODS FOR MISSILE CONFIGURATIONS          PAGE  27
                        FIN SET 1 CA PARTIAL OUTPUT

       ******* FLIGHT CONDITIONS AND REFERENCE QUANTITIES *******
     MACH NO  =       0.90                REYNOLDS NO = 2.087E+07 /M
     ALTITUDE =        0.0 M         DYNAMIC PRESSURE =  57451.37 N/M**2
     SIDESLIP =       0.00 DEG                   ROLL =      0.00 DEG     
     REF AREA =      0.001 M**2         MOMENT CENTER =     0.250 M
     REF LENGTH =     0.65 M           LAT REF LENGTH =      0.65 M

    SINGLE FIN PANEL ZERO-LIFT AXIAL FORCE COMPONENTS

    SKIN FRICTION        0.0121
    SUBSONIC PRESSURE    0.0010
    TRANSONIC WAVE       0.0144
    SUPERSONIC WAVE      0.0000
    LEADING EDGE         0.0000
    TRAILING EDGE        0.0000
    TOTAL CAO            0.0275

    FIN AXIAL FORCE DUE TO ANGLE OF ATTACK

    ALPHA      CA DUE TO LIFT (SINGLE PANEL)   CA-TOTAL (6 FINS)

     -10.00              0.0000                      0.1625
      -8.00              0.0000                      0.1634
      -6.00              0.0000                      0.1641
      -4.00              0.0000                      0.1646
      -2.00              0.0000                      0.1649
       0.00              0.0000                      0.1650
       2.00              0.0000                      0.1649
       4.00              0.0000                      0.1646
       6.00              0.0000                      0.1641
       8.00              0.0000                      0.1634
      10.00              0.0000                      0.1625
1         ***** THE USAF AUTOMATED MISSILE DATCOM * REV 3/99 *****     CASE   1
               AERODYNAMIC METHODS FOR MISSILE CONFIGURATIONS          PAGE  28
                       FIN SET 1 CN, CM PARTIAL OUTPUT

       ******* FLIGHT CONDITIONS AND REFERENCE QUANTITIES *******
     MACH NO  =       0.90                REYNOLDS NO = 2.087E+07 /M
     ALTITUDE =        0.0 M         DYNAMIC PRESSURE =  57451.37 N/M**2
     SIDESLIP =       0.00 DEG                   ROLL =      0.00 DEG     
     REF AREA =      0.001 M**2         MOMENT CENTER =     0.250 M
     REF LENGTH =     0.65 M           LAT REF LENGTH =      0.65 M

    NORMAL FORCE SLOPE AT ALPHA ZERO, CNA =    0.00485/DEG (1 PANEL)
         CENTER OF PRESSURE FOR LINEAR CN =   -0.39077 (CALIBERS FROM C.G.)
     CENTER OF PRESSURE FOR NON-LINEAR CN =   -0.46154 (CALIBERS FROM C.G.)

      ALPHA      CN        CN        CN        CM        CM        CM
               LINEAR  NON-LINEAR  TOTAL     LINEAR  NON-LINEAR  TOTAL

     -10.00   -0.1435   -0.2926   -0.4362    0.0561    0.1351    0.1912
      -8.00   -0.1154   -0.1878   -0.3032    0.0451    0.0867    0.1318
      -6.00   -0.0868   -0.1059   -0.1927    0.0339    0.0489    0.0828
      -4.00   -0.0580   -0.0471   -0.1052    0.0227    0.0217    0.0444
      -2.00   -0.0291   -0.0118   -0.0409    0.0114    0.0054    0.0168
       0.00    0.0000    0.0000    0.0000    0.0000    0.0000    0.0000
       2.00    0.0291    0.0118    0.0409   -0.0114   -0.0054   -0.0168
       4.00    0.0580    0.0471    0.1052   -0.0227   -0.0217   -0.0444
       6.00    0.0868    0.1059    0.1927   -0.0339   -0.0489   -0.0828
       8.00    0.1154    0.1878    0.3032   -0.0451   -0.0867   -0.1318
      10.00    0.1435    0.2926    0.4362   -0.0561   -0.1351   -0.1912
1         ***** THE USAF AUTOMATED MISSILE DATCOM * REV 3/99 *****     CASE   1
               AERODYNAMIC METHODS FOR MISSILE CONFIGURATIONS          PAGE  29
                 AERODYNAMIC FORCE AND MOMENT SYNTHESIS

       ******* FLIGHT CONDITIONS AND REFERENCE QUANTITIES *******
     MACH NO  =       0.90                REYNOLDS NO = 2.087E+07 /M
     ALTITUDE =        0.0 M         DYNAMIC PRESSURE =  57451.37 N/M**2
     SIDESLIP =       0.00 DEG                   ROLL =      0.00 DEG     
     REF AREA =      0.001 M**2         MOMENT CENTER =     0.250 M
     REF LENGTH =     0.65 M           LAT REF LENGTH =      0.65 M

          ---------------FIN SET 1 IN PRESENCE OF THE BODY----------------

      ALPHA       CN         CM         CA         CY         CLN        CLL

     -10.00    -0.8152     0.3185     0.1650     0.0000     0.0000     0.0000
      -8.00    -0.5886     0.2300     0.1650     0.0000     0.0000     0.0000
      -6.00    -0.3837     0.1500     0.1650     0.0000     0.0000     0.0000
      -4.00    -0.2088     0.0816     0.1650     0.0000     0.0000     0.0000
      -2.00    -0.0769     0.0301     0.1650     0.0000     0.0000     0.0000
       0.00     0.0000     0.0000     0.1650     0.0000     0.0000     0.0000
       2.00     0.0769    -0.0301     0.1650     0.0000     0.0000     0.0000
       4.00     0.2088    -0.0816     0.1650     0.0000     0.0000     0.0000
       6.00     0.3837    -0.1500     0.1650     0.0000     0.0000     0.0000
       8.00     0.5886    -0.2300     0.1650     0.0000     0.0000     0.0000
      10.00     0.8152    -0.3185     0.1650     0.0000     0.0000     0.0000
1         ***** THE USAF AUTOMATED MISSILE DATCOM * REV 3/99 *****     CASE   1
               AERODYNAMIC METHODS FOR MISSILE CONFIGURATIONS          PAGE  30
                 AERODYNAMIC FORCE AND MOMENT SYNTHESIS

       ******* FLIGHT CONDITIONS AND REFERENCE QUANTITIES *******
     MACH NO  =       0.90                REYNOLDS NO = 2.087E+07 /M
     ALTITUDE =        0.0 M         DYNAMIC PRESSURE =  57451.37 N/M**2
     SIDESLIP =       0.00 DEG                   ROLL =      0.00 DEG     
     REF AREA =      0.001 M**2         MOMENT CENTER =     0.250 M
     REF LENGTH =     0.65 M           LAT REF LENGTH =      0.65 M

          ---------------FIN SET 1 PANEL CHARACTERISTICS------------------

      ALPHA      PANEL    AEQ (PANEL AXIS SYS.)    PANEL CN

     -10.00        1              0.0000           0.0000
     -10.00        2            -13.7995          -0.2474
     -10.00        3            -12.9851          -0.2233
     -10.00        4              0.0000           0.0000
     -10.00        5             12.9851           0.2233
     -10.00        6             13.7995           0.2474
 
      -8.00        1              0.0000           0.0000
      -8.00        2            -11.2274          -0.1751
      -8.00        3            -10.8222          -0.1647
      -8.00        4              0.0000           0.0000
      -8.00        5             10.8222           0.1647
      -8.00        6             11.2274           0.1751
 
      -6.00        1              0.0000           0.0000
      -6.00        2             -8.5470          -0.1120
      -6.00        3             -8.4307          -0.1096
      -6.00        4              0.0000           0.0000
      -6.00        5              8.4307           0.1096
      -6.00        6              8.5470           0.1120
 
      -4.00        1              0.0000           0.0000
      -4.00        2             -5.7638          -0.0603
      -4.00        3             -5.7638          -0.0603
      -4.00        4              0.0000           0.0000
      -4.00        5              5.7638           0.0603
      -4.00        6              5.7638           0.0603
 
      -2.00        1              0.0000           0.0000
      -2.00        2             -2.9025          -0.0222
      -2.00        3             -2.9025          -0.0222
      -2.00        4              0.0000           0.0000
      -2.00        5              2.9025           0.0222
      -2.00        6              2.9025           0.0222
 
       0.00        1              0.0000           0.0000
       0.00        2              0.0000           0.0000
       0.00        3              0.0000           0.0000
       0.00        4              0.0000           0.0000
       0.00        5              0.0000           0.0000
       0.00        6              0.0000           0.0000
 
       2.00        1              0.0000           0.0000
       2.00        2              2.9025           0.0222
       2.00        3              2.9025           0.0222
       2.00        4              0.0000           0.0000
       2.00        5             -2.9025          -0.0222
       2.00        6             -2.9025          -0.0222
 
       4.00        1              0.0000           0.0000
       4.00        2              5.7638           0.0603
       4.00        3              5.7638           0.0603
       4.00        4              0.0000           0.0000
       4.00        5             -5.7638          -0.0603
       4.00        6             -5.7638          -0.0603
 
       6.00        1              0.0000           0.0000
       6.00        2              8.4307           0.1096
       6.00        3              8.5470           0.1120
       6.00        4              0.0000           0.0000
       6.00        5             -8.5470          -0.1120
       6.00        6             -8.4307          -0.1096
 
       8.00        1              0.0000           0.0000
       8.00        2             10.8222           0.1647
       8.00        3             11.2274           0.1751
       8.00        4              0.0000           0.0000
       8.00        5            -11.2274          -0.1751
       8.00        6            -10.8222          -0.1647
 
      10.00        1              0.0000           0.0000
      10.00        2             12.9851           0.2233
      10.00        3             13.7995           0.2474
      10.00        4              0.0000           0.0000
      10.00        5            -13.7995          -0.2474
      10.00        6            -12.9851          -0.2233
 
1         ***** THE USAF AUTOMATED MISSILE DATCOM * REV 3/99 *****     CASE   1
               AERODYNAMIC METHODS FOR MISSILE CONFIGURATIONS          PAGE  31
                 AERODYNAMIC FORCE AND MOMENT SYNTHESIS

       ******* FLIGHT CONDITIONS AND REFERENCE QUANTITIES *******
     MACH NO  =       0.90                REYNOLDS NO = 2.087E+07 /M
     ALTITUDE =        0.0 M         DYNAMIC PRESSURE =  57451.37 N/M**2
     SIDESLIP =       0.00 DEG                   ROLL =      0.00 DEG     
     REF AREA =      0.001 M**2         MOMENT CENTER =     0.250 M
     REF LENGTH =     0.65 M           LAT REF LENGTH =      0.65 M

             CARRYOVER INTERFERENCE FACTORS - FIN SET 1

      ALPHA   K-W(B)   K-B(W)  KK-W(B)  KK-B(W)  XCP-W(B) XCP-B(W) Y-CP/(B/2)

     -10.00   1.6243   1.1241   0.9535   0.6600   0.3908   0.3846   0.4420
      -8.00   1.6402   1.1241   0.9535   0.6600   0.3908   0.3846   0.4538
      -6.00   1.6545   1.1241   0.9535   0.6600   0.3908   0.3846   0.4655
      -4.00   1.6668   1.1241   0.9535   0.6600   0.3908   0.3846   0.4751
      -2.00   1.6765   1.1241   0.9535   0.6600   0.3908   0.3846   0.4822
       0.00   1.6818   1.1241   0.9535   0.6600   0.3908   0.3846   0.4863
       2.00   1.6765   1.1241   0.9535   0.6600   0.3908   0.3846   0.4822
       4.00   1.6668   1.1241   0.9535   0.6600   0.3908   0.3846   0.4751
       6.00   1.6545   1.1241   0.9535   0.6600   0.3908   0.3846   0.4660
       8.00   1.6402   1.1241   0.9535   0.6600   0.3908   0.3846   0.4557
      10.00   1.6243   1.1241   0.9535   0.6600   0.3908   0.3846   0.4457

    NOTE - XCP-W(B) USED FOR STABILITY ONLY DIFFERENT VALUES USED FOR HINGE MOMENTS
1         ***** THE USAF AUTOMATED MISSILE DATCOM * REV 3/99 *****     CASE   1
               AERODYNAMIC METHODS FOR MISSILE CONFIGURATIONS          PAGE  32
        FIN SET 1 PANEL BENDING MOMENTS (ABOUT EXPOSED ROOT CHORD)

       ******* FLIGHT CONDITIONS AND REFERENCE QUANTITIES *******
     MACH NO  =       0.90                REYNOLDS NO = 2.087E+07 /M
     ALTITUDE =        0.0 M         DYNAMIC PRESSURE =  57451.37 N/M**2
     SIDESLIP =       0.00 DEG                   ROLL =      0.00 DEG     
     REF AREA =      0.001 M**2         MOMENT CENTER =     0.250 M
     REF LENGTH =     0.65 M           LAT REF LENGTH =      0.65 M

   ALPHA   PANL 1   PANL 2   PANL 3   PANL 4   PANL 5   PANL 6   PANL 7   PANL 8
 
   -10.0  0.00E+00 -1.60E-03 -1.44E-03 -1.09E-10  1.44E-03  1.60E-03
    -8.0  0.00E+00 -1.16E-03 -1.09E-03 -7.76E-11  1.09E-03  1.16E-03
    -6.0  6.42E-13 -7.62E-04 -7.45E-04 -5.87E-11  7.45E-04  7.62E-04
    -4.0  0.00E+00 -4.19E-04 -4.19E-04 -4.19E-11  4.19E-04  4.19E-04
    -2.0  0.00E+00 -1.57E-04 -1.57E-04 -2.13E-11  1.57E-04  1.57E-04
     0.0  0.00E+00  0.00E+00  0.00E+00  0.00E+00  0.00E+00  0.00E+00
     2.0  0.00E+00  1.57E-04  1.57E-04  2.13E-11 -1.57E-04 -1.57E-04
     4.0  0.00E+00  4.19E-04  4.19E-04  4.19E-11 -4.19E-04 -4.19E-04
     6.0  2.57E-12  7.46E-04  7.63E-04  6.19E-11 -7.63E-04 -7.46E-04
     8.0  1.48E-12  1.10E-03  1.17E-03  7.94E-11 -1.17E-03 -1.10E-03
    10.0 -1.36E-11  1.45E-03  1.61E-03  9.65E-11 -1.61E-03 -1.45E-03
1         ***** THE USAF AUTOMATED MISSILE DATCOM * REV 3/99 *****     CASE   1
               AERODYNAMIC METHODS FOR MISSILE CONFIGURATIONS          PAGE  33
            FIN SET 1 PANEL HINGE MOMENTS (ABOUT HINGE LINE)

       ******* FLIGHT CONDITIONS AND REFERENCE QUANTITIES *******
     MACH NO  =       0.90                REYNOLDS NO = 2.087E+07 /M
     ALTITUDE =        0.0 M         DYNAMIC PRESSURE =  57451.37 N/M**2
     SIDESLIP =       0.00 DEG                   ROLL =      0.00 DEG     
     REF AREA =      0.001 M**2         MOMENT CENTER =     0.250 M
     REF LENGTH =     0.65 M           LAT REF LENGTH =      0.65 M

   ALPHA   PANL 1   PANL 2   PANL 3   PANL 4   PANL 5   PANL 6   PANL 7   PANL 8
 
   -10.0  0.00E+00 -3.82E-02 -3.47E-02 -2.78E-09  3.47E-02  3.82E-02
    -8.0  0.00E+00 -2.75E-02 -2.60E-02 -1.92E-09  2.60E-02  2.75E-02
    -6.0  1.55E-11 -1.79E-02 -1.75E-02 -1.42E-09  1.75E-02  1.79E-02
    -4.0  0.00E+00 -9.76E-03 -9.76E-03 -9.91E-10  9.76E-03  9.76E-03
    -2.0  0.00E+00 -3.63E-03 -3.63E-03 -4.98E-10  3.63E-03  3.63E-03
     0.0  0.00E+00  0.00E+00  0.00E+00  0.00E+00  0.00E+00  0.00E+00
     2.0  0.00E+00  3.63E-03  3.63E-03  4.98E-10 -3.63E-03 -3.63E-03
     4.0  0.00E+00  9.76E-03  9.76E-03  9.91E-10 -9.76E-03 -9.76E-03
     6.0  6.21E-11  1.75E-02  1.79E-02  1.49E-09 -1.79E-02 -1.75E-02
     8.0  3.65E-11  2.60E-02  2.75E-02  1.96E-09 -2.75E-02 -2.60E-02
    10.0 -3.42E-10  3.47E-02  3.82E-02  2.44E-09 -3.82E-02 -3.47E-02
1         ***** THE USAF AUTOMATED MISSILE DATCOM * REV 3/99 *****     CASE   1
               AERODYNAMIC METHODS FOR MISSILE CONFIGURATIONS          PAGE  34
                   STATIC AERODYNAMICS FOR BODY-FIN SET 1

       ******* FLIGHT CONDITIONS AND REFERENCE QUANTITIES *******
     MACH NO  =       0.90                REYNOLDS NO = 2.087E+07 /M
     ALTITUDE =        0.0 M         DYNAMIC PRESSURE =  57451.37 N/M**2
     SIDESLIP =       0.00 DEG                   ROLL =      0.00 DEG     
     REF AREA =      0.001 M**2         MOMENT CENTER =     0.250 M
     REF LENGTH =     0.65 M           LAT REF LENGTH =      0.65 M

                   ----- LONGITUDINAL -----     -- LATERAL DIRECTIONAL --
         ALPHA       CN        CM        CA        CY       CLN       CLL

        -10.00    -2.249     0.557     0.514     0.000     0.000     0.000
         -8.00    -1.621     0.391     0.517     0.000     0.000     0.000
         -6.00    -1.067     0.247     0.519     0.000     0.000     0.000
         -4.00    -0.599     0.128     0.520     0.000     0.000     0.000
         -2.00    -0.238     0.044     0.520     0.000     0.000     0.000
          0.00     0.000     0.000     0.520     0.000     0.000     0.000
          2.00     0.238    -0.044     0.520     0.000     0.000     0.000
          4.00     0.599    -0.128     0.520     0.000     0.000     0.000
          6.00     1.067    -0.247     0.519     0.000     0.000     0.000
          8.00     1.621    -0.391     0.517     0.000     0.000     0.000
         10.00     2.249    -0.557     0.514     0.000     0.000     0.000

         ALPHA       CL        CD      CL/CD     X-C.P.

        -10.00    -2.126     0.897    -2.369    -0.248
         -8.00    -1.533     0.738    -2.078    -0.241
         -6.00    -1.007     0.628    -1.604    -0.231
         -4.00    -0.562     0.561    -1.002    -0.214
         -2.00    -0.220     0.528    -0.416    -0.184
          0.00     0.000     0.520     0.000    -0.184
          2.00     0.220     0.528     0.416    -0.184
          4.00     0.562     0.561     1.002    -0.214
          6.00     1.007     0.628     1.604    -0.231
          8.00     1.533     0.738     2.078    -0.241
         10.00     2.126     0.897     2.369    -0.248

    X-C.P. MEAS. FROM MOMENT CENTER IN REF. LENGTHS, NEG. AFT OF MOMENT CENTER
1         ***** THE USAF AUTOMATED MISSILE DATCOM * REV 3/99 *****     CASE   1
               AERODYNAMIC METHODS FOR MISSILE CONFIGURATIONS          PAGE  35
                   STATIC AERODYNAMICS FOR BODY-FIN SET 1

       ******* FLIGHT CONDITIONS AND REFERENCE QUANTITIES *******
     MACH NO  =       0.90                REYNOLDS NO = 2.087E+07 /M
     ALTITUDE =        0.0 M         DYNAMIC PRESSURE =  57451.37 N/M**2
     SIDESLIP =       0.00 DEG                   ROLL =      0.00 DEG     
     REF AREA =      0.001 M**2         MOMENT CENTER =     0.250 M
     REF LENGTH =     0.65 M           LAT REF LENGTH =      0.65 M

                   ---------- DERIVATIVES (PER DEGREE) ----------
         ALPHA       CNA         CMA         CYB         CLNB        CLLB
        -10.00      0.3329     -0.0881     -0.1870      0.0413      0.0000
         -8.00      0.2955     -0.0775     -0.1759      0.0387      0.0000
         -6.00      0.2552     -0.0657     -0.1617      0.0349      0.0000
         -4.00      0.2071     -0.0508     -0.1435      0.0296      0.0000
         -2.00      0.1497     -0.0321     -0.1217      0.0228      0.0000
          0.00      0.1190     -0.0219     -0.1068      0.0176      0.0000
          2.00      0.1497     -0.0321     -0.1217      0.0228      0.0000
          4.00      0.2071     -0.0508     -0.1435      0.0296      0.0000
          6.00      0.2552     -0.0657     -0.1617      0.0349      0.0000
          8.00      0.2955     -0.0775     -0.1759      0.0387      0.0000
         10.00      0.3329     -0.0881     -0.1870      0.0413      0.0000

    PANEL DEFLECTION ANGLES (DEGREES)
    SET    FIN 1   FIN 2   FIN 3   FIN 4   FIN 5   FIN 6   FIN 7   FIN 8
      1    0.00    0.00    0.00    0.00    0.00    0.00
1         ***** THE USAF AUTOMATED MISSILE DATCOM * REV 3/99 *****     CASE   1
               AERODYNAMIC METHODS FOR MISSILE CONFIGURATIONS          PAGE  36
                             BODY ALONE PARTIAL OUTPUT

       ******* FLIGHT CONDITIONS AND REFERENCE QUANTITIES *******
     MACH NO  =       1.10                REYNOLDS NO = 2.550E+07 /M
     ALTITUDE =        0.0 M         DYNAMIC PRESSURE =  85822.41 N/M**2
     SIDESLIP =       0.00 DEG                   ROLL =      0.00 DEG     
     REF AREA =      0.001 M**2         MOMENT CENTER =     0.250 M
     REF LENGTH =     0.65 M           LAT REF LENGTH =      0.65 M

      ALPHA    CA-FRIC  CA-PRES/WAVE CA-BASE    CA-PROT     CA-SEP     CA-ALP
     -10.00     0.1661     0.1222     0.2013                           0.0019
      -8.00     0.1679     0.1235     0.2021                           0.0019
      -6.00     0.1694     0.1246     0.2027                           0.0014
      -4.00     0.1704     0.1253     0.2031                           0.0007
      -2.00     0.1710     0.1258     0.2032                           0.0002
       0.00     0.1712     0.1260     0.2030                           0.0000
       2.00     0.1710     0.1258     0.2032                           0.0002
       4.00     0.1704     0.1253     0.2031                           0.0007
       6.00     0.1694     0.1246     0.2027                           0.0014
       8.00     0.1679     0.1235     0.2021                           0.0019
      10.00     0.1661     0.1222     0.2013                           0.0019

                     CROSS FLOW DRAG PROPORTIONALITY FACTOR = 0.97277

      ALPHA    CN-POTEN  CN-VISC   CN-SEP    CM-POTEN  CM-VISC   CM-SEP    CDC
     -10.00    -0.505    -0.533              -0.037     0.081             0.857
      -8.00    -0.407    -0.333              -0.030     0.051             0.834
      -6.00    -0.308    -0.183              -0.022     0.028             0.810
      -4.00    -0.206    -0.079              -0.015     0.012             0.787
      -2.00    -0.103    -0.019              -0.008     0.003             0.764
       0.00     0.000     0.000               0.000     0.000             0.740
       2.00     0.103     0.019               0.008    -0.003             0.764
       4.00     0.206     0.079               0.015    -0.012             0.787
       6.00     0.308     0.183               0.022    -0.028             0.810
       8.00     0.407     0.333               0.030    -0.051             0.834
      10.00     0.505     0.533               0.037    -0.081             0.857
1         ***** THE USAF AUTOMATED MISSILE DATCOM * REV 3/99 *****     CASE   1
               AERODYNAMIC METHODS FOR MISSILE CONFIGURATIONS          PAGE  37
                        FIN SET 1 CA PARTIAL OUTPUT

       ******* FLIGHT CONDITIONS AND REFERENCE QUANTITIES *******
     MACH NO  =       1.10                REYNOLDS NO = 2.550E+07 /M
     ALTITUDE =        0.0 M         DYNAMIC PRESSURE =  85822.41 N/M**2
     SIDESLIP =       0.00 DEG                   ROLL =      0.00 DEG     
     REF AREA =      0.001 M**2         MOMENT CENTER =     0.250 M
     REF LENGTH =     0.65 M           LAT REF LENGTH =      0.65 M

    SINGLE FIN PANEL ZERO-LIFT AXIAL FORCE COMPONENTS

    SKIN FRICTION        0.0114
    SUBSONIC PRESSURE    0.0005
    TRANSONIC WAVE       0.0000
    SUPERSONIC WAVE      0.0260
    LEADING EDGE         0.0000
    TRAILING EDGE        0.0000
    TOTAL CAO            0.0379

    FIN AXIAL FORCE DUE TO ANGLE OF ATTACK

    ALPHA      CA DUE TO LIFT (SINGLE PANEL)   CA-TOTAL (6 FINS)

     -10.00              0.0000                      0.2237
      -8.00              0.0000                      0.2250
      -6.00              0.0000                      0.2260
      -4.00              0.0000                      0.2266
      -2.00              0.0000                      0.2271
       0.00              0.0000                      0.2272
       2.00              0.0000                      0.2271
       4.00              0.0000                      0.2266
       6.00              0.0000                      0.2260
       8.00              0.0000                      0.2250
      10.00              0.0000                      0.2237
1         ***** THE USAF AUTOMATED MISSILE DATCOM * REV 3/99 *****     CASE   1
               AERODYNAMIC METHODS FOR MISSILE CONFIGURATIONS          PAGE  38
                       FIN SET 1 CN, CM PARTIAL OUTPUT

       ******* FLIGHT CONDITIONS AND REFERENCE QUANTITIES *******
     MACH NO  =       1.10                REYNOLDS NO = 2.550E+07 /M
     ALTITUDE =        0.0 M         DYNAMIC PRESSURE =  85822.41 N/M**2
     SIDESLIP =       0.00 DEG                   ROLL =      0.00 DEG     
     REF AREA =      0.001 M**2         MOMENT CENTER =     0.250 M
     REF LENGTH =     0.65 M           LAT REF LENGTH =      0.65 M

    NORMAL FORCE SLOPE AT ALPHA ZERO, CNA =    0.00492/DEG (1 PANEL)
         CENTER OF PRESSURE FOR LINEAR CN =   -0.46769 (CALIBERS FROM C.G.)
     CENTER OF PRESSURE FOR NON-LINEAR CN =   -0.46154 (CALIBERS FROM C.G.)

      ALPHA      CN        CN        CN        CM        CM        CM
               LINEAR  NON-LINEAR  TOTAL     LINEAR  NON-LINEAR  TOTAL

     -10.00   -0.1457   -0.2083   -0.3539    0.0681    0.0961    0.1642
      -8.00   -0.1171   -0.1338   -0.2509    0.0548    0.0617    0.1165
      -6.00   -0.0881   -0.0755   -0.1636    0.0412    0.0348    0.0760
      -4.00   -0.0589   -0.0336   -0.0925    0.0275    0.0155    0.0430
      -2.00   -0.0295   -0.0084   -0.0379    0.0138    0.0039    0.0177
       0.00    0.0000    0.0000    0.0000    0.0000    0.0000    0.0000
       2.00    0.0295    0.0084    0.0379   -0.0138   -0.0039   -0.0177
       4.00    0.0589    0.0336    0.0925   -0.0275   -0.0155   -0.0430
       6.00    0.0881    0.0755    0.1636   -0.0412   -0.0348   -0.0760
       8.00    0.1171    0.1338    0.2509   -0.0548   -0.0617   -0.1165
      10.00    0.1457    0.2083    0.3539   -0.0681   -0.0961   -0.1642
1         ***** THE USAF AUTOMATED MISSILE DATCOM * REV 3/99 *****     CASE   1
               AERODYNAMIC METHODS FOR MISSILE CONFIGURATIONS          PAGE  39
                 AERODYNAMIC FORCE AND MOMENT SYNTHESIS

       ******* FLIGHT CONDITIONS AND REFERENCE QUANTITIES *******
     MACH NO  =       1.10                REYNOLDS NO = 2.550E+07 /M
     ALTITUDE =        0.0 M         DYNAMIC PRESSURE =  85822.41 N/M**2
     SIDESLIP =       0.00 DEG                   ROLL =      0.00 DEG     
     REF AREA =      0.001 M**2         MOMENT CENTER =     0.250 M
     REF LENGTH =     0.65 M           LAT REF LENGTH =      0.65 M

          ---------------FIN SET 1 IN PRESENCE OF THE BODY----------------

      ALPHA       CN         CM         CA         CY         CLN        CLL

     -10.00    -0.6386     0.2987     0.2272     0.0000     0.0000     0.0000
      -8.00    -0.4702     0.2199     0.2272     0.0000     0.0000     0.0000
      -6.00    -0.3145     0.1471     0.2272     0.0000     0.0000     0.0000
      -4.00    -0.1775     0.0830     0.2272     0.0000     0.0000     0.0000
      -2.00    -0.0695     0.0325     0.2272     0.0000     0.0000     0.0000
       0.00     0.0000     0.0000     0.2272     0.0000     0.0000     0.0000
       2.00     0.0695    -0.0325     0.2272     0.0000     0.0000     0.0000
       4.00     0.1775    -0.0830     0.2272     0.0000     0.0000     0.0000
       6.00     0.3145    -0.1471     0.2272     0.0000     0.0000     0.0000
       8.00     0.4702    -0.2199     0.2272     0.0000     0.0000     0.0000
      10.00     0.6386    -0.2987     0.2272     0.0000     0.0000     0.0000
1         ***** THE USAF AUTOMATED MISSILE DATCOM * REV 3/99 *****     CASE   1
               AERODYNAMIC METHODS FOR MISSILE CONFIGURATIONS          PAGE  40
                 AERODYNAMIC FORCE AND MOMENT SYNTHESIS

       ******* FLIGHT CONDITIONS AND REFERENCE QUANTITIES *******
     MACH NO  =       1.10                REYNOLDS NO = 2.550E+07 /M
     ALTITUDE =        0.0 M         DYNAMIC PRESSURE =  85822.41 N/M**2
     SIDESLIP =       0.00 DEG                   ROLL =      0.00 DEG     
     REF AREA =      0.001 M**2         MOMENT CENTER =     0.250 M
     REF LENGTH =     0.65 M           LAT REF LENGTH =      0.65 M

          ---------------FIN SET 1 PANEL CHARACTERISTICS------------------

      ALPHA      PANEL    AEQ (PANEL AXIS SYS.)    PANEL CN

     -10.00        1              0.0000           0.0000
     -10.00        2            -13.7315          -0.1937
     -10.00        3            -12.8908          -0.1750
     -10.00        4              0.0000           0.0000
     -10.00        5             12.8908           0.1750
     -10.00        6             13.7315           0.1937
 
      -8.00        1              0.0000           0.0000
      -8.00        2            -11.1874          -0.1398
      -8.00        3            -10.7700          -0.1317
      -8.00        4              0.0000           0.0000
      -8.00        5             10.7700           0.1317
      -8.00        6             11.1874           0.1398
 
      -6.00        1              0.0000           0.0000
      -6.00        2             -8.5273          -0.0918
      -6.00        3             -8.4075          -0.0898
      -6.00        4              0.0000           0.0000
      -6.00        5              8.4075           0.0898
      -6.00        6              8.5273           0.0918
 
      -4.00        1              0.0000           0.0000
      -4.00        2             -5.7566          -0.0513
      -4.00        3             -5.7566          -0.0513
      -4.00        4              0.0000           0.0000
      -4.00        5              5.7566           0.0513
      -4.00        6              5.7566           0.0513
 
      -2.00        1              0.0000           0.0000
      -2.00        2             -2.9011          -0.0201
      -2.00        3             -2.9011          -0.0201
      -2.00        4              0.0000           0.0000
      -2.00        5              2.9011           0.0201
      -2.00        6              2.9011           0.0201
 
       0.00        1              0.0000           0.0000
       0.00        2              0.0000           0.0000
       0.00        3              0.0000           0.0000
       0.00        4              0.0000           0.0000
       0.00        5              0.0000           0.0000
       0.00        6              0.0000           0.0000
 
       2.00        1              0.0000           0.0000
       2.00        2              2.9011           0.0201
       2.00        3              2.9011           0.0201
       2.00        4              0.0000           0.0000
       2.00        5             -2.9011          -0.0201
       2.00        6             -2.9011          -0.0201
 
       4.00        1              0.0000           0.0000
       4.00        2              5.7566           0.0513
       4.00        3              5.7566           0.0513
       4.00        4              0.0000           0.0000
       4.00        5             -5.7566          -0.0513
       4.00        6             -5.7566          -0.0513
 
       6.00        1              0.0000           0.0000
       6.00        2              8.4075           0.0898
       6.00        3              8.5273           0.0918
       6.00        4              0.0000           0.0000
       6.00        5             -8.5273          -0.0918
       6.00        6             -8.4075          -0.0898
 
       8.00        1              0.0000           0.0000
       8.00        2             10.7700           0.1317
       8.00        3             11.1874           0.1398
       8.00        4              0.0000           0.0000
       8.00        5            -11.1874          -0.1398
       8.00        6            -10.7700          -0.1317
 
      10.00        1              0.0000           0.0000
      10.00        2             12.8908           0.1750
      10.00        3             13.7315           0.1937
      10.00        4              0.0000           0.0000
      10.00        5            -13.7315          -0.1937
      10.00        6            -12.8908          -0.1750
 
1         ***** THE USAF AUTOMATED MISSILE DATCOM * REV 3/99 *****     CASE   1
               AERODYNAMIC METHODS FOR MISSILE CONFIGURATIONS          PAGE  41
                 AERODYNAMIC FORCE AND MOMENT SYNTHESIS

       ******* FLIGHT CONDITIONS AND REFERENCE QUANTITIES *******
     MACH NO  =       1.10                REYNOLDS NO = 2.550E+07 /M
     ALTITUDE =        0.0 M         DYNAMIC PRESSURE =  85822.41 N/M**2
     SIDESLIP =       0.00 DEG                   ROLL =      0.00 DEG     
     REF AREA =      0.001 M**2         MOMENT CENTER =     0.250 M
     REF LENGTH =     0.65 M           LAT REF LENGTH =      0.65 M

             CARRYOVER INTERFERENCE FACTORS - FIN SET 1

      ALPHA   K-W(B)   K-B(W)  KK-W(B)  KK-B(W)  XCP-W(B) XCP-B(W) Y-CP/(B/2)

     -10.00   1.6165   1.1241   0.9535   0.6600   0.4677   0.3846   0.4383
      -8.00   1.6344   1.1241   0.9535   0.6600   0.4677   0.3846   0.4463
      -6.00   1.6507   1.1241   0.9535   0.6600   0.4677   0.3846   0.4534
      -4.00   1.6647   1.1241   0.9535   0.6600   0.4677   0.3846   0.4595
      -2.00   1.6757   1.1241   0.9535   0.6600   0.4677   0.3846   0.4641
       0.00   1.6818   1.1241   0.9535   0.6600   0.4677   0.3846   0.4671
       2.00   1.6757   1.1241   0.9535   0.6600   0.4677   0.3846   0.4641
       4.00   1.6647   1.1241   0.9535   0.6600   0.4677   0.3846   0.4595
       6.00   1.6507   1.1241   0.9535   0.6600   0.4677   0.3846   0.4537
       8.00   1.6344   1.1241   0.9535   0.6600   0.4677   0.3846   0.4475
      10.00   1.6165   1.1241   0.9535   0.6600   0.4677   0.3846   0.4411

    NOTE - XCP-W(B) USED FOR STABILITY ONLY DIFFERENT VALUES USED FOR HINGE MOMENTS
1         ***** THE USAF AUTOMATED MISSILE DATCOM * REV 3/99 *****     CASE   1
               AERODYNAMIC METHODS FOR MISSILE CONFIGURATIONS          PAGE  42
        FIN SET 1 PANEL BENDING MOMENTS (ABOUT EXPOSED ROOT CHORD)

       ******* FLIGHT CONDITIONS AND REFERENCE QUANTITIES *******
     MACH NO  =       1.10                REYNOLDS NO = 2.550E+07 /M
     ALTITUDE =        0.0 M         DYNAMIC PRESSURE =  85822.41 N/M**2
     SIDESLIP =       0.00 DEG                   ROLL =      0.00 DEG     
     REF AREA =      0.001 M**2         MOMENT CENTER =     0.250 M
     REF LENGTH =     0.65 M           LAT REF LENGTH =      0.65 M

   ALPHA   PANL 1   PANL 2   PANL 3   PANL 4   PANL 5   PANL 6   PANL 7   PANL 8
 
   -10.0  0.00E+00 -1.24E-03 -1.12E-03 -1.03E-10  1.12E-03  1.24E-03
    -8.0  0.00E+00 -9.12E-04 -8.59E-04 -7.16E-11  8.59E-04  9.12E-04
    -6.0  0.00E+00 -6.08E-04 -5.95E-04 -5.47E-11  5.95E-04  6.08E-04
    -4.0  0.00E+00 -3.44E-04 -3.44E-04 -3.87E-11  3.44E-04  3.44E-04
    -2.0  0.00E+00 -1.36E-04 -1.36E-04 -1.97E-11  1.36E-04  1.36E-04
     0.0  0.00E+00  0.00E+00  0.00E+00  0.00E+00  0.00E+00  0.00E+00
     2.0  0.00E+00  1.36E-04  1.36E-04  1.97E-11 -1.36E-04 -1.36E-04
     4.0  0.00E+00  3.44E-04  3.44E-04  3.87E-11 -3.44E-04 -3.44E-04
     6.0  2.25E-12  5.96E-04  6.08E-04  5.70E-11 -6.08E-04 -5.96E-04
     8.0  2.69E-12  8.61E-04  9.14E-04  7.44E-11 -9.14E-04 -8.61E-04
    10.0 -1.26E-11  1.13E-03  1.25E-03  9.10E-11 -1.25E-03 -1.13E-03
1         ***** THE USAF AUTOMATED MISSILE DATCOM * REV 3/99 *****     CASE   1
               AERODYNAMIC METHODS FOR MISSILE CONFIGURATIONS          PAGE  43
            FIN SET 1 PANEL HINGE MOMENTS (ABOUT HINGE LINE)

       ******* FLIGHT CONDITIONS AND REFERENCE QUANTITIES *******
     MACH NO  =       1.10                REYNOLDS NO = 2.550E+07 /M
     ALTITUDE =        0.0 M         DYNAMIC PRESSURE =  85822.41 N/M**2
     SIDESLIP =       0.00 DEG                   ROLL =      0.00 DEG     
     REF AREA =      0.001 M**2         MOMENT CENTER =     0.250 M
     REF LENGTH =     0.65 M           LAT REF LENGTH =      0.65 M

   ALPHA   PANL 1   PANL 2   PANL 3   PANL 4   PANL 5   PANL 6   PANL 7   PANL 8
 
   -10.0  0.00E+00 -2.94E-02 -2.67E-02 -2.54E-09  2.67E-02  2.94E-02
    -8.0  0.00E+00 -2.15E-02 -2.02E-02 -1.73E-09  2.02E-02  2.15E-02
    -6.0  0.00E+00 -1.42E-02 -1.39E-02 -1.31E-09  1.39E-02  1.42E-02
    -4.0  0.00E+00 -8.02E-03 -8.02E-03 -9.12E-10  8.02E-03  8.02E-03
    -2.0  0.00E+00 -3.16E-03 -3.16E-03 -4.58E-10  3.16E-03  3.16E-03
     0.0  0.00E+00  0.00E+00  0.00E+00  0.00E+00  0.00E+00  0.00E+00
     2.0  0.00E+00  3.16E-03  3.16E-03  4.58E-10 -3.16E-03 -3.16E-03
     4.0  0.00E+00  8.02E-03  8.02E-03  9.12E-10 -8.02E-03 -8.02E-03
     6.0  5.37E-11  1.39E-02  1.42E-02  1.36E-09 -1.42E-02 -1.39E-02
     8.0  6.51E-11  2.02E-02  2.15E-02  1.80E-09 -2.15E-02 -2.02E-02
    10.0 -3.09E-10  2.67E-02  2.94E-02  2.23E-09 -2.94E-02 -2.67E-02
1         ***** THE USAF AUTOMATED MISSILE DATCOM * REV 3/99 *****     CASE   1
               AERODYNAMIC METHODS FOR MISSILE CONFIGURATIONS          PAGE  44
                   STATIC AERODYNAMICS FOR BODY-FIN SET 1

       ******* FLIGHT CONDITIONS AND REFERENCE QUANTITIES *******
     MACH NO  =       1.10                REYNOLDS NO = 2.550E+07 /M
     ALTITUDE =        0.0 M         DYNAMIC PRESSURE =  85822.41 N/M**2
     SIDESLIP =       0.00 DEG                   ROLL =      0.00 DEG     
     REF AREA =      0.001 M**2         MOMENT CENTER =     0.250 M
     REF LENGTH =     0.65 M           LAT REF LENGTH =      0.65 M

                   ----- LONGITUDINAL -----     -- LATERAL DIRECTIONAL --
         ALPHA       CN        CM        CA        CY       CLN       CLL

        -10.00    -2.121     0.514     0.719     0.000     0.000     0.000
         -8.00    -1.534     0.365     0.723     0.000     0.000     0.000
         -6.00    -1.019     0.235     0.725     0.000     0.000     0.000
         -4.00    -0.583     0.126     0.727     0.000     0.000     0.000
         -2.00    -0.239     0.046     0.727     0.000     0.000     0.000
          0.00     0.000     0.000     0.727     0.000     0.000     0.000
          2.00     0.239    -0.046     0.727     0.000     0.000     0.000
          4.00     0.583    -0.126     0.727     0.000     0.000     0.000
          6.00     1.019    -0.235     0.725     0.000     0.000     0.000
          8.00     1.534    -0.365     0.723     0.000     0.000     0.000
         10.00     2.121    -0.514     0.719     0.000     0.000     0.000

         ALPHA       CL        CD      CL/CD     X-C.P.

        -10.00    -1.964     1.076    -1.825    -0.242
         -8.00    -1.419     0.929    -1.527    -0.238
         -6.00    -0.938     0.828    -1.133    -0.231
         -4.00    -0.530     0.766    -0.693    -0.217
         -2.00    -0.213     0.735    -0.290    -0.192
          0.00     0.000     0.727     0.000    -0.192
          2.00     0.213     0.735     0.290    -0.192
          4.00     0.530     0.766     0.693    -0.217
          6.00     0.938     0.828     1.133    -0.231
          8.00     1.419     0.929     1.527    -0.238
         10.00     1.964     1.076     1.825    -0.242

    X-C.P. MEAS. FROM MOMENT CENTER IN REF. LENGTHS, NEG. AFT OF MOMENT CENTER
1         ***** THE USAF AUTOMATED MISSILE DATCOM * REV 3/99 *****     CASE   1
               AERODYNAMIC METHODS FOR MISSILE CONFIGURATIONS          PAGE  45
                   STATIC AERODYNAMICS FOR BODY-FIN SET 1

       ******* FLIGHT CONDITIONS AND REFERENCE QUANTITIES *******
     MACH NO  =       1.10                REYNOLDS NO = 2.550E+07 /M
     ALTITUDE =        0.0 M         DYNAMIC PRESSURE =  85822.41 N/M**2
     SIDESLIP =       0.00 DEG                   ROLL =      0.00 DEG     
     REF AREA =      0.001 M**2         MOMENT CENTER =     0.250 M
     REF LENGTH =     0.65 M           LAT REF LENGTH =      0.65 M

                   ---------- DERIVATIVES (PER DEGREE) ----------
         ALPHA       CNA         CMA         CYB         CLNB        CLLB
        -10.00      0.3112     -0.0788     -0.1821      0.0387     -0.0001
         -8.00      0.2754     -0.0698     -0.1713      0.0369      0.0000
         -6.00      0.2379     -0.0598     -0.1580      0.0340      0.0000
         -4.00      0.1950     -0.0473     -0.1413      0.0295      0.0000
         -2.00      0.1455     -0.0315     -0.1217      0.0236      0.0000
          0.00      0.1193     -0.0229     -0.1095      0.0194      0.0000
          2.00      0.1455     -0.0315     -0.1217      0.0236      0.0000
          4.00      0.1950     -0.0473     -0.1413      0.0295      0.0000
          6.00      0.2379     -0.0598     -0.1580      0.0340      0.0000
          8.00      0.2754     -0.0698     -0.1713      0.0369      0.0000
         10.00      0.3112     -0.0788     -0.1821      0.0387      0.0001

    PANEL DEFLECTION ANGLES (DEGREES)
    SET    FIN 1   FIN 2   FIN 3   FIN 4   FIN 5   FIN 6   FIN 7   FIN 8
      1    0.00    0.00    0.00    0.00    0.00    0.00
1         ***** THE USAF AUTOMATED MISSILE DATCOM * REV 3/99 *****     CASE   1
               AERODYNAMIC METHODS FOR MISSILE CONFIGURATIONS          PAGE  46
                             BODY ALONE PARTIAL OUTPUT

       ******* FLIGHT CONDITIONS AND REFERENCE QUANTITIES *******
     MACH NO  =       1.40                REYNOLDS NO = 3.246E+07 /M
     ALTITUDE =        0.0 M         DYNAMIC PRESSURE = 139018.12 N/M**2
     SIDESLIP =       0.00 DEG                   ROLL =      0.00 DEG     
     REF AREA =      0.001 M**2         MOMENT CENTER =     0.250 M
     REF LENGTH =     0.65 M           LAT REF LENGTH =      0.65 M

      ALPHA    CA-FRIC  CA-PRES/WAVE CA-BASE    CA-PROT     CA-SEP     CA-ALP
     -10.00     0.1534     0.1328     0.1806                           0.0000
      -8.00     0.1551     0.1332     0.1816                           0.0000
      -6.00     0.1565     0.1335     0.1824                           0.0000
      -4.00     0.1574     0.1337     0.1829                           0.0000
      -2.00     0.1580     0.1338     0.1833                           0.0000
       0.00     0.1582     0.1338     0.1834                           0.0000
       2.00     0.1580     0.1338     0.1833                           0.0000
       4.00     0.1574     0.1337     0.1829                           0.0000
       6.00     0.1565     0.1335     0.1824                           0.0000
       8.00     0.1551     0.1332     0.1816                           0.0000
      10.00     0.1534     0.1328     0.1806                           0.0000

                     CROSS FLOW DRAG PROPORTIONALITY FACTOR = 1.00000

      ALPHA    CN-POTEN  CN-VISC   CN-SEP    CM-POTEN  CM-VISC   CM-SEP    CDC
     -10.00    -0.374    -0.591              -0.107     0.090             0.923
      -8.00    -0.302    -0.353              -0.086     0.054             0.859
      -6.00    -0.228    -0.192              -0.065     0.029             0.830
      -4.00    -0.153    -0.083              -0.044     0.013             0.800
      -2.00    -0.077    -0.020              -0.022     0.003             0.770
       0.00     0.000     0.000               0.000     0.000             0.740
       2.00     0.077     0.020               0.022    -0.003             0.770
       4.00     0.153     0.083               0.044    -0.013             0.800
       6.00     0.228     0.192               0.065    -0.029             0.830
       8.00     0.302     0.353               0.086    -0.054             0.859
      10.00     0.374     0.591               0.107    -0.090             0.923
1         ***** THE USAF AUTOMATED MISSILE DATCOM * REV 3/99 *****     CASE   1
               AERODYNAMIC METHODS FOR MISSILE CONFIGURATIONS          PAGE  47
                        FIN SET 1 CA PARTIAL OUTPUT

       ******* FLIGHT CONDITIONS AND REFERENCE QUANTITIES *******
     MACH NO  =       1.40                REYNOLDS NO = 3.246E+07 /M
     ALTITUDE =        0.0 M         DYNAMIC PRESSURE = 139018.12 N/M**2
     SIDESLIP =       0.00 DEG                   ROLL =      0.00 DEG     
     REF AREA =      0.001 M**2         MOMENT CENTER =     0.250 M
     REF LENGTH =     0.65 M           LAT REF LENGTH =      0.65 M

    SINGLE FIN PANEL ZERO-LIFT AXIAL FORCE COMPONENTS

    SKIN FRICTION        0.0105
    SUBSONIC PRESSURE    0.0000
    TRANSONIC WAVE       0.0000
    SUPERSONIC WAVE      0.0133
    LEADING EDGE         0.0000
    TRAILING EDGE        0.0000
    TOTAL CAO            0.0238

    FIN AXIAL FORCE DUE TO ANGLE OF ATTACK

    ALPHA      CA DUE TO LIFT (SINGLE PANEL)   CA-TOTAL (6 FINS)

     -10.00              0.0000                      0.1409
      -8.00              0.0000                      0.1417
      -6.00              0.0000                      0.1423
      -4.00              0.0000                      0.1427
      -2.00              0.0000                      0.1430
       0.00              0.0000                      0.1431
       2.00              0.0000                      0.1430
       4.00              0.0000                      0.1427
       6.00              0.0000                      0.1423
       8.00              0.0000                      0.1417
      10.00              0.0000                      0.1409
1         ***** THE USAF AUTOMATED MISSILE DATCOM * REV 3/99 *****     CASE   1
               AERODYNAMIC METHODS FOR MISSILE CONFIGURATIONS          PAGE  48
                       FIN SET 1 CN, CM PARTIAL OUTPUT

       ******* FLIGHT CONDITIONS AND REFERENCE QUANTITIES *******
     MACH NO  =       1.40                REYNOLDS NO = 3.246E+07 /M
     ALTITUDE =        0.0 M         DYNAMIC PRESSURE = 139018.12 N/M**2
     SIDESLIP =       0.00 DEG                   ROLL =      0.00 DEG     
     REF AREA =      0.001 M**2         MOMENT CENTER =     0.250 M
     REF LENGTH =     0.65 M           LAT REF LENGTH =      0.65 M

    NORMAL FORCE SLOPE AT ALPHA ZERO, CNA =    0.02636/DEG (1 PANEL)
         CENTER OF PRESSURE FOR LINEAR CN =   -0.46769 (CALIBERS FROM C.G.)
     CENTER OF PRESSURE FOR NON-LINEAR CN =   -0.46154 (CALIBERS FROM C.G.)

      ALPHA      CN        CN        CN        CM        CM        CM
               LINEAR  NON-LINEAR  TOTAL     LINEAR  NON-LINEAR  TOTAL

     -10.00   -0.7807   -0.4027   -1.1834    0.3651    0.1858    0.5510
      -8.00   -0.6275   -0.2599   -0.8874    0.2935    0.1200    0.4134
      -6.00   -0.4723   -0.1470   -0.6194    0.2209    0.0679    0.2888
      -4.00   -0.3157   -0.0654   -0.3811    0.1476    0.0302    0.1778
      -2.00   -0.1581   -0.0164   -0.1745    0.0739    0.0076    0.0815
       0.00    0.0000    0.0000    0.0000    0.0000    0.0000    0.0000
       2.00    0.1581    0.0164    0.1745   -0.0739   -0.0076   -0.0815
       4.00    0.3157    0.0654    0.3811   -0.1476   -0.0302   -0.1778
       6.00    0.4723    0.1470    0.6194   -0.2209   -0.0679   -0.2888
       8.00    0.6275    0.2599    0.8874   -0.2935   -0.1200   -0.4134
      10.00    0.7807    0.4027    1.1834   -0.3651   -0.1858   -0.5510
1         ***** THE USAF AUTOMATED MISSILE DATCOM * REV 3/99 *****     CASE   1
               AERODYNAMIC METHODS FOR MISSILE CONFIGURATIONS          PAGE  49
                 AERODYNAMIC FORCE AND MOMENT SYNTHESIS

       ******* FLIGHT CONDITIONS AND REFERENCE QUANTITIES *******
     MACH NO  =       1.40                REYNOLDS NO = 3.246E+07 /M
     ALTITUDE =        0.0 M         DYNAMIC PRESSURE = 139018.12 N/M**2
     SIDESLIP =       0.00 DEG                   ROLL =      0.00 DEG     
     REF AREA =      0.001 M**2         MOMENT CENTER =     0.250 M
     REF LENGTH =     0.65 M           LAT REF LENGTH =      0.65 M

          ---------------FIN SET 1 IN PRESENCE OF THE BODY----------------

      ALPHA       CN         CM         CA         CY         CLN        CLL

     -10.00    -1.9396     0.9071     0.1431     0.0000     0.0000     0.0000
      -8.00    -1.5150     0.7086     0.1431     0.0000     0.0000     0.0000
      -6.00    -1.0886     0.5091     0.1431     0.0000     0.0000     0.0000
      -4.00    -0.6763     0.3163     0.1431     0.0000     0.0000     0.0000
      -2.00    -0.3034     0.1419     0.1431     0.0000     0.0000     0.0000
       0.00     0.0000     0.0000     0.1431     0.0000     0.0000     0.0000
       2.00     0.3034    -0.1419     0.1431     0.0000     0.0000     0.0000
       4.00     0.6763    -0.3163     0.1431     0.0000     0.0000     0.0000
       6.00     1.0886    -0.5091     0.1431     0.0000     0.0000     0.0000
       8.00     1.5150    -0.7086     0.1431     0.0000     0.0000     0.0000
      10.00     1.9396    -0.9071     0.1431     0.0000     0.0000     0.0000
1         ***** THE USAF AUTOMATED MISSILE DATCOM * REV 3/99 *****     CASE   1
               AERODYNAMIC METHODS FOR MISSILE CONFIGURATIONS          PAGE  50
                 AERODYNAMIC FORCE AND MOMENT SYNTHESIS

       ******* FLIGHT CONDITIONS AND REFERENCE QUANTITIES *******
     MACH NO  =       1.40                REYNOLDS NO = 3.246E+07 /M
     ALTITUDE =        0.0 M         DYNAMIC PRESSURE = 139018.12 N/M**2
     SIDESLIP =       0.00 DEG                   ROLL =      0.00 DEG     
     REF AREA =      0.001 M**2         MOMENT CENTER =     0.250 M
     REF LENGTH =     0.65 M           LAT REF LENGTH =      0.65 M

          ---------------FIN SET 1 PANEL CHARACTERISTICS------------------

      ALPHA      PANEL    AEQ (PANEL AXIS SYS.)    PANEL CN

     -10.00        1              0.0000           0.0000
     -10.00        2            -13.6000          -0.5860
     -10.00        3            -12.6763          -0.5338
     -10.00        4              0.0000           0.0000
     -10.00        5             12.6763           0.5338
     -10.00        6             13.6000           0.5860
 
      -8.00        1              0.0000           0.0000
      -8.00        2            -11.1128          -0.4489
      -8.00        3            -10.6706          -0.4258
      -8.00        4              0.0000           0.0000
      -8.00        5             10.6706           0.4258
      -8.00        6             11.1128           0.4489
 
      -6.00        1              0.0000           0.0000
      -6.00        2             -8.4900          -0.3173
      -6.00        3             -8.3624          -0.3112
      -6.00        4              0.0000           0.0000
      -6.00        5              8.3624           0.3112
      -6.00        6              8.4900           0.3173
 
      -4.00        1              0.0000           0.0000
      -4.00        2             -5.7429          -0.1952
      -4.00        3             -5.7429          -0.1952
      -4.00        4              0.0000           0.0000
      -4.00        5              5.7429           0.1952
      -4.00        6              5.7429           0.1952
 
      -2.00        1              0.0000           0.0000
      -2.00        2             -2.8987          -0.0876
      -2.00        3             -2.8987          -0.0876
      -2.00        4              0.0000           0.0000
      -2.00        5              2.8987           0.0876
      -2.00        6              2.8987           0.0876
 
       0.00        1              0.0000           0.0000
       0.00        2              0.0000           0.0000
       0.00        3              0.0000           0.0000
       0.00        4              0.0000           0.0000
       0.00        5              0.0000           0.0000
       0.00        6              0.0000           0.0000
 
       2.00        1              0.0000           0.0000
       2.00        2              2.8987           0.0876
       2.00        3              2.8987           0.0876
       2.00        4              0.0000           0.0000
       2.00        5             -2.8987          -0.0876
       2.00        6             -2.8987          -0.0876
 
       4.00        1              0.0000           0.0000
       4.00        2              5.7429           0.1952
       4.00        3              5.7429           0.1952
       4.00        4              0.0000           0.0000
       4.00        5             -5.7429          -0.1952
       4.00        6             -5.7429          -0.1952
 
       6.00        1              0.0000           0.0000
       6.00        2              8.3624           0.3112
       6.00        3              8.4900           0.3173
       6.00        4              0.0000           0.0000
       6.00        5             -8.4900          -0.3173
       6.00        6             -8.3624          -0.3112
 
       8.00        1              0.0000           0.0000
       8.00        2             10.6706           0.4258
       8.00        3             11.1128           0.4489
       8.00        4              0.0000           0.0000
       8.00        5            -11.1128          -0.4489
       8.00        6            -10.6706          -0.4258
 
      10.00        1              0.0000           0.0000
      10.00        2             12.6763           0.5338
      10.00        3             13.6000           0.5860
      10.00        4              0.0000           0.0000
      10.00        5            -13.6000          -0.5860
      10.00        6            -12.6763          -0.5338
 
1         ***** THE USAF AUTOMATED MISSILE DATCOM * REV 3/99 *****     CASE   1
               AERODYNAMIC METHODS FOR MISSILE CONFIGURATIONS          PAGE  51
                 AERODYNAMIC FORCE AND MOMENT SYNTHESIS

       ******* FLIGHT CONDITIONS AND REFERENCE QUANTITIES *******
     MACH NO  =       1.40                REYNOLDS NO = 3.246E+07 /M
     ALTITUDE =        0.0 M         DYNAMIC PRESSURE = 139018.12 N/M**2
     SIDESLIP =       0.00 DEG                   ROLL =      0.00 DEG     
     REF AREA =      0.001 M**2         MOMENT CENTER =     0.250 M
     REF LENGTH =     0.65 M           LAT REF LENGTH =      0.65 M

             CARRYOVER INTERFERENCE FACTORS - FIN SET 1

      ALPHA   K-W(B)   K-B(W)  KK-W(B)  KK-B(W)  XCP-W(B) XCP-B(W) Y-CP/(B/2)

     -10.00   1.6020   1.1241   0.9535   0.6600   0.4677   0.3846   0.4016
      -8.00   1.6237   1.1241   0.9535   0.6600   0.4677   0.3846   0.3813
      -6.00   1.6435   1.1241   0.9535   0.6600   0.4677   0.3846   0.3849
      -4.00   1.6607   1.1241   0.9535   0.6600   0.4677   0.3846   0.4016
      -2.00   1.6743   1.1241   0.9535   0.6600   0.4677   0.3846   0.4319
       0.00   1.6818   1.1241   0.9535   0.6600   0.4677   0.3846   0.4566
       2.00   1.6743   1.1241   0.9535   0.6600   0.4677   0.3846   0.4319
       4.00   1.6607   1.1241   0.9535   0.6600   0.4677   0.3846   0.4016
       6.00   1.6435   1.1241   0.9535   0.6600   0.4677   0.3846   0.3857
       8.00   1.6237   1.1241   0.9535   0.6600   0.4677   0.3846   0.3779
      10.00   1.6020   1.1241   0.9535   0.6600   0.4677   0.3846   0.3939

    NOTE - XCP-W(B) USED FOR STABILITY ONLY DIFFERENT VALUES USED FOR HINGE MOMENTS
1         ***** THE USAF AUTOMATED MISSILE DATCOM * REV 3/99 *****     CASE   1
               AERODYNAMIC METHODS FOR MISSILE CONFIGURATIONS          PAGE  52
        FIN SET 1 PANEL BENDING MOMENTS (ABOUT EXPOSED ROOT CHORD)

       ******* FLIGHT CONDITIONS AND REFERENCE QUANTITIES *******
     MACH NO  =       1.40                REYNOLDS NO = 3.246E+07 /M
     ALTITUDE =        0.0 M         DYNAMIC PRESSURE = 139018.12 N/M**2
     SIDESLIP =       0.00 DEG                   ROLL =      0.00 DEG     
     REF AREA =      0.001 M**2         MOMENT CENTER =     0.250 M
     REF LENGTH =     0.65 M           LAT REF LENGTH =      0.65 M

   ALPHA   PANL 1   PANL 2   PANL 3   PANL 4   PANL 5   PANL 6   PANL 7   PANL 8
 
   -10.0 -1.93E-11 -3.44E-03 -3.13E-03 -4.10E-10  3.13E-03  3.44E-03
    -8.0  0.00E+00 -2.50E-03 -2.37E-03 -3.00E-10  2.37E-03  2.50E-03
    -6.0  0.00E+00 -1.78E-03 -1.75E-03 -2.27E-10  1.75E-03  1.78E-03
    -4.0  0.00E+00 -1.15E-03 -1.15E-03 -1.65E-10  1.15E-03  1.15E-03
    -2.0  0.00E+00 -5.53E-04 -5.53E-04 -8.92E-11  5.53E-04  5.53E-04
     0.0  0.00E+00  0.00E+00  0.00E+00  0.00E+00  0.00E+00  0.00E+00
     2.0  0.00E+00  5.53E-04  5.53E-04  8.92E-11 -5.53E-04 -5.53E-04
     4.0  0.00E+00  1.15E-03  1.15E-03  1.65E-10 -1.15E-03 -1.15E-03
     6.0  7.64E-12  1.75E-03  1.79E-03  2.35E-10 -1.79E-03 -1.75E-03
     8.0  7.36E-12  2.35E-03  2.48E-03  3.05E-10 -2.48E-03 -2.35E-03
    10.0 -9.49E-12  3.07E-03  3.37E-03  3.74E-10 -3.37E-03 -3.07E-03
1         ***** THE USAF AUTOMATED MISSILE DATCOM * REV 3/99 *****     CASE   1
               AERODYNAMIC METHODS FOR MISSILE CONFIGURATIONS          PAGE  53
            FIN SET 1 PANEL HINGE MOMENTS (ABOUT HINGE LINE)

       ******* FLIGHT CONDITIONS AND REFERENCE QUANTITIES *******
     MACH NO  =       1.40                REYNOLDS NO = 3.246E+07 /M
     ALTITUDE =        0.0 M         DYNAMIC PRESSURE = 139018.12 N/M**2
     SIDESLIP =       0.00 DEG                   ROLL =      0.00 DEG     
     REF AREA =      0.001 M**2         MOMENT CENTER =     0.250 M
     REF LENGTH =     0.65 M           LAT REF LENGTH =      0.65 M

   ALPHA   PANL 1   PANL 2   PANL 3   PANL 4   PANL 5   PANL 6   PANL 7   PANL 8
 
   -10.0 -4.96E-10 -7.87E-02 -7.24E-02 -1.05E-08  7.24E-02  7.87E-02
    -8.0  0.00E+00 -6.20E-02 -5.91E-02 -8.10E-09  5.91E-02  6.20E-02
    -6.0  0.00E+00 -4.50E-02 -4.42E-02 -6.08E-09  4.42E-02  4.50E-02
    -4.0  0.00E+00 -2.83E-02 -2.83E-02 -4.23E-09  2.83E-02  2.83E-02
    -2.0  0.00E+00 -1.30E-02 -1.30E-02 -2.13E-09  1.30E-02  1.30E-02
     0.0  0.00E+00  0.00E+00  0.00E+00  0.00E+00  0.00E+00  0.00E+00
     2.0  0.00E+00  1.30E-02  1.30E-02  2.13E-09 -1.30E-02 -1.30E-02
     4.0  0.00E+00  2.83E-02  2.83E-02  4.23E-09 -2.83E-02 -2.83E-02
     6.0  2.04E-10  4.42E-02  4.50E-02  6.29E-09 -4.50E-02 -4.42E-02
     8.0  2.01E-10  5.91E-02  6.20E-02  8.31E-09 -6.20E-02 -5.91E-02
    10.0 -2.48E-10  7.24E-02  7.87E-02  9.78E-09 -7.87E-02 -7.24E-02
1         ***** THE USAF AUTOMATED MISSILE DATCOM * REV 3/99 *****     CASE   1
               AERODYNAMIC METHODS FOR MISSILE CONFIGURATIONS          PAGE  54
                   STATIC AERODYNAMICS FOR BODY-FIN SET 1

       ******* FLIGHT CONDITIONS AND REFERENCE QUANTITIES *******
     MACH NO  =       1.40                REYNOLDS NO = 3.246E+07 /M
     ALTITUDE =        0.0 M         DYNAMIC PRESSURE = 139018.12 N/M**2
     SIDESLIP =       0.00 DEG                   ROLL =      0.00 DEG     
     REF AREA =      0.001 M**2         MOMENT CENTER =     0.250 M
     REF LENGTH =     0.65 M           LAT REF LENGTH =      0.65 M

                   ----- LONGITUDINAL -----     -- LATERAL DIRECTIONAL --
         ALPHA       CN        CM        CA        CY       CLN       CLL

        -10.00    -4.265     1.414     0.610     0.000     0.000     0.000
         -8.00    -3.219     1.080     0.613     0.000     0.000     0.000
         -6.00    -2.253     0.760     0.615     0.000     0.000     0.000
         -4.00    -1.369     0.461     0.617     0.000     0.000     0.000
         -2.00    -0.604     0.201     0.618     0.000     0.000     0.000
          0.00     0.000     0.000     0.618     0.000     0.000     0.000
          2.00     0.604    -0.201     0.618     0.000     0.000     0.000
          4.00     1.369    -0.461     0.617     0.000     0.000     0.000
          6.00     2.253    -0.760     0.615     0.000     0.000     0.000
          8.00     3.219    -1.080     0.613     0.000     0.000     0.000
         10.00     4.265    -1.414     0.610     0.000     0.000     0.000

         ALPHA       CL        CD      CL/CD     X-C.P.

        -10.00    -4.095     1.341    -3.053    -0.332
         -8.00    -3.102     1.055    -2.940    -0.335
         -6.00    -2.177     0.848    -2.568    -0.337
         -4.00    -1.323     0.711    -1.860    -0.337
         -2.00    -0.582     0.639    -0.910    -0.334
          0.00     0.000     0.618     0.000    -0.334
          2.00     0.582     0.639     0.910    -0.334
          4.00     1.323     0.711     1.860    -0.337
          6.00     2.177     0.848     2.568    -0.337
          8.00     3.102     1.055     2.940    -0.335
         10.00     4.095     1.341     3.053    -0.332

    X-C.P. MEAS. FROM MOMENT CENTER IN REF. LENGTHS, NEG. AFT OF MOMENT CENTER
1         ***** THE USAF AUTOMATED MISSILE DATCOM * REV 3/99 *****     CASE   1
               AERODYNAMIC METHODS FOR MISSILE CONFIGURATIONS          PAGE  55
                   STATIC AERODYNAMICS FOR BODY-FIN SET 1

       ******* FLIGHT CONDITIONS AND REFERENCE QUANTITIES *******
     MACH NO  =       1.40                REYNOLDS NO = 3.246E+07 /M
     ALTITUDE =        0.0 M         DYNAMIC PRESSURE = 139018.12 N/M**2
     SIDESLIP =       0.00 DEG                   ROLL =      0.00 DEG     
     REF AREA =      0.001 M**2         MOMENT CENTER =     0.250 M
     REF LENGTH =     0.65 M           LAT REF LENGTH =      0.65 M

                   ---------- DERIVATIVES (PER DEGREE) ----------
         ALPHA       CNA         CMA         CYB         CLNB        CLLB
        -10.00      0.5437     -0.1708     -0.3394      0.1040     -0.0006
         -8.00      0.5028     -0.1636     -0.3489      0.1119     -0.0003
         -6.00      0.4622     -0.1546     -0.3484      0.1148     -0.0001
         -4.00      0.4121     -0.1396     -0.3330      0.1111      0.0000
         -2.00      0.3418     -0.1153     -0.3053      0.1019      0.0000
          0.00      0.3018     -0.1007     -0.2855      0.0944      0.0000
          2.00      0.3418     -0.1153     -0.3053      0.1019      0.0000
          4.00      0.4121     -0.1396     -0.3330      0.1111      0.0000
          6.00      0.4622     -0.1546     -0.3484      0.1148      0.0001
          8.00      0.5028     -0.1636     -0.3489      0.1119      0.0003
         10.00      0.5437     -0.1708     -0.3394      0.1040      0.0006

    PANEL DEFLECTION ANGLES (DEGREES)
    SET    FIN 1   FIN 2   FIN 3   FIN 4   FIN 5   FIN 6   FIN 7   FIN 8
      1    0.00    0.00    0.00    0.00    0.00    0.00

    BODY ALONE LINEAR DATA GENERATED FROM VAN DYKE HYBRID THEORY

1         ***** THE USAF AUTOMATED MISSILE DATCOM * REV 3/99 *****     CASE   1
               AERODYNAMIC METHODS FOR MISSILE CONFIGURATIONS          PAGE  56
                             BODY ALONE PARTIAL OUTPUT

       ******* FLIGHT CONDITIONS AND REFERENCE QUANTITIES *******
     MACH NO  =       2.00                REYNOLDS NO = 4.637E+07 /M
     ALTITUDE =        0.0 M         DYNAMIC PRESSURE = 283710.47 N/M**2
     SIDESLIP =       0.00 DEG                   ROLL =      0.00 DEG     
     REF AREA =      0.001 M**2         MOMENT CENTER =     0.250 M
     REF LENGTH =     0.65 M           LAT REF LENGTH =      0.65 M

      ALPHA    CA-FRIC  CA-PRES/WAVE CA-BASE    CA-PROT     CA-SEP     CA-ALP
     -10.00     0.1316     0.1068     0.1448                           0.0000
      -8.00     0.1331     0.1071     0.1456                           0.0000
      -6.00     0.1342     0.1073     0.1462                           0.0000
      -4.00     0.1350     0.1075     0.1466                           0.0000
      -2.00     0.1355     0.1076     0.1469                           0.0000
       0.00     0.1357     0.1076     0.1470                           0.0000
       2.00     0.1355     0.1076     0.1469                           0.0000
       4.00     0.1350     0.1075     0.1466                           0.0000
       6.00     0.1342     0.1073     0.1462                           0.0000
       8.00     0.1331     0.1071     0.1456                           0.0000
      10.00     0.1316     0.1068     0.1448                           0.0000

                     CROSS FLOW DRAG PROPORTIONALITY FACTOR = 1.00000

      ALPHA    CN-POTEN  CN-VISC   CN-SEP    CM-POTEN  CM-VISC   CM-SEP    CDC
     -10.00    -0.418    -0.685              -0.119     0.105             1.071
      -8.00    -0.338    -0.400              -0.096     0.061             0.973
      -6.00    -0.255    -0.203              -0.073     0.031             0.875
      -4.00    -0.171    -0.085              -0.049     0.013             0.825
      -2.00    -0.086    -0.020              -0.024     0.003             0.783
       0.00     0.000     0.000               0.000     0.000             0.740
       2.00     0.086     0.020               0.024    -0.003             0.783
       4.00     0.171     0.085               0.049    -0.013             0.825
       6.00     0.255     0.203               0.073    -0.031             0.875
       8.00     0.338     0.400               0.096    -0.061             0.973
      10.00     0.418     0.685               0.119    -0.105             1.071
1         ***** THE USAF AUTOMATED MISSILE DATCOM * REV 3/99 *****     CASE   1
               AERODYNAMIC METHODS FOR MISSILE CONFIGURATIONS          PAGE  57
                        FIN SET 1 CA PARTIAL OUTPUT

       ******* FLIGHT CONDITIONS AND REFERENCE QUANTITIES *******
     MACH NO  =       2.00                REYNOLDS NO = 4.637E+07 /M
     ALTITUDE =        0.0 M         DYNAMIC PRESSURE = 283710.47 N/M**2
     SIDESLIP =       0.00 DEG                   ROLL =      0.00 DEG     
     REF AREA =      0.001 M**2         MOMENT CENTER =     0.250 M
     REF LENGTH =     0.65 M           LAT REF LENGTH =      0.65 M

    SINGLE FIN PANEL ZERO-LIFT AXIAL FORCE COMPONENTS

    SKIN FRICTION        0.0091
    SUBSONIC PRESSURE    0.0000
    TRANSONIC WAVE       0.0000
    SUPERSONIC WAVE      0.0082
    LEADING EDGE         0.0000
    TRAILING EDGE        0.0000
    TOTAL CAO            0.0172

    FIN AXIAL FORCE DUE TO ANGLE OF ATTACK

    ALPHA      CA DUE TO LIFT (SINGLE PANEL)   CA-TOTAL (6 FINS)

     -10.00              0.0000                      0.1019
      -8.00              0.0000                      0.1025
      -6.00              0.0000                      0.1029
      -4.00              0.0000                      0.1032
      -2.00              0.0000                      0.1034
       0.00              0.0000                      0.1035
       2.00              0.0000                      0.1034
       4.00              0.0000                      0.1032
       6.00              0.0000                      0.1029
       8.00              0.0000                      0.1025
      10.00              0.0000                      0.1019
1         ***** THE USAF AUTOMATED MISSILE DATCOM * REV 3/99 *****     CASE   1
               AERODYNAMIC METHODS FOR MISSILE CONFIGURATIONS          PAGE  58
                       FIN SET 1 CN, CM PARTIAL OUTPUT

       ******* FLIGHT CONDITIONS AND REFERENCE QUANTITIES *******
     MACH NO  =       2.00                REYNOLDS NO = 4.637E+07 /M
     ALTITUDE =        0.0 M         DYNAMIC PRESSURE = 283710.47 N/M**2
     SIDESLIP =       0.00 DEG                   ROLL =      0.00 DEG     
     REF AREA =      0.001 M**2         MOMENT CENTER =     0.250 M
     REF LENGTH =     0.65 M           LAT REF LENGTH =      0.65 M

    NORMAL FORCE SLOPE AT ALPHA ZERO, CNA =    0.01491/DEG (1 PANEL)
         CENTER OF PRESSURE FOR LINEAR CN =   -0.46769 (CALIBERS FROM C.G.)
     CENTER OF PRESSURE FOR NON-LINEAR CN =   -0.46154 (CALIBERS FROM C.G.)

      ALPHA      CN        CN        CN        CM        CM        CM
               LINEAR  NON-LINEAR  TOTAL     LINEAR  NON-LINEAR  TOTAL

     -10.00   -0.4417   -0.0868   -0.5285    0.2066    0.0401    0.2466
      -8.00   -0.3550   -0.0429   -0.3979    0.1660    0.0198    0.1858
      -6.00   -0.2672   -0.0178   -0.2850    0.1250    0.0082    0.1332
      -4.00   -0.1786   -0.0051   -0.1837    0.0835    0.0024    0.0859
      -2.00   -0.0894   -0.0006   -0.0901    0.0418    0.0003    0.0421
       0.00    0.0000    0.0000    0.0000    0.0000    0.0000    0.0000
       2.00    0.0894    0.0006    0.0901   -0.0418   -0.0003   -0.0421
       4.00    0.1786    0.0051    0.1837   -0.0835   -0.0024   -0.0859
       6.00    0.2672    0.0178    0.2850   -0.1250   -0.0082   -0.1332
       8.00    0.3550    0.0429    0.3979   -0.1660   -0.0198   -0.1858
      10.00    0.4417    0.0868    0.5285   -0.2066   -0.0401   -0.2466
1         ***** THE USAF AUTOMATED MISSILE DATCOM * REV 3/99 *****     CASE   1
               AERODYNAMIC METHODS FOR MISSILE CONFIGURATIONS          PAGE  59
                 AERODYNAMIC FORCE AND MOMENT SYNTHESIS

       ******* FLIGHT CONDITIONS AND REFERENCE QUANTITIES *******
     MACH NO  =       2.00                REYNOLDS NO = 4.637E+07 /M
     ALTITUDE =        0.0 M         DYNAMIC PRESSURE = 283710.47 N/M**2
     SIDESLIP =       0.00 DEG                   ROLL =      0.00 DEG     
     REF AREA =      0.001 M**2         MOMENT CENTER =     0.250 M
     REF LENGTH =     0.65 M           LAT REF LENGTH =      0.65 M

          ---------------FIN SET 1 IN PRESENCE OF THE BODY----------------

      ALPHA       CN         CM         CA         CY         CLN        CLL

     -10.00    -0.9138     0.4274     0.1035     0.0000     0.0000     0.0000
      -8.00    -0.6964     0.3257     0.1035     0.0000     0.0000     0.0000
      -6.00    -0.4966     0.2322     0.1035     0.0000     0.0000     0.0000
      -4.00    -0.3155     0.1475     0.1035     0.0000     0.0000     0.0000
      -2.00    -0.1520     0.0711     0.1035     0.0000     0.0000     0.0000
       0.00     0.0000     0.0000     0.1035     0.0000     0.0000     0.0000
       2.00     0.1520    -0.0711     0.1035     0.0000     0.0000     0.0000
       4.00     0.3155    -0.1475     0.1035     0.0000     0.0000     0.0000
       6.00     0.4966    -0.2322     0.1035     0.0000     0.0000     0.0000
       8.00     0.6964    -0.3257     0.1035     0.0000     0.0000     0.0000
      10.00     0.9138    -0.4274     0.1035     0.0000     0.0000     0.0000
1         ***** THE USAF AUTOMATED MISSILE DATCOM * REV 3/99 *****     CASE   1
               AERODYNAMIC METHODS FOR MISSILE CONFIGURATIONS          PAGE  60
                 AERODYNAMIC FORCE AND MOMENT SYNTHESIS

       ******* FLIGHT CONDITIONS AND REFERENCE QUANTITIES *******
     MACH NO  =       2.00                REYNOLDS NO = 4.637E+07 /M
     ALTITUDE =        0.0 M         DYNAMIC PRESSURE = 283710.47 N/M**2
     SIDESLIP =       0.00 DEG                   ROLL =      0.00 DEG     
     REF AREA =      0.001 M**2         MOMENT CENTER =     0.250 M
     REF LENGTH =     0.65 M           LAT REF LENGTH =      0.65 M

          ---------------FIN SET 1 PANEL CHARACTERISTICS------------------

      ALPHA      PANEL    AEQ (PANEL AXIS SYS.)    PANEL CN

     -10.00        1              0.0000           0.0000
     -10.00        2            -13.5587          -0.2813
     -10.00        3            -12.4470          -0.2463
     -10.00        4              0.0000           0.0000
     -10.00        5             12.4470           0.2463
     -10.00        6             13.5587           0.2813
 
      -8.00        1              0.0000           0.0000
      -8.00        2            -11.0931          -0.2079
      -8.00        3            -10.5642          -0.1941
      -8.00        4              0.0000           0.0000
      -8.00        5             10.5642           0.1941
      -8.00        6             11.0931           0.2079
 
      -6.00        1              0.0000           0.0000
      -6.00        2             -8.4837          -0.1449
      -6.00        3             -8.3376          -0.1418
      -6.00        4              0.0000           0.0000
      -6.00        5              8.3376           0.1418
      -6.00        6              8.4837           0.1449
 
      -4.00        1              0.0000           0.0000
      -4.00        2             -5.7412          -0.0911
      -4.00        3             -5.7412          -0.0911
      -4.00        4              0.0000           0.0000
      -4.00        5              5.7412           0.0911
      -4.00        6              5.7412           0.0911
 
      -2.00        1              0.0000           0.0000
      -2.00        2             -2.8984          -0.0439
      -2.00        3             -2.8984          -0.0439
      -2.00        4              0.0000           0.0000
      -2.00        5              2.8984           0.0439
      -2.00        6              2.8984           0.0439
 
       0.00        1              0.0000           0.0000
       0.00        2              0.0000           0.0000
       0.00        3              0.0000           0.0000
       0.00        4              0.0000           0.0000
       0.00        5              0.0000           0.0000
       0.00        6              0.0000           0.0000
 
       2.00        1              0.0000           0.0000
       2.00        2              2.8984           0.0439
       2.00        3              2.8984           0.0439
       2.00        4              0.0000           0.0000
       2.00        5             -2.8984          -0.0439
       2.00        6             -2.8984          -0.0439
 
       4.00        1              0.0000           0.0000
       4.00        2              5.7412           0.0911
       4.00        3              5.7412           0.0911
       4.00        4              0.0000           0.0000
       4.00        5             -5.7412          -0.0911
       4.00        6             -5.7412          -0.0911
 
       6.00        1              0.0000           0.0000
       6.00        2              8.3376           0.1418
       6.00        3              8.4837           0.1449
       6.00        4              0.0000           0.0000
       6.00        5             -8.4837          -0.1449
       6.00        6             -8.3376          -0.1418
 
       8.00        1              0.0000           0.0000
       8.00        2             10.5642           0.1941
       8.00        3             11.0931           0.2079
       8.00        4              0.0000           0.0000
       8.00        5            -11.0931          -0.2079
       8.00        6            -10.5642          -0.1941
 
      10.00        1              0.0000           0.0000
      10.00        2             12.4470           0.2463
      10.00        3             13.5587           0.2813
      10.00        4              0.0000           0.0000
      10.00        5            -13.5587          -0.2813
      10.00        6            -12.4470          -0.2463
 
1         ***** THE USAF AUTOMATED MISSILE DATCOM * REV 3/99 *****     CASE   1
               AERODYNAMIC METHODS FOR MISSILE CONFIGURATIONS          PAGE  61
                 AERODYNAMIC FORCE AND MOMENT SYNTHESIS

       ******* FLIGHT CONDITIONS AND REFERENCE QUANTITIES *******
     MACH NO  =       2.00                REYNOLDS NO = 4.637E+07 /M
     ALTITUDE =        0.0 M         DYNAMIC PRESSURE = 283710.47 N/M**2
     SIDESLIP =       0.00 DEG                   ROLL =      0.00 DEG     
     REF AREA =      0.001 M**2         MOMENT CENTER =     0.250 M
     REF LENGTH =     0.65 M           LAT REF LENGTH =      0.65 M

             CARRYOVER INTERFERENCE FACTORS - FIN SET 1

      ALPHA   K-W(B)   K-B(W)  KK-W(B)  KK-B(W)  XCP-W(B) XCP-B(W) Y-CP/(B/2)

     -10.00   1.6002   1.1241   0.9535   0.6600   0.4677   0.3846   0.4053
      -8.00   1.6224   1.1241   0.9535   0.6600   0.4677   0.3846   0.4092
      -6.00   1.6426   1.1241   0.9535   0.6600   0.4677   0.3846   0.4242
      -4.00   1.6602   1.1241   0.9535   0.6600   0.4677   0.3846   0.4385
      -2.00   1.6741   1.1241   0.9535   0.6600   0.4677   0.3846   0.4510
       0.00   1.6818   1.1241   0.9535   0.6600   0.4677   0.3846   0.4626
       2.00   1.6741   1.1241   0.9535   0.6600   0.4677   0.3846   0.4510
       4.00   1.6602   1.1241   0.9535   0.6600   0.4677   0.3846   0.4385
       6.00   1.6426   1.1241   0.9535   0.6600   0.4677   0.3846   0.4250
       8.00   1.6224   1.1241   0.9535   0.6600   0.4677   0.3846   0.4112
      10.00   1.6002   1.1241   0.9535   0.6600   0.4677   0.3846   0.4071

    NOTE - XCP-W(B) USED FOR STABILITY ONLY DIFFERENT VALUES USED FOR HINGE MOMENTS
1         ***** THE USAF AUTOMATED MISSILE DATCOM * REV 3/99 *****     CASE   1
               AERODYNAMIC METHODS FOR MISSILE CONFIGURATIONS          PAGE  62
        FIN SET 1 PANEL BENDING MOMENTS (ABOUT EXPOSED ROOT CHORD)

       ******* FLIGHT CONDITIONS AND REFERENCE QUANTITIES *******
     MACH NO  =       2.00                REYNOLDS NO = 4.637E+07 /M
     ALTITUDE =        0.0 M         DYNAMIC PRESSURE = 283710.47 N/M**2
     SIDESLIP =       0.00 DEG                   ROLL =      0.00 DEG     
     REF AREA =      0.001 M**2         MOMENT CENTER =     0.250 M
     REF LENGTH =     0.65 M           LAT REF LENGTH =      0.65 M

   ALPHA   PANL 1   PANL 2   PANL 3   PANL 4   PANL 5   PANL 6   PANL 7   PANL 8
 
   -10.0  0.00E+00 -1.67E-03 -1.46E-03 -2.16E-10  1.46E-03  1.67E-03
    -8.0  0.00E+00 -1.24E-03 -1.16E-03 -1.76E-10  1.16E-03  1.24E-03
    -6.0  0.00E+00 -8.99E-04 -8.79E-04 -1.38E-10  8.79E-04  8.99E-04
    -4.0  0.00E+00 -5.84E-04 -5.84E-04 -9.60E-11  5.84E-04  5.84E-04
    -2.0  0.00E+00 -2.89E-04 -2.89E-04 -4.97E-11  2.89E-04  2.89E-04
     0.0  0.00E+00  0.00E+00  0.00E+00  0.00E+00  0.00E+00  0.00E+00
     2.0  0.00E+00  2.89E-04  2.89E-04  4.97E-11 -2.89E-04 -2.89E-04
     4.0  0.00E+00  5.84E-04  5.84E-04  9.60E-11 -5.84E-04 -5.84E-04
     6.0  0.00E+00  8.81E-04  9.00E-04  1.38E-10 -9.00E-04 -8.81E-04
     8.0  0.00E+00  1.17E-03  1.25E-03  1.77E-10 -1.25E-03 -1.17E-03
    10.0  0.00E+00  1.47E-03  1.67E-03  2.17E-10 -1.67E-03 -1.47E-03
1         ***** THE USAF AUTOMATED MISSILE DATCOM * REV 3/99 *****     CASE   1
               AERODYNAMIC METHODS FOR MISSILE CONFIGURATIONS          PAGE  63
            FIN SET 1 PANEL HINGE MOMENTS (ABOUT HINGE LINE)

       ******* FLIGHT CONDITIONS AND REFERENCE QUANTITIES *******
     MACH NO  =       2.00                REYNOLDS NO = 4.637E+07 /M
     ALTITUDE =        0.0 M         DYNAMIC PRESSURE = 283710.47 N/M**2
     SIDESLIP =       0.00 DEG                   ROLL =      0.00 DEG     
     REF AREA =      0.001 M**2         MOMENT CENTER =     0.250 M
     REF LENGTH =     0.65 M           LAT REF LENGTH =      0.65 M

   ALPHA   PANL 1   PANL 2   PANL 3   PANL 4   PANL 5   PANL 6   PANL 7   PANL 8
 
   -10.0  0.00E+00 -3.77E-02 -3.34E-02 -5.40E-09  3.34E-02  3.77E-02
    -8.0  0.00E+00 -2.86E-02 -2.69E-02 -4.36E-09  2.69E-02  2.86E-02
    -6.0  0.00E+00 -2.04E-02 -2.00E-02 -3.30E-09  2.00E-02  2.04E-02
    -4.0  0.00E+00 -1.31E-02 -1.31E-02 -2.22E-09  1.31E-02  1.31E-02
    -2.0  0.00E+00 -6.41E-03 -6.41E-03 -1.12E-09  6.41E-03  6.41E-03
     0.0  0.00E+00  0.00E+00  0.00E+00  0.00E+00  0.00E+00  0.00E+00
     2.0  0.00E+00  6.41E-03  6.41E-03  1.12E-09 -6.41E-03 -6.41E-03
     4.0  0.00E+00  1.31E-02  1.31E-02  2.22E-09 -1.31E-02 -1.31E-02
     6.0  0.00E+00  2.00E-02  2.04E-02  3.30E-09 -2.04E-02 -2.00E-02
     8.0  0.00E+00  2.69E-02  2.86E-02  4.36E-09 -2.86E-02 -2.69E-02
    10.0  0.00E+00  3.34E-02  3.77E-02  5.40E-09 -3.77E-02 -3.34E-02
1         ***** THE USAF AUTOMATED MISSILE DATCOM * REV 3/99 *****     CASE   1
               AERODYNAMIC METHODS FOR MISSILE CONFIGURATIONS          PAGE  64
                   STATIC AERODYNAMICS FOR BODY-FIN SET 1

       ******* FLIGHT CONDITIONS AND REFERENCE QUANTITIES *******
     MACH NO  =       2.00                REYNOLDS NO = 4.637E+07 /M
     ALTITUDE =        0.0 M         DYNAMIC PRESSURE = 283710.47 N/M**2
     SIDESLIP =       0.00 DEG                   ROLL =      0.00 DEG     
     REF AREA =      0.001 M**2         MOMENT CENTER =     0.250 M
     REF LENGTH =     0.65 M           LAT REF LENGTH =      0.65 M

                   ----- LONGITUDINAL -----     -- LATERAL DIRECTIONAL --
         ALPHA       CN        CM        CA        CY       CLN       CLL

        -10.00    -2.659     0.659     0.487     0.000     0.000     0.000
         -8.00    -1.917     0.476     0.489     0.000     0.000     0.000
         -6.00    -1.294     0.321     0.491     0.000     0.000     0.000
         -4.00    -0.785     0.194     0.493     0.000     0.000     0.000
         -2.00    -0.360     0.089     0.494     0.000     0.000     0.000
          0.00     0.000     0.000     0.494     0.000     0.000     0.000
          2.00     0.360    -0.089     0.494     0.000     0.000     0.000
          4.00     0.785    -0.194     0.493     0.000     0.000     0.000
          6.00     1.294    -0.321     0.491     0.000     0.000     0.000
          8.00     1.917    -0.476     0.489     0.000     0.000     0.000
         10.00     2.659    -0.659     0.487     0.000     0.000     0.000

         ALPHA       CL        CD      CL/CD     X-C.P.

        -10.00    -2.534     0.941    -2.693    -0.248
         -8.00    -1.830     0.751    -2.436    -0.248
         -6.00    -1.236     0.624    -1.981    -0.248
         -4.00    -0.749     0.546    -1.371    -0.247
         -2.00    -0.343     0.506    -0.677    -0.247
          0.00     0.000     0.494     0.000    -0.247
          2.00     0.343     0.506     0.677    -0.247
          4.00     0.749     0.546     1.371    -0.247
          6.00     1.236     0.624     1.981    -0.248
          8.00     1.830     0.751     2.436    -0.248
         10.00     2.534     0.941     2.693    -0.248

    X-C.P. MEAS. FROM MOMENT CENTER IN REF. LENGTHS, NEG. AFT OF MOMENT CENTER
1         ***** THE USAF AUTOMATED MISSILE DATCOM * REV 3/99 *****     CASE   1
               AERODYNAMIC METHODS FOR MISSILE CONFIGURATIONS          PAGE  65
                   STATIC AERODYNAMICS FOR BODY-FIN SET 1

       ******* FLIGHT CONDITIONS AND REFERENCE QUANTITIES *******
     MACH NO  =       2.00                REYNOLDS NO = 4.637E+07 /M
     ALTITUDE =        0.0 M         DYNAMIC PRESSURE = 283710.47 N/M**2
     SIDESLIP =       0.00 DEG                   ROLL =      0.00 DEG     
     REF AREA =      0.001 M**2         MOMENT CENTER =     0.250 M
     REF LENGTH =     0.65 M           LAT REF LENGTH =      0.65 M

                   ---------- DERIVATIVES (PER DEGREE) ----------
         ALPHA       CNA         CMA         CYB         CLNB        CLLB
        -10.00      0.4016     -0.0989     -0.2539      0.0611     -0.0001
         -8.00      0.3409     -0.0846     -0.2348      0.0576      0.0000
         -6.00      0.2826     -0.0705     -0.2157      0.0535      0.0000
         -4.00      0.2335     -0.0580     -0.1973      0.0488      0.0000
         -2.00      0.1962     -0.0485     -0.1817      0.0449      0.0000
          0.00      0.1800     -0.0445     -0.1761      0.0436      0.0000
          2.00      0.1962     -0.0485     -0.1817      0.0449      0.0000
          4.00      0.2335     -0.0580     -0.1973      0.0488      0.0000
          6.00      0.2826     -0.0705     -0.2157      0.0535      0.0000
          8.00      0.3409     -0.0846     -0.2348      0.0576      0.0000
         10.00      0.4016     -0.0989     -0.2539      0.0611      0.0001

    PANEL DEFLECTION ANGLES (DEGREES)
    SET    FIN 1   FIN 2   FIN 3   FIN 4   FIN 5   FIN 6   FIN 7   FIN 8
      1    0.00    0.00    0.00    0.00    0.00    0.00

    BODY ALONE LINEAR DATA GENERATED FROM VAN DYKE HYBRID THEORY

    *** END OF JOB ***
