1         ***** THE USAF AUTOMATED MISSILE DATCOM * REV 3/99 *****
               AERODYNAMIC METHODS FOR MISSILE CONFIGURATIONS     

    CONERR - INPUT ERROR CHECKING

    ERROR CODES - N* DENOTES THE NUMBER OF OCCURENCES OF EACH ERROR
    A - UNKNOWN VARIABLE NAME
    B - MISSING EQUAL SIGN FOLLOWING VARIABLE NAME
    C - NON-ARRAY VARIABLE HAS AN ARRAY ELEMENTDESIGNATION - (N)
    D - NON-ARRAY VARIABLE HAS MULTIPLE VALUES ASSIGNED
    E - ASSIGNED VALUES EXCEED ARRAY DIMENSION
    F - SYNTAX ERROR

    ************************* INPUT DATA CARDS *************************

   1 DIM M                                                                           
      2 ** BLANK CARD - IGNORED
   3  $FLTCON  NALPHA=11.,NMACH=6.,                                                  
   4           MACH=0.3000,0.6000,0.9000,1.1000,1.4000,2.0000,                       
   5           ALPHA=-10.0,-8.0,-6.0,-4.0,-2.0,0.0,2.0,4.0,6.0,8.0,10.0,$            
      6 ** BLANK CARD - IGNORED
   7  $REFQ    XCG=0.2500,                                                           
   8           SREF=0.0010179,                                                       
   9           LREF=0.6500,                                                          
  10           RHR=0.,$                                                              
     11 ** BLANK CARD - IGNORED
  12  $AXIBOD  X0=0.00,                                                              
  13           TNOSE=CONE,                                                           
               ** SUBSTITUTING NUMERIC FOR NAME CONE
  14           LNOSE=0.1000,                                                         
  15           DNOSE=0.0360,                                                         
  16           BNOSE=0.0,                                                            
  17           TRUNC=.FALSE.,                                                        
  18           LCENTR=0.5500,                                                        
  19           DCENTR=0.0360,                                                        
  20           TAFT=CONE,                                                            
               ** SUBSTITUTING NUMERIC FOR NAME CONE
  21           LAFT=0.0000,                                                          
  22           DAFT=0.0360,                                                          
  23           DEXIT=0.0000,$                                                        
     24 ** BLANK CARD - IGNORED
  25  $FINSET1 XLE=0.4300,0.4300,NPANEL=6.,                                          
  26           SSPAN=0.0180,0.0275,                                                  
  27           CHORD=0.2200,0.2200,                                                  
  28           LER=2*0.0,                                                            
  29           PHIF=0.0,60.0,120.0,180.0,240.0,300.0,                                
  30           SECTYP=HEX,                                                           
               ** SUBSTITUTING NUMERIC FOR NAME HEX
  31           ZUPPER=0.025000,0.025000,                                             
  32           LMAXU=0.4,0.4,                                                        
  33           LFLATU=0.2,0.2,$                                                      
     34 ** BLANK CARD - IGNORED
  35  $DEFLCT  DELTA1=0.0000,0.0000,0.0000,0.0000,0.0000,0.0000,                     
  36           XHINGE=0.5950,$                                                       
     37 ** BLANK CARD - IGNORED
  38 PART                                                                            
  39 NEXT CASE                                                                       
1         ***** THE USAF AUTOMATED MISSILE DATCOM * REV 3/99 *****     CASE   1
               AERODYNAMIC METHODS FOR MISSILE CONFIGURATIONS          PAGE   1
    CASE INPUTS
    FOLLOWING ARE THE CARDS INPUT FOR THIS CASE

 DIM M                                                                           
  $FLTCON  NALPHA=11.,NMACH=6.,                                                  
           MACH=0.3000,0.6000,0.9000,1.1000,1.4000,2.0000,                       
           ALPHA=-10.0,-8.0,-6.0,-4.0,-2.0,0.0,2.0,4.0,6.0,8.0,10.0,$            
  $REFQ    XCG=0.2500,                                                           
           SREF=0.0010179,                                                       
           LREF=0.6500,                                                          
           RHR=0.,$                                                              
  $AXIBOD  X0=0.00,                                                              
           TNOSE=0.,                                                             
           LNOSE=0.1000,                                                         
           DNOSE=0.0360,                                                         
           BNOSE=0.0,                                                            
           TRUNC=.FALSE.,                                                        
           LCENTR=0.5500,                                                        
           DCENTR=0.0360,                                                        
           TAFT=0.,                                                              
           LAFT=0.0000,                                                          
           DAFT=0.0360,                                                          
           DEXIT=0.0000,$                                                        
  $FINSET1 XLE=0.4300,0.4300,NPANEL=6.,                                          
           SSPAN=0.0180,0.0275,                                                  
           CHORD=0.2200,0.2200,                                                  
           LER=2*0.0,                                                            
           PHIF=0.0,60.0,120.0,180.0,240.0,300.0,                                
           SECTYP=0.,                                                            
           ZUPPER=0.025000,0.025000,                                             
           LMAXU=0.4,0.4,                                                        
           LFLATU=0.2,0.2,$                                                      
  $DEFLCT  DELTA1=0.0000,0.0000,0.0000,0.0000,0.0000,0.0000,                     
           XHINGE=0.5950,$                                                       
 PART                                                                            
 NEXT CASE                                                                       
    * WARNING * THE REYNOLDS NUMBER IS NOT DEFINED, FOR INPUT SPEED  1
                SEA LEVEL ALTITUDE ASSUMED
    * WARNING * THE REYNOLDS NUMBER IS NOT DEFINED, FOR INPUT SPEED  2
                SEA LEVEL ALTITUDE ASSUMED
    * WARNING * THE REYNOLDS NUMBER IS NOT DEFINED, FOR INPUT SPEED  3
                SEA LEVEL ALTITUDE ASSUMED
    * WARNING * THE REYNOLDS NUMBER IS NOT DEFINED, FOR INPUT SPEED  4
                SEA LEVEL ALTITUDE ASSUMED
    * WARNING * THE REYNOLDS NUMBER IS NOT DEFINED, FOR INPUT SPEED  5
                SEA LEVEL ALTITUDE ASSUMED
    * WARNING * THE REYNOLDS NUMBER IS NOT DEFINED, FOR INPUT SPEED  6
                SEA LEVEL ALTITUDE ASSUMED
    THE BOUNDARY LAYER IS ASSUMED TO BE TURBULENT
    THE INPUT UNITS ARE IN METERS, THE SCALE FACTOR IS   1.0000
1         ***** THE USAF AUTOMATED MISSILE DATCOM * REV 3/99 *****     CASE   1
               AERODYNAMIC METHODS FOR MISSILE CONFIGURATIONS          PAGE   2
                        AXISYMMETRIC BODY DEFINITION

                             NOSE   CENTERBODY     AFT BODY        TOTAL
    SHAPE                   CONIC     CYLINDER     --------
    LENGTH                  0.100        0.550        0.000        0.650   M
    FINENESS RATIO          2.778       15.278        0.000       18.056
    PLANFORM AREA           0.002        0.020        0.000        0.022   M**2
    AREA CENTROID           0.067        0.375        0.000        0.349   M
    WETTED AREA             0.006        0.062        0.000        0.068   M**2
    VOLUME                  0.000        0.001        0.000        0.001   M**3
    VOL. CENTROID           0.075        0.375        0.000        0.358   M

                              MOLD LINE CONTOUR

     LONGITUDINAL STATIONS    0.0000     0.0100     0.0200     0.0300     0.0400 
        0.0500     0.0600     0.0700     0.0800     0.0900     0.1000*    0.1550 
        0.2100     0.2650     0.3200     0.3750     0.4300     0.4850     0.5400 
        0.5950     0.6500*

                BODY RADII    0.0000     0.0018     0.0036     0.0054     0.0072 
        0.0090     0.0108     0.0126     0.0144     0.0162     0.0180*    0.0180 
        0.0180     0.0180     0.0180     0.0180     0.0180     0.0180     0.0180 
        0.0180     0.0180*
    NOTE - * INDICATES SLOPE DISCONTINUOUS POINTS
1         ***** THE USAF AUTOMATED MISSILE DATCOM * REV 3/99 *****     CASE   1
               AERODYNAMIC METHODS FOR MISSILE CONFIGURATIONS          PAGE   3
                         FIN SET NUMBER 1 AIRFOIL SECTION

                                  NACA S-3-40.0-05.0-20.0

         X/C     X-UPPER   Y-UPPER   X-LOWER   Y-LOWER  MEAN LINE  THICKNESS

       0.00000   0.00000   0.00000   0.00000   0.00000   0.00000   0.00000
       0.00100   0.00100   0.00006   0.00100  -0.00006   0.00000   0.00013
       0.00200   0.00200   0.00013   0.00200  -0.00013   0.00000   0.00025
       0.00300   0.00300   0.00019   0.00300  -0.00019   0.00000   0.00038
       0.00400   0.00400   0.00025   0.00400  -0.00025   0.00000   0.00050
       0.00500   0.00500   0.00031   0.00500  -0.00031   0.00000   0.00063
       0.00600   0.00600   0.00038   0.00600  -0.00038   0.00000   0.00075
       0.00800   0.00800   0.00050   0.00800  -0.00050   0.00000   0.00100
       0.01000   0.01000   0.00063   0.01000  -0.00063   0.00000   0.00125
       0.02000   0.02000   0.00125   0.02000  -0.00125   0.00000   0.00250
       0.03000   0.03000   0.00187   0.03000  -0.00187   0.00000   0.00375
       0.04000   0.04000   0.00250   0.04000  -0.00250   0.00000   0.00500
       0.05000   0.05000   0.00312   0.05000  -0.00312   0.00000   0.00625
       0.06000   0.06000   0.00375   0.06000  -0.00375   0.00000   0.00750
       0.08000   0.08000   0.00500   0.08000  -0.00500   0.00000   0.01000
       0.10000   0.10000   0.00625   0.10000  -0.00625   0.00000   0.01250
       0.12000   0.12000   0.00750   0.12000  -0.00750   0.00000   0.01500
       0.14000   0.14000   0.00875   0.14000  -0.00875   0.00000   0.01750
       0.16000   0.16000   0.01000   0.16000  -0.01000   0.00000   0.02000
       0.18000   0.18000   0.01125   0.18000  -0.01125   0.00000   0.02250
       0.20000   0.20000   0.01250   0.20000  -0.01250   0.00000   0.02500
       0.22000   0.22000   0.01375   0.22000  -0.01375   0.00000   0.02750
       0.24000   0.24000   0.01500   0.24000  -0.01500   0.00000   0.03000
       0.26000   0.26000   0.01625   0.26000  -0.01625   0.00000   0.03250
       0.28000   0.28000   0.01750   0.28000  -0.01750   0.00000   0.03500
       0.30000   0.30000   0.01875   0.30000  -0.01875   0.00000   0.03750
       0.32000   0.32000   0.02000   0.32000  -0.02000   0.00000   0.04000
       0.34000   0.34000   0.02125   0.34000  -0.02125   0.00000   0.04250
       0.36000   0.36000   0.02250   0.36000  -0.02250   0.00000   0.04500
       0.38000   0.38000   0.02375   0.38000  -0.02375   0.00000   0.04750
       0.40000   0.40000   0.02500   0.40000  -0.02500   0.00000   0.05000
       0.42000   0.42000   0.02500   0.42000  -0.02500   0.00000   0.05000
       0.45000   0.45000   0.02500   0.45000  -0.02500   0.00000   0.05000
       0.50000   0.50000   0.02500   0.50000  -0.02500   0.00000   0.05000
       0.55000   0.55000   0.02500   0.55000  -0.02500   0.00000   0.05000
       0.60000   0.60000   0.02500   0.60000  -0.02500   0.00000   0.05000
       0.65000   0.65000   0.02187   0.65000  -0.02187   0.00000   0.04375
       0.70000   0.70000   0.01875   0.70000  -0.01875   0.00000   0.03750
       0.75000   0.75000   0.01562   0.75000  -0.01562   0.00000   0.03125
       0.80000   0.80000   0.01250   0.80000  -0.01250   0.00000   0.02500
       0.82000   0.82000   0.01125   0.82000  -0.01125   0.00000   0.02250
       0.84000   0.84000   0.01000   0.84000  -0.01000   0.00000   0.02000
       0.86000   0.86000   0.00875   0.86000  -0.00875   0.00000   0.01750
       0.88000   0.88000   0.00750   0.88000  -0.00750   0.00000   0.01500
       0.90000   0.90000   0.00625   0.90000  -0.00625   0.00000   0.01250
       0.92000   0.92000   0.00500   0.92000  -0.00500   0.00000   0.01000
       0.94000   0.94000   0.00375   0.94000  -0.00375   0.00000   0.00750
       0.96000   0.96000   0.00250   0.96000  -0.00250   0.00000   0.00500
       0.98000   0.98000   0.00125   0.98000  -0.00125   0.00000   0.00250
       1.00000   1.00000   0.00000   1.00000   0.00000   0.00000   0.00000
1         ***** THE USAF AUTOMATED MISSILE DATCOM * REV 3/99 *****     CASE   1
               AERODYNAMIC METHODS FOR MISSILE CONFIGURATIONS          PAGE   4
                      GEOMETRIC RESULTS FOR FIN SETS

                             FIN SET NUMBER  1
                          (DATA FOR ONE PANEL ONLY)

    SEGMENT   PLAN        ASPECT    TAPER     L.E.     T.E.    M.A.C.    T/C
    NUMBER    AREA        RATIO     RATIO    SWEEP    SWEEP    CHORD    RATIO

      1      0.0021        0.043    1.000    0.000    0.000    0.220    0.050
    TOTAL    0.0021        0.043    1.000    0.000    0.000    0.220    0.050
 
 
 
1         ***** THE USAF AUTOMATED MISSILE DATCOM * REV 3/99 *****     CASE   1
               AERODYNAMIC METHODS FOR MISSILE CONFIGURATIONS          PAGE   5
                           FIN SET 1 SECTION AERODYNAMICS

                        IDEAL ANGLE OF ATTACK =    0.0000 DEG.
                    ZERO LIFT ANGLE OF ATTACK =    0.0000 DEG.
                       IDEAL LIFT COEFFICIENT =    0.0000
        ZERO LIFT PITCHING MOMENT COEFFICIENT =    0.0000
                   MACH ZERO LIFT-CURVE-SLOPE =    0.0963 /DEG.
                          LEADING EDGE RADIUS =    0.0000 FRACTION CHORD
                    MAXIMUM AIRFOIL THICKNESS =    0.0500 FRACTION CHORD
                                      DELTA-Y =    0.3656 PERCENT CHORD


    MACH = 0.300   CL-ALPHA = 0.1036 /DEG.   XAC = 0.2708   CL MAX = 0.7510

    MACH = 0.600   CL-ALPHA = 0.1273 /DEG.   XAC = 0.2699   CL MAX = 0.7678

                   *** CREST CRITICAL MACH NUMBER EXCEEDED ***

                           CREST CRITICAL MACH =    0.8070
                                      LOCATION =    0.4145 FRACTION CHORD
                              LIFT-CURVE-SLOPE =    0.1410 /DEG.
1         ***** THE USAF AUTOMATED MISSILE DATCOM * REV 3/99 *****     CASE   1
               AERODYNAMIC METHODS FOR MISSILE CONFIGURATIONS          PAGE   6
                             BODY ALONE PARTIAL OUTPUT

       ******* FLIGHT CONDITIONS AND REFERENCE QUANTITIES *******
     MACH NO  =       0.30                REYNOLDS NO = 6.955E+06 /M
     ALTITUDE =        0.0 M         DYNAMIC PRESSURE =   6383.49 N/M**2
     SIDESLIP =       0.00 DEG                   ROLL =      0.00 DEG     
     REF AREA =      0.001 M**2         MOMENT CENTER =     0.250 M
     REF LENGTH =     0.65 M           LAT REF LENGTH =      0.65 M

      ALPHA    CA-FRIC  CA-PRES/WAVE CA-BASE    CA-PROT     CA-SEP     CA-ALP
     -10.00     0.2204     0.0128     0.1368                           0.0016
      -8.00     0.2229     0.0129     0.1372                           0.0016
      -6.00     0.2248     0.0130     0.1374                           0.0011
      -4.00     0.2262     0.0131     0.1374                           0.0005
      -2.00     0.2270     0.0132     0.1373                           0.0001
       0.00     0.2273     0.0132     0.1370                           0.0000
       2.00     0.2270     0.0132     0.1373                           0.0001
       4.00     0.2262     0.0131     0.1374                           0.0005
       6.00     0.2248     0.0130     0.1374                           0.0011
       8.00     0.2229     0.0129     0.1372                           0.0016
      10.00     0.2204     0.0128     0.1368                           0.0016

                     CROSS FLOW DRAG PROPORTIONALITY FACTOR = 0.76143

      ALPHA    CN-POTEN  CN-VISC   CN-SEP    CM-POTEN  CM-VISC   CM-SEP    CDC
     -10.00    -0.449    -0.376              -0.046     0.057             0.772
      -8.00    -0.363    -0.240              -0.037     0.037             0.766
      -6.00    -0.274    -0.134              -0.028     0.020             0.759
      -4.00    -0.183    -0.059              -0.019     0.009             0.753
      -2.00    -0.092    -0.015              -0.009     0.002             0.746
       0.00     0.000     0.000               0.000     0.000             0.740
       2.00     0.092     0.015               0.009    -0.002             0.746
       4.00     0.183     0.059               0.019    -0.009             0.753
       6.00     0.274     0.134               0.028    -0.020             0.759
       8.00     0.363     0.240               0.037    -0.037             0.766
      10.00     0.449     0.376               0.046    -0.057             0.772
1         ***** THE USAF AUTOMATED MISSILE DATCOM * REV 3/99 *****     CASE   1
               AERODYNAMIC METHODS FOR MISSILE CONFIGURATIONS          PAGE   7
                        FIN SET 1 CA PARTIAL OUTPUT

       ******* FLIGHT CONDITIONS AND REFERENCE QUANTITIES *******
     MACH NO  =       0.30                REYNOLDS NO = 6.955E+06 /M
     ALTITUDE =        0.0 M         DYNAMIC PRESSURE =   6383.49 N/M**2
     SIDESLIP =       0.00 DEG                   ROLL =      0.00 DEG     
     REF AREA =      0.001 M**2         MOMENT CENTER =     0.250 M
     REF LENGTH =     0.65 M           LAT REF LENGTH =      0.65 M

    SINGLE FIN PANEL ZERO-LIFT AXIAL FORCE COMPONENTS

    SKIN FRICTION        0.0166
    SUBSONIC PRESSURE    0.0013
    TRANSONIC WAVE       0.0000
    SUPERSONIC WAVE      0.0000
    LEADING EDGE         0.0000
    TRAILING EDGE        0.0000
    TOTAL CAO            0.0180

    FIN AXIAL FORCE DUE TO ANGLE OF ATTACK

    ALPHA      CA DUE TO LIFT (SINGLE PANEL)   CA-TOTAL (6 FINS)

     -10.00              0.0000                      0.1061
      -8.00              0.0000                      0.1067
      -6.00              0.0000                      0.1071
      -4.00              0.0000                      0.1074
      -2.00              0.0000                      0.1076
       0.00              0.0000                      0.1077
       2.00              0.0000                      0.1076
       4.00              0.0000                      0.1074
       6.00              0.0000                      0.1071
       8.00              0.0000                      0.1067
      10.00              0.0000                      0.1061
1         ***** THE USAF AUTOMATED MISSILE DATCOM * REV 3/99 *****     CASE   1
               AERODYNAMIC METHODS FOR MISSILE CONFIGURATIONS          PAGE   8
                       FIN SET 1 CN, CM PARTIAL OUTPUT

       ******* FLIGHT CONDITIONS AND REFERENCE QUANTITIES *******
     MACH NO  =       0.30                REYNOLDS NO = 6.955E+06 /M
     ALTITUDE =        0.0 M         DYNAMIC PRESSURE =   6383.49 N/M**2
     SIDESLIP =       0.00 DEG                   ROLL =      0.00 DEG     
     REF AREA =      0.001 M**2         MOMENT CENTER =     0.250 M
     REF LENGTH =     0.65 M           LAT REF LENGTH =      0.65 M

    NORMAL FORCE SLOPE AT ALPHA ZERO, CNA =    0.00486/DEG (1 PANEL)
         CENTER OF PRESSURE FOR LINEAR CN =   -0.36831 (CALIBERS FROM C.G.)
     CENTER OF PRESSURE FOR NON-LINEAR CN =   -0.44615 (CALIBERS FROM C.G.)

      ALPHA      CN        CN        CN        CM        CM        CM
               LINEAR  NON-LINEAR  TOTAL     LINEAR  NON-LINEAR  TOTAL

     -10.00   -0.1439   -0.4283   -0.5722    0.0530    0.1911    0.2441
      -8.00   -0.1157   -0.2748   -0.3904    0.0426    0.1226    0.1652
      -6.00   -0.0871   -0.1548   -0.2419    0.0321    0.0691    0.1011
      -4.00   -0.0582   -0.0689   -0.1271    0.0214    0.0307    0.0522
      -2.00   -0.0291   -0.0172   -0.0464    0.0107    0.0077    0.0184
       0.00    0.0000    0.0000    0.0000    0.0000    0.0000    0.0000
       2.00    0.0291    0.0172    0.0464   -0.0107   -0.0077   -0.0184
       4.00    0.0582    0.0689    0.1271   -0.0214   -0.0307   -0.0522
       6.00    0.0871    0.1548    0.2419   -0.0321   -0.0691   -0.1011
       8.00    0.1157    0.2748    0.3904   -0.0426   -0.1226   -0.1652
      10.00    0.1439    0.4283    0.5722   -0.0530   -0.1911   -0.2441
1         ***** THE USAF AUTOMATED MISSILE DATCOM * REV 3/99 *****     CASE   1
               AERODYNAMIC METHODS FOR MISSILE CONFIGURATIONS          PAGE   9
                 AERODYNAMIC FORCE AND MOMENT SYNTHESIS

       ******* FLIGHT CONDITIONS AND REFERENCE QUANTITIES *******
     MACH NO  =       0.30                REYNOLDS NO = 6.955E+06 /M
     ALTITUDE =        0.0 M         DYNAMIC PRESSURE =   6383.49 N/M**2
     SIDESLIP =       0.00 DEG                   ROLL =      0.00 DEG     
     REF AREA =      0.001 M**2         MOMENT CENTER =     0.250 M
     REF LENGTH =     0.65 M           LAT REF LENGTH =      0.65 M

          ---------------FIN SET 1 IN PRESENCE OF THE BODY----------------

      ALPHA       CN         CM         CA         CY         CLN        CLL

     -10.00    -1.1045     0.4068     0.1077     0.0000     0.0000     0.0000
      -8.00    -0.7838     0.2887     0.1077     0.0000     0.0000     0.0000
      -6.00    -0.4989     0.1837     0.1077     0.0000     0.0000     0.0000
      -4.00    -0.2611     0.0962     0.1077     0.0000     0.0000     0.0000
      -2.00    -0.0902     0.0332     0.1077     0.0000     0.0000     0.0000
       0.00     0.0000     0.0000     0.1077     0.0000     0.0000     0.0000
       2.00     0.0902    -0.0332     0.1077     0.0000     0.0000     0.0000
       4.00     0.2611    -0.0962     0.1077     0.0000     0.0000     0.0000
       6.00     0.4989    -0.1837     0.1077     0.0000     0.0000     0.0000
       8.00     0.7838    -0.2887     0.1077     0.0000     0.0000     0.0000
      10.00     1.1045    -0.4068     0.1077     0.0000     0.0000     0.0000
1         ***** THE USAF AUTOMATED MISSILE DATCOM * REV 3/99 *****     CASE   1
               AERODYNAMIC METHODS FOR MISSILE CONFIGURATIONS          PAGE  10
                 AERODYNAMIC FORCE AND MOMENT SYNTHESIS

       ******* FLIGHT CONDITIONS AND REFERENCE QUANTITIES *******
     MACH NO  =       0.30                REYNOLDS NO = 6.955E+06 /M
     ALTITUDE =        0.0 M         DYNAMIC PRESSURE =   6383.49 N/M**2
     SIDESLIP =       0.00 DEG                   ROLL =      0.00 DEG     
     REF AREA =      0.001 M**2         MOMENT CENTER =     0.250 M
     REF LENGTH =     0.65 M           LAT REF LENGTH =      0.65 M

          ---------------FIN SET 1 PANEL CHARACTERISTICS------------------

      ALPHA      PANEL    AEQ (PANEL AXIS SYS.)    PANEL CN

     -10.00        1              0.0000           0.0000
     -10.00        2            -13.8122          -0.3334
     -10.00        3            -13.1128          -0.3043
     -10.00        4              0.0000           0.0000
     -10.00        5             13.1128           0.3043
     -10.00        6             13.8122           0.3334
 
      -8.00        1              0.0000           0.0000
      -8.00        2            -11.2341          -0.2322
      -8.00        3            -10.8980          -0.2203
      -8.00        4              0.0000           0.0000
      -8.00        5             10.8980           0.2203
      -8.00        6             11.2341           0.2322
 
      -6.00        1              0.0000           0.0000
      -6.00        2             -8.5500          -0.1452
      -6.00        3             -8.4679          -0.1428
      -6.00        4              0.0000           0.0000
      -6.00        5              8.4679           0.1428
      -6.00        6              8.5500           0.1452
 
      -4.00        1              0.0000           0.0000
      -4.00        2             -5.7631          -0.0754
      -4.00        3             -5.7631          -0.0754
      -4.00        4              0.0000           0.0000
      -4.00        5              5.7631           0.0754
      -4.00        6              5.7631           0.0754
 
      -2.00        1              0.0000           0.0000
      -2.00        2             -2.9023          -0.0260
      -2.00        3             -2.9023          -0.0260
      -2.00        4              0.0000           0.0000
      -2.00        5              2.9023           0.0260
      -2.00        6              2.9023           0.0260
 
       0.00        1              0.0000           0.0000
       0.00        2              0.0000           0.0000
       0.00        3              0.0000           0.0000
       0.00        4              0.0000           0.0000
       0.00        5              0.0000           0.0000
       0.00        6              0.0000           0.0000
 
       2.00        1              0.0000           0.0000
       2.00        2              2.9023           0.0260
       2.00        3              2.9023           0.0260
       2.00        4              0.0000           0.0000
       2.00        5             -2.9023          -0.0260
       2.00        6             -2.9023          -0.0260
 
       4.00        1              0.0000           0.0000
       4.00        2              5.7631           0.0754
       4.00        3              5.7631           0.0754
       4.00        4              0.0000           0.0000
       4.00        5             -5.7631          -0.0754
       4.00        6             -5.7631          -0.0754
 
       6.00        1              0.0000           0.0000
       6.00        2              8.4679           0.1428
       6.00        3              8.5500           0.1452
       6.00        4              0.0000           0.0000
       6.00        5             -8.5500          -0.1452
       6.00        6             -8.4679          -0.1428
 
       8.00        1              0.0000           0.0000
       8.00        2             10.8980           0.2203
       8.00        3             11.2341           0.2322
       8.00        4              0.0000           0.0000
       8.00        5            -11.2341          -0.2322
       8.00        6            -10.8980          -0.2203
 
      10.00        1              0.0000           0.0000
      10.00        2             13.1128           0.3043
      10.00        3             13.8122           0.3334
      10.00        4              0.0000           0.0000
      10.00        5            -13.8122          -0.3334
      10.00        6            -13.1128          -0.3043
 
1         ***** THE USAF AUTOMATED MISSILE DATCOM * REV 3/99 *****     CASE   1
               AERODYNAMIC METHODS FOR MISSILE CONFIGURATIONS          PAGE  11
                 AERODYNAMIC FORCE AND MOMENT SYNTHESIS

       ******* FLIGHT CONDITIONS AND REFERENCE QUANTITIES *******
     MACH NO  =       0.30                REYNOLDS NO = 6.955E+06 /M
     ALTITUDE =        0.0 M         DYNAMIC PRESSURE =   6383.49 N/M**2
     SIDESLIP =       0.00 DEG                   ROLL =      0.00 DEG     
     REF AREA =      0.001 M**2         MOMENT CENTER =     0.250 M
     REF LENGTH =     0.65 M           LAT REF LENGTH =      0.65 M

             CARRYOVER INTERFERENCE FACTORS - FIN SET 1

      ALPHA   K-W(B)   K-B(W)  KK-W(B)  KK-B(W)  XCP-W(B) XCP-B(W) Y-CP/(B/2)

     -10.00   1.6234   1.1241   0.9535   0.6600   0.3683   0.3615   0.3985
      -8.00   1.6395   1.1241   0.9535   0.6600   0.3683   0.3615   0.4401
      -6.00   1.6540   1.1241   0.9535   0.6600   0.3683   0.3615   0.5073
      -4.00   1.6666   1.1241   0.9535   0.6600   0.3683   0.3615   0.5760
      -2.00   1.6764   1.1241   0.9535   0.6600   0.3683   0.3615   0.6246
       0.00   1.6818   1.1241   0.9535   0.6600   0.3683   0.3615   0.6502
       2.00   1.6764   1.1241   0.9535   0.6600   0.3683   0.3615   0.6246
       4.00   1.6666   1.1241   0.9535   0.6600   0.3683   0.3615   0.5760
       6.00   1.6540   1.1241   0.9535   0.6600   0.3683   0.3615   0.5097
       8.00   1.6395   1.1241   0.9535   0.6600   0.3683   0.3615   0.4450
      10.00   1.6234   1.1241   0.9535   0.6600   0.3683   0.3615   0.4105

    NOTE - XCP-W(B) USED FOR STABILITY ONLY DIFFERENT VALUES USED FOR HINGE MOMENTS
1         ***** THE USAF AUTOMATED MISSILE DATCOM * REV 3/99 *****     CASE   1
               AERODYNAMIC METHODS FOR MISSILE CONFIGURATIONS          PAGE  12
        FIN SET 1 PANEL BENDING MOMENTS (ABOUT EXPOSED ROOT CHORD)

       ******* FLIGHT CONDITIONS AND REFERENCE QUANTITIES *******
     MACH NO  =       0.30                REYNOLDS NO = 6.955E+06 /M
     ALTITUDE =        0.0 M         DYNAMIC PRESSURE =   6383.49 N/M**2
     SIDESLIP =       0.00 DEG                   ROLL =      0.00 DEG     
     REF AREA =      0.001 M**2         MOMENT CENTER =     0.250 M
     REF LENGTH =     0.65 M           LAT REF LENGTH =      0.65 M

   ALPHA   PANL 1   PANL 2   PANL 3   PANL 4   PANL 5   PANL 6   PANL 7   PANL 8
 
   -10.0  0.00E+00 -1.94E-03 -1.77E-03 -9.51E-11  1.77E-03  1.94E-03
    -8.0  1.35E-12 -1.49E-03 -1.42E-03 -7.95E-11  1.42E-03  1.49E-03
    -6.0  0.00E+00 -1.08E-03 -1.06E-03 -7.03E-11  1.06E-03  1.08E-03
    -4.0  0.00E+00 -6.35E-04 -6.35E-04 -5.53E-11  6.35E-04  6.35E-04
    -2.0  0.00E+00 -2.38E-04 -2.38E-04 -3.01E-11  2.38E-04  2.38E-04
     0.0  0.00E+00  0.00E+00  0.00E+00  0.00E+00  0.00E+00  0.00E+00
     2.0  0.00E+00  2.38E-04  2.38E-04  3.01E-11 -2.38E-04 -2.38E-04
     4.0  0.00E+00  6.35E-04  6.35E-04  5.53E-11 -6.35E-04 -6.35E-04
     6.0  2.41E-12  1.06E-03  1.08E-03  7.30E-11 -1.08E-03 -1.06E-03
     8.0  4.10E-12  1.43E-03  1.51E-03  8.59E-11 -1.51E-03 -1.43E-03
    10.0 -1.10E-12  1.83E-03  2.00E-03  9.69E-11 -2.00E-03 -1.83E-03
1         ***** THE USAF AUTOMATED MISSILE DATCOM * REV 3/99 *****     CASE   1
               AERODYNAMIC METHODS FOR MISSILE CONFIGURATIONS          PAGE  13
            FIN SET 1 PANEL HINGE MOMENTS (ABOUT HINGE LINE)

       ******* FLIGHT CONDITIONS AND REFERENCE QUANTITIES *******
     MACH NO  =       0.30                REYNOLDS NO = 6.955E+06 /M
     ALTITUDE =        0.0 M         DYNAMIC PRESSURE =   6383.49 N/M**2
     SIDESLIP =       0.00 DEG                   ROLL =      0.00 DEG     
     REF AREA =      0.001 M**2         MOMENT CENTER =     0.250 M
     REF LENGTH =     0.65 M           LAT REF LENGTH =      0.65 M

   ALPHA   PANL 1   PANL 2   PANL 3   PANL 4   PANL 5   PANL 6   PANL 7   PANL 8
 
   -10.0  0.00E+00 -5.59E-02 -5.14E-02 -3.02E-09  5.14E-02  5.59E-02
    -8.0  3.88E-11 -4.01E-02 -3.82E-02 -2.28E-09  3.82E-02  4.01E-02
    -6.0  0.00E+00 -2.57E-02 -2.53E-02 -1.75E-09  2.53E-02  2.57E-02
    -4.0  0.00E+00 -1.36E-02 -1.36E-02 -1.21E-09  1.36E-02  1.36E-02
    -2.0  0.00E+00 -4.77E-03 -4.77E-03 -6.10E-10  4.77E-03  4.77E-03
     0.0  0.00E+00  0.00E+00  0.00E+00  0.00E+00  0.00E+00  0.00E+00
     2.0  0.00E+00  4.77E-03  4.77E-03  6.10E-10 -4.77E-03 -4.77E-03
     4.0  0.00E+00  1.36E-02  1.36E-02  1.21E-09 -1.36E-02 -1.36E-02
     6.0  5.98E-11  2.53E-02  2.57E-02  1.81E-09 -2.57E-02 -2.53E-02
     8.0  1.16E-10  3.82E-02  4.01E-02  2.44E-09 -4.01E-02 -3.82E-02
    10.0 -3.39E-11  5.14E-02  5.59E-02  2.98E-09 -5.59E-02 -5.14E-02
1         ***** THE USAF AUTOMATED MISSILE DATCOM * REV 3/99 *****     CASE   1
               AERODYNAMIC METHODS FOR MISSILE CONFIGURATIONS          PAGE  14
                   STATIC AERODYNAMICS FOR BODY-FIN SET 1

       ******* FLIGHT CONDITIONS AND REFERENCE QUANTITIES *******
     MACH NO  =       0.30                REYNOLDS NO = 6.955E+06 /M
     ALTITUDE =        0.0 M         DYNAMIC PRESSURE =   6383.49 N/M**2
     SIDESLIP =       0.00 DEG                   ROLL =      0.00 DEG     
     REF AREA =      0.001 M**2         MOMENT CENTER =     0.250 M
     REF LENGTH =     0.65 M           LAT REF LENGTH =      0.65 M

                   ----- LONGITUDINAL -----     -- LATERAL DIRECTIONAL --
         ALPHA       CN        CM        CA        CY       CLN       CLL

        -10.00    -2.695     0.695     0.479     0.000     0.000     0.000
         -8.00    -1.923     0.482     0.482     0.000     0.000     0.000
         -6.00    -1.246     0.299     0.484     0.000     0.000     0.000
         -4.00    -0.680     0.150     0.485     0.000     0.000     0.000
         -2.00    -0.257     0.048     0.485     0.000     0.000     0.000
          0.00     0.000     0.000     0.485     0.000     0.000     0.000
          2.00     0.257    -0.048     0.485     0.000     0.000     0.000
          4.00     0.680    -0.150     0.485     0.000     0.000     0.000
          6.00     1.246    -0.299     0.484     0.000     0.000     0.000
          8.00     1.923    -0.482     0.482     0.000     0.000     0.000
         10.00     2.695    -0.695     0.479     0.000     0.000     0.000

         ALPHA       CL        CD      CL/CD     X-C.P.

        -10.00    -2.571     0.940    -2.735    -0.258
         -8.00    -1.838     0.745    -2.466    -0.251
         -6.00    -1.188     0.612    -1.943    -0.240
         -4.00    -0.644     0.531    -1.213    -0.221
         -2.00    -0.240     0.494    -0.486    -0.186
          0.00     0.000     0.485     0.000    -0.186
          2.00     0.240     0.494     0.486    -0.186
          4.00     0.644     0.531     1.213    -0.221
          6.00     1.188     0.612     1.943    -0.240
          8.00     1.838     0.745     2.466    -0.251
         10.00     2.571     0.940     2.735    -0.258

    X-C.P. MEAS. FROM MOMENT CENTER IN REF. LENGTHS, NEG. AFT OF MOMENT CENTER
1         ***** THE USAF AUTOMATED MISSILE DATCOM * REV 3/99 *****     CASE   1
               AERODYNAMIC METHODS FOR MISSILE CONFIGURATIONS          PAGE  15
                   STATIC AERODYNAMICS FOR BODY-FIN SET 1

       ******* FLIGHT CONDITIONS AND REFERENCE QUANTITIES *******
     MACH NO  =       0.30                REYNOLDS NO = 6.955E+06 /M
     ALTITUDE =        0.0 M         DYNAMIC PRESSURE =   6383.49 N/M**2
     SIDESLIP =       0.00 DEG                   ROLL =      0.00 DEG     
     REF AREA =      0.001 M**2         MOMENT CENTER =     0.250 M
     REF LENGTH =     0.65 M           LAT REF LENGTH =      0.65 M

                   ---------- DERIVATIVES (PER DEGREE) ----------
         ALPHA       CNA         CMA         CYB         CLNB        CLLB
        -10.00      0.4093     -0.1133     -0.2215      0.0522      0.0001
         -8.00      0.3621     -0.0990     -0.2050      0.0475      0.0000
         -6.00      0.3106     -0.0831     -0.1853      0.0416      0.0000
         -4.00      0.2468     -0.0627     -0.1605      0.0340      0.0000
         -2.00      0.1697     -0.0375     -0.1321      0.0250      0.0000
          0.00      0.1286     -0.0239     -0.1117      0.0181      0.0000
          2.00      0.1697     -0.0375     -0.1321      0.0250      0.0000
          4.00      0.2468     -0.0627     -0.1605      0.0340      0.0000
          6.00      0.3106     -0.0831     -0.1853      0.0416      0.0000
          8.00      0.3621     -0.0990     -0.2050      0.0475      0.0000
         10.00      0.4093     -0.1133     -0.2215      0.0522     -0.0001

    PANEL DEFLECTION ANGLES (DEGREES)
    SET    FIN 1   FIN 2   FIN 3   FIN 4   FIN 5   FIN 6   FIN 7   FIN 8
      1    0.00    0.00    0.00    0.00    0.00    0.00
1         ***** THE USAF AUTOMATED MISSILE DATCOM * REV 3/99 *****     CASE   1
               AERODYNAMIC METHODS FOR MISSILE CONFIGURATIONS          PAGE  16
                             BODY ALONE PARTIAL OUTPUT

       ******* FLIGHT CONDITIONS AND REFERENCE QUANTITIES *******
     MACH NO  =       0.60                REYNOLDS NO = 1.391E+07 /M
     ALTITUDE =        0.0 M         DYNAMIC PRESSURE =  25533.94 N/M**2
     SIDESLIP =       0.00 DEG                   ROLL =      0.00 DEG     
     REF AREA =      0.001 M**2         MOMENT CENTER =     0.250 M
     REF LENGTH =     0.65 M           LAT REF LENGTH =      0.65 M

      ALPHA    CA-FRIC  CA-PRES/WAVE CA-BASE    CA-PROT     CA-SEP     CA-ALP
     -10.00     0.1929     0.0133     0.1356                           0.0011
      -8.00     0.1950     0.0135     0.1360                           0.0013
      -6.00     0.1967     0.0136     0.1363                           0.0009
      -4.00     0.1979     0.0137     0.1364                           0.0005
      -2.00     0.1986     0.0137     0.1363                           0.0001
       0.00     0.1988     0.0138     0.1360                           0.0000
       2.00     0.1986     0.0137     0.1363                           0.0001
       4.00     0.1979     0.0137     0.1364                           0.0005
       6.00     0.1967     0.0136     0.1363                           0.0009
       8.00     0.1950     0.0135     0.1360                           0.0013
      10.00     0.1929     0.0133     0.1356                           0.0011

                     CROSS FLOW DRAG PROPORTIONALITY FACTOR = 0.76143

      ALPHA    CN-POTEN  CN-VISC   CN-SEP    CM-POTEN  CM-VISC   CM-SEP    CDC
     -10.00    -0.449    -0.392              -0.046     0.060             0.804
      -8.00    -0.363    -0.248              -0.037     0.038             0.791
      -6.00    -0.274    -0.137              -0.028     0.021             0.778
      -4.00    -0.183    -0.060              -0.019     0.009             0.766
      -2.00    -0.092    -0.015              -0.009     0.002             0.753
       0.00     0.000     0.000               0.000     0.000             0.740
       2.00     0.092     0.015               0.009    -0.002             0.753
       4.00     0.183     0.060               0.019    -0.009             0.766
       6.00     0.274     0.137               0.028    -0.021             0.778
       8.00     0.363     0.248               0.037    -0.038             0.791
      10.00     0.449     0.392               0.046    -0.060             0.804
1         ***** THE USAF AUTOMATED MISSILE DATCOM * REV 3/99 *****     CASE   1
               AERODYNAMIC METHODS FOR MISSILE CONFIGURATIONS          PAGE  17
                        FIN SET 1 CA PARTIAL OUTPUT

       ******* FLIGHT CONDITIONS AND REFERENCE QUANTITIES *******
     MACH NO  =       0.60                REYNOLDS NO = 1.391E+07 /M
     ALTITUDE =        0.0 M         DYNAMIC PRESSURE =  25533.94 N/M**2
     SIDESLIP =       0.00 DEG                   ROLL =      0.00 DEG     
     REF AREA =      0.001 M**2         MOMENT CENTER =     0.250 M
     REF LENGTH =     0.65 M           LAT REF LENGTH =      0.65 M

    SINGLE FIN PANEL ZERO-LIFT AXIAL FORCE COMPONENTS

    SKIN FRICTION        0.0144
    SUBSONIC PRESSURE    0.0012
    TRANSONIC WAVE       0.0000
    SUPERSONIC WAVE      0.0000
    LEADING EDGE         0.0000
    TRAILING EDGE        0.0000
    TOTAL CAO            0.0156

    FIN AXIAL FORCE DUE TO ANGLE OF ATTACK

    ALPHA      CA DUE TO LIFT (SINGLE PANEL)   CA-TOTAL (6 FINS)

     -10.00              0.0000                      0.0920
      -8.00              0.0000                      0.0925
      -6.00              0.0000                      0.0929
      -4.00              0.0000                      0.0932
      -2.00              0.0000                      0.0934
       0.00              0.0000                      0.0935
       2.00              0.0000                      0.0934
       4.00              0.0000                      0.0932
       6.00              0.0000                      0.0929
       8.00              0.0000                      0.0925
      10.00              0.0000                      0.0920
1         ***** THE USAF AUTOMATED MISSILE DATCOM * REV 3/99 *****     CASE   1
               AERODYNAMIC METHODS FOR MISSILE CONFIGURATIONS          PAGE  18
                       FIN SET 1 CN, CM PARTIAL OUTPUT

       ******* FLIGHT CONDITIONS AND REFERENCE QUANTITIES *******
     MACH NO  =       0.60                REYNOLDS NO = 1.391E+07 /M
     ALTITUDE =        0.0 M         DYNAMIC PRESSURE =  25533.94 N/M**2
     SIDESLIP =       0.00 DEG                   ROLL =      0.00 DEG     
     REF AREA =      0.001 M**2         MOMENT CENTER =     0.250 M
     REF LENGTH =     0.65 M           LAT REF LENGTH =      0.65 M

    NORMAL FORCE SLOPE AT ALPHA ZERO, CNA =    0.00486/DEG (1 PANEL)
         CENTER OF PRESSURE FOR LINEAR CN =   -0.36831 (CALIBERS FROM C.G.)
     CENTER OF PRESSURE FOR NON-LINEAR CN =   -0.44615 (CALIBERS FROM C.G.)

      ALPHA      CN        CN        CN        CM        CM        CM
               LINEAR  NON-LINEAR  TOTAL     LINEAR  NON-LINEAR  TOTAL

     -10.00   -0.1439   -0.4540   -0.5979    0.0530    0.2025    0.2556
      -8.00   -0.1157   -0.2912   -0.4069    0.0426    0.1299    0.1725
      -6.00   -0.0871   -0.1641   -0.2512    0.0321    0.0732    0.1053
      -4.00   -0.0582   -0.0730   -0.1312    0.0214    0.0326    0.0540
      -2.00   -0.0291   -0.0183   -0.0474    0.0107    0.0082    0.0189
       0.00    0.0000    0.0000    0.0000    0.0000    0.0000    0.0000
       2.00    0.0291    0.0183    0.0474   -0.0107   -0.0082   -0.0189
       4.00    0.0582    0.0730    0.1312   -0.0214   -0.0326   -0.0540
       6.00    0.0871    0.1641    0.2512   -0.0321   -0.0732   -0.1053
       8.00    0.1157    0.2912    0.4069   -0.0426   -0.1299   -0.1725
      10.00    0.1439    0.4540    0.5979   -0.0530   -0.2025   -0.2556
1         ***** THE USAF AUTOMATED MISSILE DATCOM * REV 3/99 *****     CASE   1
               AERODYNAMIC METHODS FOR MISSILE CONFIGURATIONS          PAGE  19
                 AERODYNAMIC FORCE AND MOMENT SYNTHESIS

       ******* FLIGHT CONDITIONS AND REFERENCE QUANTITIES *******
     MACH NO  =       0.60                REYNOLDS NO = 1.391E+07 /M
     ALTITUDE =        0.0 M         DYNAMIC PRESSURE =  25533.94 N/M**2
     SIDESLIP =       0.00 DEG                   ROLL =      0.00 DEG     
     REF AREA =      0.001 M**2         MOMENT CENTER =     0.250 M
     REF LENGTH =     0.65 M           LAT REF LENGTH =      0.65 M

          ---------------FIN SET 1 IN PRESENCE OF THE BODY----------------

      ALPHA       CN         CM         CA         CY         CLN        CLL

     -10.00    -1.1548     0.4253     0.0935     0.0000     0.0000     0.0000
      -8.00    -0.8189     0.3016     0.0935     0.0000     0.0000     0.0000
      -6.00    -0.5202     0.1916     0.0935     0.0000     0.0000     0.0000
      -4.00    -0.2710     0.0998     0.0935     0.0000     0.0000     0.0000
      -2.00    -0.0926     0.0341     0.0935     0.0000     0.0000     0.0000
       0.00     0.0000     0.0000     0.0935     0.0000     0.0000     0.0000
       2.00     0.0926    -0.0341     0.0935     0.0000     0.0000     0.0000
       4.00     0.2710    -0.0998     0.0935     0.0000     0.0000     0.0000
       6.00     0.5202    -0.1916     0.0935     0.0000     0.0000     0.0000
       8.00     0.8189    -0.3016     0.0935     0.0000     0.0000     0.0000
      10.00     1.1548    -0.4253     0.0935     0.0000     0.0000     0.0000
1         ***** THE USAF AUTOMATED MISSILE DATCOM * REV 3/99 *****     CASE   1
               AERODYNAMIC METHODS FOR MISSILE CONFIGURATIONS          PAGE  20
                 AERODYNAMIC FORCE AND MOMENT SYNTHESIS

       ******* FLIGHT CONDITIONS AND REFERENCE QUANTITIES *******
     MACH NO  =       0.60                REYNOLDS NO = 1.391E+07 /M
     ALTITUDE =        0.0 M         DYNAMIC PRESSURE =  25533.94 N/M**2
     SIDESLIP =       0.00 DEG                   ROLL =      0.00 DEG     
     REF AREA =      0.001 M**2         MOMENT CENTER =     0.250 M
     REF LENGTH =     0.65 M           LAT REF LENGTH =      0.65 M

          ---------------FIN SET 1 PANEL CHARACTERISTICS------------------

      ALPHA      PANEL    AEQ (PANEL AXIS SYS.)    PANEL CN

     -10.00        1              0.0000           0.0000
     -10.00        2            -13.8076          -0.3493
     -10.00        3            -13.0791          -0.3174
     -10.00        4              0.0000           0.0000
     -10.00        5             13.0791           0.3174
     -10.00        6             13.8076           0.3493
 
      -8.00        1              0.0000           0.0000
      -8.00        2            -11.2324          -0.2429
      -8.00        3            -10.8850          -0.2299
      -8.00        4              0.0000           0.0000
      -8.00        5             10.8850           0.2299
      -8.00        6             11.2324           0.2429
 
      -6.00        1              0.0000           0.0000
      -6.00        2             -8.5497          -0.1514
      -6.00        3             -8.4655          -0.1489
      -6.00        4              0.0000           0.0000
      -6.00        5              8.4655           0.1489
      -6.00        6              8.5497           0.1514
 
      -4.00        1              0.0000           0.0000
      -4.00        2             -5.7631          -0.0782
      -4.00        3             -5.7631          -0.0782
      -4.00        4              0.0000           0.0000
      -4.00        5              5.7631           0.0782
      -4.00        6              5.7631           0.0782
 
      -2.00        1              0.0000           0.0000
      -2.00        2             -2.9023          -0.0267
      -2.00        3             -2.9023          -0.0267
      -2.00        4              0.0000           0.0000
      -2.00        5              2.9023           0.0267
      -2.00        6              2.9023           0.0267
 
       0.00        1              0.0000           0.0000
       0.00        2              0.0000           0.0000
       0.00        3              0.0000           0.0000
       0.00        4              0.0000           0.0000
       0.00        5              0.0000           0.0000
       0.00        6              0.0000           0.0000
 
       2.00        1              0.0000           0.0000
       2.00        2              2.9023           0.0267
       2.00        3              2.9023           0.0267
       2.00        4              0.0000           0.0000
       2.00        5             -2.9023          -0.0267
       2.00        6             -2.9023          -0.0267
 
       4.00        1              0.0000           0.0000
       4.00        2              5.7631           0.0782
       4.00        3              5.7631           0.0782
       4.00        4              0.0000           0.0000
       4.00        5             -5.7631          -0.0782
       4.00        6             -5.7631          -0.0782
 
       6.00        1              0.0000           0.0000
       6.00        2              8.4655           0.1489
       6.00        3              8.5497           0.1514
       6.00        4              0.0000           0.0000
       6.00        5             -8.5497          -0.1514
       6.00        6             -8.4655          -0.1489
 
       8.00        1              0.0000           0.0000
       8.00        2             10.8850           0.2299
       8.00        3             11.2324           0.2429
       8.00        4              0.0000           0.0000
       8.00        5            -11.2324          -0.2429
       8.00        6            -10.8850          -0.2299
 
      10.00        1              0.0000           0.0000
      10.00        2             13.0791           0.3174
      10.00        3             13.8076           0.3493
      10.00        4              0.0000           0.0000
      10.00        5            -13.8076          -0.3493
      10.00        6            -13.0791          -0.3174
 
1         ***** THE USAF AUTOMATED MISSILE DATCOM * REV 3/99 *****     CASE   1
               AERODYNAMIC METHODS FOR MISSILE CONFIGURATIONS          PAGE  21
                 AERODYNAMIC FORCE AND MOMENT SYNTHESIS

       ******* FLIGHT CONDITIONS AND REFERENCE QUANTITIES *******
     MACH NO  =       0.60                REYNOLDS NO = 1.391E+07 /M
     ALTITUDE =        0.0 M         DYNAMIC PRESSURE =  25533.94 N/M**2
     SIDESLIP =       0.00 DEG                   ROLL =      0.00 DEG     
     REF AREA =      0.001 M**2         MOMENT CENTER =     0.250 M
     REF LENGTH =     0.65 M           LAT REF LENGTH =      0.65 M

             CARRYOVER INTERFERENCE FACTORS - FIN SET 1

      ALPHA   K-W(B)   K-B(W)  KK-W(B)  KK-B(W)  XCP-W(B) XCP-B(W) Y-CP/(B/2)

     -10.00   1.6234   1.1241   0.9535   0.6600   0.3683   0.3615   0.4141
      -8.00   1.6395   1.1241   0.9535   0.6600   0.3683   0.3615   0.4457
      -6.00   1.6540   1.1241   0.9535   0.6600   0.3683   0.3615   0.4892
      -4.00   1.6666   1.1241   0.9535   0.6600   0.3683   0.3615   0.5354
      -2.00   1.6764   1.1241   0.9535   0.6600   0.3683   0.3615   0.5679
       0.00   1.6818   1.1241   0.9535   0.6600   0.3683   0.3615   0.5848
       2.00   1.6764   1.1241   0.9535   0.6600   0.3683   0.3615   0.5679
       4.00   1.6666   1.1241   0.9535   0.6600   0.3683   0.3615   0.5354
       6.00   1.6540   1.1241   0.9535   0.6600   0.3683   0.3615   0.4908
       8.00   1.6395   1.1241   0.9535   0.6600   0.3683   0.3615   0.4496
      10.00   1.6234   1.1241   0.9535   0.6600   0.3683   0.3615   0.4236

    NOTE - XCP-W(B) USED FOR STABILITY ONLY DIFFERENT VALUES USED FOR HINGE MOMENTS
1         ***** THE USAF AUTOMATED MISSILE DATCOM * REV 3/99 *****     CASE   1
               AERODYNAMIC METHODS FOR MISSILE CONFIGURATIONS          PAGE  22
        FIN SET 1 PANEL BENDING MOMENTS (ABOUT EXPOSED ROOT CHORD)

       ******* FLIGHT CONDITIONS AND REFERENCE QUANTITIES *******
     MACH NO  =       0.60                REYNOLDS NO = 1.391E+07 /M
     ALTITUDE =        0.0 M         DYNAMIC PRESSURE =  25533.94 N/M**2
     SIDESLIP =       0.00 DEG                   ROLL =      0.00 DEG     
     REF AREA =      0.001 M**2         MOMENT CENTER =     0.250 M
     REF LENGTH =     0.65 M           LAT REF LENGTH =      0.65 M

   ALPHA   PANL 1   PANL 2   PANL 3   PANL 4   PANL 5   PANL 6   PANL 7   PANL 8
 
   -10.0  0.00E+00 -2.11E-03 -1.92E-03 -1.00E-10  1.92E-03  2.11E-03
    -8.0  1.43E-12 -1.58E-03 -1.50E-03 -8.17E-11  1.50E-03  1.58E-03
    -6.0  0.00E+00 -1.08E-03 -1.06E-03 -6.88E-11  1.06E-03  1.08E-03
    -4.0  0.00E+00 -6.12E-04 -6.12E-04 -5.22E-11  6.12E-04  6.12E-04
    -2.0  0.00E+00 -2.22E-04 -2.22E-04 -2.78E-11  2.22E-04  2.22E-04
     0.0  0.00E+00  0.00E+00  0.00E+00  0.00E+00  0.00E+00  0.00E+00
     2.0  0.00E+00  2.22E-04  2.22E-04  2.78E-11 -2.22E-04 -2.22E-04
     4.0  0.00E+00  6.12E-04  6.12E-04  5.22E-11 -6.12E-04 -6.12E-04
     6.0  2.42E-12  1.07E-03  1.09E-03  7.14E-11 -1.09E-03 -1.07E-03
     8.0  4.34E-12  1.51E-03  1.60E-03  8.82E-11 -1.60E-03 -1.51E-03
    10.0 -1.20E-12  1.96E-03  2.16E-03  1.01E-10 -2.16E-03 -1.96E-03
1         ***** THE USAF AUTOMATED MISSILE DATCOM * REV 3/99 *****     CASE   1
               AERODYNAMIC METHODS FOR MISSILE CONFIGURATIONS          PAGE  23
            FIN SET 1 PANEL HINGE MOMENTS (ABOUT HINGE LINE)

       ******* FLIGHT CONDITIONS AND REFERENCE QUANTITIES *******
     MACH NO  =       0.60                REYNOLDS NO = 1.391E+07 /M
     ALTITUDE =        0.0 M         DYNAMIC PRESSURE =  25533.94 N/M**2
     SIDESLIP =       0.00 DEG                   ROLL =      0.00 DEG     
     REF AREA =      0.001 M**2         MOMENT CENTER =     0.250 M
     REF LENGTH =     0.65 M           LAT REF LENGTH =      0.65 M

   ALPHA   PANL 1   PANL 2   PANL 3   PANL 4   PANL 5   PANL 6   PANL 7   PANL 8
 
   -10.0  0.00E+00 -5.81E-02 -5.33E-02 -3.05E-09  5.33E-02  5.81E-02
    -8.0  4.04E-11 -4.17E-02 -3.96E-02 -2.30E-09  3.96E-02  4.17E-02
    -6.0  0.00E+00 -2.67E-02 -2.62E-02 -1.77E-09  2.62E-02  2.67E-02
    -4.0  0.00E+00 -1.41E-02 -1.41E-02 -1.23E-09  1.41E-02  1.41E-02
    -2.0  0.00E+00 -4.87E-03 -4.87E-03 -6.15E-10  4.87E-03  4.87E-03
     0.0  0.00E+00  0.00E+00  0.00E+00  0.00E+00  0.00E+00  0.00E+00
     2.0  0.00E+00  4.87E-03  4.87E-03  6.15E-10 -4.87E-03 -4.87E-03
     4.0  0.00E+00  1.41E-02  1.41E-02  1.23E-09 -1.41E-02 -1.41E-02
     6.0  6.19E-11  2.62E-02  2.67E-02  1.83E-09 -2.67E-02 -2.62E-02
     8.0  1.21E-10  3.96E-02  4.17E-02  2.46E-09 -4.17E-02 -3.96E-02
    10.0 -3.57E-11  5.33E-02  5.81E-02  3.01E-09 -5.81E-02 -5.33E-02
1         ***** THE USAF AUTOMATED MISSILE DATCOM * REV 3/99 *****     CASE   1
               AERODYNAMIC METHODS FOR MISSILE CONFIGURATIONS          PAGE  24
                   STATIC AERODYNAMICS FOR BODY-FIN SET 1

       ******* FLIGHT CONDITIONS AND REFERENCE QUANTITIES *******
     MACH NO  =       0.60                REYNOLDS NO = 1.391E+07 /M
     ALTITUDE =        0.0 M         DYNAMIC PRESSURE =  25533.94 N/M**2
     SIDESLIP =       0.00 DEG                   ROLL =      0.00 DEG     
     REF AREA =      0.001 M**2         MOMENT CENTER =     0.250 M
     REF LENGTH =     0.65 M           LAT REF LENGTH =      0.65 M

                   ----- LONGITUDINAL -----     -- LATERAL DIRECTIONAL --
         ALPHA       CN        CM        CA        CY       CLN       CLL

        -10.00    -2.795     0.728     0.436     0.000     0.000     0.000
         -8.00    -1.991     0.505     0.439     0.000     0.000     0.000
         -6.00    -1.285     0.312     0.441     0.000     0.000     0.000
         -4.00    -0.697     0.156     0.442     0.000     0.000     0.000
         -2.00    -0.262     0.049     0.442     0.000     0.000     0.000
          0.00     0.000     0.000     0.442     0.000     0.000     0.000
          2.00     0.262    -0.049     0.442     0.000     0.000     0.000
          4.00     0.697    -0.156     0.442     0.000     0.000     0.000
          6.00     1.285    -0.312     0.441     0.000     0.000     0.000
          8.00     1.991    -0.505     0.439     0.000     0.000     0.000
         10.00     2.795    -0.728     0.436     0.000     0.000     0.000

         ALPHA       CL        CD      CL/CD     X-C.P.

        -10.00    -2.677     0.915    -2.925    -0.260
         -8.00    -1.910     0.712    -2.683    -0.254
         -6.00    -1.232     0.573    -2.150    -0.243
         -4.00    -0.665     0.489    -1.359    -0.224
         -2.00    -0.246     0.451    -0.545    -0.189
          0.00     0.000     0.442     0.000    -0.189
          2.00     0.246     0.451     0.545    -0.189
          4.00     0.665     0.489     1.359    -0.224
          6.00     1.232     0.573     2.150    -0.243
          8.00     1.910     0.712     2.683    -0.254
         10.00     2.677     0.915     2.925    -0.260

    X-C.P. MEAS. FROM MOMENT CENTER IN REF. LENGTHS, NEG. AFT OF MOMENT CENTER
1         ***** THE USAF AUTOMATED MISSILE DATCOM * REV 3/99 *****     CASE   1
               AERODYNAMIC METHODS FOR MISSILE CONFIGURATIONS          PAGE  25
                   STATIC AERODYNAMICS FOR BODY-FIN SET 1

       ******* FLIGHT CONDITIONS AND REFERENCE QUANTITIES *******
     MACH NO  =       0.60                REYNOLDS NO = 1.391E+07 /M
     ALTITUDE =        0.0 M         DYNAMIC PRESSURE =  25533.94 N/M**2
     SIDESLIP =       0.00 DEG                   ROLL =      0.00 DEG     
     REF AREA =      0.001 M**2         MOMENT CENTER =     0.250 M
     REF LENGTH =     0.65 M           LAT REF LENGTH =      0.65 M

                   ---------- DERIVATIVES (PER DEGREE) ----------
         ALPHA       CNA         CMA         CYB         CLNB        CLLB
        -10.00      0.4273     -0.1189     -0.2295      0.0548      0.0001
         -8.00      0.3774     -0.1039     -0.2117      0.0497      0.0000
         -6.00      0.3230     -0.0872     -0.1906      0.0435      0.0000
         -4.00      0.2555     -0.0657     -0.1643      0.0353      0.0000
         -2.00      0.1740     -0.0391     -0.1344      0.0259      0.0000
          0.00      0.1308     -0.0247     -0.1129      0.0185      0.0000
          2.00      0.1740     -0.0391     -0.1344      0.0259      0.0000
          4.00      0.2555     -0.0657     -0.1643      0.0353      0.0000
          6.00      0.3230     -0.0872     -0.1906      0.0435      0.0000
          8.00      0.3774     -0.1039     -0.2117      0.0497      0.0000
         10.00      0.4273     -0.1189     -0.2295      0.0548     -0.0001

    PANEL DEFLECTION ANGLES (DEGREES)
    SET    FIN 1   FIN 2   FIN 3   FIN 4   FIN 5   FIN 6   FIN 7   FIN 8
      1    0.00    0.00    0.00    0.00    0.00    0.00
1         ***** THE USAF AUTOMATED MISSILE DATCOM * REV 3/99 *****     CASE   1
               AERODYNAMIC METHODS FOR MISSILE CONFIGURATIONS          PAGE  26
                             BODY ALONE PARTIAL OUTPUT

       ******* FLIGHT CONDITIONS AND REFERENCE QUANTITIES *******
     MACH NO  =       0.90                REYNOLDS NO = 2.087E+07 /M
     ALTITUDE =        0.0 M         DYNAMIC PRESSURE =  57451.37 N/M**2
     SIDESLIP =       0.00 DEG                   ROLL =      0.00 DEG     
     REF AREA =      0.001 M**2         MOMENT CENTER =     0.250 M
     REF LENGTH =     0.65 M           LAT REF LENGTH =      0.65 M

      ALPHA    CA-FRIC  CA-PRES/WAVE CA-BASE    CA-PROT     CA-SEP     CA-ALP
     -10.00     0.1756     0.0411     0.1315                           0.0012
      -8.00     0.1775     0.0415     0.1319                           0.0014
      -6.00     0.1791     0.0419     0.1322                           0.0010
      -4.00     0.1802     0.0422     0.1323                           0.0005
      -2.00     0.1808     0.0423     0.1322                           0.0001
       0.00     0.1810     0.0424     0.1320                           0.0000
       2.00     0.1808     0.0423     0.1322                           0.0001
       4.00     0.1802     0.0422     0.1323                           0.0005
       6.00     0.1791     0.0419     0.1322                           0.0010
       8.00     0.1775     0.0415     0.1319                           0.0014
      10.00     0.1756     0.0411     0.1315                           0.0012

                     CROSS FLOW DRAG PROPORTIONALITY FACTOR = 0.76387

      ALPHA    CN-POTEN  CN-VISC   CN-SEP    CM-POTEN  CM-VISC   CM-SEP    CDC
     -10.00    -0.461    -0.408              -0.041     0.062             0.836
      -8.00    -0.372    -0.256              -0.033     0.039             0.817
      -6.00    -0.281    -0.141              -0.025     0.022             0.798
      -4.00    -0.188    -0.061              -0.017     0.009             0.778
      -2.00    -0.094    -0.015              -0.008     0.002             0.759
       0.00     0.000     0.000               0.000     0.000             0.740
       2.00     0.094     0.015               0.008    -0.002             0.759
       4.00     0.188     0.061               0.017    -0.009             0.778
       6.00     0.281     0.141               0.025    -0.022             0.798
       8.00     0.372     0.256               0.033    -0.039             0.817
      10.00     0.461     0.408               0.041    -0.062             0.836
1         ***** THE USAF AUTOMATED MISSILE DATCOM * REV 3/99 *****     CASE   1
               AERODYNAMIC METHODS FOR MISSILE CONFIGURATIONS          PAGE  27
                        FIN SET 1 CA PARTIAL OUTPUT

       ******* FLIGHT CONDITIONS AND REFERENCE QUANTITIES *******
     MACH NO  =       0.90                REYNOLDS NO = 2.087E+07 /M
     ALTITUDE =        0.0 M         DYNAMIC PRESSURE =  57451.37 N/M**2
     SIDESLIP =       0.00 DEG                   ROLL =      0.00 DEG     
     REF AREA =      0.001 M**2         MOMENT CENTER =     0.250 M
     REF LENGTH =     0.65 M           LAT REF LENGTH =      0.65 M

    SINGLE FIN PANEL ZERO-LIFT AXIAL FORCE COMPONENTS

    SKIN FRICTION        0.0131
    SUBSONIC PRESSURE    0.0011
    TRANSONIC WAVE       0.0158
    SUPERSONIC WAVE      0.0000
    LEADING EDGE         0.0000
    TRAILING EDGE        0.0000
    TOTAL CAO            0.0299

    FIN AXIAL FORCE DUE TO ANGLE OF ATTACK

    ALPHA      CA DUE TO LIFT (SINGLE PANEL)   CA-TOTAL (6 FINS)

     -10.00              0.0000                      0.1769
      -8.00              0.0000                      0.1779
      -6.00              0.0000                      0.1786
      -4.00              0.0000                      0.1792
      -2.00              0.0000                      0.1795
       0.00              0.0000                      0.1796
       2.00              0.0000                      0.1795
       4.00              0.0000                      0.1792
       6.00              0.0000                      0.1786
       8.00              0.0000                      0.1779
      10.00              0.0000                      0.1769
1         ***** THE USAF AUTOMATED MISSILE DATCOM * REV 3/99 *****     CASE   1
               AERODYNAMIC METHODS FOR MISSILE CONFIGURATIONS          PAGE  28
                       FIN SET 1 CN, CM PARTIAL OUTPUT

       ******* FLIGHT CONDITIONS AND REFERENCE QUANTITIES *******
     MACH NO  =       0.90                REYNOLDS NO = 2.087E+07 /M
     ALTITUDE =        0.0 M         DYNAMIC PRESSURE =  57451.37 N/M**2
     SIDESLIP =       0.00 DEG                   ROLL =      0.00 DEG     
     REF AREA =      0.001 M**2         MOMENT CENTER =     0.250 M
     REF LENGTH =     0.65 M           LAT REF LENGTH =      0.65 M

    NORMAL FORCE SLOPE AT ALPHA ZERO, CNA =    0.00485/DEG (1 PANEL)
         CENTER OF PRESSURE FOR LINEAR CN =   -0.36831 (CALIBERS FROM C.G.)
     CENTER OF PRESSURE FOR NON-LINEAR CN =   -0.44615 (CALIBERS FROM C.G.)

      ALPHA      CN        CN        CN        CM        CM        CM
               LINEAR  NON-LINEAR  TOTAL     LINEAR  NON-LINEAR  TOTAL

     -10.00   -0.1436   -0.3108   -0.4543    0.0529    0.1386    0.1915
      -8.00   -0.1154   -0.1995   -0.3148    0.0425    0.0890    0.1315
      -6.00   -0.0869   -0.1124   -0.1993    0.0320    0.0502    0.0822
      -4.00   -0.0581   -0.0500   -0.1081    0.0214    0.0223    0.0437
      -2.00   -0.0291   -0.0125   -0.0416    0.0107    0.0056    0.0163
       0.00    0.0000    0.0000    0.0000    0.0000    0.0000    0.0000
       2.00    0.0291    0.0125    0.0416   -0.0107   -0.0056   -0.0163
       4.00    0.0581    0.0500    0.1081   -0.0214   -0.0223   -0.0437
       6.00    0.0869    0.1124    0.1993   -0.0320   -0.0502   -0.0822
       8.00    0.1154    0.1995    0.3148   -0.0425   -0.0890   -0.1315
      10.00    0.1436    0.3108    0.4543   -0.0529   -0.1386   -0.1915
1         ***** THE USAF AUTOMATED MISSILE DATCOM * REV 3/99 *****     CASE   1
               AERODYNAMIC METHODS FOR MISSILE CONFIGURATIONS          PAGE  29
                 AERODYNAMIC FORCE AND MOMENT SYNTHESIS

       ******* FLIGHT CONDITIONS AND REFERENCE QUANTITIES *******
     MACH NO  =       0.90                REYNOLDS NO = 2.087E+07 /M
     ALTITUDE =        0.0 M         DYNAMIC PRESSURE =  57451.37 N/M**2
     SIDESLIP =       0.00 DEG                   ROLL =      0.00 DEG     
     REF AREA =      0.001 M**2         MOMENT CENTER =     0.250 M
     REF LENGTH =     0.65 M           LAT REF LENGTH =      0.65 M

          ---------------FIN SET 1 IN PRESENCE OF THE BODY----------------

      ALPHA       CN         CM         CA         CY         CLN        CLL

     -10.00    -0.8565     0.3154     0.1796     0.0000     0.0000     0.0000
      -8.00    -0.6168     0.2272     0.1796     0.0000     0.0000     0.0000
      -6.00    -0.4003     0.1474     0.1796     0.0000     0.0000     0.0000
      -4.00    -0.2158     0.0795     0.1796     0.0000     0.0000     0.0000
      -2.00    -0.0787     0.0290     0.1796     0.0000     0.0000     0.0000
       0.00     0.0000     0.0000     0.1796     0.0000     0.0000     0.0000
       2.00     0.0787    -0.0290     0.1796     0.0000     0.0000     0.0000
       4.00     0.2158    -0.0795     0.1796     0.0000     0.0000     0.0000
       6.00     0.4003    -0.1474     0.1796     0.0000     0.0000     0.0000
       8.00     0.6168    -0.2272     0.1796     0.0000     0.0000     0.0000
      10.00     0.8565    -0.3154     0.1796     0.0000     0.0000     0.0000
1         ***** THE USAF AUTOMATED MISSILE DATCOM * REV 3/99 *****     CASE   1
               AERODYNAMIC METHODS FOR MISSILE CONFIGURATIONS          PAGE  30
                 AERODYNAMIC FORCE AND MOMENT SYNTHESIS

       ******* FLIGHT CONDITIONS AND REFERENCE QUANTITIES *******
     MACH NO  =       0.90                REYNOLDS NO = 2.087E+07 /M
     ALTITUDE =        0.0 M         DYNAMIC PRESSURE =  57451.37 N/M**2
     SIDESLIP =       0.00 DEG                   ROLL =      0.00 DEG     
     REF AREA =      0.001 M**2         MOMENT CENTER =     0.250 M
     REF LENGTH =     0.65 M           LAT REF LENGTH =      0.65 M

          ---------------FIN SET 1 PANEL CHARACTERISTICS------------------

      ALPHA      PANEL    AEQ (PANEL AXIS SYS.)    PANEL CN

     -10.00        1              0.0000           0.0000
     -10.00        2            -13.8101          -0.2591
     -10.00        3            -13.0526          -0.2354
     -10.00        4              0.0000           0.0000
     -10.00        5             13.0526           0.2354
     -10.00        6             13.8101           0.2591
 
      -8.00        1              0.0000           0.0000
      -8.00        2            -11.2349          -0.1829
      -8.00        3            -10.8763          -0.1732
      -8.00        4              0.0000           0.0000
      -8.00        5             10.8763           0.1732
      -8.00        6             11.2349           0.1829
 
      -6.00        1              0.0000           0.0000
      -6.00        2             -8.5515          -0.1165
      -6.00        3             -8.4653          -0.1146
      -6.00        4              0.0000           0.0000
      -6.00        5              8.4653           0.1146
      -6.00        6              8.5515           0.1165
 
      -4.00        1              0.0000           0.0000
      -4.00        2             -5.7638          -0.0623
      -4.00        3             -5.7638          -0.0623
      -4.00        4              0.0000           0.0000
      -4.00        5              5.7638           0.0623
      -4.00        6              5.7638           0.0623
 
      -2.00        1              0.0000           0.0000
      -2.00        2             -2.9025          -0.0227
      -2.00        3             -2.9025          -0.0227
      -2.00        4              0.0000           0.0000
      -2.00        5              2.9025           0.0227
      -2.00        6              2.9025           0.0227
 
       0.00        1              0.0000           0.0000
       0.00        2              0.0000           0.0000
       0.00        3              0.0000           0.0000
       0.00        4              0.0000           0.0000
       0.00        5              0.0000           0.0000
       0.00        6              0.0000           0.0000
 
       2.00        1              0.0000           0.0000
       2.00        2              2.9025           0.0227
       2.00        3              2.9025           0.0227
       2.00        4              0.0000           0.0000
       2.00        5             -2.9025          -0.0227
       2.00        6             -2.9025          -0.0227
 
       4.00        1              0.0000           0.0000
       4.00        2              5.7638           0.0623
       4.00        3              5.7638           0.0623
       4.00        4              0.0000           0.0000
       4.00        5             -5.7638          -0.0623
       4.00        6             -5.7638          -0.0623
 
       6.00        1              0.0000           0.0000
       6.00        2              8.4653           0.1146
       6.00        3              8.5515           0.1165
       6.00        4              0.0000           0.0000
       6.00        5             -8.5515          -0.1165
       6.00        6             -8.4653          -0.1146
 
       8.00        1              0.0000           0.0000
       8.00        2             10.8763           0.1732
       8.00        3             11.2349           0.1829
       8.00        4              0.0000           0.0000
       8.00        5            -11.2349          -0.1829
       8.00        6            -10.8763          -0.1732
 
      10.00        1              0.0000           0.0000
      10.00        2             13.0526           0.2354
      10.00        3             13.8101           0.2591
      10.00        4              0.0000           0.0000
      10.00        5            -13.8101          -0.2591
      10.00        6            -13.0526          -0.2354
 
1         ***** THE USAF AUTOMATED MISSILE DATCOM * REV 3/99 *****     CASE   1
               AERODYNAMIC METHODS FOR MISSILE CONFIGURATIONS          PAGE  31
                 AERODYNAMIC FORCE AND MOMENT SYNTHESIS

       ******* FLIGHT CONDITIONS AND REFERENCE QUANTITIES *******
     MACH NO  =       0.90                REYNOLDS NO = 2.087E+07 /M
     ALTITUDE =        0.0 M         DYNAMIC PRESSURE =  57451.37 N/M**2
     SIDESLIP =       0.00 DEG                   ROLL =      0.00 DEG     
     REF AREA =      0.001 M**2         MOMENT CENTER =     0.250 M
     REF LENGTH =     0.65 M           LAT REF LENGTH =      0.65 M

             CARRYOVER INTERFERENCE FACTORS - FIN SET 1

      ALPHA   K-W(B)   K-B(W)  KK-W(B)  KK-B(W)  XCP-W(B) XCP-B(W) Y-CP/(B/2)

     -10.00   1.6243   1.1241   0.9535   0.6600   0.3683   0.3615   0.4382
      -8.00   1.6402   1.1241   0.9535   0.6600   0.3683   0.3615   0.4507
      -6.00   1.6545   1.1241   0.9535   0.6600   0.3683   0.3615   0.4637
      -4.00   1.6668   1.1241   0.9535   0.6600   0.3683   0.3615   0.4743
      -2.00   1.6765   1.1241   0.9535   0.6600   0.3683   0.3615   0.4820
       0.00   1.6818   1.1241   0.9535   0.6600   0.3683   0.3615   0.4865
       2.00   1.6765   1.1241   0.9535   0.6600   0.3683   0.3615   0.4820
       4.00   1.6668   1.1241   0.9535   0.6600   0.3683   0.3615   0.4743
       6.00   1.6545   1.1241   0.9535   0.6600   0.3683   0.3615   0.4640
       8.00   1.6402   1.1241   0.9535   0.6600   0.3683   0.3615   0.4526
      10.00   1.6243   1.1241   0.9535   0.6600   0.3683   0.3615   0.4418

    NOTE - XCP-W(B) USED FOR STABILITY ONLY DIFFERENT VALUES USED FOR HINGE MOMENTS
1         ***** THE USAF AUTOMATED MISSILE DATCOM * REV 3/99 *****     CASE   1
               AERODYNAMIC METHODS FOR MISSILE CONFIGURATIONS          PAGE  32
        FIN SET 1 PANEL BENDING MOMENTS (ABOUT EXPOSED ROOT CHORD)

       ******* FLIGHT CONDITIONS AND REFERENCE QUANTITIES *******
     MACH NO  =       0.90                REYNOLDS NO = 2.087E+07 /M
     ALTITUDE =        0.0 M         DYNAMIC PRESSURE =  57451.37 N/M**2
     SIDESLIP =       0.00 DEG                   ROLL =      0.00 DEG     
     REF AREA =      0.001 M**2         MOMENT CENTER =     0.250 M
     REF LENGTH =     0.65 M           LAT REF LENGTH =      0.65 M

   ALPHA   PANL 1   PANL 2   PANL 3   PANL 4   PANL 5   PANL 6   PANL 7   PANL 8
 
   -10.0  0.00E+00 -1.66E-03 -1.51E-03 -9.72E-11  1.51E-03  1.66E-03
    -8.0  1.37E-12 -1.20E-03 -1.14E-03 -7.54E-11  1.14E-03  1.20E-03
    -6.0  0.00E+00 -7.90E-04 -7.77E-04 -5.96E-11  7.77E-04  7.90E-04
    -4.0  0.00E+00 -4.32E-04 -4.32E-04 -4.23E-11  4.32E-04  4.32E-04
    -2.0  0.00E+00 -1.60E-04 -1.60E-04 -2.16E-11  1.60E-04  1.60E-04
     0.0  0.00E+00  0.00E+00  0.00E+00  0.00E+00  0.00E+00  0.00E+00
     2.0  0.00E+00  1.60E-04  1.60E-04  2.16E-11 -1.60E-04 -1.60E-04
     4.0  0.00E+00  4.32E-04  4.32E-04  4.23E-11 -4.32E-04 -4.32E-04
     6.0  2.14E-12  7.77E-04  7.90E-04  6.18E-11 -7.90E-04 -7.77E-04
     8.0  4.13E-12  1.15E-03  1.21E-03  8.12E-11 -1.21E-03 -1.15E-03
    10.0 -1.19E-12  1.52E-03  1.67E-03  9.69E-11 -1.67E-03 -1.52E-03
1         ***** THE USAF AUTOMATED MISSILE DATCOM * REV 3/99 *****     CASE   1
               AERODYNAMIC METHODS FOR MISSILE CONFIGURATIONS          PAGE  33
            FIN SET 1 PANEL HINGE MOMENTS (ABOUT HINGE LINE)

       ******* FLIGHT CONDITIONS AND REFERENCE QUANTITIES *******
     MACH NO  =       0.90                REYNOLDS NO = 2.087E+07 /M
     ALTITUDE =        0.0 M         DYNAMIC PRESSURE =  57451.37 N/M**2
     SIDESLIP =       0.00 DEG                   ROLL =      0.00 DEG     
     REF AREA =      0.001 M**2         MOMENT CENTER =     0.250 M
     REF LENGTH =     0.65 M           LAT REF LENGTH =      0.65 M

   ALPHA   PANL 1   PANL 2   PANL 3   PANL 4   PANL 5   PANL 6   PANL 7   PANL 8
 
   -10.0  0.00E+00 -4.40E-02 -4.02E-02 -2.73E-09  4.02E-02  4.40E-02
    -8.0  3.75E-11 -3.16E-02 -3.00E-02 -2.06E-09  3.00E-02  3.16E-02
    -6.0  0.00E+00 -2.04E-02 -2.01E-02 -1.58E-09  2.01E-02  2.04E-02
    -4.0  0.00E+00 -1.11E-02 -1.11E-02 -1.10E-09  1.11E-02  1.11E-02
    -2.0  0.00E+00 -4.07E-03 -4.07E-03 -5.52E-10  4.07E-03  4.07E-03
     0.0  0.00E+00  0.00E+00  0.00E+00  0.00E+00  0.00E+00  0.00E+00
     2.0  0.00E+00  4.07E-03  4.07E-03  5.52E-10 -4.07E-03 -4.07E-03
     4.0  0.00E+00  1.11E-02  1.11E-02  1.10E-09 -1.11E-02 -1.11E-02
     6.0  5.69E-11  2.01E-02  2.04E-02  1.64E-09 -2.04E-02 -2.01E-02
     8.0  1.12E-10  3.00E-02  3.16E-02  2.21E-09 -3.16E-02 -3.00E-02
    10.0 -3.33E-11  4.02E-02  4.40E-02  2.70E-09 -4.40E-02 -4.02E-02
1         ***** THE USAF AUTOMATED MISSILE DATCOM * REV 3/99 *****     CASE   1
               AERODYNAMIC METHODS FOR MISSILE CONFIGURATIONS          PAGE  34
                   STATIC AERODYNAMICS FOR BODY-FIN SET 1

       ******* FLIGHT CONDITIONS AND REFERENCE QUANTITIES *******
     MACH NO  =       0.90                REYNOLDS NO = 2.087E+07 /M
     ALTITUDE =        0.0 M         DYNAMIC PRESSURE =  57451.37 N/M**2
     SIDESLIP =       0.00 DEG                   ROLL =      0.00 DEG     
     REF AREA =      0.001 M**2         MOMENT CENTER =     0.250 M
     REF LENGTH =     0.65 M           LAT REF LENGTH =      0.65 M

                   ----- LONGITUDINAL -----     -- LATERAL DIRECTIONAL --
         ALPHA       CN        CM        CA        CY       CLN       CLL

        -10.00    -2.319     0.551     0.529     0.000     0.000     0.000
         -8.00    -1.668     0.386     0.532     0.000     0.000     0.000
         -6.00    -1.095     0.242     0.534     0.000     0.000     0.000
         -4.00    -0.611     0.125     0.535     0.000     0.000     0.000
         -2.00    -0.241     0.042     0.535     0.000     0.000     0.000
          0.00     0.000     0.000     0.535     0.000     0.000     0.000
          2.00     0.241    -0.042     0.535     0.000     0.000     0.000
          4.00     0.611    -0.125     0.535     0.000     0.000     0.000
          6.00     1.095    -0.242     0.534     0.000     0.000     0.000
          8.00     1.668    -0.386     0.532     0.000     0.000     0.000
         10.00     2.319    -0.551     0.529     0.000     0.000     0.000

         ALPHA       CL        CD      CL/CD     X-C.P.

        -10.00    -2.192     0.924    -2.373    -0.238
         -8.00    -1.578     0.759    -2.079    -0.232
         -6.00    -1.033     0.645    -1.601    -0.222
         -4.00    -0.572     0.576    -0.993    -0.204
         -2.00    -0.222     0.543    -0.409    -0.174
          0.00     0.000     0.535     0.000    -0.174
          2.00     0.222     0.543     0.409    -0.174
          4.00     0.572     0.576     0.993    -0.204
          6.00     1.033     0.645     1.601    -0.222
          8.00     1.578     0.759     2.079    -0.232
         10.00     2.192     0.924     2.373    -0.238

    X-C.P. MEAS. FROM MOMENT CENTER IN REF. LENGTHS, NEG. AFT OF MOMENT CENTER
1         ***** THE USAF AUTOMATED MISSILE DATCOM * REV 3/99 *****     CASE   1
               AERODYNAMIC METHODS FOR MISSILE CONFIGURATIONS          PAGE  35
                   STATIC AERODYNAMICS FOR BODY-FIN SET 1

       ******* FLIGHT CONDITIONS AND REFERENCE QUANTITIES *******
     MACH NO  =       0.90                REYNOLDS NO = 2.087E+07 /M
     ALTITUDE =        0.0 M         DYNAMIC PRESSURE =  57451.37 N/M**2
     SIDESLIP =       0.00 DEG                   ROLL =      0.00 DEG     
     REF AREA =      0.001 M**2         MOMENT CENTER =     0.250 M
     REF LENGTH =     0.65 M           LAT REF LENGTH =      0.65 M

                   ---------- DERIVATIVES (PER DEGREE) ----------
         ALPHA       CNA         CMA         CYB         CLNB        CLLB
        -10.00      0.3448     -0.0879     -0.1935      0.0413      0.0000
         -8.00      0.3060     -0.0772     -0.1811      0.0384      0.0000
         -6.00      0.2642     -0.0653     -0.1658      0.0343      0.0000
         -4.00      0.2133     -0.0501     -0.1460      0.0287      0.0000
         -2.00      0.1526     -0.0312     -0.1232      0.0218      0.0000
          0.00      0.1205     -0.0210     -0.1076      0.0167      0.0000
          2.00      0.1526     -0.0312     -0.1232      0.0218      0.0000
          4.00      0.2133     -0.0501     -0.1460      0.0287      0.0000
          6.00      0.2642     -0.0653     -0.1658      0.0343      0.0000
          8.00      0.3060     -0.0772     -0.1811      0.0384      0.0000
         10.00      0.3448     -0.0879     -0.1935      0.0413      0.0000

    PANEL DEFLECTION ANGLES (DEGREES)
    SET    FIN 1   FIN 2   FIN 3   FIN 4   FIN 5   FIN 6   FIN 7   FIN 8
      1    0.00    0.00    0.00    0.00    0.00    0.00
1         ***** THE USAF AUTOMATED MISSILE DATCOM * REV 3/99 *****     CASE   1
               AERODYNAMIC METHODS FOR MISSILE CONFIGURATIONS          PAGE  36
                             BODY ALONE PARTIAL OUTPUT

       ******* FLIGHT CONDITIONS AND REFERENCE QUANTITIES *******
     MACH NO  =       1.10                REYNOLDS NO = 2.550E+07 /M
     ALTITUDE =        0.0 M         DYNAMIC PRESSURE =  85822.41 N/M**2
     SIDESLIP =       0.00 DEG                   ROLL =      0.00 DEG     
     REF AREA =      0.001 M**2         MOMENT CENTER =     0.250 M
     REF LENGTH =     0.65 M           LAT REF LENGTH =      0.65 M

      ALPHA    CA-FRIC  CA-PRES/WAVE CA-BASE    CA-PROT     CA-SEP     CA-ALP
     -10.00     0.1661     0.1222     0.2013                           0.0019
      -8.00     0.1679     0.1235     0.2021                           0.0019
      -6.00     0.1694     0.1246     0.2027                           0.0014
      -4.00     0.1704     0.1253     0.2031                           0.0007
      -2.00     0.1710     0.1258     0.2032                           0.0002
       0.00     0.1712     0.1260     0.2030                           0.0000
       2.00     0.1710     0.1258     0.2032                           0.0002
       4.00     0.1704     0.1253     0.2031                           0.0007
       6.00     0.1694     0.1246     0.2027                           0.0014
       8.00     0.1679     0.1235     0.2021                           0.0019
      10.00     0.1661     0.1222     0.2013                           0.0019

                     CROSS FLOW DRAG PROPORTIONALITY FACTOR = 0.97277

      ALPHA    CN-POTEN  CN-VISC   CN-SEP    CM-POTEN  CM-VISC   CM-SEP    CDC
     -10.00    -0.505    -0.533              -0.037     0.081             0.857
      -8.00    -0.407    -0.333              -0.030     0.051             0.834
      -6.00    -0.308    -0.183              -0.022     0.028             0.810
      -4.00    -0.206    -0.079              -0.015     0.012             0.787
      -2.00    -0.103    -0.019              -0.008     0.003             0.764
       0.00     0.000     0.000               0.000     0.000             0.740
       2.00     0.103     0.019               0.008    -0.003             0.764
       4.00     0.206     0.079               0.015    -0.012             0.787
       6.00     0.308     0.183               0.022    -0.028             0.810
       8.00     0.407     0.333               0.030    -0.051             0.834
      10.00     0.505     0.533               0.037    -0.081             0.857
1         ***** THE USAF AUTOMATED MISSILE DATCOM * REV 3/99 *****     CASE   1
               AERODYNAMIC METHODS FOR MISSILE CONFIGURATIONS          PAGE  37
                        FIN SET 1 CA PARTIAL OUTPUT

       ******* FLIGHT CONDITIONS AND REFERENCE QUANTITIES *******
     MACH NO  =       1.10                REYNOLDS NO = 2.550E+07 /M
     ALTITUDE =        0.0 M         DYNAMIC PRESSURE =  85822.41 N/M**2
     SIDESLIP =       0.00 DEG                   ROLL =      0.00 DEG     
     REF AREA =      0.001 M**2         MOMENT CENTER =     0.250 M
     REF LENGTH =     0.65 M           LAT REF LENGTH =      0.65 M

    SINGLE FIN PANEL ZERO-LIFT AXIAL FORCE COMPONENTS

    SKIN FRICTION        0.0124
    SUBSONIC PRESSURE    0.0005
    TRANSONIC WAVE       0.0000
    SUPERSONIC WAVE      0.0284
    LEADING EDGE         0.0000
    TRAILING EDGE        0.0000
    TOTAL CAO            0.0413

    FIN AXIAL FORCE DUE TO ANGLE OF ATTACK

    ALPHA      CA DUE TO LIFT (SINGLE PANEL)   CA-TOTAL (6 FINS)

     -10.00              0.0000                      0.2438
      -8.00              0.0000                      0.2451
      -6.00              0.0000                      0.2462
      -4.00              0.0000                      0.2469
      -2.00              0.0000                      0.2474
       0.00              0.0000                      0.2475
       2.00              0.0000                      0.2474
       4.00              0.0000                      0.2469
       6.00              0.0000                      0.2462
       8.00              0.0000                      0.2451
      10.00              0.0000                      0.2438
1         ***** THE USAF AUTOMATED MISSILE DATCOM * REV 3/99 *****     CASE   1
               AERODYNAMIC METHODS FOR MISSILE CONFIGURATIONS          PAGE  38
                       FIN SET 1 CN, CM PARTIAL OUTPUT

       ******* FLIGHT CONDITIONS AND REFERENCE QUANTITIES *******
     MACH NO  =       1.10                REYNOLDS NO = 2.550E+07 /M
     ALTITUDE =        0.0 M         DYNAMIC PRESSURE =  85822.41 N/M**2
     SIDESLIP =       0.00 DEG                   ROLL =      0.00 DEG     
     REF AREA =      0.001 M**2         MOMENT CENTER =     0.250 M
     REF LENGTH =     0.65 M           LAT REF LENGTH =      0.65 M

    NORMAL FORCE SLOPE AT ALPHA ZERO, CNA =    0.00491/DEG (1 PANEL)
         CENTER OF PRESSURE FOR LINEAR CN =   -0.45292 (CALIBERS FROM C.G.)
     CENTER OF PRESSURE FOR NON-LINEAR CN =   -0.44615 (CALIBERS FROM C.G.)

      ALPHA      CN        CN        CN        CM        CM        CM
               LINEAR  NON-LINEAR  TOTAL     LINEAR  NON-LINEAR  TOTAL

     -10.00   -0.1455   -0.2190   -0.3645    0.0659    0.0977    0.1636
      -8.00   -0.1169   -0.1407   -0.2576    0.0530    0.0628    0.1157
      -6.00   -0.0880   -0.0793   -0.1674    0.0399    0.0354    0.0753
      -4.00   -0.0588   -0.0353   -0.0941    0.0266    0.0158    0.0424
      -2.00   -0.0295   -0.0088   -0.0383    0.0133    0.0039    0.0173
       0.00    0.0000    0.0000    0.0000    0.0000    0.0000    0.0000
       2.00    0.0295    0.0088    0.0383   -0.0133   -0.0039   -0.0173
       4.00    0.0588    0.0353    0.0941   -0.0266   -0.0158   -0.0424
       6.00    0.0880    0.0793    0.1674   -0.0399   -0.0354   -0.0753
       8.00    0.1169    0.1407    0.2576   -0.0530   -0.0628   -0.1157
      10.00    0.1455    0.2190    0.3645   -0.0659   -0.0977   -0.1636
1         ***** THE USAF AUTOMATED MISSILE DATCOM * REV 3/99 *****     CASE   1
               AERODYNAMIC METHODS FOR MISSILE CONFIGURATIONS          PAGE  39
                 AERODYNAMIC FORCE AND MOMENT SYNTHESIS

       ******* FLIGHT CONDITIONS AND REFERENCE QUANTITIES *******
     MACH NO  =       1.10                REYNOLDS NO = 2.550E+07 /M
     ALTITUDE =        0.0 M         DYNAMIC PRESSURE =  85822.41 N/M**2
     SIDESLIP =       0.00 DEG                   ROLL =      0.00 DEG     
     REF AREA =      0.001 M**2         MOMENT CENTER =     0.250 M
     REF LENGTH =     0.65 M           LAT REF LENGTH =      0.65 M

          ---------------FIN SET 1 IN PRESENCE OF THE BODY----------------

      ALPHA       CN         CM         CA         CY         CLN        CLL

     -10.00    -0.6633     0.3004     0.2475     0.0000     0.0000     0.0000
      -8.00    -0.4871     0.2206     0.2475     0.0000     0.0000     0.0000
      -6.00    -0.3244     0.1469     0.2475     0.0000     0.0000     0.0000
      -4.00    -0.1816     0.0822     0.2475     0.0000     0.0000     0.0000
      -2.00    -0.0705     0.0319     0.2475     0.0000     0.0000     0.0000
       0.00     0.0000     0.0000     0.2475     0.0000     0.0000     0.0000
       2.00     0.0705    -0.0319     0.2475     0.0000     0.0000     0.0000
       4.00     0.1816    -0.0822     0.2475     0.0000     0.0000     0.0000
       6.00     0.3244    -0.1469     0.2475     0.0000     0.0000     0.0000
       8.00     0.4871    -0.2206     0.2475     0.0000     0.0000     0.0000
      10.00     0.6633    -0.3004     0.2475     0.0000     0.0000     0.0000
1         ***** THE USAF AUTOMATED MISSILE DATCOM * REV 3/99 *****     CASE   1
               AERODYNAMIC METHODS FOR MISSILE CONFIGURATIONS          PAGE  40
                 AERODYNAMIC FORCE AND MOMENT SYNTHESIS

       ******* FLIGHT CONDITIONS AND REFERENCE QUANTITIES *******
     MACH NO  =       1.10                REYNOLDS NO = 2.550E+07 /M
     ALTITUDE =        0.0 M         DYNAMIC PRESSURE =  85822.41 N/M**2
     SIDESLIP =       0.00 DEG                   ROLL =      0.00 DEG     
     REF AREA =      0.001 M**2         MOMENT CENTER =     0.250 M
     REF LENGTH =     0.65 M           LAT REF LENGTH =      0.65 M

          ---------------FIN SET 1 PANEL CHARACTERISTICS------------------

      ALPHA      PANEL    AEQ (PANEL AXIS SYS.)    PANEL CN

     -10.00        1              0.0000           0.0000
     -10.00        2            -13.7424          -0.2005
     -10.00        3            -12.9601          -0.1824
     -10.00        4              0.0000           0.0000
     -10.00        5             12.9601           0.1824
     -10.00        6             13.7424           0.2005
 
      -8.00        1              0.0000           0.0000
      -8.00        2            -11.1951          -0.1443
      -8.00        3            -10.8255          -0.1369
      -8.00        4              0.0000           0.0000
      -8.00        5             10.8255           0.1369
      -8.00        6             11.1951           0.1443
 
      -6.00        1              0.0000           0.0000
      -6.00        2             -8.5318          -0.0944
      -6.00        3             -8.4429          -0.0929
      -6.00        4              0.0000           0.0000
      -6.00        5              8.4429           0.0929
      -6.00        6              8.5318           0.0944
 
      -4.00        1              0.0000           0.0000
      -4.00        2             -5.7566          -0.0524
      -4.00        3             -5.7566          -0.0524
      -4.00        4              0.0000           0.0000
      -4.00        5              5.7566           0.0524
      -4.00        6              5.7566           0.0524
 
      -2.00        1              0.0000           0.0000
      -2.00        2             -2.9011          -0.0203
      -2.00        3             -2.9011          -0.0203
      -2.00        4              0.0000           0.0000
      -2.00        5              2.9011           0.0203
      -2.00        6              2.9011           0.0203
 
       0.00        1              0.0000           0.0000
       0.00        2              0.0000           0.0000
       0.00        3              0.0000           0.0000
       0.00        4              0.0000           0.0000
       0.00        5              0.0000           0.0000
       0.00        6              0.0000           0.0000
 
       2.00        1              0.0000           0.0000
       2.00        2              2.9011           0.0203
       2.00        3              2.9011           0.0203
       2.00        4              0.0000           0.0000
       2.00        5             -2.9011          -0.0203
       2.00        6             -2.9011          -0.0203
 
       4.00        1              0.0000           0.0000
       4.00        2              5.7566           0.0524
       4.00        3              5.7566           0.0524
       4.00        4              0.0000           0.0000
       4.00        5             -5.7566          -0.0524
       4.00        6             -5.7566          -0.0524
 
       6.00        1              0.0000           0.0000
       6.00        2              8.4429           0.0929
       6.00        3              8.5318           0.0944
       6.00        4              0.0000           0.0000
       6.00        5             -8.5318          -0.0944
       6.00        6             -8.4429          -0.0929
 
       8.00        1              0.0000           0.0000
       8.00        2             10.8255           0.1369
       8.00        3             11.1951           0.1443
       8.00        4              0.0000           0.0000
       8.00        5            -11.1951          -0.1443
       8.00        6            -10.8255          -0.1369
 
      10.00        1              0.0000           0.0000
      10.00        2             12.9601           0.1824
      10.00        3             13.7424           0.2005
      10.00        4              0.0000           0.0000
      10.00        5            -13.7424          -0.2005
      10.00        6            -12.9601          -0.1824
 
1         ***** THE USAF AUTOMATED MISSILE DATCOM * REV 3/99 *****     CASE   1
               AERODYNAMIC METHODS FOR MISSILE CONFIGURATIONS          PAGE  41
                 AERODYNAMIC FORCE AND MOMENT SYNTHESIS

       ******* FLIGHT CONDITIONS AND REFERENCE QUANTITIES *******
     MACH NO  =       1.10                REYNOLDS NO = 2.550E+07 /M
     ALTITUDE =        0.0 M         DYNAMIC PRESSURE =  85822.41 N/M**2
     SIDESLIP =       0.00 DEG                   ROLL =      0.00 DEG     
     REF AREA =      0.001 M**2         MOMENT CENTER =     0.250 M
     REF LENGTH =     0.65 M           LAT REF LENGTH =      0.65 M

             CARRYOVER INTERFERENCE FACTORS - FIN SET 1

      ALPHA   K-W(B)   K-B(W)  KK-W(B)  KK-B(W)  XCP-W(B) XCP-B(W) Y-CP/(B/2)

     -10.00   1.6165   1.1241   0.9535   0.6600   0.4529   0.3615   0.4356
      -8.00   1.6344   1.1241   0.9535   0.6600   0.4529   0.3615   0.4446
      -6.00   1.6507   1.1241   0.9535   0.6600   0.4529   0.3615   0.4526
      -4.00   1.6647   1.1241   0.9535   0.6600   0.4529   0.3615   0.4593
      -2.00   1.6757   1.1241   0.9535   0.6600   0.4529   0.3615   0.4644
       0.00   1.6818   1.1241   0.9535   0.6600   0.4529   0.3615   0.4676
       2.00   1.6757   1.1241   0.9535   0.6600   0.4529   0.3615   0.4644
       4.00   1.6647   1.1241   0.9535   0.6600   0.4529   0.3615   0.4593
       6.00   1.6507   1.1241   0.9535   0.6600   0.4529   0.3615   0.4528
       8.00   1.6344   1.1241   0.9535   0.6600   0.4529   0.3615   0.4458
      10.00   1.6165   1.1241   0.9535   0.6600   0.4529   0.3615   0.4385

    NOTE - XCP-W(B) USED FOR STABILITY ONLY DIFFERENT VALUES USED FOR HINGE MOMENTS
1         ***** THE USAF AUTOMATED MISSILE DATCOM * REV 3/99 *****     CASE   1
               AERODYNAMIC METHODS FOR MISSILE CONFIGURATIONS          PAGE  42
        FIN SET 1 PANEL BENDING MOMENTS (ABOUT EXPOSED ROOT CHORD)

       ******* FLIGHT CONDITIONS AND REFERENCE QUANTITIES *******
     MACH NO  =       1.10                REYNOLDS NO = 2.550E+07 /M
     ALTITUDE =        0.0 M         DYNAMIC PRESSURE =  85822.41 N/M**2
     SIDESLIP =       0.00 DEG                   ROLL =      0.00 DEG     
     REF AREA =      0.001 M**2         MOMENT CENTER =     0.250 M
     REF LENGTH =     0.65 M           LAT REF LENGTH =      0.65 M

   ALPHA   PANL 1   PANL 2   PANL 3   PANL 4   PANL 5   PANL 6   PANL 7   PANL 8
 
   -10.0  2.19E-12 -1.28E-03 -1.16E-03 -1.00E-10  1.16E-03  1.28E-03
    -8.0  0.00E+00 -9.38E-04 -8.89E-04 -7.19E-11  8.89E-04  9.38E-04
    -6.0  0.00E+00 -6.24E-04 -6.14E-04 -5.44E-11  6.14E-04  6.24E-04
    -4.0  0.00E+00 -3.52E-04 -3.52E-04 -3.90E-11  3.52E-04  3.52E-04
    -2.0  0.00E+00 -1.38E-04 -1.38E-04 -1.98E-11  1.38E-04  1.38E-04
     0.0  0.00E+00  0.00E+00  0.00E+00  0.00E+00  0.00E+00  0.00E+00
     2.0  0.00E+00  1.38E-04  1.38E-04  1.98E-11 -1.38E-04 -1.38E-04
     4.0  0.00E+00  3.52E-04  3.52E-04  3.90E-11 -3.52E-04 -3.52E-04
     6.0  2.78E-12  6.15E-04  6.25E-04  5.73E-11 -6.25E-04 -6.15E-04
     8.0  2.49E-12  8.92E-04  9.40E-04  7.46E-11 -9.40E-04 -8.92E-04
    10.0 -9.94E-12  1.17E-03  1.29E-03  9.33E-11 -1.29E-03 -1.17E-03
1         ***** THE USAF AUTOMATED MISSILE DATCOM * REV 3/99 *****     CASE   1
               AERODYNAMIC METHODS FOR MISSILE CONFIGURATIONS          PAGE  43
            FIN SET 1 PANEL HINGE MOMENTS (ABOUT HINGE LINE)

       ******* FLIGHT CONDITIONS AND REFERENCE QUANTITIES *******
     MACH NO  =       1.10                REYNOLDS NO = 2.550E+07 /M
     ALTITUDE =        0.0 M         DYNAMIC PRESSURE =  85822.41 N/M**2
     SIDESLIP =       0.00 DEG                   ROLL =      0.00 DEG     
     REF AREA =      0.001 M**2         MOMENT CENTER =     0.250 M
     REF LENGTH =     0.65 M           LAT REF LENGTH =      0.65 M

   ALPHA   PANL 1   PANL 2   PANL 3   PANL 4   PANL 5   PANL 6   PANL 7   PANL 8
 
   -10.0  5.97E-11 -3.34E-02 -3.05E-02 -2.73E-09  3.05E-02  3.34E-02
    -8.0  0.00E+00 -2.43E-02 -2.31E-02 -1.92E-09  2.31E-02  2.43E-02
    -6.0  0.00E+00 -1.61E-02 -1.58E-02 -1.43E-09  1.58E-02  1.61E-02
    -4.0  0.00E+00 -8.99E-03 -8.99E-03 -1.01E-09  8.99E-03  8.99E-03
    -2.0  0.00E+00 -3.51E-03 -3.51E-03 -5.05E-10  3.51E-03  3.51E-03
     0.0  0.00E+00  0.00E+00  0.00E+00  0.00E+00  0.00E+00  0.00E+00
     2.0  0.00E+00  3.51E-03  3.51E-03  5.05E-10 -3.51E-03 -3.51E-03
     4.0  0.00E+00  8.99E-03  8.99E-03  1.01E-09 -8.99E-03 -8.99E-03
     6.0  7.28E-11  1.58E-02  1.61E-02  1.50E-09 -1.61E-02 -1.58E-02
     8.0  6.62E-11  2.31E-02  2.43E-02  1.98E-09 -2.43E-02 -2.31E-02
    10.0 -2.69E-10  3.05E-02  3.34E-02  2.52E-09 -3.34E-02 -3.05E-02
1         ***** THE USAF AUTOMATED MISSILE DATCOM * REV 3/99 *****     CASE   1
               AERODYNAMIC METHODS FOR MISSILE CONFIGURATIONS          PAGE  44
                   STATIC AERODYNAMICS FOR BODY-FIN SET 1

       ******* FLIGHT CONDITIONS AND REFERENCE QUANTITIES *******
     MACH NO  =       1.10                REYNOLDS NO = 2.550E+07 /M
     ALTITUDE =        0.0 M         DYNAMIC PRESSURE =  85822.41 N/M**2
     SIDESLIP =       0.00 DEG                   ROLL =      0.00 DEG     
     REF AREA =      0.001 M**2         MOMENT CENTER =     0.250 M
     REF LENGTH =     0.65 M           LAT REF LENGTH =      0.65 M

                   ----- LONGITUDINAL -----     -- LATERAL DIRECTIONAL --
         ALPHA       CN        CM        CA        CY       CLN       CLL

        -10.00    -2.163     0.512     0.739     0.000     0.000     0.000
         -8.00    -1.563     0.363     0.743     0.000     0.000     0.000
         -6.00    -1.036     0.232     0.746     0.000     0.000     0.000
         -4.00    -0.589     0.124     0.747     0.000     0.000     0.000
         -2.00    -0.240     0.044     0.748     0.000     0.000     0.000
          0.00     0.000     0.000     0.748     0.000     0.000     0.000
          2.00     0.240    -0.044     0.748     0.000     0.000     0.000
          4.00     0.589    -0.124     0.747     0.000     0.000     0.000
          6.00     1.036    -0.232     0.746     0.000     0.000     0.000
          8.00     1.563    -0.363     0.743     0.000     0.000     0.000
         10.00     2.163    -0.512     0.739     0.000     0.000     0.000

         ALPHA       CL        CD      CL/CD     X-C.P.

        -10.00    -2.002     1.103    -1.814    -0.237
         -8.00    -1.444     0.953    -1.515    -0.232
         -6.00    -0.952     0.850    -1.120    -0.224
         -4.00    -0.536     0.786    -0.681    -0.210
         -2.00    -0.214     0.756    -0.283    -0.185
          0.00     0.000     0.748     0.000    -0.185
          2.00     0.214     0.756     0.283    -0.185
          4.00     0.536     0.786     0.681    -0.210
          6.00     0.952     0.850     1.120    -0.224
          8.00     1.444     0.953     1.515    -0.232
         10.00     2.002     1.103     1.814    -0.237

    X-C.P. MEAS. FROM MOMENT CENTER IN REF. LENGTHS, NEG. AFT OF MOMENT CENTER
1         ***** THE USAF AUTOMATED MISSILE DATCOM * REV 3/99 *****     CASE   1
               AERODYNAMIC METHODS FOR MISSILE CONFIGURATIONS          PAGE  45
                   STATIC AERODYNAMICS FOR BODY-FIN SET 1

       ******* FLIGHT CONDITIONS AND REFERENCE QUANTITIES *******
     MACH NO  =       1.10                REYNOLDS NO = 2.550E+07 /M
     ALTITUDE =        0.0 M         DYNAMIC PRESSURE =  85822.41 N/M**2
     SIDESLIP =       0.00 DEG                   ROLL =      0.00 DEG     
     REF AREA =      0.001 M**2         MOMENT CENTER =     0.250 M
     REF LENGTH =     0.65 M           LAT REF LENGTH =      0.65 M

                   ---------- DERIVATIVES (PER DEGREE) ----------
         ALPHA       CNA         CMA         CYB         CLNB        CLLB
        -10.00      0.3183     -0.0790     -0.1864      0.0391      0.0000
         -8.00      0.2817     -0.0699     -0.1747      0.0369      0.0000
         -6.00      0.2433     -0.0598     -0.1606      0.0337      0.0000
         -4.00      0.1987     -0.0470     -0.1427      0.0289      0.0000
         -2.00      0.1472     -0.0309     -0.1226      0.0229      0.0000
          0.00      0.1201     -0.0222     -0.1100      0.0186      0.0000
          2.00      0.1472     -0.0309     -0.1226      0.0229      0.0000
          4.00      0.1987     -0.0470     -0.1427      0.0289      0.0000
          6.00      0.2433     -0.0598     -0.1606      0.0337      0.0000
          8.00      0.2817     -0.0699     -0.1747      0.0369      0.0000
         10.00      0.3183     -0.0790     -0.1864      0.0391      0.0000

    PANEL DEFLECTION ANGLES (DEGREES)
    SET    FIN 1   FIN 2   FIN 3   FIN 4   FIN 5   FIN 6   FIN 7   FIN 8
      1    0.00    0.00    0.00    0.00    0.00    0.00
1         ***** THE USAF AUTOMATED MISSILE DATCOM * REV 3/99 *****     CASE   1
               AERODYNAMIC METHODS FOR MISSILE CONFIGURATIONS          PAGE  46
                             BODY ALONE PARTIAL OUTPUT

       ******* FLIGHT CONDITIONS AND REFERENCE QUANTITIES *******
     MACH NO  =       1.40                REYNOLDS NO = 3.246E+07 /M
     ALTITUDE =        0.0 M         DYNAMIC PRESSURE = 139018.12 N/M**2
     SIDESLIP =       0.00 DEG                   ROLL =      0.00 DEG     
     REF AREA =      0.001 M**2         MOMENT CENTER =     0.250 M
     REF LENGTH =     0.65 M           LAT REF LENGTH =      0.65 M

      ALPHA    CA-FRIC  CA-PRES/WAVE CA-BASE    CA-PROT     CA-SEP     CA-ALP
     -10.00     0.1534     0.1328     0.1806                           0.0000
      -8.00     0.1551     0.1332     0.1816                           0.0000
      -6.00     0.1565     0.1335     0.1824                           0.0000
      -4.00     0.1574     0.1337     0.1829                           0.0000
      -2.00     0.1580     0.1338     0.1833                           0.0000
       0.00     0.1582     0.1338     0.1834                           0.0000
       2.00     0.1580     0.1338     0.1833                           0.0000
       4.00     0.1574     0.1337     0.1829                           0.0000
       6.00     0.1565     0.1335     0.1824                           0.0000
       8.00     0.1551     0.1332     0.1816                           0.0000
      10.00     0.1534     0.1328     0.1806                           0.0000

                     CROSS FLOW DRAG PROPORTIONALITY FACTOR = 1.00000

      ALPHA    CN-POTEN  CN-VISC   CN-SEP    CM-POTEN  CM-VISC   CM-SEP    CDC
     -10.00    -0.374    -0.591              -0.107     0.090             0.923
      -8.00    -0.302    -0.353              -0.086     0.054             0.859
      -6.00    -0.228    -0.192              -0.065     0.029             0.830
      -4.00    -0.153    -0.083              -0.044     0.013             0.800
      -2.00    -0.077    -0.020              -0.022     0.003             0.770
       0.00     0.000     0.000               0.000     0.000             0.740
       2.00     0.077     0.020               0.022    -0.003             0.770
       4.00     0.153     0.083               0.044    -0.013             0.800
       6.00     0.228     0.192               0.065    -0.029             0.830
       8.00     0.302     0.353               0.086    -0.054             0.859
      10.00     0.374     0.591               0.107    -0.090             0.923
1         ***** THE USAF AUTOMATED MISSILE DATCOM * REV 3/99 *****     CASE   1
               AERODYNAMIC METHODS FOR MISSILE CONFIGURATIONS          PAGE  47
                        FIN SET 1 CA PARTIAL OUTPUT

       ******* FLIGHT CONDITIONS AND REFERENCE QUANTITIES *******
     MACH NO  =       1.40                REYNOLDS NO = 3.246E+07 /M
     ALTITUDE =        0.0 M         DYNAMIC PRESSURE = 139018.12 N/M**2
     SIDESLIP =       0.00 DEG                   ROLL =      0.00 DEG     
     REF AREA =      0.001 M**2         MOMENT CENTER =     0.250 M
     REF LENGTH =     0.65 M           LAT REF LENGTH =      0.65 M

    SINGLE FIN PANEL ZERO-LIFT AXIAL FORCE COMPONENTS

    SKIN FRICTION        0.0114
    SUBSONIC PRESSURE    0.0000
    TRANSONIC WAVE       0.0000
    SUPERSONIC WAVE      0.0144
    LEADING EDGE         0.0000
    TRAILING EDGE        0.0000
    TOTAL CAO            0.0259

    FIN AXIAL FORCE DUE TO ANGLE OF ATTACK

    ALPHA      CA DUE TO LIFT (SINGLE PANEL)   CA-TOTAL (6 FINS)

     -10.00              0.0000                      0.1528
      -8.00              0.0000                      0.1536
      -6.00              0.0000                      0.1543
      -4.00              0.0000                      0.1548
      -2.00              0.0000                      0.1550
       0.00              0.0000                      0.1551
       2.00              0.0000                      0.1550
       4.00              0.0000                      0.1548
       6.00              0.0000                      0.1543
       8.00              0.0000                      0.1536
      10.00              0.0000                      0.1528
1         ***** THE USAF AUTOMATED MISSILE DATCOM * REV 3/99 *****     CASE   1
               AERODYNAMIC METHODS FOR MISSILE CONFIGURATIONS          PAGE  48
                       FIN SET 1 CN, CM PARTIAL OUTPUT

       ******* FLIGHT CONDITIONS AND REFERENCE QUANTITIES *******
     MACH NO  =       1.40                REYNOLDS NO = 3.246E+07 /M
     ALTITUDE =        0.0 M         DYNAMIC PRESSURE = 139018.12 N/M**2
     SIDESLIP =       0.00 DEG                   ROLL =      0.00 DEG     
     REF AREA =      0.001 M**2         MOMENT CENTER =     0.250 M
     REF LENGTH =     0.65 M           LAT REF LENGTH =      0.65 M

    NORMAL FORCE SLOPE AT ALPHA ZERO, CNA =    0.02900/DEG (1 PANEL)
         CENTER OF PRESSURE FOR LINEAR CN =   -0.45292 (CALIBERS FROM C.G.)
     CENTER OF PRESSURE FOR NON-LINEAR CN =   -0.44615 (CALIBERS FROM C.G.)

      ALPHA      CN        CN        CN        CM        CM        CM
               LINEAR  NON-LINEAR  TOTAL     LINEAR  NON-LINEAR  TOTAL

     -10.00   -0.8588   -0.4429   -1.3017    0.3890    0.1976    0.5866
      -8.00   -0.6903   -0.2859   -0.9762    0.3126    0.1276    0.4402
      -6.00   -0.5196   -0.1617   -0.6813    0.2353    0.0722    0.3075
      -4.00   -0.3473   -0.0720   -0.4192    0.1573    0.0321    0.1894
      -2.00   -0.1739   -0.0180   -0.1919    0.0788    0.0080    0.0868
       0.00    0.0000    0.0000    0.0000    0.0000    0.0000    0.0000
       2.00    0.1739    0.0180    0.1919   -0.0788   -0.0080   -0.0868
       4.00    0.3473    0.0720    0.4192   -0.1573   -0.0321   -0.1894
       6.00    0.5196    0.1617    0.6813   -0.2353   -0.0722   -0.3075
       8.00    0.6903    0.2859    0.9762   -0.3126   -0.1276   -0.4402
      10.00    0.8588    0.4429    1.3017   -0.3890   -0.1976   -0.5866
1         ***** THE USAF AUTOMATED MISSILE DATCOM * REV 3/99 *****     CASE   1
               AERODYNAMIC METHODS FOR MISSILE CONFIGURATIONS          PAGE  49
                 AERODYNAMIC FORCE AND MOMENT SYNTHESIS

       ******* FLIGHT CONDITIONS AND REFERENCE QUANTITIES *******
     MACH NO  =       1.40                REYNOLDS NO = 3.246E+07 /M
     ALTITUDE =        0.0 M         DYNAMIC PRESSURE = 139018.12 N/M**2
     SIDESLIP =       0.00 DEG                   ROLL =      0.00 DEG     
     REF AREA =      0.001 M**2         MOMENT CENTER =     0.250 M
     REF LENGTH =     0.65 M           LAT REF LENGTH =      0.65 M

          ---------------FIN SET 1 IN PRESENCE OF THE BODY----------------

      ALPHA       CN         CM         CA         CY         CLN        CLL

     -10.00    -2.1428     0.9705     0.1551     0.0000     0.0000     0.0000
      -8.00    -1.6731     0.7578     0.1551     0.0000     0.0000     0.0000
      -6.00    -1.2012     0.5441     0.1551     0.0000     0.0000     0.0000
      -4.00    -0.7440     0.3370     0.1551     0.0000     0.0000     0.0000
      -2.00    -0.3338     0.1512     0.1551     0.0000     0.0000     0.0000
       0.00     0.0000     0.0000     0.1551     0.0000     0.0000     0.0000
       2.00     0.3338    -0.1512     0.1551     0.0000     0.0000     0.0000
       4.00     0.7440    -0.3370     0.1551     0.0000     0.0000     0.0000
       6.00     1.2012    -0.5441     0.1551     0.0000     0.0000     0.0000
       8.00     1.6731    -0.7578     0.1551     0.0000     0.0000     0.0000
      10.00     2.1428    -0.9705     0.1551     0.0000     0.0000     0.0000
1         ***** THE USAF AUTOMATED MISSILE DATCOM * REV 3/99 *****     CASE   1
               AERODYNAMIC METHODS FOR MISSILE CONFIGURATIONS          PAGE  50
                 AERODYNAMIC FORCE AND MOMENT SYNTHESIS

       ******* FLIGHT CONDITIONS AND REFERENCE QUANTITIES *******
     MACH NO  =       1.40                REYNOLDS NO = 3.246E+07 /M
     ALTITUDE =        0.0 M         DYNAMIC PRESSURE = 139018.12 N/M**2
     SIDESLIP =       0.00 DEG                   ROLL =      0.00 DEG     
     REF AREA =      0.001 M**2         MOMENT CENTER =     0.250 M
     REF LENGTH =     0.65 M           LAT REF LENGTH =      0.65 M

          ---------------FIN SET 1 PANEL CHARACTERISTICS------------------

      ALPHA      PANEL    AEQ (PANEL AXIS SYS.)    PANEL CN

     -10.00        1              0.0000           0.0000
     -10.00        2            -13.6118          -0.6454
     -10.00        3            -12.7508          -0.5918
     -10.00        4              0.0000           0.0000
     -10.00        5             12.7508           0.5918
     -10.00        6             13.6118           0.6454
 
      -8.00        1              0.0000           0.0000
      -8.00        2            -11.1208          -0.4943
      -8.00        3            -10.7286          -0.4717
      -8.00        4              0.0000           0.0000
      -8.00        5             10.7286           0.4717
      -8.00        6             11.1208           0.4943
 
      -6.00        1              0.0000           0.0000
      -6.00        2             -8.4948          -0.3492
      -6.00        3             -8.3998          -0.3443
      -6.00        4              0.0000           0.0000
      -6.00        5              8.3998           0.3443
      -6.00        6              8.4948           0.3492
 
      -4.00        1              0.0000           0.0000
      -4.00        2             -5.7429          -0.2148
      -4.00        3             -5.7429          -0.2148
      -4.00        4              0.0000           0.0000
      -4.00        5              5.7429           0.2148
      -4.00        6              5.7429           0.2148
 
      -2.00        1              0.0000           0.0000
      -2.00        2             -2.8987          -0.0963
      -2.00        3             -2.8987          -0.0963
      -2.00        4              0.0000           0.0000
      -2.00        5              2.8987           0.0963
      -2.00        6              2.8987           0.0963
 
       0.00        1              0.0000           0.0000
       0.00        2              0.0000           0.0000
       0.00        3              0.0000           0.0000
       0.00        4              0.0000           0.0000
       0.00        5              0.0000           0.0000
       0.00        6              0.0000           0.0000
 
       2.00        1              0.0000           0.0000
       2.00        2              2.8987           0.0963
       2.00        3              2.8987           0.0963
       2.00        4              0.0000           0.0000
       2.00        5             -2.8987          -0.0963
       2.00        6             -2.8987          -0.0963
 
       4.00        1              0.0000           0.0000
       4.00        2              5.7429           0.2148
       4.00        3              5.7429           0.2148
       4.00        4              0.0000           0.0000
       4.00        5             -5.7429          -0.2148
       4.00        6             -5.7429          -0.2148
 
       6.00        1              0.0000           0.0000
       6.00        2              8.3998           0.3443
       6.00        3              8.4948           0.3492
       6.00        4              0.0000           0.0000
       6.00        5             -8.4948          -0.3492
       6.00        6             -8.3998          -0.3443
 
       8.00        1              0.0000           0.0000
       8.00        2             10.7286           0.4717
       8.00        3             11.1208           0.4943
       8.00        4              0.0000           0.0000
       8.00        5            -11.1208          -0.4943
       8.00        6            -10.7286          -0.4717
 
      10.00        1              0.0000           0.0000
      10.00        2             12.7508           0.5918
      10.00        3             13.6118           0.6454
      10.00        4              0.0000           0.0000
      10.00        5            -13.6118          -0.6454
      10.00        6            -12.7508          -0.5918
 
1         ***** THE USAF AUTOMATED MISSILE DATCOM * REV 3/99 *****     CASE   1
               AERODYNAMIC METHODS FOR MISSILE CONFIGURATIONS          PAGE  51
                 AERODYNAMIC FORCE AND MOMENT SYNTHESIS

       ******* FLIGHT CONDITIONS AND REFERENCE QUANTITIES *******
     MACH NO  =       1.40                REYNOLDS NO = 3.246E+07 /M
     ALTITUDE =        0.0 M         DYNAMIC PRESSURE = 139018.12 N/M**2
     SIDESLIP =       0.00 DEG                   ROLL =      0.00 DEG     
     REF AREA =      0.001 M**2         MOMENT CENTER =     0.250 M
     REF LENGTH =     0.65 M           LAT REF LENGTH =      0.65 M

             CARRYOVER INTERFERENCE FACTORS - FIN SET 1

      ALPHA   K-W(B)   K-B(W)  KK-W(B)  KK-B(W)  XCP-W(B) XCP-B(W) Y-CP/(B/2)

     -10.00   1.6020   1.1241   0.9535   0.6600   0.4529   0.3615   0.4119
      -8.00   1.6237   1.1241   0.9535   0.6600   0.4529   0.3615   0.3856
      -6.00   1.6435   1.1241   0.9535   0.6600   0.4529   0.3615   0.3781
      -4.00   1.6607   1.1241   0.9535   0.6600   0.4529   0.3615   0.3963
      -2.00   1.6743   1.1241   0.9535   0.6600   0.4529   0.3615   0.4288
       0.00   1.6818   1.1241   0.9535   0.6600   0.4529   0.3615   0.4571
       2.00   1.6743   1.1241   0.9535   0.6600   0.4529   0.3615   0.4288
       4.00   1.6607   1.1241   0.9535   0.6600   0.4529   0.3615   0.3963
       6.00   1.6435   1.1241   0.9535   0.6600   0.4529   0.3615   0.3788
       8.00   1.6237   1.1241   0.9535   0.6600   0.4529   0.3615   0.3821
      10.00   1.6020   1.1241   0.9535   0.6600   0.4529   0.3615   0.4004

    NOTE - XCP-W(B) USED FOR STABILITY ONLY DIFFERENT VALUES USED FOR HINGE MOMENTS
1         ***** THE USAF AUTOMATED MISSILE DATCOM * REV 3/99 *****     CASE   1
               AERODYNAMIC METHODS FOR MISSILE CONFIGURATIONS          PAGE  52
        FIN SET 1 PANEL BENDING MOMENTS (ABOUT EXPOSED ROOT CHORD)

       ******* FLIGHT CONDITIONS AND REFERENCE QUANTITIES *******
     MACH NO  =       1.40                REYNOLDS NO = 3.246E+07 /M
     ALTITUDE =        0.0 M         DYNAMIC PRESSURE = 139018.12 N/M**2
     SIDESLIP =       0.00 DEG                   ROLL =      0.00 DEG     
     REF AREA =      0.001 M**2         MOMENT CENTER =     0.250 M
     REF LENGTH =     0.65 M           LAT REF LENGTH =      0.65 M

   ALPHA   PANL 1   PANL 2   PANL 3   PANL 4   PANL 5   PANL 6   PANL 7   PANL 8
 
   -10.0  0.00E+00 -3.89E-03 -3.56E-03 -4.57E-10  3.56E-03  3.89E-03
    -8.0  0.00E+00 -2.79E-03 -2.66E-03 -3.32E-10  2.66E-03  2.79E-03
    -6.0  0.00E+00 -1.93E-03 -1.90E-03 -2.47E-10  1.90E-03  1.93E-03
    -4.0  0.00E+00 -1.24E-03 -1.24E-03 -1.79E-10  1.24E-03  1.24E-03
    -2.0  0.00E+00 -6.04E-04 -6.04E-04 -9.74E-11  6.04E-04  6.04E-04
     0.0  0.00E+00  0.00E+00  0.00E+00  0.00E+00  0.00E+00  0.00E+00
     2.0  0.00E+00  6.04E-04  6.04E-04  9.74E-11 -6.04E-04 -6.04E-04
     4.0  0.00E+00  1.24E-03  1.24E-03  1.79E-10 -1.24E-03 -1.24E-03
     6.0  6.63E-12  1.91E-03  1.93E-03  2.54E-10 -1.93E-03 -1.91E-03
     8.0  9.99E-12  2.63E-03  2.76E-03  3.39E-10 -2.76E-03 -2.63E-03
    10.0 -5.09E-12  3.46E-03  3.78E-03  4.40E-10 -3.78E-03 -3.46E-03
1         ***** THE USAF AUTOMATED MISSILE DATCOM * REV 3/99 *****     CASE   1
               AERODYNAMIC METHODS FOR MISSILE CONFIGURATIONS          PAGE  53
            FIN SET 1 PANEL HINGE MOMENTS (ABOUT HINGE LINE)

       ******* FLIGHT CONDITIONS AND REFERENCE QUANTITIES *******
     MACH NO  =       1.40                REYNOLDS NO = 3.246E+07 /M
     ALTITUDE =        0.0 M         DYNAMIC PRESSURE = 139018.12 N/M**2
     SIDESLIP =       0.00 DEG                   ROLL =      0.00 DEG     
     REF AREA =      0.001 M**2         MOMENT CENTER =     0.250 M
     REF LENGTH =     0.65 M           LAT REF LENGTH =      0.65 M

   ALPHA   PANL 1   PANL 2   PANL 3   PANL 4   PANL 5   PANL 6   PANL 7   PANL 8
 
   -10.0  0.00E+00 -9.50E-02 -8.80E-02 -1.25E-08  8.80E-02  9.50E-02
    -8.0  0.00E+00 -7.48E-02 -7.17E-02 -9.71E-09  7.17E-02  7.48E-02
    -6.0  0.00E+00 -5.42E-02 -5.35E-02 -7.38E-09  5.35E-02  5.42E-02
    -4.0  0.00E+00 -3.42E-02 -3.42E-02 -5.09E-09  3.42E-02  3.42E-02
    -2.0  0.00E+00 -1.56E-02 -1.56E-02 -2.56E-09  1.56E-02  1.56E-02
     0.0  0.00E+00  0.00E+00  0.00E+00  0.00E+00  0.00E+00  0.00E+00
     2.0  0.00E+00  1.56E-02  1.56E-02  2.56E-09 -1.56E-02 -1.56E-02
     4.0  0.00E+00  3.42E-02  3.42E-02  5.09E-09 -3.42E-02 -3.42E-02
     6.0  1.97E-10  5.35E-02  5.42E-02  7.58E-09 -5.42E-02 -5.35E-02
     8.0  2.95E-10  7.17E-02  7.48E-02  1.00E-08 -7.48E-02 -7.17E-02
    10.0 -1.43E-10  8.80E-02  9.50E-02  1.24E-08 -9.50E-02 -8.80E-02
1         ***** THE USAF AUTOMATED MISSILE DATCOM * REV 3/99 *****     CASE   1
               AERODYNAMIC METHODS FOR MISSILE CONFIGURATIONS          PAGE  54
                   STATIC AERODYNAMICS FOR BODY-FIN SET 1

       ******* FLIGHT CONDITIONS AND REFERENCE QUANTITIES *******
     MACH NO  =       1.40                REYNOLDS NO = 3.246E+07 /M
     ALTITUDE =        0.0 M         DYNAMIC PRESSURE = 139018.12 N/M**2
     SIDESLIP =       0.00 DEG                   ROLL =      0.00 DEG     
     REF AREA =      0.001 M**2         MOMENT CENTER =     0.250 M
     REF LENGTH =     0.65 M           LAT REF LENGTH =      0.65 M

                   ----- LONGITUDINAL -----     -- LATERAL DIRECTIONAL --
         ALPHA       CN        CM        CA        CY       CLN       CLL

        -10.00    -4.611     1.498     0.622     0.000     0.000     0.000
         -8.00    -3.486     1.144     0.625     0.000     0.000     0.000
         -6.00    -2.443     0.805     0.627     0.000     0.000     0.000
         -4.00    -1.483     0.488     0.629     0.000     0.000     0.000
         -2.00    -0.654     0.213     0.630     0.000     0.000     0.000
          0.00     0.000     0.000     0.631     0.000     0.000     0.000
          2.00     0.654    -0.213     0.630     0.000     0.000     0.000
          4.00     1.483    -0.488     0.629     0.000     0.000     0.000
          6.00     2.443    -0.805     0.627     0.000     0.000     0.000
          8.00     3.486    -1.144     0.625     0.000     0.000     0.000
         10.00     4.611    -1.498     0.622     0.000     0.000     0.000

         ALPHA       CL        CD      CL/CD     X-C.P.

        -10.00    -4.433     1.413    -3.137    -0.325
         -8.00    -3.365     1.104    -3.048    -0.328
         -6.00    -2.364     0.879    -2.688    -0.330
         -4.00    -1.435     0.731    -1.963    -0.329
         -2.00    -0.632     0.653    -0.968    -0.326
          0.00     0.000     0.631     0.000    -0.326
          2.00     0.632     0.653     0.968    -0.326
          4.00     1.435     0.731     1.963    -0.329
          6.00     2.364     0.879     2.688    -0.330
          8.00     3.365     1.104     3.048    -0.328
         10.00     4.433     1.413     3.137    -0.325

    X-C.P. MEAS. FROM MOMENT CENTER IN REF. LENGTHS, NEG. AFT OF MOMENT CENTER
1         ***** THE USAF AUTOMATED MISSILE DATCOM * REV 3/99 *****     CASE   1
               AERODYNAMIC METHODS FOR MISSILE CONFIGURATIONS          PAGE  55
                   STATIC AERODYNAMICS FOR BODY-FIN SET 1

       ******* FLIGHT CONDITIONS AND REFERENCE QUANTITIES *******
     MACH NO  =       1.40                REYNOLDS NO = 3.246E+07 /M
     ALTITUDE =        0.0 M         DYNAMIC PRESSURE = 139018.12 N/M**2
     SIDESLIP =       0.00 DEG                   ROLL =      0.00 DEG     
     REF AREA =      0.001 M**2         MOMENT CENTER =     0.250 M
     REF LENGTH =     0.65 M           LAT REF LENGTH =      0.65 M

                   ---------- DERIVATIVES (PER DEGREE) ----------
         ALPHA       CNA         CMA         CYB         CLNB        CLLB
        -10.00      0.5829     -0.1802     -0.3705      0.1125     -0.0006
         -8.00      0.5418     -0.1730     -0.3806      0.1202     -0.0002
         -6.00      0.5007     -0.1641     -0.3790      0.1225      0.0000
         -4.00      0.4468     -0.1480     -0.3603      0.1176      0.0000
         -2.00      0.3701     -0.1220     -0.3308      0.1079      0.0000
          0.00      0.3271     -0.1067     -0.3095      0.1001      0.0000
          2.00      0.3701     -0.1220     -0.3308      0.1079      0.0000
          4.00      0.4468     -0.1480     -0.3603      0.1176      0.0000
          6.00      0.5007     -0.1641     -0.3790      0.1225      0.0000
          8.00      0.5418     -0.1730     -0.3806      0.1202      0.0002
         10.00      0.5829     -0.1802     -0.3705      0.1125      0.0006

    PANEL DEFLECTION ANGLES (DEGREES)
    SET    FIN 1   FIN 2   FIN 3   FIN 4   FIN 5   FIN 6   FIN 7   FIN 8
      1    0.00    0.00    0.00    0.00    0.00    0.00

    BODY ALONE LINEAR DATA GENERATED FROM VAN DYKE HYBRID THEORY

1         ***** THE USAF AUTOMATED MISSILE DATCOM * REV 3/99 *****     CASE   1
               AERODYNAMIC METHODS FOR MISSILE CONFIGURATIONS          PAGE  56
                             BODY ALONE PARTIAL OUTPUT

       ******* FLIGHT CONDITIONS AND REFERENCE QUANTITIES *******
     MACH NO  =       2.00                REYNOLDS NO = 4.637E+07 /M
     ALTITUDE =        0.0 M         DYNAMIC PRESSURE = 283710.47 N/M**2
     SIDESLIP =       0.00 DEG                   ROLL =      0.00 DEG     
     REF AREA =      0.001 M**2         MOMENT CENTER =     0.250 M
     REF LENGTH =     0.65 M           LAT REF LENGTH =      0.65 M

      ALPHA    CA-FRIC  CA-PRES/WAVE CA-BASE    CA-PROT     CA-SEP     CA-ALP
     -10.00     0.1316     0.1068     0.1448                           0.0000
      -8.00     0.1331     0.1071     0.1456                           0.0000
      -6.00     0.1342     0.1073     0.1462                           0.0000
      -4.00     0.1350     0.1075     0.1466                           0.0000
      -2.00     0.1355     0.1076     0.1469                           0.0000
       0.00     0.1357     0.1076     0.1470                           0.0000
       2.00     0.1355     0.1076     0.1469                           0.0000
       4.00     0.1350     0.1075     0.1466                           0.0000
       6.00     0.1342     0.1073     0.1462                           0.0000
       8.00     0.1331     0.1071     0.1456                           0.0000
      10.00     0.1316     0.1068     0.1448                           0.0000

                     CROSS FLOW DRAG PROPORTIONALITY FACTOR = 1.00000

      ALPHA    CN-POTEN  CN-VISC   CN-SEP    CM-POTEN  CM-VISC   CM-SEP    CDC
     -10.00    -0.418    -0.685              -0.119     0.105             1.071
      -8.00    -0.338    -0.400              -0.096     0.061             0.973
      -6.00    -0.255    -0.203              -0.073     0.031             0.875
      -4.00    -0.171    -0.085              -0.049     0.013             0.825
      -2.00    -0.086    -0.020              -0.024     0.003             0.783
       0.00     0.000     0.000               0.000     0.000             0.740
       2.00     0.086     0.020               0.024    -0.003             0.783
       4.00     0.171     0.085               0.049    -0.013             0.825
       6.00     0.255     0.203               0.073    -0.031             0.875
       8.00     0.338     0.400               0.096    -0.061             0.973
      10.00     0.418     0.685               0.119    -0.105             1.071
1         ***** THE USAF AUTOMATED MISSILE DATCOM * REV 3/99 *****     CASE   1
               AERODYNAMIC METHODS FOR MISSILE CONFIGURATIONS          PAGE  57
                        FIN SET 1 CA PARTIAL OUTPUT

       ******* FLIGHT CONDITIONS AND REFERENCE QUANTITIES *******
     MACH NO  =       2.00                REYNOLDS NO = 4.637E+07 /M
     ALTITUDE =        0.0 M         DYNAMIC PRESSURE = 283710.47 N/M**2
     SIDESLIP =       0.00 DEG                   ROLL =      0.00 DEG     
     REF AREA =      0.001 M**2         MOMENT CENTER =     0.250 M
     REF LENGTH =     0.65 M           LAT REF LENGTH =      0.65 M

    SINGLE FIN PANEL ZERO-LIFT AXIAL FORCE COMPONENTS

    SKIN FRICTION        0.0098
    SUBSONIC PRESSURE    0.0000
    TRANSONIC WAVE       0.0000
    SUPERSONIC WAVE      0.0089
    LEADING EDGE         0.0000
    TRAILING EDGE        0.0000
    TOTAL CAO            0.0187

    FIN AXIAL FORCE DUE TO ANGLE OF ATTACK

    ALPHA      CA DUE TO LIFT (SINGLE PANEL)   CA-TOTAL (6 FINS)

     -10.00              0.0000                      0.1103
      -8.00              0.0000                      0.1109
      -6.00              0.0000                      0.1114
      -4.00              0.0000                      0.1117
      -2.00              0.0000                      0.1119
       0.00              0.0000                      0.1120
       2.00              0.0000                      0.1119
       4.00              0.0000                      0.1117
       6.00              0.0000                      0.1114
       8.00              0.0000                      0.1109
      10.00              0.0000                      0.1103
1         ***** THE USAF AUTOMATED MISSILE DATCOM * REV 3/99 *****     CASE   1
               AERODYNAMIC METHODS FOR MISSILE CONFIGURATIONS          PAGE  58
                       FIN SET 1 CN, CM PARTIAL OUTPUT

       ******* FLIGHT CONDITIONS AND REFERENCE QUANTITIES *******
     MACH NO  =       2.00                REYNOLDS NO = 4.637E+07 /M
     ALTITUDE =        0.0 M         DYNAMIC PRESSURE = 283710.47 N/M**2
     SIDESLIP =       0.00 DEG                   ROLL =      0.00 DEG     
     REF AREA =      0.001 M**2         MOMENT CENTER =     0.250 M
     REF LENGTH =     0.65 M           LAT REF LENGTH =      0.65 M

    NORMAL FORCE SLOPE AT ALPHA ZERO, CNA =    0.01640/DEG (1 PANEL)
         CENTER OF PRESSURE FOR LINEAR CN =   -0.45292 (CALIBERS FROM C.G.)
     CENTER OF PRESSURE FOR NON-LINEAR CN =   -0.44615 (CALIBERS FROM C.G.)

      ALPHA      CN        CN        CN        CM        CM        CM
               LINEAR  NON-LINEAR  TOTAL     LINEAR  NON-LINEAR  TOTAL

     -10.00   -0.4858   -0.0955   -0.5813    0.2200    0.0426    0.2626
      -8.00   -0.3905   -0.0472   -0.4377    0.1769    0.0211    0.1979
      -6.00   -0.2939   -0.0196   -0.3135    0.1331    0.0087    0.1419
      -4.00   -0.1964   -0.0056   -0.2021    0.0890    0.0025    0.0915
      -2.00   -0.0984   -0.0007   -0.0991    0.0446    0.0003    0.0449
       0.00    0.0000    0.0000    0.0000    0.0000    0.0000    0.0000
       2.00    0.0984    0.0007    0.0991   -0.0446   -0.0003   -0.0449
       4.00    0.1964    0.0056    0.2021   -0.0890   -0.0025   -0.0915
       6.00    0.2939    0.0196    0.3135   -0.1331   -0.0087   -0.1419
       8.00    0.3905    0.0472    0.4377   -0.1769   -0.0211   -0.1979
      10.00    0.4858    0.0955    0.5813   -0.2200   -0.0426   -0.2626
1         ***** THE USAF AUTOMATED MISSILE DATCOM * REV 3/99 *****     CASE   1
               AERODYNAMIC METHODS FOR MISSILE CONFIGURATIONS          PAGE  59
                 AERODYNAMIC FORCE AND MOMENT SYNTHESIS

       ******* FLIGHT CONDITIONS AND REFERENCE QUANTITIES *******
     MACH NO  =       2.00                REYNOLDS NO = 4.637E+07 /M
     ALTITUDE =        0.0 M         DYNAMIC PRESSURE = 283710.47 N/M**2
     SIDESLIP =       0.00 DEG                   ROLL =      0.00 DEG     
     REF AREA =      0.001 M**2         MOMENT CENTER =     0.250 M
     REF LENGTH =     0.65 M           LAT REF LENGTH =      0.65 M

          ---------------FIN SET 1 IN PRESENCE OF THE BODY----------------

      ALPHA       CN         CM         CA         CY         CLN        CLL

     -10.00    -1.0109     0.4579     0.1120     0.0000     0.0000     0.0000
      -8.00    -0.7698     0.3486     0.1120     0.0000     0.0000     0.0000
      -6.00    -0.5482     0.2483     0.1120     0.0000     0.0000     0.0000
      -4.00    -0.3470     0.1572     0.1120     0.0000     0.0000     0.0000
      -2.00    -0.1673     0.0758     0.1120     0.0000     0.0000     0.0000
       0.00     0.0000     0.0000     0.1120     0.0000     0.0000     0.0000
       2.00     0.1673    -0.0758     0.1120     0.0000     0.0000     0.0000
       4.00     0.3470    -0.1572     0.1120     0.0000     0.0000     0.0000
       6.00     0.5482    -0.2483     0.1120     0.0000     0.0000     0.0000
       8.00     0.7698    -0.3486     0.1120     0.0000     0.0000     0.0000
      10.00     1.0109    -0.4579     0.1120     0.0000     0.0000     0.0000
1         ***** THE USAF AUTOMATED MISSILE DATCOM * REV 3/99 *****     CASE   1
               AERODYNAMIC METHODS FOR MISSILE CONFIGURATIONS          PAGE  60
                 AERODYNAMIC FORCE AND MOMENT SYNTHESIS

       ******* FLIGHT CONDITIONS AND REFERENCE QUANTITIES *******
     MACH NO  =       2.00                REYNOLDS NO = 4.637E+07 /M
     ALTITUDE =        0.0 M         DYNAMIC PRESSURE = 283710.47 N/M**2
     SIDESLIP =       0.00 DEG                   ROLL =      0.00 DEG     
     REF AREA =      0.001 M**2         MOMENT CENTER =     0.250 M
     REF LENGTH =     0.65 M           LAT REF LENGTH =      0.65 M

          ---------------FIN SET 1 PANEL CHARACTERISTICS------------------

      ALPHA      PANEL    AEQ (PANEL AXIS SYS.)    PANEL CN

     -10.00        1              0.0000           0.0000
     -10.00        2            -13.5725          -0.3099
     -10.00        3            -12.5326          -0.2738
     -10.00        4              0.0000           0.0000
     -10.00        5             12.5326           0.2738
     -10.00        6             13.5725           0.3099
 
      -8.00        1              0.0000           0.0000
      -8.00        2            -11.1023          -0.2290
      -8.00        3            -10.6316          -0.2154
      -8.00        4              0.0000           0.0000
      -8.00        5             10.6316           0.2154
      -8.00        6             11.1023           0.2290
 
      -6.00        1              0.0000           0.0000
      -6.00        2             -8.4889          -0.1595
      -6.00        3             -8.3796          -0.1569
      -6.00        4              0.0000           0.0000
      -6.00        5              8.3796           0.1569
      -6.00        6              8.4889           0.1595
 
      -4.00        1              0.0000           0.0000
      -4.00        2             -5.7412          -0.1002
      -4.00        3             -5.7412          -0.1002
      -4.00        4              0.0000           0.0000
      -4.00        5              5.7412           0.1002
      -4.00        6              5.7412           0.1002
 
      -2.00        1              0.0000           0.0000
      -2.00        2             -2.8984          -0.0483
      -2.00        3             -2.8984          -0.0483
      -2.00        4              0.0000           0.0000
      -2.00        5              2.8984           0.0483
      -2.00        6              2.8984           0.0483
 
       0.00        1              0.0000           0.0000
       0.00        2              0.0000           0.0000
       0.00        3              0.0000           0.0000
       0.00        4              0.0000           0.0000
       0.00        5              0.0000           0.0000
       0.00        6              0.0000           0.0000
 
       2.00        1              0.0000           0.0000
       2.00        2              2.8984           0.0483
       2.00        3              2.8984           0.0483
       2.00        4              0.0000           0.0000
       2.00        5             -2.8984          -0.0483
       2.00        6             -2.8984          -0.0483
 
       4.00        1              0.0000           0.0000
       4.00        2              5.7412           0.1002
       4.00        3              5.7412           0.1002
       4.00        4              0.0000           0.0000
       4.00        5             -5.7412          -0.1002
       4.00        6             -5.7412          -0.1002
 
       6.00        1              0.0000           0.0000
       6.00        2              8.3796           0.1569
       6.00        3              8.4889           0.1595
       6.00        4              0.0000           0.0000
       6.00        5             -8.4889          -0.1595
       6.00        6             -8.3796          -0.1569
 
       8.00        1              0.0000           0.0000
       8.00        2             10.6316           0.2154
       8.00        3             11.1023           0.2290
       8.00        4              0.0000           0.0000
       8.00        5            -11.1023          -0.2290
       8.00        6            -10.6316          -0.2154
 
      10.00        1              0.0000           0.0000
      10.00        2             12.5326           0.2738
      10.00        3             13.5725           0.3099
      10.00        4              0.0000           0.0000
      10.00        5            -13.5725          -0.3099
      10.00        6            -12.5326          -0.2738
 
1         ***** THE USAF AUTOMATED MISSILE DATCOM * REV 3/99 *****     CASE   1
               AERODYNAMIC METHODS FOR MISSILE CONFIGURATIONS          PAGE  61
                 AERODYNAMIC FORCE AND MOMENT SYNTHESIS

       ******* FLIGHT CONDITIONS AND REFERENCE QUANTITIES *******
     MACH NO  =       2.00                REYNOLDS NO = 4.637E+07 /M
     ALTITUDE =        0.0 M         DYNAMIC PRESSURE = 283710.47 N/M**2
     SIDESLIP =       0.00 DEG                   ROLL =      0.00 DEG     
     REF AREA =      0.001 M**2         MOMENT CENTER =     0.250 M
     REF LENGTH =     0.65 M           LAT REF LENGTH =      0.65 M

             CARRYOVER INTERFERENCE FACTORS - FIN SET 1

      ALPHA   K-W(B)   K-B(W)  KK-W(B)  KK-B(W)  XCP-W(B) XCP-B(W) Y-CP/(B/2)

     -10.00   1.6002   1.1241   0.9535   0.6600   0.4529   0.3615   0.4021
      -8.00   1.6224   1.1241   0.9535   0.6600   0.4529   0.3615   0.4066
      -6.00   1.6426   1.1241   0.9535   0.6600   0.4529   0.3615   0.4194
      -4.00   1.6602   1.1241   0.9535   0.6600   0.4529   0.3615   0.4357
      -2.00   1.6741   1.1241   0.9535   0.6600   0.4529   0.3615   0.4499
       0.00   1.6818   1.1241   0.9535   0.6600   0.4529   0.3615   0.4632
       2.00   1.6741   1.1241   0.9535   0.6600   0.4529   0.3615   0.4499
       4.00   1.6602   1.1241   0.9535   0.6600   0.4529   0.3615   0.4357
       6.00   1.6426   1.1241   0.9535   0.6600   0.4529   0.3615   0.4201
       8.00   1.6224   1.1241   0.9535   0.6600   0.4529   0.3615   0.4074
      10.00   1.6002   1.1241   0.9535   0.6600   0.4529   0.3615   0.4041

    NOTE - XCP-W(B) USED FOR STABILITY ONLY DIFFERENT VALUES USED FOR HINGE MOMENTS
1         ***** THE USAF AUTOMATED MISSILE DATCOM * REV 3/99 *****     CASE   1
               AERODYNAMIC METHODS FOR MISSILE CONFIGURATIONS          PAGE  62
        FIN SET 1 PANEL BENDING MOMENTS (ABOUT EXPOSED ROOT CHORD)

       ******* FLIGHT CONDITIONS AND REFERENCE QUANTITIES *******
     MACH NO  =       2.00                REYNOLDS NO = 4.637E+07 /M
     ALTITUDE =        0.0 M         DYNAMIC PRESSURE = 283710.47 N/M**2
     SIDESLIP =       0.00 DEG                   ROLL =      0.00 DEG     
     REF AREA =      0.001 M**2         MOMENT CENTER =     0.250 M
     REF LENGTH =     0.65 M           LAT REF LENGTH =      0.65 M

   ALPHA   PANL 1   PANL 2   PANL 3   PANL 4   PANL 5   PANL 6   PANL 7   PANL 8
 
   -10.0  0.00E+00 -1.82E-03 -1.61E-03 -2.35E-10  1.61E-03  1.82E-03
    -8.0  0.00E+00 -1.36E-03 -1.28E-03 -1.92E-10  1.28E-03  1.36E-03
    -6.0  0.00E+00 -9.78E-04 -9.62E-04 -1.50E-10  9.62E-04  9.78E-04
    -4.0  0.00E+00 -6.38E-04 -6.38E-04 -1.05E-10  6.38E-04  6.38E-04
    -2.0  0.00E+00 -3.18E-04 -3.18E-04 -5.46E-11  3.18E-04  3.18E-04
     0.0  0.00E+00  0.00E+00  0.00E+00  0.00E+00  0.00E+00  0.00E+00
     2.0  0.00E+00  3.18E-04  3.18E-04  5.46E-11 -3.18E-04 -3.18E-04
     4.0  0.00E+00  6.38E-04  6.38E-04  1.05E-10 -6.38E-04 -6.38E-04
     6.0  0.00E+00  9.64E-04  9.80E-04  1.50E-10 -9.80E-04 -9.64E-04
     8.0  0.00E+00  1.28E-03  1.36E-03  1.93E-10 -1.36E-03 -1.28E-03
    10.0  0.00E+00  1.62E-03  1.83E-03  2.37E-10 -1.83E-03 -1.62E-03
1         ***** THE USAF AUTOMATED MISSILE DATCOM * REV 3/99 *****     CASE   1
               AERODYNAMIC METHODS FOR MISSILE CONFIGURATIONS          PAGE  63
            FIN SET 1 PANEL HINGE MOMENTS (ABOUT HINGE LINE)

       ******* FLIGHT CONDITIONS AND REFERENCE QUANTITIES *******
     MACH NO  =       2.00                REYNOLDS NO = 4.637E+07 /M
     ALTITUDE =        0.0 M         DYNAMIC PRESSURE = 283710.47 N/M**2
     SIDESLIP =       0.00 DEG                   ROLL =      0.00 DEG     
     REF AREA =      0.001 M**2         MOMENT CENTER =     0.250 M
     REF LENGTH =     0.65 M           LAT REF LENGTH =      0.65 M

   ALPHA   PANL 1   PANL 2   PANL 3   PANL 4   PANL 5   PANL 6   PANL 7   PANL 8
 
   -10.0  0.00E+00 -4.56E-02 -4.08E-02 -6.53E-09  4.08E-02  4.56E-02
    -8.0  0.00E+00 -3.47E-02 -3.28E-02 -5.28E-09  3.28E-02  3.47E-02
    -6.0  0.00E+00 -2.47E-02 -2.43E-02 -4.00E-09  2.43E-02  2.47E-02
    -4.0  0.00E+00 -1.58E-02 -1.58E-02 -2.69E-09  1.58E-02  1.58E-02
    -2.0  0.00E+00 -7.76E-03 -7.76E-03 -1.35E-09  7.76E-03  7.76E-03
     0.0  0.00E+00  0.00E+00  0.00E+00  0.00E+00  0.00E+00  0.00E+00
     2.0  0.00E+00  7.76E-03  7.76E-03  1.35E-09 -7.76E-03 -7.76E-03
     4.0  0.00E+00  1.58E-02  1.58E-02  2.69E-09 -1.58E-02 -1.58E-02
     6.0  0.00E+00  2.43E-02  2.47E-02  4.00E-09 -2.47E-02 -2.43E-02
     8.0  0.00E+00  3.28E-02  3.47E-02  5.28E-09 -3.47E-02 -3.28E-02
    10.0  0.00E+00  4.08E-02  4.56E-02  6.53E-09 -4.56E-02 -4.08E-02
1         ***** THE USAF AUTOMATED MISSILE DATCOM * REV 3/99 *****     CASE   1
               AERODYNAMIC METHODS FOR MISSILE CONFIGURATIONS          PAGE  64
                   STATIC AERODYNAMICS FOR BODY-FIN SET 1

       ******* FLIGHT CONDITIONS AND REFERENCE QUANTITIES *******
     MACH NO  =       2.00                REYNOLDS NO = 4.637E+07 /M
     ALTITUDE =        0.0 M         DYNAMIC PRESSURE = 283710.47 N/M**2
     SIDESLIP =       0.00 DEG                   ROLL =      0.00 DEG     
     REF AREA =      0.001 M**2         MOMENT CENTER =     0.250 M
     REF LENGTH =     0.65 M           LAT REF LENGTH =      0.65 M

                   ----- LONGITUDINAL -----     -- LATERAL DIRECTIONAL --
         ALPHA       CN        CM        CA        CY       CLN       CLL

        -10.00    -2.824     0.700     0.495     0.000     0.000     0.000
         -8.00    -2.041     0.506     0.498     0.000     0.000     0.000
         -6.00    -1.381     0.342     0.500     0.000     0.000     0.000
         -4.00    -0.838     0.206     0.501     0.000     0.000     0.000
         -2.00    -0.385     0.095     0.502     0.000     0.000     0.000
          0.00     0.000     0.000     0.502     0.000     0.000     0.000
          2.00     0.385    -0.095     0.502     0.000     0.000     0.000
          4.00     0.838    -0.206     0.501     0.000     0.000     0.000
          6.00     1.381    -0.342     0.500     0.000     0.000     0.000
          8.00     2.041    -0.506     0.498     0.000     0.000     0.000
         10.00     2.824    -0.700     0.495     0.000     0.000     0.000

         ALPHA       CL        CD      CL/CD     X-C.P.

        -10.00    -2.696     0.978    -2.756    -0.248
         -8.00    -1.952     0.777    -2.512    -0.248
         -6.00    -1.321     0.641    -2.060    -0.248
         -4.00    -0.801     0.558    -1.434    -0.246
         -2.00    -0.368     0.515    -0.714    -0.246
          0.00     0.000     0.502     0.000    -0.246
          2.00     0.368     0.515     0.714    -0.246
          4.00     0.801     0.558     1.434    -0.246
          6.00     1.321     0.641     2.060    -0.248
          8.00     1.952     0.777     2.512    -0.248
         10.00     2.696     0.978     2.756    -0.248

    X-C.P. MEAS. FROM MOMENT CENTER IN REF. LENGTHS, NEG. AFT OF MOMENT CENTER
1         ***** THE USAF AUTOMATED MISSILE DATCOM * REV 3/99 *****     CASE   1
               AERODYNAMIC METHODS FOR MISSILE CONFIGURATIONS          PAGE  65
                   STATIC AERODYNAMICS FOR BODY-FIN SET 1

       ******* FLIGHT CONDITIONS AND REFERENCE QUANTITIES *******
     MACH NO  =       2.00                REYNOLDS NO = 4.637E+07 /M
     ALTITUDE =        0.0 M         DYNAMIC PRESSURE = 283710.47 N/M**2
     SIDESLIP =       0.00 DEG                   ROLL =      0.00 DEG     
     REF AREA =      0.001 M**2         MOMENT CENTER =     0.250 M
     REF LENGTH =     0.65 M           LAT REF LENGTH =      0.65 M

                   ---------- DERIVATIVES (PER DEGREE) ----------
         ALPHA       CNA         CMA         CYB         CLNB        CLLB
        -10.00      0.4232     -0.1042     -0.2711      0.0656     -0.0001
         -8.00      0.3605     -0.0894     -0.2510      0.0617      0.0000
         -6.00      0.3005     -0.0749     -0.2306      0.0572      0.0000
         -4.00      0.2488     -0.0618     -0.2105      0.0519      0.0000
         -2.00      0.2094     -0.0516     -0.1944      0.0479      0.0000
          0.00      0.1927     -0.0475     -0.1887      0.0465      0.0000
          2.00      0.2094     -0.0516     -0.1944      0.0479      0.0000
          4.00      0.2488     -0.0618     -0.2105      0.0519      0.0000
          6.00      0.3005     -0.0749     -0.2306      0.0572      0.0000
          8.00      0.3605     -0.0894     -0.2510      0.0617      0.0000
         10.00      0.4232     -0.1042     -0.2711      0.0656      0.0001

    PANEL DEFLECTION ANGLES (DEGREES)
    SET    FIN 1   FIN 2   FIN 3   FIN 4   FIN 5   FIN 6   FIN 7   FIN 8
      1    0.00    0.00    0.00    0.00    0.00    0.00

    BODY ALONE LINEAR DATA GENERATED FROM VAN DYKE HYBRID THEORY

    *** END OF JOB ***
