1         ***** THE USAF AUTOMATED MISSILE DATCOM * REV 3/99 *****
               AERODYNAMIC METHODS FOR MISSILE CONFIGURATIONS     

    CONERR - INPUT ERROR CHECKING

    ERROR CODES - N* DENOTES THE NUMBER OF OCCURENCES OF EACH ERROR
    A - UNKNOWN VARIABLE NAME
    B - MISSING EQUAL SIGN FOLLOWING VARIABLE NAME
    C - NON-ARRAY VARIABLE HAS AN ARRAY ELEMENTDESIGNATION - (N)
    D - NON-ARRAY VARIABLE HAS MULTIPLE VALUES ASSIGNED
    E - ASSIGNED VALUES EXCEED ARRAY DIMENSION
    F - SYNTAX ERROR

    ************************* INPUT DATA CARDS *************************

   1 DIM M                                                                           
      2 ** BLANK CARD - IGNORED
   3  $FLTCON  NALPHA=11.,NMACH=6.,                                                  
   4           MACH=0.3000,0.6000,0.9000,1.1000,1.4000,2.0000,                       
   5           ALPHA=-10.0,-8.0,-6.0,-4.0,-2.0,0.0,2.0,4.0,6.0,8.0,10.0,$            
      6 ** BLANK CARD - IGNORED
   7  $REFQ    XCG=0.7100,                                                           
   8           SREF=0.0038485,                                                       
   9           LREF=1.2850,                                                          
  10           RHR=0.,$                                                              
     11 ** BLANK CARD - IGNORED
  12  $AXIBOD  X0=0.00,                                                              
  13           TNOSE=OGIVE,                                                          
               ** SUBSTITUTING NUMERIC FOR NAME OGIVE
  14           LNOSE=0.2250,                                                         
  15           DNOSE=0.0700,                                                         
  16           BNOSE=0.0,                                                            
  17           TRUNC=.FALSE.,                                                        
  18           LCENTR=1.0160,                                                        
  19           DCENTR=0.0700,                                                        
  20           TAFT=CONE,                                                            
               ** SUBSTITUTING NUMERIC FOR NAME CONE
  21           LAFT=0.0440,                                                          
  22           DAFT=0.0520,                                                          
  23           DEXIT=0.0000,$                                                        
     24 ** BLANK CARD - IGNORED
  25  $FINSET1 XLE=1.1600,1.2003,NPANEL=4.,                                          
  26           SSPAN=0.0350,0.0925,                                                  
  27           CHORD=0.1200,0.0810,                                                  
  28           LER=2*0.0,                                                            
  29           PHIF=0.0,90.0,180.0,270.0,                                            
  30           GAM=1.2000,1.2000,1.2000,1.2000,                                      
  31           SECTYP=HEX,                                                           
               ** SUBSTITUTING NUMERIC FOR NAME HEX
  32           ZUPPER=0.025000,0.025000,                                             
  33           LMAXU=0.4,0.4,                                                        
  34           LFLATU=0.2,0.2,$                                                      
     35 ** BLANK CARD - IGNORED
  36  $DEFLCT  DELTA1=1.2000,1.2000,1.2000,1.2000,                                   
  37           XHINGE=1.2500,$                                                       
     38 ** BLANK CARD - IGNORED
  39 PART                                                                            
  40 NEXT CASE                                                                       
1         ***** THE USAF AUTOMATED MISSILE DATCOM * REV 3/99 *****     CASE   1
               AERODYNAMIC METHODS FOR MISSILE CONFIGURATIONS          PAGE   1
    CASE INPUTS
    FOLLOWING ARE THE CARDS INPUT FOR THIS CASE

 DIM M                                                                           
  $FLTCON  NALPHA=11.,NMACH=6.,                                                  
           MACH=0.3000,0.6000,0.9000,1.1000,1.4000,2.0000,                       
           ALPHA=-10.0,-8.0,-6.0,-4.0,-2.0,0.0,2.0,4.0,6.0,8.0,10.0,$            
  $REFQ    XCG=0.7100,                                                           
           SREF=0.0038485,                                                       
           LREF=1.2850,                                                          
           RHR=0.,$                                                              
  $AXIBOD  X0=0.00,                                                              
           TNOSE=1.,                                                             
           LNOSE=0.2250,                                                         
           DNOSE=0.0700,                                                         
           BNOSE=0.0,                                                            
           TRUNC=.FALSE.,                                                        
           LCENTR=1.0160,                                                        
           DCENTR=0.0700,                                                        
           TAFT=0.,                                                              
           LAFT=0.0440,                                                          
           DAFT=0.0520,                                                          
           DEXIT=0.0000,$                                                        
  $FINSET1 XLE=1.1600,1.2003,NPANEL=4.,                                          
           SSPAN=0.0350,0.0925,                                                  
           CHORD=0.1200,0.0810,                                                  
           LER=2*0.0,                                                            
           PHIF=0.0,90.0,180.0,270.0,                                            
           GAM=1.2000,1.2000,1.2000,1.2000,                                      
           SECTYP=0.,                                                            
           ZUPPER=0.025000,0.025000,                                             
           LMAXU=0.4,0.4,                                                        
           LFLATU=0.2,0.2,$                                                      
  $DEFLCT  DELTA1=1.2000,1.2000,1.2000,1.2000,                                   
           XHINGE=1.2500,$                                                       
 PART                                                                            
 NEXT CASE                                                                       
    * WARNING * THE REYNOLDS NUMBER IS NOT DEFINED, FOR INPUT SPEED  1
                SEA LEVEL ALTITUDE ASSUMED
    * WARNING * THE REYNOLDS NUMBER IS NOT DEFINED, FOR INPUT SPEED  2
                SEA LEVEL ALTITUDE ASSUMED
    * WARNING * THE REYNOLDS NUMBER IS NOT DEFINED, FOR INPUT SPEED  3
                SEA LEVEL ALTITUDE ASSUMED
    * WARNING * THE REYNOLDS NUMBER IS NOT DEFINED, FOR INPUT SPEED  4
                SEA LEVEL ALTITUDE ASSUMED
    * WARNING * THE REYNOLDS NUMBER IS NOT DEFINED, FOR INPUT SPEED  5
                SEA LEVEL ALTITUDE ASSUMED
    * WARNING * THE REYNOLDS NUMBER IS NOT DEFINED, FOR INPUT SPEED  6
                SEA LEVEL ALTITUDE ASSUMED
    THE BOUNDARY LAYER IS ASSUMED TO BE TURBULENT
    THE INPUT UNITS ARE IN METERS, THE SCALE FACTOR IS   1.0000
1         ***** THE USAF AUTOMATED MISSILE DATCOM * REV 3/99 *****     CASE   1
               AERODYNAMIC METHODS FOR MISSILE CONFIGURATIONS          PAGE   2
                        AXISYMMETRIC BODY DEFINITION

                             NOSE   CENTERBODY     AFT BODY        TOTAL
    SHAPE                   OGIVE     CYLINDER        CONIC
    LENGTH                  0.225        1.016        0.044        1.285   M
    FINENESS RATIO          3.214       14.514        0.629       18.357
    PLANFORM AREA           0.011        0.071        0.003        0.084   M**2
    AREA CENTROID           0.140        0.733        1.262        0.676   M
    WETTED AREA             0.033        0.223        0.009        0.265   M**2
    VOLUME                  0.000        0.004        0.000        0.005   M**3
    VOL. CENTROID           0.154        0.733        1.261        0.688   M

                              MOLD LINE CONTOUR

     LONGITUDINAL STATIONS    0.0000     0.0225     0.0450     0.0675     0.0900 
        0.1125     0.1350     0.1575     0.1800     0.2025     0.2250     0.3266 
        0.4282     0.5298     0.6314     0.7330     0.8346     0.9362     1.0378 
        1.1394     1.2410*    1.2454     1.2498     1.2542     1.2586     1.2630 
        1.2674     1.2718     1.2762     1.2806     1.2850*

                BODY RADII    0.0000     0.0068     0.0128     0.0181     0.0226 
        0.0264     0.0295     0.0319     0.0336     0.0347     0.0350     0.0350 
        0.0350     0.0350     0.0350     0.0350     0.0350     0.0350     0.0350 
        0.0350     0.0350*    0.0341     0.0332     0.0323     0.0314     0.0305 
        0.0296     0.0287     0.0278     0.0269     0.0260*
    NOTE - * INDICATES SLOPE DISCONTINUOUS POINTS
1         ***** THE USAF AUTOMATED MISSILE DATCOM * REV 3/99 *****     CASE   1
               AERODYNAMIC METHODS FOR MISSILE CONFIGURATIONS          PAGE   3
                         FIN SET NUMBER 1 AIRFOIL SECTION

                                  NACA S-3-40.0-05.0-20.0

         X/C     X-UPPER   Y-UPPER   X-LOWER   Y-LOWER  MEAN LINE  THICKNESS

       0.00000   0.00000   0.00000   0.00000   0.00000   0.00000   0.00000
       0.00100   0.00100   0.00006   0.00100  -0.00006   0.00000   0.00013
       0.00200   0.00200   0.00013   0.00200  -0.00013   0.00000   0.00025
       0.00300   0.00300   0.00019   0.00300  -0.00019   0.00000   0.00038
       0.00400   0.00400   0.00025   0.00400  -0.00025   0.00000   0.00050
       0.00500   0.00500   0.00031   0.00500  -0.00031   0.00000   0.00063
       0.00600   0.00600   0.00038   0.00600  -0.00038   0.00000   0.00075
       0.00800   0.00800   0.00050   0.00800  -0.00050   0.00000   0.00100
       0.01000   0.01000   0.00063   0.01000  -0.00063   0.00000   0.00125
       0.02000   0.02000   0.00125   0.02000  -0.00125   0.00000   0.00250
       0.03000   0.03000   0.00187   0.03000  -0.00187   0.00000   0.00375
       0.04000   0.04000   0.00250   0.04000  -0.00250   0.00000   0.00500
       0.05000   0.05000   0.00312   0.05000  -0.00312   0.00000   0.00625
       0.06000   0.06000   0.00375   0.06000  -0.00375   0.00000   0.00750
       0.08000   0.08000   0.00500   0.08000  -0.00500   0.00000   0.01000
       0.10000   0.10000   0.00625   0.10000  -0.00625   0.00000   0.01250
       0.12000   0.12000   0.00750   0.12000  -0.00750   0.00000   0.01500
       0.14000   0.14000   0.00875   0.14000  -0.00875   0.00000   0.01750
       0.16000   0.16000   0.01000   0.16000  -0.01000   0.00000   0.02000
       0.18000   0.18000   0.01125   0.18000  -0.01125   0.00000   0.02250
       0.20000   0.20000   0.01250   0.20000  -0.01250   0.00000   0.02500
       0.22000   0.22000   0.01375   0.22000  -0.01375   0.00000   0.02750
       0.24000   0.24000   0.01500   0.24000  -0.01500   0.00000   0.03000
       0.26000   0.26000   0.01625   0.26000  -0.01625   0.00000   0.03250
       0.28000   0.28000   0.01750   0.28000  -0.01750   0.00000   0.03500
       0.30000   0.30000   0.01875   0.30000  -0.01875   0.00000   0.03750
       0.32000   0.32000   0.02000   0.32000  -0.02000   0.00000   0.04000
       0.34000   0.34000   0.02125   0.34000  -0.02125   0.00000   0.04250
       0.36000   0.36000   0.02250   0.36000  -0.02250   0.00000   0.04500
       0.38000   0.38000   0.02375   0.38000  -0.02375   0.00000   0.04750
       0.40000   0.40000   0.02500   0.40000  -0.02500   0.00000   0.05000
       0.42000   0.42000   0.02500   0.42000  -0.02500   0.00000   0.05000
       0.45000   0.45000   0.02500   0.45000  -0.02500   0.00000   0.05000
       0.50000   0.50000   0.02500   0.50000  -0.02500   0.00000   0.05000
       0.55000   0.55000   0.02500   0.55000  -0.02500   0.00000   0.05000
       0.60000   0.60000   0.02500   0.60000  -0.02500   0.00000   0.05000
       0.65000   0.65000   0.02187   0.65000  -0.02187   0.00000   0.04375
       0.70000   0.70000   0.01875   0.70000  -0.01875   0.00000   0.03750
       0.75000   0.75000   0.01562   0.75000  -0.01562   0.00000   0.03125
       0.80000   0.80000   0.01250   0.80000  -0.01250   0.00000   0.02500
       0.82000   0.82000   0.01125   0.82000  -0.01125   0.00000   0.02250
       0.84000   0.84000   0.01000   0.84000  -0.01000   0.00000   0.02000
       0.86000   0.86000   0.00875   0.86000  -0.00875   0.00000   0.01750
       0.88000   0.88000   0.00750   0.88000  -0.00750   0.00000   0.01500
       0.90000   0.90000   0.00625   0.90000  -0.00625   0.00000   0.01250
       0.92000   0.92000   0.00500   0.92000  -0.00500   0.00000   0.01000
       0.94000   0.94000   0.00375   0.94000  -0.00375   0.00000   0.00750
       0.96000   0.96000   0.00250   0.96000  -0.00250   0.00000   0.00500
       0.98000   0.98000   0.00125   0.98000  -0.00125   0.00000   0.00250
       1.00000   1.00000   0.00000   1.00000   0.00000   0.00000   0.00000
1         ***** THE USAF AUTOMATED MISSILE DATCOM * REV 3/99 *****     CASE   1
               AERODYNAMIC METHODS FOR MISSILE CONFIGURATIONS          PAGE   4
                      GEOMETRIC RESULTS FOR FIN SETS

                             FIN SET NUMBER  1
                          (DATA FOR ONE PANEL ONLY)

    SEGMENT   PLAN        ASPECT    TAPER     L.E.     T.E.    M.A.C.    T/C
    NUMBER    AREA        RATIO     RATIO    SWEEP    SWEEP    CHORD    RATIO

      1      0.0058        0.572    0.675   35.025    1.295    0.102    0.050
    TOTAL    0.0058        0.572    0.675   35.025    1.295    0.102    0.050
 
 
 
1         ***** THE USAF AUTOMATED MISSILE DATCOM * REV 3/99 *****     CASE   1
               AERODYNAMIC METHODS FOR MISSILE CONFIGURATIONS          PAGE   5
                           FIN SET 1 SECTION AERODYNAMICS

                        IDEAL ANGLE OF ATTACK =    0.0000 DEG.
                    ZERO LIFT ANGLE OF ATTACK =    0.0000 DEG.
                       IDEAL LIFT COEFFICIENT =    0.0000
        ZERO LIFT PITCHING MOMENT COEFFICIENT =    0.0000
                   MACH ZERO LIFT-CURVE-SLOPE =    0.0963 /DEG.
                          LEADING EDGE RADIUS =    0.0000 FRACTION CHORD
                    MAXIMUM AIRFOIL THICKNESS =    0.0500 FRACTION CHORD
                                      DELTA-Y =    0.3656 PERCENT CHORD


    MACH = 0.300   CL-ALPHA = 0.1010 /DEG.   XAC = 0.2713   CL MAX = 0.7420

    MACH = 0.600   CL-ALPHA = 0.1233 /DEG.   XAC = 0.2706   CL MAX = 0.7497

                   *** CREST CRITICAL MACH NUMBER EXCEEDED ***

                           CREST CRITICAL MACH =    0.8070
                                      LOCATION =    0.4145 FRACTION CHORD
                              LIFT-CURVE-SLOPE =    0.1410 /DEG.
1         ***** THE USAF AUTOMATED MISSILE DATCOM * REV 3/99 *****     CASE   1
               AERODYNAMIC METHODS FOR MISSILE CONFIGURATIONS          PAGE   6
                             BODY ALONE PARTIAL OUTPUT

       ******* FLIGHT CONDITIONS AND REFERENCE QUANTITIES *******
     MACH NO  =       0.30                REYNOLDS NO = 6.955E+06 /M
     ALTITUDE =        0.0 M         DYNAMIC PRESSURE =   6383.49 N/M**2
     SIDESLIP =       0.00 DEG                   ROLL =      0.00 DEG     
     REF AREA =      0.004 M**2         MOMENT CENTER =     0.710 M
     REF LENGTH =     1.28 M           LAT REF LENGTH =      1.28 M

      ALPHA    CA-FRIC  CA-PRES/WAVE CA-BASE    CA-PROT     CA-SEP     CA-ALP
     -10.00     0.2031     0.0572     0.0561                           0.0022
      -8.00     0.2054     0.0578     0.0562                           0.0019
      -6.00     0.2071     0.0583     0.0563                           0.0013
      -4.00     0.2084     0.0587     0.0563                           0.0006
      -2.00     0.2092     0.0589     0.0563                           0.0002
       0.00     0.2094     0.0589     0.0562                           0.0000
       2.00     0.2092     0.0589     0.0563                           0.0002
       4.00     0.2084     0.0587     0.0563                           0.0006
       6.00     0.2071     0.0583     0.0563                           0.0013
       8.00     0.2054     0.0578     0.0562                           0.0019
      10.00     0.2031     0.0572     0.0561                           0.0022

                     CROSS FLOW DRAG PROPORTIONALITY FACTOR = 0.76155

      ALPHA    CN-POTEN  CN-VISC   CN-SEP    CM-POTEN  CM-VISC   CM-SEP    CDC
     -10.00    -0.359    -0.389              -0.174    -0.010             0.772
      -8.00    -0.289    -0.248              -0.140    -0.007             0.766
      -6.00    -0.219    -0.138              -0.106    -0.004             0.759
      -4.00    -0.146    -0.061              -0.071    -0.002             0.753
      -2.00    -0.073    -0.015              -0.036     0.000             0.746
       0.00     0.000     0.000               0.000     0.000             0.740
       2.00     0.073     0.015               0.036     0.000             0.746
       4.00     0.146     0.061               0.071     0.002             0.753
       6.00     0.219     0.138               0.106     0.004             0.759
       8.00     0.289     0.248               0.140     0.007             0.766
      10.00     0.359     0.389               0.174     0.010             0.772
1         ***** THE USAF AUTOMATED MISSILE DATCOM * REV 3/99 *****     CASE   1
               AERODYNAMIC METHODS FOR MISSILE CONFIGURATIONS          PAGE   7
                        FIN SET 1 CA PARTIAL OUTPUT

       ******* FLIGHT CONDITIONS AND REFERENCE QUANTITIES *******
     MACH NO  =       0.30                REYNOLDS NO = 6.955E+06 /M
     ALTITUDE =        0.0 M         DYNAMIC PRESSURE =   6383.49 N/M**2
     SIDESLIP =       0.00 DEG                   ROLL =      0.00 DEG     
     REF AREA =      0.004 M**2         MOMENT CENTER =     0.710 M
     REF LENGTH =     1.28 M           LAT REF LENGTH =      1.28 M

    SINGLE FIN PANEL ZERO-LIFT AXIAL FORCE COMPONENTS

    SKIN FRICTION        0.0141
    SUBSONIC PRESSURE    0.0011
    TRANSONIC WAVE       0.0000
    SUPERSONIC WAVE      0.0000
    LEADING EDGE         0.0000
    TRAILING EDGE        0.0000
    TOTAL CAO            0.0152

    FIN AXIAL FORCE DUE TO ANGLE OF ATTACK

    ALPHA      CA DUE TO LIFT (SINGLE PANEL)   CA-TOTAL (4 FINS)

     -10.00              0.0000                      0.0600
      -8.00              0.0000                      0.0603
      -6.00              0.0000                      0.0606
      -4.00              0.0000                      0.0608
      -2.00              0.0000                      0.0609
       0.00              0.0000                      0.0609
       2.00              0.0000                      0.0609
       4.00              0.0000                      0.0608
       6.00              0.0000                      0.0606
       8.00              0.0000                      0.0603
      10.00              0.0000                      0.0600
1         ***** THE USAF AUTOMATED MISSILE DATCOM * REV 3/99 *****     CASE   1
               AERODYNAMIC METHODS FOR MISSILE CONFIGURATIONS          PAGE   8
                       FIN SET 1 CN, CM PARTIAL OUTPUT

       ******* FLIGHT CONDITIONS AND REFERENCE QUANTITIES *******
     MACH NO  =       0.30                REYNOLDS NO = 6.955E+06 /M
     ALTITUDE =        0.0 M         DYNAMIC PRESSURE =   6383.49 N/M**2
     SIDESLIP =       0.00 DEG                   ROLL =      0.00 DEG     
     REF AREA =      0.004 M**2         MOMENT CENTER =     0.710 M
     REF LENGTH =     1.28 M           LAT REF LENGTH =      1.28 M

    NORMAL FORCE SLOPE AT ALPHA ZERO, CNA =    0.04281/DEG (1 PANEL)
         CENTER OF PRESSURE FOR LINEAR CN =   -0.38147 (CALIBERS FROM C.G.)
     CENTER OF PRESSURE FOR NON-LINEAR CN =   -0.40446 (CALIBERS FROM C.G.)

      ALPHA      CN        CN        CN        CM        CM        CM
               LINEAR  NON-LINEAR  TOTAL     LINEAR  NON-LINEAR  TOTAL

     -10.00   -0.8389   -0.2862   -1.1252    0.3200    0.1158    0.4358
      -8.00   -0.6761   -0.1839   -0.8600    0.2579    0.0744    0.3323
      -6.00   -0.5100   -0.1037   -0.6137    0.1945    0.0420    0.2365
      -4.00   -0.3414   -0.0462   -0.3876    0.1302    0.0187    0.1489
      -2.00   -0.1711   -0.0116   -0.1827    0.0653    0.0047    0.0699
       0.00    0.0000    0.0000    0.0000    0.0000    0.0000    0.0000
       2.00    0.1711    0.0116    0.1827   -0.0653   -0.0047   -0.0699
       4.00    0.3414    0.0462    0.3876   -0.1302   -0.0187   -0.1489
       6.00    0.5100    0.1037    0.6137   -0.1945   -0.0420   -0.2365
       8.00    0.6761    0.1839    0.8600   -0.2579   -0.0744   -0.3323
      10.00    0.8389    0.2862    1.1252   -0.3200   -0.1158   -0.4358
1         ***** THE USAF AUTOMATED MISSILE DATCOM * REV 3/99 *****     CASE   1
               AERODYNAMIC METHODS FOR MISSILE CONFIGURATIONS          PAGE   9
                 AERODYNAMIC FORCE AND MOMENT SYNTHESIS

       ******* FLIGHT CONDITIONS AND REFERENCE QUANTITIES *******
     MACH NO  =       0.30                REYNOLDS NO = 6.955E+06 /M
     ALTITUDE =        0.0 M         DYNAMIC PRESSURE =   6383.49 N/M**2
     SIDESLIP =       0.00 DEG                   ROLL =      0.00 DEG     
     REF AREA =      0.004 M**2         MOMENT CENTER =     0.710 M
     REF LENGTH =     1.28 M           LAT REF LENGTH =      1.28 M

          ---------------FIN SET 1 IN PRESENCE OF THE BODY----------------

      ALPHA       CN         CM         CA         CY         CLN        CLL

     -10.00    -1.5355     0.5858     0.0643    -0.0121     0.0046    -0.0074
      -8.00    -1.1884     0.4533     0.0642    -0.0085     0.0033    -0.0073
      -6.00    -0.8691     0.3315     0.0641    -0.0044     0.0017    -0.0070
      -4.00    -0.5623     0.2145     0.0639    -0.0013     0.0005    -0.0067
      -2.00    -0.2642     0.1008     0.0637    -0.0002     0.0001    -0.0062
       0.00     0.0000     0.0000     0.0635     0.0000     0.0000    -0.0058
       2.00     0.2642    -0.1008     0.0637     0.0002    -0.0001    -0.0062
       4.00     0.5623    -0.2145     0.0639     0.0013    -0.0005    -0.0067
       6.00     0.8691    -0.3315     0.0641     0.0044    -0.0017    -0.0070
       8.00     1.1884    -0.4533     0.0642     0.0085    -0.0033    -0.0073
      10.00     1.5355    -0.5858     0.0643     0.0121    -0.0046    -0.0074
1         ***** THE USAF AUTOMATED MISSILE DATCOM * REV 3/99 *****     CASE   1
               AERODYNAMIC METHODS FOR MISSILE CONFIGURATIONS          PAGE  10
                 AERODYNAMIC FORCE AND MOMENT SYNTHESIS

       ******* FLIGHT CONDITIONS AND REFERENCE QUANTITIES *******
     MACH NO  =       0.30                REYNOLDS NO = 6.955E+06 /M
     ALTITUDE =        0.0 M         DYNAMIC PRESSURE =   6383.49 N/M**2
     SIDESLIP =       0.00 DEG                   ROLL =      0.00 DEG     
     REF AREA =      0.004 M**2         MOMENT CENTER =     0.710 M
     REF LENGTH =     1.28 M           LAT REF LENGTH =      1.28 M

          ---------------FIN SET 1 PANEL CHARACTERISTICS------------------

      ALPHA      PANEL    AEQ (PANEL AXIS SYS.)    PANEL CN

     -10.00        1              0.4226           0.0188
     -10.00        2            -12.1478          -0.7148
     -10.00        3              0.8708           0.0389
     -10.00        4             13.5765           0.8210
 
      -8.00        1              0.4764           0.0212
      -8.00        2             -9.7374          -0.5446
      -8.00        3              0.8412           0.0376
      -8.00        4             11.1637           0.6439
 
      -6.00        1              0.5306           0.0236
      -6.00        2             -7.3545          -0.3892
      -6.00        3              0.8383           0.0375
      -6.00        4              8.7708           0.4800
 
      -4.00        1              0.5864           0.0261
      -4.00        2             -4.8465          -0.2404
      -4.00        3              0.8196           0.0366
      -4.00        4              6.2541           0.3219
 
      -2.00        1              0.6444           0.0287
      -2.00        2             -2.1059          -0.0964
      -2.00        3              0.7622           0.0340
      -2.00        4              3.5130           0.1678
 
       0.00        1              0.7034           0.0314
       0.00        2              0.7034           0.0314
       0.00        3              0.7034           0.0314
       0.00        4              0.7034           0.0314
 
       2.00        1              0.7622           0.0340
       2.00        2              3.5130           0.1678
       2.00        3              0.6444           0.0287
       2.00        4             -2.1059          -0.0964
 
       4.00        1              0.8196           0.0366
       4.00        2              6.2541           0.3219
       4.00        3              0.5864           0.0261
       4.00        4             -4.8465          -0.2404
 
       6.00        1              0.8383           0.0375
       6.00        2              8.7708           0.4800
       6.00        3              0.5306           0.0236
       6.00        4             -7.3545          -0.3892
 
       8.00        1              0.8412           0.0376
       8.00        2             11.1637           0.6439
       8.00        3              0.4764           0.0212
       8.00        4             -9.7374          -0.5446
 
      10.00        1              0.8708           0.0389
      10.00        2             13.5765           0.8210
      10.00        3              0.4226           0.0188
      10.00        4            -12.1478          -0.7148
 
1         ***** THE USAF AUTOMATED MISSILE DATCOM * REV 3/99 *****     CASE   1
               AERODYNAMIC METHODS FOR MISSILE CONFIGURATIONS          PAGE  11
                 AERODYNAMIC FORCE AND MOMENT SYNTHESIS

       ******* FLIGHT CONDITIONS AND REFERENCE QUANTITIES *******
     MACH NO  =       0.30                REYNOLDS NO = 6.955E+06 /M
     ALTITUDE =        0.0 M         DYNAMIC PRESSURE =   6383.49 N/M**2
     SIDESLIP =       0.00 DEG                   ROLL =      0.00 DEG     
     REF AREA =      0.004 M**2         MOMENT CENTER =     0.710 M
     REF LENGTH =     1.28 M           LAT REF LENGTH =      1.28 M

             CARRYOVER INTERFERENCE FACTORS - FIN SET 1

      ALPHA   K-W(B)   K-B(W)  KK-W(B)  KK-B(W)  XCP-W(B) XCP-B(W) Y-CP/(B/2)

     -10.00   1.3261   0.5437   0.9354   0.3728   0.3815   0.3804   0.4568
      -8.00   1.3491   0.5437   0.9354   0.3728   0.3815   0.3804   0.4653
      -6.00   1.3708   0.5437   0.9354   0.3728   0.3815   0.3804   0.4678
      -4.00   1.3901   0.5437   0.9354   0.3728   0.3815   0.3804   0.4656
      -2.00   1.4057   0.5437   0.9354   0.3728   0.3815   0.3804   0.4590
       0.00   1.4145   0.5437   0.9354   0.3728   0.3815   0.3804   0.4476
       2.00   1.4057   0.5437   0.9354   0.3728   0.3815   0.3804   0.4530
       4.00   1.3901   0.5437   0.9354   0.3728   0.3815   0.3804   0.4630
       6.00   1.3708   0.5437   0.9354   0.3728   0.3815   0.3804   0.4678
       8.00   1.3491   0.5437   0.9354   0.3728   0.3815   0.3804   0.4674
      10.00   1.3261   0.5437   0.9354   0.3728   0.3815   0.3804   0.4624

    NOTE - XCP-W(B) USED FOR STABILITY ONLY DIFFERENT VALUES USED FOR HINGE MOMENTS
1         ***** THE USAF AUTOMATED MISSILE DATCOM * REV 3/99 *****     CASE   1
               AERODYNAMIC METHODS FOR MISSILE CONFIGURATIONS          PAGE  12
        FIN SET 1 PANEL BENDING MOMENTS (ABOUT EXPOSED ROOT CHORD)

       ******* FLIGHT CONDITIONS AND REFERENCE QUANTITIES *******
     MACH NO  =       0.30                REYNOLDS NO = 6.955E+06 /M
     ALTITUDE =        0.0 M         DYNAMIC PRESSURE =   6383.49 N/M**2
     SIDESLIP =       0.00 DEG                   ROLL =      0.00 DEG     
     REF AREA =      0.004 M**2         MOMENT CENTER =     0.710 M
     REF LENGTH =     1.28 M           LAT REF LENGTH =      1.28 M

   ALPHA   PANL 1   PANL 2   PANL 3   PANL 4   PANL 5   PANL 6   PANL 7   PANL 8
 
   -10.0  3.85E-04 -1.46E-02  7.96E-04  1.68E-02
    -8.0  4.42E-04 -1.13E-02  7.83E-04  1.34E-02
    -6.0  4.95E-04 -8.15E-03  7.84E-04  1.00E-02
    -4.0  5.45E-04 -5.01E-03  7.63E-04  6.71E-03
    -2.0  5.90E-04 -1.98E-03  6.99E-04  3.45E-03
     0.0  6.29E-04  6.29E-04  6.29E-04  6.29E-04
     2.0  6.90E-04  3.40E-03  5.83E-04 -1.96E-03
     4.0  7.59E-04  6.67E-03  5.42E-04 -4.98E-03
     6.0  7.84E-04  1.00E-02  4.95E-04 -8.15E-03
     8.0  7.86E-04  1.35E-02  4.44E-04 -1.14E-02
    10.0  8.05E-04  1.70E-02  3.89E-04 -1.48E-02
1         ***** THE USAF AUTOMATED MISSILE DATCOM * REV 3/99 *****     CASE   1
               AERODYNAMIC METHODS FOR MISSILE CONFIGURATIONS          PAGE  13
            FIN SET 1 PANEL HINGE MOMENTS (ABOUT HINGE LINE)

       ******* FLIGHT CONDITIONS AND REFERENCE QUANTITIES *******
     MACH NO  =       0.30                REYNOLDS NO = 6.955E+06 /M
     ALTITUDE =        0.0 M         DYNAMIC PRESSURE =   6383.49 N/M**2
     SIDESLIP =       0.00 DEG                   ROLL =      0.00 DEG     
     REF AREA =      0.004 M**2         MOMENT CENTER =     0.710 M
     REF LENGTH =     1.28 M           LAT REF LENGTH =      1.28 M

   ALPHA   PANL 1   PANL 2   PANL 3   PANL 4   PANL 5   PANL 6   PANL 7   PANL 8
 
   -10.0  7.30E-04 -2.77E-02  1.51E-03  3.18E-02
    -8.0  8.23E-04 -2.11E-02  1.46E-03  2.50E-02
    -6.0  9.17E-04 -1.51E-02  1.45E-03  1.86E-02
    -4.0  1.01E-03 -9.32E-03  1.42E-03  1.25E-02
    -2.0  1.11E-03 -3.74E-03  1.32E-03  6.50E-03
     0.0  1.22E-03  1.22E-03  1.22E-03  1.22E-03
     2.0  1.32E-03  6.50E-03  1.11E-03 -3.74E-03
     4.0  1.42E-03  1.25E-02  1.01E-03 -9.32E-03
     6.0  1.45E-03  1.86E-02  9.17E-04 -1.51E-02
     8.0  1.46E-03  2.50E-02  8.23E-04 -2.11E-02
    10.0  1.51E-03  3.18E-02  7.30E-04 -2.77E-02
1         ***** THE USAF AUTOMATED MISSILE DATCOM * REV 3/99 *****     CASE   1
               AERODYNAMIC METHODS FOR MISSILE CONFIGURATIONS          PAGE  14
                   STATIC AERODYNAMICS FOR BODY-FIN SET 1

       ******* FLIGHT CONDITIONS AND REFERENCE QUANTITIES *******
     MACH NO  =       0.30                REYNOLDS NO = 6.955E+06 /M
     ALTITUDE =        0.0 M         DYNAMIC PRESSURE =   6383.49 N/M**2
     SIDESLIP =       0.00 DEG                   ROLL =      0.00 DEG     
     REF AREA =      0.004 M**2         MOMENT CENTER =     0.710 M
     REF LENGTH =     1.28 M           LAT REF LENGTH =      1.28 M

                   ----- LONGITUDINAL -----     -- LATERAL DIRECTIONAL --
         ALPHA       CN        CM        CA        CY       CLN       CLL

        -10.00    -2.912     0.641     0.383    -0.017     0.006    -0.007
         -8.00    -2.204     0.489     0.386    -0.012     0.005    -0.007
         -6.00    -1.571     0.353     0.387    -0.006     0.002    -0.007
         -4.00    -0.990     0.226     0.388    -0.002     0.001    -0.007
         -2.00    -0.455     0.104     0.388     0.000     0.000    -0.006
          0.00     0.000     0.000     0.388     0.000     0.000    -0.006
          2.00     0.455    -0.104     0.388     0.000     0.000    -0.006
          4.00     0.990    -0.226     0.388     0.002    -0.001    -0.007
          6.00     1.571    -0.353     0.387     0.006    -0.002    -0.007
          8.00     2.204    -0.489     0.386     0.012    -0.005    -0.007
         10.00     2.912    -0.641     0.383     0.017    -0.006    -0.007

         ALPHA       CL        CD      CL/CD     X-C.P.

        -10.00    -2.802     0.883    -3.174    -0.220
         -8.00    -2.129     0.689    -3.092    -0.222
         -6.00    -1.522     0.549    -2.771    -0.225
         -4.00    -0.960     0.456    -2.106    -0.228
         -2.00    -0.441     0.404    -1.092    -0.228
          0.00     0.000     0.388     0.000    -0.381
          2.00     0.441     0.404     1.092    -0.228
          4.00     0.960     0.456     2.106    -0.228
          6.00     1.522     0.549     2.771    -0.225
          8.00     2.129     0.689     3.092    -0.222
         10.00     2.802     0.883     3.174    -0.220

    X-C.P. MEAS. FROM MOMENT CENTER IN REF. LENGTHS, NEG. AFT OF MOMENT CENTER
1         ***** THE USAF AUTOMATED MISSILE DATCOM * REV 3/99 *****     CASE   1
               AERODYNAMIC METHODS FOR MISSILE CONFIGURATIONS          PAGE  15
                   STATIC AERODYNAMICS FOR BODY-FIN SET 1

       ******* FLIGHT CONDITIONS AND REFERENCE QUANTITIES *******
     MACH NO  =       0.30                REYNOLDS NO = 6.955E+06 /M
     ALTITUDE =        0.0 M         DYNAMIC PRESSURE =   6383.49 N/M**2
     SIDESLIP =       0.00 DEG                   ROLL =      0.00 DEG     
     REF AREA =      0.004 M**2         MOMENT CENTER =     0.710 M
     REF LENGTH =     1.28 M           LAT REF LENGTH =      1.28 M

                   ---------- DERIVATIVES (PER DEGREE) ----------
         ALPHA       CNA         CMA         CYB         CLNB        CLLB
        -10.00      0.3727     -0.0804     -0.2091      0.0332     -0.0008
         -8.00      0.3353     -0.0720     -0.2042      0.0341     -0.0008
         -6.00      0.3036     -0.0658     -0.2136      0.0405     -0.0005
         -4.00      0.2789     -0.0623     -0.2223      0.0467     -0.0002
         -2.00      0.2474     -0.0564     -0.2221      0.0494     -0.0001
          0.00      0.2275     -0.0518     -0.2203      0.0498     -0.0001
          2.00      0.2474     -0.0564     -0.2227      0.0496     -0.0001
          4.00      0.2789     -0.0623     -0.2220      0.0466      0.0000
          6.00      0.3036     -0.0658     -0.2134      0.0404      0.0003
          8.00      0.3353     -0.0720     -0.2035      0.0338      0.0007
         10.00      0.3727     -0.0804     -0.2087      0.0331      0.0007

    PANEL DEFLECTION ANGLES (DEGREES)
    SET    FIN 1   FIN 2   FIN 3   FIN 4   FIN 5   FIN 6   FIN 7   FIN 8
      1    1.20    1.20    1.20    1.20
1         ***** THE USAF AUTOMATED MISSILE DATCOM * REV 3/99 *****     CASE   1
               AERODYNAMIC METHODS FOR MISSILE CONFIGURATIONS          PAGE  16
                             BODY ALONE PARTIAL OUTPUT

       ******* FLIGHT CONDITIONS AND REFERENCE QUANTITIES *******
     MACH NO  =       0.60                REYNOLDS NO = 1.391E+07 /M
     ALTITUDE =        0.0 M         DYNAMIC PRESSURE =  25533.94 N/M**2
     SIDESLIP =       0.00 DEG                   ROLL =      0.00 DEG     
     REF AREA =      0.004 M**2         MOMENT CENTER =     0.710 M
     REF LENGTH =     1.28 M           LAT REF LENGTH =      1.28 M

      ALPHA    CA-FRIC  CA-PRES/WAVE CA-BASE    CA-PROT     CA-SEP     CA-ALP
     -10.00     0.1785     0.0577     0.0556                           0.0018
      -8.00     0.1805     0.0584     0.0558                           0.0017
      -6.00     0.1821     0.0589     0.0559                           0.0011
      -4.00     0.1832     0.0592     0.0559                           0.0006
      -2.00     0.1839     0.0595     0.0559                           0.0001
       0.00     0.1841     0.0595     0.0558                           0.0000
       2.00     0.1839     0.0595     0.0559                           0.0001
       4.00     0.1832     0.0592     0.0559                           0.0006
       6.00     0.1821     0.0589     0.0559                           0.0011
       8.00     0.1805     0.0584     0.0558                           0.0017
      10.00     0.1785     0.0577     0.0556                           0.0018

                     CROSS FLOW DRAG PROPORTIONALITY FACTOR = 0.76155

      ALPHA    CN-POTEN  CN-VISC   CN-SEP    CM-POTEN  CM-VISC   CM-SEP    CDC
     -10.00    -0.337    -0.405              -0.183    -0.011             0.804
      -8.00    -0.272    -0.256              -0.148    -0.007             0.791
      -6.00    -0.205    -0.142              -0.112    -0.004             0.778
      -4.00    -0.138    -0.062              -0.075    -0.002             0.766
      -2.00    -0.069    -0.015              -0.037     0.000             0.753
       0.00     0.000     0.000               0.000     0.000             0.740
       2.00     0.069     0.015               0.037     0.000             0.753
       4.00     0.138     0.062               0.075     0.002             0.766
       6.00     0.205     0.142               0.112     0.004             0.778
       8.00     0.272     0.256               0.148     0.007             0.791
      10.00     0.337     0.405               0.183     0.011             0.804
1         ***** THE USAF AUTOMATED MISSILE DATCOM * REV 3/99 *****     CASE   1
               AERODYNAMIC METHODS FOR MISSILE CONFIGURATIONS          PAGE  17
                        FIN SET 1 CA PARTIAL OUTPUT

       ******* FLIGHT CONDITIONS AND REFERENCE QUANTITIES *******
     MACH NO  =       0.60                REYNOLDS NO = 1.391E+07 /M
     ALTITUDE =        0.0 M         DYNAMIC PRESSURE =  25533.94 N/M**2
     SIDESLIP =       0.00 DEG                   ROLL =      0.00 DEG     
     REF AREA =      0.004 M**2         MOMENT CENTER =     0.710 M
     REF LENGTH =     1.28 M           LAT REF LENGTH =      1.28 M

    SINGLE FIN PANEL ZERO-LIFT AXIAL FORCE COMPONENTS

    SKIN FRICTION        0.0121
    SUBSONIC PRESSURE    0.0010
    TRANSONIC WAVE       0.0000
    SUPERSONIC WAVE      0.0000
    LEADING EDGE         0.0000
    TRAILING EDGE        0.0000
    TOTAL CAO            0.0131

    FIN AXIAL FORCE DUE TO ANGLE OF ATTACK

    ALPHA      CA DUE TO LIFT (SINGLE PANEL)   CA-TOTAL (4 FINS)

     -10.00              0.0000                      0.0517
      -8.00              0.0000                      0.0520
      -6.00              0.0000                      0.0522
      -4.00              0.0000                      0.0524
      -2.00              0.0000                      0.0525
       0.00              0.0000                      0.0525
       2.00              0.0000                      0.0525
       4.00              0.0000                      0.0524
       6.00              0.0000                      0.0522
       8.00              0.0000                      0.0520
      10.00              0.0000                      0.0517
1         ***** THE USAF AUTOMATED MISSILE DATCOM * REV 3/99 *****     CASE   1
               AERODYNAMIC METHODS FOR MISSILE CONFIGURATIONS          PAGE  18
                       FIN SET 1 CN, CM PARTIAL OUTPUT

       ******* FLIGHT CONDITIONS AND REFERENCE QUANTITIES *******
     MACH NO  =       0.60                REYNOLDS NO = 1.391E+07 /M
     ALTITUDE =        0.0 M         DYNAMIC PRESSURE =  25533.94 N/M**2
     SIDESLIP =       0.00 DEG                   ROLL =      0.00 DEG     
     REF AREA =      0.004 M**2         MOMENT CENTER =     0.710 M
     REF LENGTH =     1.28 M           LAT REF LENGTH =      1.28 M

    NORMAL FORCE SLOPE AT ALPHA ZERO, CNA =    0.04391/DEG (1 PANEL)
         CENTER OF PRESSURE FOR LINEAR CN =   -0.38072 (CALIBERS FROM C.G.)
     CENTER OF PRESSURE FOR NON-LINEAR CN =   -0.40446 (CALIBERS FROM C.G.)

      ALPHA      CN        CN        CN        CM        CM        CM
               LINEAR  NON-LINEAR  TOTAL     LINEAR  NON-LINEAR  TOTAL

     -10.00   -0.8605   -0.2774   -1.1380    0.3276    0.1122    0.4398
      -8.00   -0.6935   -0.1782   -0.8717    0.2640    0.0721    0.3361
      -6.00   -0.5231   -0.1005   -0.6236    0.1992    0.0407    0.2398
      -4.00   -0.3502   -0.0448   -0.3949    0.1333    0.0181    0.1514
      -2.00   -0.1755   -0.0112   -0.1867    0.0668    0.0045    0.0714
       0.00    0.0000    0.0000    0.0000    0.0000    0.0000    0.0000
       2.00    0.1755    0.0112    0.1867   -0.0668   -0.0045   -0.0714
       4.00    0.3502    0.0448    0.3949   -0.1333   -0.0181   -0.1514
       6.00    0.5231    0.1005    0.6236   -0.1992   -0.0407   -0.2398
       8.00    0.6935    0.1782    0.8717   -0.2640   -0.0721   -0.3361
      10.00    0.8605    0.2774    1.1380   -0.3276   -0.1122   -0.4398
1         ***** THE USAF AUTOMATED MISSILE DATCOM * REV 3/99 *****     CASE   1
               AERODYNAMIC METHODS FOR MISSILE CONFIGURATIONS          PAGE  19
                 AERODYNAMIC FORCE AND MOMENT SYNTHESIS

       ******* FLIGHT CONDITIONS AND REFERENCE QUANTITIES *******
     MACH NO  =       0.60                REYNOLDS NO = 1.391E+07 /M
     ALTITUDE =        0.0 M         DYNAMIC PRESSURE =  25533.94 N/M**2
     SIDESLIP =       0.00 DEG                   ROLL =      0.00 DEG     
     REF AREA =      0.004 M**2         MOMENT CENTER =     0.710 M
     REF LENGTH =     1.28 M           LAT REF LENGTH =      1.28 M

          ---------------FIN SET 1 IN PRESENCE OF THE BODY----------------

      ALPHA       CN         CM         CA         CY         CLN        CLL

     -10.00    -1.5492     0.5898     0.0560    -0.0119     0.0045    -0.0073
      -8.00    -1.1997     0.4568     0.0558    -0.0085     0.0032    -0.0072
      -6.00    -0.8804     0.3352     0.0557    -0.0044     0.0017    -0.0071
      -4.00    -0.5717     0.2177     0.0556    -0.0013     0.0005    -0.0069
      -2.00    -0.2696     0.1027     0.0554    -0.0002     0.0001    -0.0064
       0.00     0.0000     0.0000     0.0552     0.0000     0.0000    -0.0059
       2.00     0.2696    -0.1027     0.0554     0.0002    -0.0001    -0.0064
       4.00     0.5717    -0.2177     0.0556     0.0013    -0.0005    -0.0069
       6.00     0.8804    -0.3352     0.0557     0.0044    -0.0017    -0.0071
       8.00     1.1997    -0.4568     0.0558     0.0085    -0.0032    -0.0072
      10.00     1.5492    -0.5898     0.0560     0.0119    -0.0045    -0.0073
1         ***** THE USAF AUTOMATED MISSILE DATCOM * REV 3/99 *****     CASE   1
               AERODYNAMIC METHODS FOR MISSILE CONFIGURATIONS          PAGE  20
                 AERODYNAMIC FORCE AND MOMENT SYNTHESIS

       ******* FLIGHT CONDITIONS AND REFERENCE QUANTITIES *******
     MACH NO  =       0.60                REYNOLDS NO = 1.391E+07 /M
     ALTITUDE =        0.0 M         DYNAMIC PRESSURE =  25533.94 N/M**2
     SIDESLIP =       0.00 DEG                   ROLL =      0.00 DEG     
     REF AREA =      0.004 M**2         MOMENT CENTER =     0.710 M
     REF LENGTH =     1.28 M           LAT REF LENGTH =      1.28 M

          ---------------FIN SET 1 PANEL CHARACTERISTICS------------------

      ALPHA      PANEL    AEQ (PANEL AXIS SYS.)    PANEL CN

     -10.00        1              0.4226           0.0193
     -10.00        2            -12.1478          -0.7214
     -10.00        3              0.8708           0.0398
     -10.00        4             13.5765           0.8281
 
      -8.00        1              0.4765           0.0217
      -8.00        2             -9.7277          -0.5504
      -8.00        3              0.8382           0.0383
      -8.00        4             11.1545           0.6496
 
      -6.00        1              0.5306           0.0242
      -6.00        2             -7.3510          -0.3946
      -6.00        3              0.8373           0.0383
      -6.00        4              8.7676           0.4859
 
      -4.00        1              0.5864           0.0268
      -4.00        2             -4.8465          -0.2447
      -4.00        3              0.8196           0.0375
      -4.00        4              6.2541           0.3270
 
      -2.00        1              0.6444           0.0294
      -2.00        2             -2.1059          -0.0986
      -2.00        3              0.7622           0.0348
      -2.00        4              3.5130           0.1711
 
       0.00        1              0.7034           0.0321
       0.00        2              0.7034           0.0321
       0.00        3              0.7034           0.0321
       0.00        4              0.7034           0.0321
 
       2.00        1              0.7622           0.0348
       2.00        2              3.5130           0.1711
       2.00        3              0.6444           0.0294
       2.00        4             -2.1059          -0.0986
 
       4.00        1              0.8196           0.0375
       4.00        2              6.2541           0.3270
       4.00        3              0.5864           0.0268
       4.00        4             -4.8465          -0.2447
 
       6.00        1              0.8373           0.0383
       6.00        2              8.7676           0.4859
       6.00        3              0.5306           0.0242
       6.00        4             -7.3510          -0.3946
 
       8.00        1              0.8382           0.0383
       8.00        2             11.1545           0.6496
       8.00        3              0.4765           0.0217
       8.00        4             -9.7277          -0.5504
 
      10.00        1              0.8708           0.0398
      10.00        2             13.5765           0.8281
      10.00        3              0.4226           0.0193
      10.00        4            -12.1478          -0.7214
 
1         ***** THE USAF AUTOMATED MISSILE DATCOM * REV 3/99 *****     CASE   1
               AERODYNAMIC METHODS FOR MISSILE CONFIGURATIONS          PAGE  21
                 AERODYNAMIC FORCE AND MOMENT SYNTHESIS

       ******* FLIGHT CONDITIONS AND REFERENCE QUANTITIES *******
     MACH NO  =       0.60                REYNOLDS NO = 1.391E+07 /M
     ALTITUDE =        0.0 M         DYNAMIC PRESSURE =  25533.94 N/M**2
     SIDESLIP =       0.00 DEG                   ROLL =      0.00 DEG     
     REF AREA =      0.004 M**2         MOMENT CENTER =     0.710 M
     REF LENGTH =     1.28 M           LAT REF LENGTH =      1.28 M

             CARRYOVER INTERFERENCE FACTORS - FIN SET 1

      ALPHA   K-W(B)   K-B(W)  KK-W(B)  KK-B(W)  XCP-W(B) XCP-B(W) Y-CP/(B/2)

     -10.00   1.3261   0.5437   0.9354   0.3728   0.3807   0.3804   0.4505
      -8.00   1.3491   0.5437   0.9354   0.3728   0.3807   0.3804   0.4668
      -6.00   1.3708   0.5437   0.9354   0.3728   0.3807   0.3804   0.4764
      -4.00   1.3901   0.5437   0.9354   0.3728   0.3807   0.3804   0.4762
      -2.00   1.4057   0.5437   0.9354   0.3728   0.3807   0.3804   0.4661
       0.00   1.4145   0.5437   0.9354   0.3728   0.3807   0.3804   0.4507
       2.00   1.4057   0.5437   0.9354   0.3728   0.3807   0.3804   0.4581
       4.00   1.3901   0.5437   0.9354   0.3728   0.3807   0.3804   0.4718
       6.00   1.3708   0.5437   0.9354   0.3728   0.3807   0.3804   0.4799
       8.00   1.3491   0.5437   0.9354   0.3728   0.3807   0.3804   0.4735
      10.00   1.3261   0.5437   0.9354   0.3728   0.3807   0.3804   0.4604

    NOTE - XCP-W(B) USED FOR STABILITY ONLY DIFFERENT VALUES USED FOR HINGE MOMENTS
1         ***** THE USAF AUTOMATED MISSILE DATCOM * REV 3/99 *****     CASE   1
               AERODYNAMIC METHODS FOR MISSILE CONFIGURATIONS          PAGE  22
        FIN SET 1 PANEL BENDING MOMENTS (ABOUT EXPOSED ROOT CHORD)

       ******* FLIGHT CONDITIONS AND REFERENCE QUANTITIES *******
     MACH NO  =       0.60                REYNOLDS NO = 1.391E+07 /M
     ALTITUDE =        0.0 M         DYNAMIC PRESSURE =  25533.94 N/M**2
     SIDESLIP =       0.00 DEG                   ROLL =      0.00 DEG     
     REF AREA =      0.004 M**2         MOMENT CENTER =     0.710 M
     REF LENGTH =     1.28 M           LAT REF LENGTH =      1.28 M

   ALPHA   PANL 1   PANL 2   PANL 3   PANL 4   PANL 5   PANL 6   PANL 7   PANL 8
 
   -10.0  3.88E-04 -1.45E-02  8.03E-04  1.67E-02
    -8.0  4.54E-04 -1.15E-02  8.01E-04  1.36E-02
    -6.0  5.16E-04 -8.41E-03  8.16E-04  1.04E-02
    -4.0  5.70E-04 -5.21E-03  7.99E-04  6.97E-03
    -2.0  6.14E-04 -2.06E-03  7.26E-04  3.57E-03
     0.0  6.48E-04  6.48E-04  6.48E-04  6.48E-04
     2.0  7.14E-04  3.51E-03  6.03E-04 -2.02E-03
     4.0  7.91E-04  6.90E-03  5.65E-04 -5.17E-03
     6.0  8.22E-04  1.04E-02  5.20E-04 -8.47E-03
     8.0  8.12E-04  1.38E-02  4.60E-04 -1.17E-02
    10.0  8.21E-04  1.71E-02  3.97E-04 -1.49E-02
1         ***** THE USAF AUTOMATED MISSILE DATCOM * REV 3/99 *****     CASE   1
               AERODYNAMIC METHODS FOR MISSILE CONFIGURATIONS          PAGE  23
            FIN SET 1 PANEL HINGE MOMENTS (ABOUT HINGE LINE)

       ******* FLIGHT CONDITIONS AND REFERENCE QUANTITIES *******
     MACH NO  =       0.60                REYNOLDS NO = 1.391E+07 /M
     ALTITUDE =        0.0 M         DYNAMIC PRESSURE =  25533.94 N/M**2
     SIDESLIP =       0.00 DEG                   ROLL =      0.00 DEG     
     REF AREA =      0.004 M**2         MOMENT CENTER =     0.710 M
     REF LENGTH =     1.28 M           LAT REF LENGTH =      1.28 M

   ALPHA   PANL 1   PANL 2   PANL 3   PANL 4   PANL 5   PANL 6   PANL 7   PANL 8
 
   -10.0  7.61E-04 -2.85E-02  1.57E-03  3.27E-02
    -8.0  8.58E-04 -2.17E-02  1.51E-03  2.57E-02
    -6.0  9.56E-04 -1.56E-02  1.51E-03  1.92E-02
    -4.0  1.06E-03 -9.67E-03  1.48E-03  1.29E-02
    -2.0  1.16E-03 -3.89E-03  1.38E-03  6.76E-03
     0.0  1.27E-03  1.27E-03  1.27E-03  1.27E-03
     2.0  1.38E-03  6.76E-03  1.16E-03 -3.89E-03
     4.0  1.48E-03  1.29E-02  1.06E-03 -9.67E-03
     6.0  1.51E-03  1.92E-02  9.56E-04 -1.56E-02
     8.0  1.51E-03  2.57E-02  8.58E-04 -2.17E-02
    10.0  1.57E-03  3.27E-02  7.61E-04 -2.85E-02
1         ***** THE USAF AUTOMATED MISSILE DATCOM * REV 3/99 *****     CASE   1
               AERODYNAMIC METHODS FOR MISSILE CONFIGURATIONS          PAGE  24
                   STATIC AERODYNAMICS FOR BODY-FIN SET 1

       ******* FLIGHT CONDITIONS AND REFERENCE QUANTITIES *******
     MACH NO  =       0.60                REYNOLDS NO = 1.391E+07 /M
     ALTITUDE =        0.0 M         DYNAMIC PRESSURE =  25533.94 N/M**2
     SIDESLIP =       0.00 DEG                   ROLL =      0.00 DEG     
     REF AREA =      0.004 M**2         MOMENT CENTER =     0.710 M
     REF LENGTH =     1.28 M           LAT REF LENGTH =      1.28 M

                   ----- LONGITUDINAL -----     -- LATERAL DIRECTIONAL --
         ALPHA       CN        CM        CA        CY       CLN       CLL

        -10.00    -2.926     0.638     0.350    -0.017     0.006    -0.007
         -8.00    -2.211     0.486     0.352    -0.012     0.005    -0.007
         -6.00    -1.577     0.353     0.354    -0.006     0.002    -0.007
         -4.00    -0.995     0.226     0.354    -0.002     0.001    -0.007
         -2.00    -0.458     0.104     0.355     0.000     0.000    -0.006
          0.00     0.000     0.000     0.355     0.000     0.000    -0.006
          2.00     0.458    -0.104     0.355     0.000     0.000    -0.006
          4.00     0.995    -0.226     0.354     0.002    -0.001    -0.007
          6.00     1.577    -0.353     0.354     0.006    -0.002    -0.007
          8.00     2.211    -0.486     0.352     0.012    -0.005    -0.007
         10.00     2.926    -0.638     0.350     0.017    -0.006    -0.007

         ALPHA       CL        CD      CL/CD     X-C.P.

        -10.00    -2.821     0.852    -3.309    -0.218
         -8.00    -2.141     0.656    -3.261    -0.220
         -6.00    -1.531     0.517    -2.965    -0.224
         -4.00    -0.968     0.423    -2.288    -0.227
         -2.00    -0.446     0.370    -1.203    -0.228
          0.00     0.000     0.355     0.000    -0.381
          2.00     0.446     0.370     1.203    -0.228
          4.00     0.968     0.423     2.288    -0.227
          6.00     1.531     0.517     2.965    -0.224
          8.00     2.141     0.656     3.261    -0.220
         10.00     2.821     0.852     3.309    -0.218

    X-C.P. MEAS. FROM MOMENT CENTER IN REF. LENGTHS, NEG. AFT OF MOMENT CENTER
1         ***** THE USAF AUTOMATED MISSILE DATCOM * REV 3/99 *****     CASE   1
               AERODYNAMIC METHODS FOR MISSILE CONFIGURATIONS          PAGE  25
                   STATIC AERODYNAMICS FOR BODY-FIN SET 1

       ******* FLIGHT CONDITIONS AND REFERENCE QUANTITIES *******
     MACH NO  =       0.60                REYNOLDS NO = 1.391E+07 /M
     ALTITUDE =        0.0 M         DYNAMIC PRESSURE =  25533.94 N/M**2
     SIDESLIP =       0.00 DEG                   ROLL =      0.00 DEG     
     REF AREA =      0.004 M**2         MOMENT CENTER =     0.710 M
     REF LENGTH =     1.28 M           LAT REF LENGTH =      1.28 M

                   ---------- DERIVATIVES (PER DEGREE) ----------
         ALPHA       CNA         CMA         CYB         CLNB        CLLB
        -10.00      0.3779     -0.0802     -0.2116      0.0333     -0.0009
         -8.00      0.3371     -0.0712     -0.2050      0.0338     -0.0009
         -6.00      0.3040     -0.0649     -0.2150      0.0406     -0.0005
         -4.00      0.2797     -0.0621     -0.2241      0.0471     -0.0002
         -2.00      0.2487     -0.0566     -0.2240      0.0499     -0.0001
          0.00      0.2291     -0.0522     -0.2221      0.0503     -0.0001
          2.00      0.2487     -0.0566     -0.2245      0.0501     -0.0001
          4.00      0.2797     -0.0621     -0.2238      0.0469      0.0000
          6.00      0.3040     -0.0649     -0.2147      0.0405      0.0003
          8.00      0.3371     -0.0712     -0.2043      0.0335      0.0007
         10.00      0.3779     -0.0802     -0.2113      0.0332      0.0007

    PANEL DEFLECTION ANGLES (DEGREES)
    SET    FIN 1   FIN 2   FIN 3   FIN 4   FIN 5   FIN 6   FIN 7   FIN 8
      1    1.20    1.20    1.20    1.20
1         ***** THE USAF AUTOMATED MISSILE DATCOM * REV 3/99 *****     CASE   1
               AERODYNAMIC METHODS FOR MISSILE CONFIGURATIONS          PAGE  26
                             BODY ALONE PARTIAL OUTPUT

       ******* FLIGHT CONDITIONS AND REFERENCE QUANTITIES *******
     MACH NO  =       0.90                REYNOLDS NO = 2.087E+07 /M
     ALTITUDE =        0.0 M         DYNAMIC PRESSURE =  57451.37 N/M**2
     SIDESLIP =       0.00 DEG                   ROLL =      0.00 DEG     
     REF AREA =      0.004 M**2         MOMENT CENTER =     0.710 M
     REF LENGTH =     1.28 M           LAT REF LENGTH =      1.28 M

      ALPHA    CA-FRIC  CA-PRES/WAVE CA-BASE    CA-PROT     CA-SEP     CA-ALP
     -10.00     0.1629     0.1009     0.0539                           0.0025
      -8.00     0.1647     0.1021     0.0541                           0.0021
      -6.00     0.1661     0.1029     0.0542                           0.0013
      -4.00     0.1671     0.1036     0.0542                           0.0006
      -2.00     0.1677     0.1040     0.0542                           0.0002
       0.00     0.1679     0.1041     0.0541                           0.0000
       2.00     0.1677     0.1040     0.0542                           0.0002
       4.00     0.1671     0.1036     0.0542                           0.0006
       6.00     0.1661     0.1029     0.0542                           0.0013
       8.00     0.1647     0.1021     0.0541                           0.0021
      10.00     0.1629     0.1009     0.0539                           0.0025

                     CROSS FLOW DRAG PROPORTIONALITY FACTOR = 0.76398

      ALPHA    CN-POTEN  CN-VISC   CN-SEP    CM-POTEN  CM-VISC   CM-SEP    CDC
     -10.00    -0.212    -0.422              -0.242    -0.011             0.836
      -8.00    -0.171    -0.265              -0.195    -0.007             0.817
      -6.00    -0.129    -0.146              -0.148    -0.004             0.798
      -4.00    -0.087    -0.063              -0.099    -0.002             0.778
      -2.00    -0.043    -0.015              -0.050     0.000             0.759
       0.00     0.000     0.000               0.000     0.000             0.740
       2.00     0.043     0.015               0.050     0.000             0.759
       4.00     0.087     0.063               0.099     0.002             0.778
       6.00     0.129     0.146               0.148     0.004             0.798
       8.00     0.171     0.265               0.195     0.007             0.817
      10.00     0.212     0.422               0.242     0.011             0.836
1         ***** THE USAF AUTOMATED MISSILE DATCOM * REV 3/99 *****     CASE   1
               AERODYNAMIC METHODS FOR MISSILE CONFIGURATIONS          PAGE  27
                        FIN SET 1 CA PARTIAL OUTPUT

       ******* FLIGHT CONDITIONS AND REFERENCE QUANTITIES *******
     MACH NO  =       0.90                REYNOLDS NO = 2.087E+07 /M
     ALTITUDE =        0.0 M         DYNAMIC PRESSURE =  57451.37 N/M**2
     SIDESLIP =       0.00 DEG                   ROLL =      0.00 DEG     
     REF AREA =      0.004 M**2         MOMENT CENTER =     0.710 M
     REF LENGTH =     1.28 M           LAT REF LENGTH =      1.28 M

    SINGLE FIN PANEL ZERO-LIFT AXIAL FORCE COMPONENTS

    SKIN FRICTION        0.0110
    SUBSONIC PRESSURE    0.0009
    TRANSONIC WAVE       0.0135
    SUPERSONIC WAVE      0.0000
    LEADING EDGE         0.0000
    TRAILING EDGE        0.0000
    TOTAL CAO            0.0254

    FIN AXIAL FORCE DUE TO ANGLE OF ATTACK

    ALPHA      CA DUE TO LIFT (SINGLE PANEL)   CA-TOTAL (4 FINS)

     -10.00              0.0000                      0.1001
      -8.00              0.0000                      0.1007
      -6.00              0.0000                      0.1011
      -4.00              0.0000                      0.1014
      -2.00              0.0000                      0.1016
       0.00              0.0000                      0.1017
       2.00              0.0000                      0.1016
       4.00              0.0000                      0.1014
       6.00              0.0000                      0.1011
       8.00              0.0000                      0.1007
      10.00              0.0000                      0.1001
1         ***** THE USAF AUTOMATED MISSILE DATCOM * REV 3/99 *****     CASE   1
               AERODYNAMIC METHODS FOR MISSILE CONFIGURATIONS          PAGE  28
                       FIN SET 1 CN, CM PARTIAL OUTPUT

       ******* FLIGHT CONDITIONS AND REFERENCE QUANTITIES *******
     MACH NO  =       0.90                REYNOLDS NO = 2.087E+07 /M
     ALTITUDE =        0.0 M         DYNAMIC PRESSURE =  57451.37 N/M**2
     SIDESLIP =       0.00 DEG                   ROLL =      0.00 DEG     
     REF AREA =      0.004 M**2         MOMENT CENTER =     0.710 M
     REF LENGTH =     1.28 M           LAT REF LENGTH =      1.28 M

    NORMAL FORCE SLOPE AT ALPHA ZERO, CNA =    0.04566/DEG (1 PANEL)
         CENTER OF PRESSURE FOR LINEAR CN =   -0.37874 (CALIBERS FROM C.G.)
     CENTER OF PRESSURE FOR NON-LINEAR CN =   -0.40446 (CALIBERS FROM C.G.)

      ALPHA      CN        CN        CN        CM        CM        CM
               LINEAR  NON-LINEAR  TOTAL     LINEAR  NON-LINEAR  TOTAL

     -10.00   -0.8947   -0.2154   -1.1101    0.3389    0.0871    0.4260
      -8.00   -0.7211   -0.1392   -0.8602    0.2731    0.0563    0.3294
      -6.00   -0.5439   -0.0789   -0.6228    0.2060    0.0319    0.2379
      -4.00   -0.3641   -0.0353   -0.3994    0.1379    0.0143    0.1522
      -2.00   -0.1825   -0.0089   -0.1914    0.0691    0.0036    0.0727
       0.00    0.0000    0.0000    0.0000    0.0000    0.0000    0.0000
       2.00    0.1825    0.0089    0.1914   -0.0691   -0.0036   -0.0727
       4.00    0.3641    0.0353    0.3994   -0.1379   -0.0143   -0.1522
       6.00    0.5439    0.0789    0.6228   -0.2060   -0.0319   -0.2379
       8.00    0.7211    0.1392    0.8602   -0.2731   -0.0563   -0.3294
      10.00    0.8947    0.2154    1.1101   -0.3389   -0.0871   -0.4260
1         ***** THE USAF AUTOMATED MISSILE DATCOM * REV 3/99 *****     CASE   1
               AERODYNAMIC METHODS FOR MISSILE CONFIGURATIONS          PAGE  29
                 AERODYNAMIC FORCE AND MOMENT SYNTHESIS

       ******* FLIGHT CONDITIONS AND REFERENCE QUANTITIES *******
     MACH NO  =       0.90                REYNOLDS NO = 2.087E+07 /M
     ALTITUDE =        0.0 M         DYNAMIC PRESSURE =  57451.37 N/M**2
     SIDESLIP =       0.00 DEG                   ROLL =      0.00 DEG     
     REF AREA =      0.004 M**2         MOMENT CENTER =     0.710 M
     REF LENGTH =     1.28 M           LAT REF LENGTH =      1.28 M

          ---------------FIN SET 1 IN PRESENCE OF THE BODY----------------

      ALPHA       CN         CM         CA         CY         CLN        CLL

     -10.00    -1.4889     0.5639     0.1050    -0.0100     0.0038    -0.0069
      -8.00    -1.1669     0.4420     0.1049    -0.0075     0.0028    -0.0070
      -6.00    -0.8682     0.3288     0.1048    -0.0037     0.0014    -0.0070
      -4.00    -0.5724     0.2168     0.1047    -0.0010     0.0004    -0.0069
      -2.00    -0.2746     0.1040     0.1046    -0.0002     0.0001    -0.0065
       0.00     0.0000     0.0000     0.1044     0.0000     0.0000    -0.0061
       2.00     0.2746    -0.1040     0.1046     0.0002    -0.0001    -0.0065
       4.00     0.5724    -0.2168     0.1047     0.0010    -0.0004    -0.0069
       6.00     0.8682    -0.3288     0.1048     0.0037    -0.0014    -0.0070
       8.00     1.1669    -0.4420     0.1049     0.0075    -0.0028    -0.0070
      10.00     1.4889    -0.5639     0.1050     0.0100    -0.0038    -0.0069
1         ***** THE USAF AUTOMATED MISSILE DATCOM * REV 3/99 *****     CASE   1
               AERODYNAMIC METHODS FOR MISSILE CONFIGURATIONS          PAGE  30
                 AERODYNAMIC FORCE AND MOMENT SYNTHESIS

       ******* FLIGHT CONDITIONS AND REFERENCE QUANTITIES *******
     MACH NO  =       0.90                REYNOLDS NO = 2.087E+07 /M
     ALTITUDE =        0.0 M         DYNAMIC PRESSURE =  57451.37 N/M**2
     SIDESLIP =       0.00 DEG                   ROLL =      0.00 DEG     
     REF AREA =      0.004 M**2         MOMENT CENTER =     0.710 M
     REF LENGTH =     1.28 M           LAT REF LENGTH =      1.28 M

          ---------------FIN SET 1 PANEL CHARACTERISTICS------------------

      ALPHA      PANEL    AEQ (PANEL AXIS SYS.)    PANEL CN

     -10.00        1              0.4223           0.0198
     -10.00        2            -12.1594          -0.6962
     -10.00        3              0.8710           0.0410
     -10.00        4             13.5881           0.7929
 
      -8.00        1              0.4764           0.0224
      -8.00        2             -9.7251          -0.5376
      -8.00        3              0.8354           0.0394
      -8.00        4             11.1525           0.6295
 
      -6.00        1              0.5306           0.0249
      -6.00        2             -7.3513          -0.3909
      -6.00        3              0.8365           0.0394
      -6.00        4              8.7680           0.4774
 
      -4.00        1              0.5863           0.0276
      -4.00        2             -4.8480          -0.2462
      -4.00        3              0.8196           0.0386
      -4.00        4              6.2556           0.3262
 
      -2.00        1              0.6444           0.0303
      -2.00        2             -2.1062          -0.1010
      -2.00        3              0.7622           0.0359
      -2.00        4              3.5132           0.1736
 
       0.00        1              0.7034           0.0331
       0.00        2              0.7034           0.0331
       0.00        3              0.7034           0.0331
       0.00        4              0.7034           0.0331
 
       2.00        1              0.7622           0.0359
       2.00        2              3.5132           0.1736
       2.00        3              0.6444           0.0303
       2.00        4             -2.1062          -0.1010
 
       4.00        1              0.8196           0.0386
       4.00        2              6.2556           0.3262
       4.00        3              0.5863           0.0276
       4.00        4             -4.8480          -0.2462
 
       6.00        1              0.8365           0.0394
       6.00        2              8.7680           0.4774
       6.00        3              0.5306           0.0249
       6.00        4             -7.3513          -0.3909
 
       8.00        1              0.8354           0.0394
       8.00        2             11.1525           0.6295
       8.00        3              0.4764           0.0224
       8.00        4             -9.7251          -0.5376
 
      10.00        1              0.8710           0.0410
      10.00        2             13.5881           0.7929
      10.00        3              0.4223           0.0198
      10.00        4            -12.1594          -0.6962
 
1         ***** THE USAF AUTOMATED MISSILE DATCOM * REV 3/99 *****     CASE   1
               AERODYNAMIC METHODS FOR MISSILE CONFIGURATIONS          PAGE  31
                 AERODYNAMIC FORCE AND MOMENT SYNTHESIS

       ******* FLIGHT CONDITIONS AND REFERENCE QUANTITIES *******
     MACH NO  =       0.90                REYNOLDS NO = 2.087E+07 /M
     ALTITUDE =        0.0 M         DYNAMIC PRESSURE =  57451.37 N/M**2
     SIDESLIP =       0.00 DEG                   ROLL =      0.00 DEG     
     REF AREA =      0.004 M**2         MOMENT CENTER =     0.710 M
     REF LENGTH =     1.28 M           LAT REF LENGTH =      1.28 M

             CARRYOVER INTERFERENCE FACTORS - FIN SET 1

      ALPHA   K-W(B)   K-B(W)  KK-W(B)  KK-B(W)  XCP-W(B) XCP-B(W) Y-CP/(B/2)

     -10.00   1.3273   0.5437   0.9354   0.3728   0.3787   0.3804   0.4542
      -8.00   1.3501   0.5437   0.9354   0.3728   0.3787   0.3804   0.4722
      -6.00   1.3714   0.5437   0.9354   0.3728   0.3787   0.3804   0.4820
      -4.00   1.3905   0.5437   0.9354   0.3728   0.3787   0.3804   0.4796
      -2.00   1.4059   0.5437   0.9354   0.3728   0.3787   0.3804   0.4654
       0.00   1.4145   0.5437   0.9354   0.3728   0.3787   0.3804   0.4491
       2.00   1.4059   0.5437   0.9354   0.3728   0.3787   0.3804   0.4569
       4.00   1.3905   0.5437   0.9354   0.3728   0.3787   0.3804   0.4725
       6.00   1.3714   0.5437   0.9354   0.3728   0.3787   0.3804   0.4853
       8.00   1.3501   0.5437   0.9354   0.3728   0.3787   0.3804   0.4788
      10.00   1.3273   0.5437   0.9354   0.3728   0.3787   0.3804   0.4649

    NOTE - XCP-W(B) USED FOR STABILITY ONLY DIFFERENT VALUES USED FOR HINGE MOMENTS
1         ***** THE USAF AUTOMATED MISSILE DATCOM * REV 3/99 *****     CASE   1
               AERODYNAMIC METHODS FOR MISSILE CONFIGURATIONS          PAGE  32
        FIN SET 1 PANEL BENDING MOMENTS (ABOUT EXPOSED ROOT CHORD)

       ******* FLIGHT CONDITIONS AND REFERENCE QUANTITIES *******
     MACH NO  =       0.90                REYNOLDS NO = 2.087E+07 /M
     ALTITUDE =        0.0 M         DYNAMIC PRESSURE =  57451.37 N/M**2
     SIDESLIP =       0.00 DEG                   ROLL =      0.00 DEG     
     REF AREA =      0.004 M**2         MOMENT CENTER =     0.710 M
     REF LENGTH =     1.28 M           LAT REF LENGTH =      1.28 M

   ALPHA   PANL 1   PANL 2   PANL 3   PANL 4   PANL 5   PANL 6   PANL 7   PANL 8
 
   -10.0  4.03E-04 -1.41E-02  8.34E-04  1.61E-02
    -8.0  4.73E-04 -1.14E-02  8.32E-04  1.33E-02
    -6.0  5.38E-04 -8.43E-03  8.50E-04  1.03E-02
    -4.0  5.92E-04 -5.28E-03  8.28E-04  7.00E-03
    -2.0  6.31E-04 -2.10E-03  7.47E-04  3.61E-03
     0.0  6.65E-04  6.65E-04  6.65E-04  6.65E-04
     2.0  7.34E-04  3.55E-03  6.20E-04 -2.06E-03
     4.0  8.16E-04  6.90E-03  5.83E-04 -5.21E-03
     6.0  8.56E-04  1.04E-02  5.42E-04 -8.49E-03
     8.0  8.43E-04  1.35E-02  4.80E-04 -1.15E-02
    10.0  8.54E-04  1.65E-02  4.13E-04 -1.45E-02
1         ***** THE USAF AUTOMATED MISSILE DATCOM * REV 3/99 *****     CASE   1
               AERODYNAMIC METHODS FOR MISSILE CONFIGURATIONS          PAGE  33
            FIN SET 1 PANEL HINGE MOMENTS (ABOUT HINGE LINE)

       ******* FLIGHT CONDITIONS AND REFERENCE QUANTITIES *******
     MACH NO  =       0.90                REYNOLDS NO = 2.087E+07 /M
     ALTITUDE =        0.0 M         DYNAMIC PRESSURE =  57451.37 N/M**2
     SIDESLIP =       0.00 DEG                   ROLL =      0.00 DEG     
     REF AREA =      0.004 M**2         MOMENT CENTER =     0.710 M
     REF LENGTH =     1.28 M           LAT REF LENGTH =      1.28 M

   ALPHA   PANL 1   PANL 2   PANL 3   PANL 4   PANL 5   PANL 6   PANL 7   PANL 8
 
   -10.0  8.23E-04 -2.89E-02  1.70E-03  3.29E-02
    -8.0  9.29E-04 -2.23E-02  1.63E-03  2.61E-02
    -6.0  1.04E-03 -1.62E-02  1.64E-03  1.98E-02
    -4.0  1.14E-03 -1.02E-02  1.60E-03  1.35E-02
    -2.0  1.26E-03 -4.19E-03  1.49E-03  7.20E-03
     0.0  1.37E-03  1.37E-03  1.37E-03  1.37E-03
     2.0  1.49E-03  7.20E-03  1.26E-03 -4.19E-03
     4.0  1.60E-03  1.35E-02  1.14E-03 -1.02E-02
     6.0  1.64E-03  1.98E-02  1.04E-03 -1.62E-02
     8.0  1.63E-03  2.61E-02  9.29E-04 -2.23E-02
    10.0  1.70E-03  3.29E-02  8.23E-04 -2.89E-02
1         ***** THE USAF AUTOMATED MISSILE DATCOM * REV 3/99 *****     CASE   1
               AERODYNAMIC METHODS FOR MISSILE CONFIGURATIONS          PAGE  34
                   STATIC AERODYNAMICS FOR BODY-FIN SET 1

       ******* FLIGHT CONDITIONS AND REFERENCE QUANTITIES *******
     MACH NO  =       0.90                REYNOLDS NO = 2.087E+07 /M
     ALTITUDE =        0.0 M         DYNAMIC PRESSURE =  57451.37 N/M**2
     SIDESLIP =       0.00 DEG                   ROLL =      0.00 DEG     
     REF AREA =      0.004 M**2         MOMENT CENTER =     0.710 M
     REF LENGTH =     1.28 M           LAT REF LENGTH =      1.28 M

                   ----- LONGITUDINAL -----     -- LATERAL DIRECTIONAL --
         ALPHA       CN        CM        CA        CY       CLN       CLL

        -10.00    -2.733     0.542     0.425    -0.014     0.005    -0.007
         -8.00    -2.073     0.418     0.428    -0.010     0.004    -0.007
         -6.00    -1.488     0.308     0.429    -0.005     0.002    -0.007
         -4.00    -0.946     0.201     0.430    -0.001     0.001    -0.007
         -2.00    -0.440     0.094     0.431     0.000     0.000    -0.006
          0.00     0.000     0.000     0.431     0.000     0.000    -0.006
          2.00     0.440    -0.094     0.431     0.000     0.000    -0.006
          4.00     0.946    -0.201     0.430     0.001    -0.001    -0.007
          6.00     1.488    -0.308     0.429     0.005    -0.002    -0.007
          8.00     2.073    -0.418     0.428     0.010    -0.004    -0.007
         10.00     2.733    -0.542     0.425     0.014    -0.005    -0.007

         ALPHA       CL        CD      CL/CD     X-C.P.

        -10.00    -2.618     0.893    -2.930    -0.198
         -8.00    -1.993     0.712    -2.799    -0.202
         -6.00    -1.435     0.583    -2.463    -0.207
         -4.00    -0.914     0.495    -1.845    -0.213
         -2.00    -0.424     0.446    -0.952    -0.215
          0.00     0.000     0.431     0.000    -0.379
          2.00     0.424     0.446     0.952    -0.215
          4.00     0.914     0.495     1.845    -0.213
          6.00     1.435     0.583     2.463    -0.207
          8.00     1.993     0.712     2.799    -0.202
         10.00     2.618     0.893     2.930    -0.198

    X-C.P. MEAS. FROM MOMENT CENTER IN REF. LENGTHS, NEG. AFT OF MOMENT CENTER
1         ***** THE USAF AUTOMATED MISSILE DATCOM * REV 3/99 *****     CASE   1
               AERODYNAMIC METHODS FOR MISSILE CONFIGURATIONS          PAGE  35
                   STATIC AERODYNAMICS FOR BODY-FIN SET 1

       ******* FLIGHT CONDITIONS AND REFERENCE QUANTITIES *******
     MACH NO  =       0.90                REYNOLDS NO = 2.087E+07 /M
     ALTITUDE =        0.0 M         DYNAMIC PRESSURE =  57451.37 N/M**2
     SIDESLIP =       0.00 DEG                   ROLL =      0.00 DEG     
     REF AREA =      0.004 M**2         MOMENT CENTER =     0.710 M
     REF LENGTH =     1.28 M           LAT REF LENGTH =      1.28 M

                   ---------- DERIVATIVES (PER DEGREE) ----------
         ALPHA       CNA         CMA         CYB         CLNB        CLLB
        -10.00      0.3487     -0.0657     -0.2048      0.0287     -0.0009
         -8.00      0.3112     -0.0585     -0.1962      0.0286     -0.0009
         -6.00      0.2817     -0.0542     -0.2067      0.0358     -0.0006
         -4.00      0.2620     -0.0535     -0.2162      0.0425     -0.0002
         -2.00      0.2365     -0.0503     -0.2160      0.0454     -0.0001
          0.00      0.2198     -0.0472     -0.2140      0.0458     -0.0001
          2.00      0.2365     -0.0503     -0.2164      0.0456     -0.0001
          4.00      0.2620     -0.0535     -0.2157      0.0423      0.0000
          6.00      0.2817     -0.0542     -0.2064      0.0357      0.0004
          8.00      0.3112     -0.0585     -0.1956      0.0284      0.0008
         10.00      0.3487     -0.0657     -0.2045      0.0286      0.0008

    PANEL DEFLECTION ANGLES (DEGREES)
    SET    FIN 1   FIN 2   FIN 3   FIN 4   FIN 5   FIN 6   FIN 7   FIN 8
      1    1.20    1.20    1.20    1.20
1         ***** THE USAF AUTOMATED MISSILE DATCOM * REV 3/99 *****     CASE   1
               AERODYNAMIC METHODS FOR MISSILE CONFIGURATIONS          PAGE  36
                             BODY ALONE PARTIAL OUTPUT

       ******* FLIGHT CONDITIONS AND REFERENCE QUANTITIES *******
     MACH NO  =       1.10                REYNOLDS NO = 2.550E+07 /M
     ALTITUDE =        0.0 M         DYNAMIC PRESSURE =  85822.41 N/M**2
     SIDESLIP =       0.00 DEG                   ROLL =      0.00 DEG     
     REF AREA =      0.004 M**2         MOMENT CENTER =     0.710 M
     REF LENGTH =     1.28 M           LAT REF LENGTH =      1.28 M

      ALPHA    CA-FRIC  CA-PRES/WAVE CA-BASE    CA-PROT     CA-SEP     CA-ALP
     -10.00     0.1541     0.2175     0.0825                           0.0036
      -8.00     0.1558     0.2199     0.0829                           0.0029
      -6.00     0.1572     0.2218     0.0831                           0.0019
      -4.00     0.1581     0.2232     0.0832                           0.0009
      -2.00     0.1587     0.2240     0.0833                           0.0002
       0.00     0.1589     0.2243     0.0832                           0.0000
       2.00     0.1587     0.2240     0.0833                           0.0002
       4.00     0.1581     0.2232     0.0832                           0.0009
       6.00     0.1572     0.2218     0.0831                           0.0019
       8.00     0.1558     0.2199     0.0829                           0.0029
      10.00     0.1541     0.2175     0.0825                           0.0036

                     CROSS FLOW DRAG PROPORTIONALITY FACTOR = 0.97278

      ALPHA    CN-POTEN  CN-VISC   CN-SEP    CM-POTEN  CM-VISC   CM-SEP    CDC
     -10.00    -0.338    -0.551              -0.210    -0.015             0.857
      -8.00    -0.272    -0.344              -0.169    -0.009             0.834
      -6.00    -0.206    -0.189              -0.128    -0.005             0.810
      -4.00    -0.138    -0.082              -0.086    -0.002             0.787
      -2.00    -0.069    -0.020              -0.043    -0.001             0.764
       0.00     0.000     0.000               0.000     0.000             0.740
       2.00     0.069     0.020               0.043     0.001             0.764
       4.00     0.138     0.082               0.086     0.002             0.787
       6.00     0.206     0.189               0.128     0.005             0.810
       8.00     0.272     0.344               0.169     0.009             0.834
      10.00     0.338     0.551               0.210     0.015             0.857
1         ***** THE USAF AUTOMATED MISSILE DATCOM * REV 3/99 *****     CASE   1
               AERODYNAMIC METHODS FOR MISSILE CONFIGURATIONS          PAGE  37
                        FIN SET 1 CA PARTIAL OUTPUT

       ******* FLIGHT CONDITIONS AND REFERENCE QUANTITIES *******
     MACH NO  =       1.10                REYNOLDS NO = 2.550E+07 /M
     ALTITUDE =        0.0 M         DYNAMIC PRESSURE =  85822.41 N/M**2
     SIDESLIP =       0.00 DEG                   ROLL =      0.00 DEG     
     REF AREA =      0.004 M**2         MOMENT CENTER =     0.710 M
     REF LENGTH =     1.28 M           LAT REF LENGTH =      1.28 M

    SINGLE FIN PANEL ZERO-LIFT AXIAL FORCE COMPONENTS

    SKIN FRICTION        0.0104
    SUBSONIC PRESSURE    0.0004
    TRANSONIC WAVE       0.0000
    SUPERSONIC WAVE      0.0299
    LEADING EDGE         0.0000
    TRAILING EDGE        0.0000
    TOTAL CAO            0.0407

    FIN AXIAL FORCE DUE TO ANGLE OF ATTACK

    ALPHA      CA DUE TO LIFT (SINGLE PANEL)   CA-TOTAL (4 FINS)

     -10.00              0.0000                      0.1603
      -8.00              0.0000                      0.1612
      -6.00              0.0000                      0.1619
      -4.00              0.0000                      0.1624
      -2.00              0.0000                      0.1627
       0.00              0.0000                      0.1628
       2.00              0.0000                      0.1627
       4.00              0.0000                      0.1624
       6.00              0.0000                      0.1619
       8.00              0.0000                      0.1612
      10.00              0.0000                      0.1603
1         ***** THE USAF AUTOMATED MISSILE DATCOM * REV 3/99 *****     CASE   1
               AERODYNAMIC METHODS FOR MISSILE CONFIGURATIONS          PAGE  38
                       FIN SET 1 CN, CM PARTIAL OUTPUT

       ******* FLIGHT CONDITIONS AND REFERENCE QUANTITIES *******
     MACH NO  =       1.10                REYNOLDS NO = 2.550E+07 /M
     ALTITUDE =        0.0 M         DYNAMIC PRESSURE =  85822.41 N/M**2
     SIDESLIP =       0.00 DEG                   ROLL =      0.00 DEG     
     REF AREA =      0.004 M**2         MOMENT CENTER =     0.710 M
     REF LENGTH =     1.28 M           LAT REF LENGTH =      1.28 M

    NORMAL FORCE SLOPE AT ALPHA ZERO, CNA =    0.05417/DEG (1 PANEL)
         CENTER OF PRESSURE FOR LINEAR CN =   -0.38443 (CALIBERS FROM C.G.)
     CENTER OF PRESSURE FOR NON-LINEAR CN =   -0.40446 (CALIBERS FROM C.G.)

      ALPHA      CN        CN        CN        CM        CM        CM
               LINEAR  NON-LINEAR  TOTAL     LINEAR  NON-LINEAR  TOTAL

     -10.00   -1.0616   -0.2041   -1.2657    0.4081    0.0826    0.4907
      -8.00   -0.8555   -0.1327   -0.9882    0.3289    0.0537    0.3825
      -6.00   -0.6453   -0.0757   -0.7210    0.2481    0.0306    0.2787
      -4.00   -0.4320   -0.0341   -0.4661    0.1661    0.0138    0.1799
      -2.00   -0.2165   -0.0086   -0.2251    0.0832    0.0035    0.0867
       0.00    0.0000    0.0000    0.0000    0.0000    0.0000    0.0000
       2.00    0.2165    0.0086    0.2251   -0.0832   -0.0035   -0.0867
       4.00    0.4320    0.0341    0.4661   -0.1661   -0.0138   -0.1799
       6.00    0.6453    0.0757    0.7210   -0.2481   -0.0306   -0.2787
       8.00    0.8555    0.1327    0.9882   -0.3289   -0.0537   -0.3825
      10.00    1.0616    0.2041    1.2657   -0.4081   -0.0826   -0.4907
1         ***** THE USAF AUTOMATED MISSILE DATCOM * REV 3/99 *****     CASE   1
               AERODYNAMIC METHODS FOR MISSILE CONFIGURATIONS          PAGE  39
                 AERODYNAMIC FORCE AND MOMENT SYNTHESIS

       ******* FLIGHT CONDITIONS AND REFERENCE QUANTITIES *******
     MACH NO  =       1.10                REYNOLDS NO = 2.550E+07 /M
     ALTITUDE =        0.0 M         DYNAMIC PRESSURE =  85822.41 N/M**2
     SIDESLIP =       0.00 DEG                   ROLL =      0.00 DEG     
     REF AREA =      0.004 M**2         MOMENT CENTER =     0.710 M
     REF LENGTH =     1.28 M           LAT REF LENGTH =      1.28 M

          ---------------FIN SET 1 IN PRESENCE OF THE BODY----------------

      ALPHA       CN         CM         CA         CY         CLN        CLL

     -10.00    -1.6583     0.6375     0.1668    -0.0105     0.0041    -0.0086
      -8.00    -1.3181     0.5067     0.1667    -0.0077     0.0029    -0.0086
      -6.00    -0.9921     0.3814     0.1667    -0.0037     0.0014    -0.0088
      -4.00    -0.6620     0.2545     0.1666    -0.0009     0.0003    -0.0088
      -2.00    -0.3216     0.1236     0.1665    -0.0002     0.0001    -0.0083
       0.00     0.0000     0.0000     0.1663     0.0000     0.0000    -0.0078
       2.00     0.3216    -0.1236     0.1665     0.0002    -0.0001    -0.0083
       4.00     0.6620    -0.2545     0.1666     0.0009    -0.0003    -0.0088
       6.00     0.9921    -0.3814     0.1667     0.0037    -0.0014    -0.0088
       8.00     1.3181    -0.5067     0.1667     0.0077    -0.0029    -0.0086
      10.00     1.6583    -0.6375     0.1668     0.0105    -0.0041    -0.0086
1         ***** THE USAF AUTOMATED MISSILE DATCOM * REV 3/99 *****     CASE   1
               AERODYNAMIC METHODS FOR MISSILE CONFIGURATIONS          PAGE  40
                 AERODYNAMIC FORCE AND MOMENT SYNTHESIS

       ******* FLIGHT CONDITIONS AND REFERENCE QUANTITIES *******
     MACH NO  =       1.10                REYNOLDS NO = 2.550E+07 /M
     ALTITUDE =        0.0 M         DYNAMIC PRESSURE =  85822.41 N/M**2
     SIDESLIP =       0.00 DEG                   ROLL =      0.00 DEG     
     REF AREA =      0.004 M**2         MOMENT CENTER =     0.710 M
     REF LENGTH =     1.28 M           LAT REF LENGTH =      1.28 M

          ---------------FIN SET 1 PANEL CHARACTERISTICS------------------

      ALPHA      PANEL    AEQ (PANEL AXIS SYS.)    PANEL CN

     -10.00        1              0.4930           0.0274
     -10.00        2            -11.9470          -0.7720
     -10.00        3              0.9269           0.0516
     -10.00        4             13.5141           0.8866
 
      -8.00        1              0.5459           0.0303
      -8.00        2             -9.5855          -0.6037
      -8.00        3              0.9038           0.0503
      -8.00        4             11.1495           0.7145
 
      -6.00        1              0.5994           0.0333
      -6.00        2             -7.2469          -0.4431
      -6.00        3              0.9050           0.0503
      -6.00        4              8.7999           0.5491
 
      -4.00        1              0.6547           0.0363
      -4.00        2             -4.7668          -0.2812
      -4.00        3              0.8874           0.0493
      -4.00        4              6.3105           0.3809
 
      -2.00        1              0.7125           0.0396
      -2.00        2             -2.0357          -0.1146
      -2.00        3              0.8302           0.0461
      -2.00        4              3.5789           0.2070
 
       0.00        1              0.7715           0.0429
       0.00        2              0.7715           0.0429
       0.00        3              0.7715           0.0429
       0.00        4              0.7715           0.0429
 
       2.00        1              0.8302           0.0461
       2.00        2              3.5789           0.2070
       2.00        3              0.7125           0.0396
       2.00        4             -2.0357          -0.1146
 
       4.00        1              0.8874           0.0493
       4.00        2              6.3105           0.3809
       4.00        3              0.6547           0.0363
       4.00        4             -4.7668          -0.2812
 
       6.00        1              0.9050           0.0503
       6.00        2              8.7999           0.5491
       6.00        3              0.5994           0.0333
       6.00        4             -7.2469          -0.4431
 
       8.00        1              0.9038           0.0503
       8.00        2             11.1495           0.7145
       8.00        3              0.5459           0.0303
       8.00        4             -9.5855          -0.6037
 
      10.00        1              0.9269           0.0516
      10.00        2             13.5141           0.8866
      10.00        3              0.4930           0.0274
      10.00        4            -11.9470          -0.7720
 
1         ***** THE USAF AUTOMATED MISSILE DATCOM * REV 3/99 *****     CASE   1
               AERODYNAMIC METHODS FOR MISSILE CONFIGURATIONS          PAGE  41
                 AERODYNAMIC FORCE AND MOMENT SYNTHESIS

       ******* FLIGHT CONDITIONS AND REFERENCE QUANTITIES *******
     MACH NO  =       1.10                REYNOLDS NO = 2.550E+07 /M
     ALTITUDE =        0.0 M         DYNAMIC PRESSURE =  85822.41 N/M**2
     SIDESLIP =       0.00 DEG                   ROLL =      0.00 DEG     
     REF AREA =      0.004 M**2         MOMENT CENTER =     0.710 M
     REF LENGTH =     1.28 M           LAT REF LENGTH =      1.28 M

             CARRYOVER INTERFERENCE FACTORS - FIN SET 1

      ALPHA   K-W(B)   K-B(W)  KK-W(B)  KK-B(W)  XCP-W(B) XCP-B(W) Y-CP/(B/2)

     -10.00   1.3165   0.5437   0.9354   0.3728   0.3844   0.3804   0.4567
      -8.00   1.3417   0.5437   0.9354   0.3728   0.3844   0.3804   0.4707
      -6.00   1.3657   0.5437   0.9354   0.3728   0.3844   0.3804   0.4801
      -4.00   1.3872   0.5437   0.9354   0.3728   0.3844   0.3804   0.4809
      -2.00   1.4046   0.5437   0.9354   0.3728   0.3844   0.3804   0.4628
       0.00   1.4145   0.5437   0.9354   0.3728   0.3844   0.3804   0.4448
       2.00   1.4046   0.5437   0.9354   0.3728   0.3844   0.3804   0.4527
       4.00   1.3872   0.5437   0.9354   0.3728   0.3844   0.3804   0.4705
       6.00   1.3657   0.5437   0.9354   0.3728   0.3844   0.3804   0.4821
       8.00   1.3417   0.5437   0.9354   0.3728   0.3844   0.3804   0.4789
      10.00   1.3165   0.5437   0.9354   0.3728   0.3844   0.3804   0.4664

    NOTE - XCP-W(B) USED FOR STABILITY ONLY DIFFERENT VALUES USED FOR HINGE MOMENTS
1         ***** THE USAF AUTOMATED MISSILE DATCOM * REV 3/99 *****     CASE   1
               AERODYNAMIC METHODS FOR MISSILE CONFIGURATIONS          PAGE  42
        FIN SET 1 PANEL BENDING MOMENTS (ABOUT EXPOSED ROOT CHORD)

       ******* FLIGHT CONDITIONS AND REFERENCE QUANTITIES *******
     MACH NO  =       1.10                REYNOLDS NO = 2.550E+07 /M
     ALTITUDE =        0.0 M         DYNAMIC PRESSURE =  85822.41 N/M**2
     SIDESLIP =       0.00 DEG                   ROLL =      0.00 DEG     
     REF AREA =      0.004 M**2         MOMENT CENTER =     0.710 M
     REF LENGTH =     1.28 M           LAT REF LENGTH =      1.28 M

   ALPHA   PANL 1   PANL 2   PANL 3   PANL 4   PANL 5   PANL 6   PANL 7   PANL 8
 
   -10.0  5.59E-04 -1.58E-02  1.05E-03  1.81E-02
    -8.0  6.38E-04 -1.27E-02  1.06E-03  1.50E-02
    -6.0  7.15E-04 -9.52E-03  1.08E-03  1.18E-02
    -4.0  7.82E-04 -6.05E-03  1.06E-03  8.20E-03
    -2.0  8.20E-04 -2.37E-03  9.56E-04  4.29E-03
     0.0  8.53E-04  8.53E-04  8.53E-04  8.53E-04
     2.0  9.35E-04  4.19E-03  8.02E-04 -2.32E-03
     4.0  1.04E-03  8.02E-03  7.65E-04 -5.92E-03
     6.0  1.09E-03  1.18E-02  7.18E-04 -9.56E-03
     8.0  1.08E-03  1.53E-02  6.49E-04 -1.29E-02
    10.0  1.08E-03  1.85E-02  5.71E-04 -1.61E-02
1         ***** THE USAF AUTOMATED MISSILE DATCOM * REV 3/99 *****     CASE   1
               AERODYNAMIC METHODS FOR MISSILE CONFIGURATIONS          PAGE  43
            FIN SET 1 PANEL HINGE MOMENTS (ABOUT HINGE LINE)

       ******* FLIGHT CONDITIONS AND REFERENCE QUANTITIES *******
     MACH NO  =       1.10                REYNOLDS NO = 2.550E+07 /M
     ALTITUDE =        0.0 M         DYNAMIC PRESSURE =  85822.41 N/M**2
     SIDESLIP =       0.00 DEG                   ROLL =      0.00 DEG     
     REF AREA =      0.004 M**2         MOMENT CENTER =     0.710 M
     REF LENGTH =     1.28 M           LAT REF LENGTH =      1.28 M

   ALPHA   PANL 1   PANL 2   PANL 3   PANL 4   PANL 5   PANL 6   PANL 7   PANL 8
 
   -10.0  9.79E-04 -2.76E-02  1.85E-03  3.17E-02
    -8.0  1.08E-03 -2.16E-02  1.80E-03  2.56E-02
    -6.0  1.19E-03 -1.59E-02  1.80E-03  1.97E-02
    -4.0  1.30E-03 -1.01E-02  1.77E-03  1.36E-02
    -2.0  1.42E-03 -4.10E-03  1.65E-03  7.41E-03
     0.0  1.53E-03  1.53E-03  1.53E-03  1.53E-03
     2.0  1.65E-03  7.41E-03  1.42E-03 -4.10E-03
     4.0  1.77E-03  1.36E-02  1.30E-03 -1.01E-02
     6.0  1.80E-03  1.97E-02  1.19E-03 -1.59E-02
     8.0  1.80E-03  2.56E-02  1.08E-03 -2.16E-02
    10.0  1.85E-03  3.17E-02  9.79E-04 -2.76E-02
1         ***** THE USAF AUTOMATED MISSILE DATCOM * REV 3/99 *****     CASE   1
               AERODYNAMIC METHODS FOR MISSILE CONFIGURATIONS          PAGE  44
                   STATIC AERODYNAMICS FOR BODY-FIN SET 1

       ******* FLIGHT CONDITIONS AND REFERENCE QUANTITIES *******
     MACH NO  =       1.10                REYNOLDS NO = 2.550E+07 /M
     ALTITUDE =        0.0 M         DYNAMIC PRESSURE =  85822.41 N/M**2
     SIDESLIP =       0.00 DEG                   ROLL =      0.00 DEG     
     REF AREA =      0.004 M**2         MOMENT CENTER =     0.710 M
     REF LENGTH =     1.28 M           LAT REF LENGTH =      1.28 M

                   ----- LONGITUDINAL -----     -- LATERAL DIRECTIONAL --
         ALPHA       CN        CM        CA        CY       CLN       CLL

        -10.00    -3.232     0.674     0.625    -0.015     0.006    -0.009
         -8.00    -2.469     0.532     0.628    -0.011     0.004    -0.009
         -6.00    -1.782     0.399     0.631    -0.005     0.002    -0.009
         -4.00    -1.141     0.265     0.632    -0.001     0.000    -0.009
         -2.00    -0.535     0.128     0.633     0.000     0.000    -0.008
          0.00     0.000     0.000     0.633     0.000     0.000    -0.008
          2.00     0.535    -0.128     0.633     0.000     0.000    -0.008
          4.00     1.141    -0.265     0.632     0.001     0.000    -0.009
          6.00     1.782    -0.399     0.631     0.005    -0.002    -0.009
          8.00     2.469    -0.532     0.628     0.011    -0.004    -0.009
         10.00     3.232    -0.674     0.625     0.015    -0.006    -0.009

         ALPHA       CL        CD      CL/CD     X-C.P.

        -10.00    -3.074     1.176    -2.614    -0.208
         -8.00    -2.358     0.966    -2.441    -0.215
         -6.00    -1.706     0.813    -2.097    -0.224
         -4.00    -1.094     0.710    -1.541    -0.233
         -2.00    -0.513     0.651    -0.788    -0.238
          0.00     0.000     0.633     0.000    -0.383
          2.00     0.513     0.651     0.788    -0.238
          4.00     1.094     0.710     1.541    -0.233
          6.00     1.706     0.813     2.097    -0.224
          8.00     2.358     0.966     2.441    -0.215
         10.00     3.074     1.176     2.614    -0.208

    X-C.P. MEAS. FROM MOMENT CENTER IN REF. LENGTHS, NEG. AFT OF MOMENT CENTER
1         ***** THE USAF AUTOMATED MISSILE DATCOM * REV 3/99 *****     CASE   1
               AERODYNAMIC METHODS FOR MISSILE CONFIGURATIONS          PAGE  45
                   STATIC AERODYNAMICS FOR BODY-FIN SET 1

       ******* FLIGHT CONDITIONS AND REFERENCE QUANTITIES *******
     MACH NO  =       1.10                REYNOLDS NO = 2.550E+07 /M
     ALTITUDE =        0.0 M         DYNAMIC PRESSURE =  85822.41 N/M**2
     SIDESLIP =       0.00 DEG                   ROLL =      0.00 DEG     
     REF AREA =      0.004 M**2         MOMENT CENTER =     0.710 M
     REF LENGTH =     1.28 M           LAT REF LENGTH =      1.28 M

                   ---------- DERIVATIVES (PER DEGREE) ----------
         ALPHA       CNA         CMA         CYB         CLNB        CLLB
        -10.00      0.4004     -0.0735     -0.2504      0.0399     -0.0012
         -8.00      0.3624     -0.0687     -0.2439      0.0418     -0.0011
         -6.00      0.3320     -0.0665     -0.2554      0.0505     -0.0006
         -4.00      0.3116     -0.0678     -0.2656      0.0586     -0.0002
         -2.00      0.2852     -0.0664     -0.2643      0.0621     -0.0001
          0.00      0.2675     -0.0638     -0.2616      0.0626     -0.0001
          2.00      0.2852     -0.0664     -0.2647      0.0622     -0.0001
          4.00      0.3116     -0.0678     -0.2650      0.0584      0.0000
          6.00      0.3320     -0.0665     -0.2550      0.0504      0.0004
          8.00      0.3624     -0.0687     -0.2432      0.0416      0.0009
         10.00      0.4004     -0.0735     -0.2498      0.0397      0.0011

    PANEL DEFLECTION ANGLES (DEGREES)
    SET    FIN 1   FIN 2   FIN 3   FIN 4   FIN 5   FIN 6   FIN 7   FIN 8
      1    1.20    1.20    1.20    1.20
1         ***** THE USAF AUTOMATED MISSILE DATCOM * REV 3/99 *****     CASE   1
               AERODYNAMIC METHODS FOR MISSILE CONFIGURATIONS          PAGE  46
                             BODY ALONE PARTIAL OUTPUT

       ******* FLIGHT CONDITIONS AND REFERENCE QUANTITIES *******
     MACH NO  =       1.40                REYNOLDS NO = 3.246E+07 /M
     ALTITUDE =        0.0 M         DYNAMIC PRESSURE = 139018.12 N/M**2
     SIDESLIP =       0.00 DEG                   ROLL =      0.00 DEG     
     REF AREA =      0.004 M**2         MOMENT CENTER =     0.710 M
     REF LENGTH =     1.28 M           LAT REF LENGTH =      1.28 M

      ALPHA    CA-FRIC  CA-PRES/WAVE CA-BASE    CA-PROT     CA-SEP     CA-ALP
     -10.00     0.1424     0.2323     0.0740                           0.0000
      -8.00     0.1440     0.2329     0.0744                           0.0000
      -6.00     0.1452     0.2334     0.0748                           0.0000
      -4.00     0.1461     0.2338     0.0750                           0.0000
      -2.00     0.1467     0.2340     0.0751                           0.0000
       0.00     0.1468     0.2340     0.0752                           0.0000
       2.00     0.1467     0.2340     0.0751                           0.0000
       4.00     0.1461     0.2338     0.0750                           0.0000
       6.00     0.1452     0.2334     0.0748                           0.0000
       8.00     0.1440     0.2329     0.0744                           0.0000
      10.00     0.1424     0.2323     0.0740                           0.0000

                     CROSS FLOW DRAG PROPORTIONALITY FACTOR = 1.00000

      ALPHA    CN-POTEN  CN-VISC   CN-SEP    CM-POTEN  CM-VISC   CM-SEP    CDC
     -10.00    -0.310    -0.610              -0.217    -0.016             0.923
      -8.00    -0.251    -0.365              -0.175    -0.010             0.859
      -6.00    -0.189    -0.199              -0.132    -0.005             0.830
      -4.00    -0.127    -0.085              -0.089    -0.002             0.800
      -2.00    -0.064    -0.021              -0.044    -0.001             0.770
       0.00     0.000     0.000               0.000     0.000             0.740
       2.00     0.064     0.021               0.044     0.001             0.770
       4.00     0.127     0.085               0.089     0.002             0.800
       6.00     0.189     0.199               0.132     0.005             0.830
       8.00     0.251     0.365               0.175     0.010             0.859
      10.00     0.310     0.610               0.217     0.016             0.923
1         ***** THE USAF AUTOMATED MISSILE DATCOM * REV 3/99 *****     CASE   1
               AERODYNAMIC METHODS FOR MISSILE CONFIGURATIONS          PAGE  47
                        FIN SET 1 CA PARTIAL OUTPUT

       ******* FLIGHT CONDITIONS AND REFERENCE QUANTITIES *******
     MACH NO  =       1.40                REYNOLDS NO = 3.246E+07 /M
     ALTITUDE =        0.0 M         DYNAMIC PRESSURE = 139018.12 N/M**2
     SIDESLIP =       0.00 DEG                   ROLL =      0.00 DEG     
     REF AREA =      0.004 M**2         MOMENT CENTER =     0.710 M
     REF LENGTH =     1.28 M           LAT REF LENGTH =      1.28 M

    SINGLE FIN PANEL ZERO-LIFT AXIAL FORCE COMPONENTS

    SKIN FRICTION        0.0096
    SUBSONIC PRESSURE    0.0000
    TRANSONIC WAVE       0.0000
    SUPERSONIC WAVE      0.0192
    LEADING EDGE         0.0000
    TRAILING EDGE        0.0000
    TOTAL CAO            0.0288

    FIN AXIAL FORCE DUE TO ANGLE OF ATTACK

    ALPHA      CA DUE TO LIFT (SINGLE PANEL)   CA-TOTAL (4 FINS)

     -10.00              0.0000                      0.1133
      -8.00              0.0000                      0.1139
      -6.00              0.0000                      0.1144
      -4.00              0.0000                      0.1147
      -2.00              0.0000                      0.1149
       0.00              0.0000                      0.1150
       2.00              0.0000                      0.1149
       4.00              0.0000                      0.1147
       6.00              0.0000                      0.1144
       8.00              0.0000                      0.1139
      10.00              0.0000                      0.1133
1         ***** THE USAF AUTOMATED MISSILE DATCOM * REV 3/99 *****     CASE   1
               AERODYNAMIC METHODS FOR MISSILE CONFIGURATIONS          PAGE  48
                       FIN SET 1 CN, CM PARTIAL OUTPUT

       ******* FLIGHT CONDITIONS AND REFERENCE QUANTITIES *******
     MACH NO  =       1.40                REYNOLDS NO = 3.246E+07 /M
     ALTITUDE =        0.0 M         DYNAMIC PRESSURE = 139018.12 N/M**2
     SIDESLIP =       0.00 DEG                   ROLL =      0.00 DEG     
     REF AREA =      0.004 M**2         MOMENT CENTER =     0.710 M
     REF LENGTH =     1.28 M           LAT REF LENGTH =      1.28 M

    NORMAL FORCE SLOPE AT ALPHA ZERO, CNA =    0.05380/DEG (1 PANEL)
         CENTER OF PRESSURE FOR LINEAR CN =   -0.39580 (CALIBERS FROM C.G.)
     CENTER OF PRESSURE FOR NON-LINEAR CN =   -0.40446 (CALIBERS FROM C.G.)

      ALPHA      CN        CN        CN        CM        CM        CM
               LINEAR  NON-LINEAR  TOTAL     LINEAR  NON-LINEAR  TOTAL

     -10.00   -1.0542   -0.1261   -1.1803    0.4173    0.0510    0.4683
      -8.00   -0.8496   -0.0834   -0.9331    0.3363    0.0338    0.3700
      -6.00   -0.6409   -0.0484   -0.6893    0.2537    0.0196    0.2732
      -4.00   -0.4290   -0.0222   -0.4512    0.1698    0.0090    0.1788
      -2.00   -0.2150   -0.0057   -0.2207    0.0851    0.0023    0.0874
       0.00    0.0000    0.0000    0.0000    0.0000    0.0000    0.0000
       2.00    0.2150    0.0057    0.2207   -0.0851   -0.0023   -0.0874
       4.00    0.4290    0.0222    0.4512   -0.1698   -0.0090   -0.1788
       6.00    0.6409    0.0484    0.6893   -0.2537   -0.0196   -0.2732
       8.00    0.8496    0.0834    0.9331   -0.3363   -0.0338   -0.3700
      10.00    1.0542    0.1261    1.1803   -0.4173   -0.0510   -0.4683
1         ***** THE USAF AUTOMATED MISSILE DATCOM * REV 3/99 *****     CASE   1
               AERODYNAMIC METHODS FOR MISSILE CONFIGURATIONS          PAGE  49
                 AERODYNAMIC FORCE AND MOMENT SYNTHESIS

       ******* FLIGHT CONDITIONS AND REFERENCE QUANTITIES *******
     MACH NO  =       1.40                REYNOLDS NO = 3.246E+07 /M
     ALTITUDE =        0.0 M         DYNAMIC PRESSURE = 139018.12 N/M**2
     SIDESLIP =       0.00 DEG                   ROLL =      0.00 DEG     
     REF AREA =      0.004 M**2         MOMENT CENTER =     0.710 M
     REF LENGTH =     1.28 M           LAT REF LENGTH =      1.28 M

          ---------------FIN SET 1 IN PRESENCE OF THE BODY----------------

      ALPHA       CN         CM         CA         CY         CLN        CLL

     -10.00    -1.4798     0.5857     0.1193    -0.0093     0.0037    -0.0093
      -8.00    -1.2099     0.4789     0.1193    -0.0056     0.0022    -0.0096
      -6.00    -0.9281     0.3673     0.1194    -0.0026     0.0010    -0.0097
      -4.00    -0.6315     0.2499     0.1193    -0.0005     0.0002    -0.0097
      -2.00    -0.3131     0.1239     0.1192    -0.0001     0.0000    -0.0093
       0.00     0.0000     0.0000     0.1191     0.0000     0.0000    -0.0090
       2.00     0.3131    -0.1239     0.1192     0.0001     0.0000    -0.0093
       4.00     0.6315    -0.2499     0.1193     0.0005    -0.0002    -0.0097
       6.00     0.9281    -0.3673     0.1194     0.0026    -0.0010    -0.0097
       8.00     1.2099    -0.4789     0.1193     0.0056    -0.0022    -0.0096
      10.00     1.4798    -0.5857     0.1193     0.0093    -0.0037    -0.0093
1         ***** THE USAF AUTOMATED MISSILE DATCOM * REV 3/99 *****     CASE   1
               AERODYNAMIC METHODS FOR MISSILE CONFIGURATIONS          PAGE  50
                 AERODYNAMIC FORCE AND MOMENT SYNTHESIS

       ******* FLIGHT CONDITIONS AND REFERENCE QUANTITIES *******
     MACH NO  =       1.40                REYNOLDS NO = 3.246E+07 /M
     ALTITUDE =        0.0 M         DYNAMIC PRESSURE = 139018.12 N/M**2
     SIDESLIP =       0.00 DEG                   ROLL =      0.00 DEG     
     REF AREA =      0.004 M**2         MOMENT CENTER =     0.710 M
     REF LENGTH =     1.28 M           LAT REF LENGTH =      1.28 M

          ---------------FIN SET 1 PANEL CHARACTERISTICS------------------

      ALPHA      PANEL    AEQ (PANEL AXIS SYS.)    PANEL CN

     -10.00        1              0.6332           0.0346
     -10.00        2            -11.4881          -0.6826
     -10.00        3              1.0283           0.0563
     -10.00        4             13.3329           0.7973
 
      -8.00        1              0.6836           0.0374
      -8.00        2             -9.3213          -0.5481
      -8.00        3              1.0432           0.0572
      -8.00        4             11.1558           0.6620
 
      -6.00        1              0.7357           0.0403
      -6.00        2             -7.0454          -0.4081
      -6.00        3              1.0423           0.0571
      -6.00        4              8.8685           0.5201
 
      -4.00        1              0.7902           0.0432
      -4.00        2             -4.6072          -0.2614
      -4.00        3              1.0219           0.0560
      -4.00        4              6.4209           0.3701
 
      -2.00        1              0.8476           0.0464
      -2.00        2             -1.8961          -0.1045
      -2.00        3              0.9651           0.0529
      -2.00        4              3.7093           0.2085
 
       0.00        1              0.9065           0.0496
       0.00        2              0.9065           0.0496
       0.00        3              0.9065           0.0496
       0.00        4              0.9065           0.0496
 
       2.00        1              0.9651           0.0529
       2.00        2              3.7093           0.2085
       2.00        3              0.8476           0.0464
       2.00        4             -1.8961          -0.1045
 
       4.00        1              1.0219           0.0560
       4.00        2              6.4209           0.3701
       4.00        3              0.7902           0.0432
       4.00        4             -4.6072          -0.2614
 
       6.00        1              1.0423           0.0571
       6.00        2              8.8685           0.5201
       6.00        3              0.7357           0.0403
       6.00        4             -7.0454          -0.4081
 
       8.00        1              1.0432           0.0572
       8.00        2             11.1558           0.6620
       8.00        3              0.6836           0.0374
       8.00        4             -9.3213          -0.5481
 
      10.00        1              1.0283           0.0563
      10.00        2             13.3329           0.7973
      10.00        3              0.6332           0.0346
      10.00        4            -11.4881          -0.6826
 
1         ***** THE USAF AUTOMATED MISSILE DATCOM * REV 3/99 *****     CASE   1
               AERODYNAMIC METHODS FOR MISSILE CONFIGURATIONS          PAGE  51
                 AERODYNAMIC FORCE AND MOMENT SYNTHESIS

       ******* FLIGHT CONDITIONS AND REFERENCE QUANTITIES *******
     MACH NO  =       1.40                REYNOLDS NO = 3.246E+07 /M
     ALTITUDE =        0.0 M         DYNAMIC PRESSURE = 139018.12 N/M**2
     SIDESLIP =       0.00 DEG                   ROLL =      0.00 DEG     
     REF AREA =      0.004 M**2         MOMENT CENTER =     0.710 M
     REF LENGTH =     1.28 M           LAT REF LENGTH =      1.28 M

             CARRYOVER INTERFERENCE FACTORS - FIN SET 1

      ALPHA   K-W(B)   K-B(W)  KK-W(B)  KK-B(W)  XCP-W(B) XCP-B(W) Y-CP/(B/2)

     -10.00   1.2969   0.5437   0.9354   0.3728   0.3958   0.3804   0.4648
      -8.00   1.3265   0.5437   0.9354   0.3728   0.3958   0.3804   0.4712
      -6.00   1.3550   0.5437   0.9354   0.3728   0.3958   0.3804   0.4733
      -4.00   1.3810   0.5437   0.9354   0.3728   0.3958   0.3804   0.4686
      -2.00   1.4023   0.5437   0.9354   0.3728   0.3958   0.3804   0.4503
       0.00   1.4145   0.5437   0.9354   0.3728   0.3958   0.3804   0.4391
       2.00   1.4023   0.5437   0.9354   0.3728   0.3958   0.3804   0.4428
       4.00   1.3810   0.5437   0.9354   0.3728   0.3958   0.3804   0.4563
       6.00   1.3550   0.5437   0.9354   0.3728   0.3958   0.3804   0.4721
       8.00   1.3265   0.5437   0.9354   0.3728   0.3958   0.3804   0.4736
      10.00   1.2969   0.5437   0.9354   0.3728   0.3958   0.3804   0.4702

    NOTE - XCP-W(B) USED FOR STABILITY ONLY DIFFERENT VALUES USED FOR HINGE MOMENTS
1         ***** THE USAF AUTOMATED MISSILE DATCOM * REV 3/99 *****     CASE   1
               AERODYNAMIC METHODS FOR MISSILE CONFIGURATIONS          PAGE  52
        FIN SET 1 PANEL BENDING MOMENTS (ABOUT EXPOSED ROOT CHORD)

       ******* FLIGHT CONDITIONS AND REFERENCE QUANTITIES *******
     MACH NO  =       1.40                REYNOLDS NO = 3.246E+07 /M
     ALTITUDE =        0.0 M         DYNAMIC PRESSURE = 139018.12 N/M**2
     SIDESLIP =       0.00 DEG                   ROLL =      0.00 DEG     
     REF AREA =      0.004 M**2         MOMENT CENTER =     0.710 M
     REF LENGTH =     1.28 M           LAT REF LENGTH =      1.28 M

   ALPHA   PANL 1   PANL 2   PANL 3   PANL 4   PANL 5   PANL 6   PANL 7   PANL 8
 
   -10.0  7.20E-04 -1.42E-02  1.17E-03  1.66E-02
    -8.0  7.88E-04 -1.16E-02  1.21E-03  1.40E-02
    -6.0  8.53E-04 -8.64E-03  1.21E-03  1.10E-02
    -4.0  9.07E-04 -5.48E-03  1.17E-03  7.76E-03
    -2.0  9.35E-04 -2.11E-03  1.06E-03  4.20E-03
     0.0  9.75E-04  9.75E-04  9.75E-04  9.75E-04
     2.0  1.05E-03  4.13E-03  9.19E-04 -2.07E-03
     4.0  1.14E-03  7.56E-03  8.83E-04 -5.34E-03
     6.0  1.21E-03  1.10E-02  8.50E-04 -8.62E-03
     8.0  1.21E-03  1.40E-02  7.92E-04 -1.16E-02
    10.0  1.19E-03  1.68E-02  7.29E-04 -1.44E-02
1         ***** THE USAF AUTOMATED MISSILE DATCOM * REV 3/99 *****     CASE   1
               AERODYNAMIC METHODS FOR MISSILE CONFIGURATIONS          PAGE  53
            FIN SET 1 PANEL HINGE MOMENTS (ABOUT HINGE LINE)

       ******* FLIGHT CONDITIONS AND REFERENCE QUANTITIES *******
     MACH NO  =       1.40                REYNOLDS NO = 3.246E+07 /M
     ALTITUDE =        0.0 M         DYNAMIC PRESSURE = 139018.12 N/M**2
     SIDESLIP =       0.00 DEG                   ROLL =      0.00 DEG     
     REF AREA =      0.004 M**2         MOMENT CENTER =     0.710 M
     REF LENGTH =     1.28 M           LAT REF LENGTH =      1.28 M

   ALPHA   PANL 1   PANL 2   PANL 3   PANL 4   PANL 5   PANL 6   PANL 7   PANL 8
 
   -10.0  8.46E-04 -1.67E-02  1.38E-03  1.95E-02
    -8.0  9.13E-04 -1.34E-02  1.40E-03  1.62E-02
    -6.0  9.83E-04 -9.97E-03  1.40E-03  1.27E-02
    -4.0  1.06E-03 -6.39E-03  1.37E-03  9.04E-03
    -2.0  1.13E-03 -2.55E-03  1.29E-03  5.09E-03
     0.0  1.21E-03  1.21E-03  1.21E-03  1.21E-03
     2.0  1.29E-03  5.09E-03  1.13E-03 -2.55E-03
     4.0  1.37E-03  9.04E-03  1.06E-03 -6.39E-03
     6.0  1.40E-03  1.27E-02  9.83E-04 -9.97E-03
     8.0  1.40E-03  1.62E-02  9.13E-04 -1.34E-02
    10.0  1.38E-03  1.95E-02  8.46E-04 -1.67E-02
1         ***** THE USAF AUTOMATED MISSILE DATCOM * REV 3/99 *****     CASE   1
               AERODYNAMIC METHODS FOR MISSILE CONFIGURATIONS          PAGE  54
                   STATIC AERODYNAMICS FOR BODY-FIN SET 1

       ******* FLIGHT CONDITIONS AND REFERENCE QUANTITIES *******
     MACH NO  =       1.40                REYNOLDS NO = 3.246E+07 /M
     ALTITUDE =        0.0 M         DYNAMIC PRESSURE = 139018.12 N/M**2
     SIDESLIP =       0.00 DEG                   ROLL =      0.00 DEG     
     REF AREA =      0.004 M**2         MOMENT CENTER =     0.710 M
     REF LENGTH =     1.28 M           LAT REF LENGTH =      1.28 M

                   ----- LONGITUDINAL -----     -- LATERAL DIRECTIONAL --
         ALPHA       CN        CM        CA        CY       CLN       CLL

        -10.00    -3.021     0.588     0.568    -0.013     0.005    -0.009
         -8.00    -2.321     0.483     0.571    -0.008     0.003    -0.010
         -6.00    -1.688     0.371     0.573    -0.004     0.001    -0.010
         -4.00    -1.092     0.254     0.574    -0.001     0.000    -0.010
         -2.00    -0.519     0.125     0.575     0.000     0.000    -0.009
          0.00     0.000     0.000     0.575     0.000     0.000    -0.009
          2.00     0.519    -0.125     0.575     0.000     0.000    -0.009
          4.00     1.092    -0.254     0.574     0.001     0.000    -0.010
          6.00     1.688    -0.371     0.573     0.004    -0.001    -0.010
          8.00     2.321    -0.483     0.571     0.008    -0.003    -0.010
         10.00     3.021    -0.588     0.568     0.013    -0.005    -0.009

         ALPHA       CL        CD      CL/CD     X-C.P.

        -10.00    -2.876     1.084    -2.654    -0.195
         -8.00    -2.219     0.888    -2.499    -0.208
         -6.00    -1.619     0.746    -2.170    -0.220
         -4.00    -1.049     0.649    -1.617    -0.232
         -2.00    -0.498     0.593    -0.840    -0.241
          0.00     0.000     0.575     0.000    -0.392
          2.00     0.498     0.593     0.840    -0.241
          4.00     1.049     0.649     1.617    -0.232
          6.00     1.619     0.746     2.170    -0.220
          8.00     2.219     0.888     2.499    -0.208
         10.00     2.876     1.084     2.654    -0.195

    X-C.P. MEAS. FROM MOMENT CENTER IN REF. LENGTHS, NEG. AFT OF MOMENT CENTER
1         ***** THE USAF AUTOMATED MISSILE DATCOM * REV 3/99 *****     CASE   1
               AERODYNAMIC METHODS FOR MISSILE CONFIGURATIONS          PAGE  55
                   STATIC AERODYNAMICS FOR BODY-FIN SET 1

       ******* FLIGHT CONDITIONS AND REFERENCE QUANTITIES *******
     MACH NO  =       1.40                REYNOLDS NO = 3.246E+07 /M
     ALTITUDE =        0.0 M         DYNAMIC PRESSURE = 139018.12 N/M**2
     SIDESLIP =       0.00 DEG                   ROLL =      0.00 DEG     
     REF AREA =      0.004 M**2         MOMENT CENTER =     0.710 M
     REF LENGTH =     1.28 M           LAT REF LENGTH =      1.28 M

                   ---------- DERIVATIVES (PER DEGREE) ----------
         ALPHA       CNA         CMA         CYB         CLNB        CLLB
        -10.00      0.3666     -0.0515     -0.2373      0.0339     -0.0014
         -8.00      0.3330     -0.0542     -0.2423      0.0418     -0.0010
         -6.00      0.3073     -0.0573     -0.2521      0.0504     -0.0005
         -4.00      0.2924     -0.0616     -0.2604      0.0583     -0.0002
         -2.00      0.2730     -0.0634     -0.2579      0.0615     -0.0001
          0.00      0.2593     -0.0626     -0.2551      0.0621     -0.0001
          2.00      0.2730     -0.0634     -0.2581      0.0616     -0.0001
          4.00      0.2924     -0.0616     -0.2598      0.0580      0.0000
          6.00      0.3073     -0.0573     -0.2519      0.0503      0.0004
          8.00      0.3330     -0.0542     -0.2417      0.0416      0.0009
         10.00      0.3666     -0.0515     -0.2365      0.0336      0.0013

    PANEL DEFLECTION ANGLES (DEGREES)
    SET    FIN 1   FIN 2   FIN 3   FIN 4   FIN 5   FIN 6   FIN 7   FIN 8
      1    1.20    1.20    1.20    1.20

    BODY ALONE LINEAR DATA GENERATED FROM VAN DYKE HYBRID THEORY

1         ***** THE USAF AUTOMATED MISSILE DATCOM * REV 3/99 *****     CASE   1
               AERODYNAMIC METHODS FOR MISSILE CONFIGURATIONS          PAGE  56
                             BODY ALONE PARTIAL OUTPUT

       ******* FLIGHT CONDITIONS AND REFERENCE QUANTITIES *******
     MACH NO  =       2.00                REYNOLDS NO = 4.637E+07 /M
     ALTITUDE =        0.0 M         DYNAMIC PRESSURE = 283710.47 N/M**2
     SIDESLIP =       0.00 DEG                   ROLL =      0.00 DEG     
     REF AREA =      0.004 M**2         MOMENT CENTER =     0.710 M
     REF LENGTH =     1.28 M           LAT REF LENGTH =      1.28 M

      ALPHA    CA-FRIC  CA-PRES/WAVE CA-BASE    CA-PROT     CA-SEP     CA-ALP
     -10.00     0.1221     0.1742     0.0593                           0.0000
      -8.00     0.1234     0.1746     0.0597                           0.0000
      -6.00     0.1245     0.1750     0.0599                           0.0000
      -4.00     0.1252     0.1753     0.0601                           0.0000
      -2.00     0.1257     0.1754     0.0602                           0.0000
       0.00     0.1259     0.1755     0.0603                           0.0000
       2.00     0.1257     0.1754     0.0602                           0.0000
       4.00     0.1252     0.1753     0.0601                           0.0000
       6.00     0.1245     0.1750     0.0599                           0.0000
       8.00     0.1234     0.1746     0.0597                           0.0000
      10.00     0.1221     0.1742     0.0593                           0.0000

                     CROSS FLOW DRAG PROPORTIONALITY FACTOR = 1.00000

      ALPHA    CN-POTEN  CN-VISC   CN-SEP    CM-POTEN  CM-VISC   CM-SEP    CDC
     -10.00    -0.397    -0.708              -0.228    -0.019             1.071
      -8.00    -0.320    -0.413              -0.184    -0.011             0.973
      -6.00    -0.242    -0.210              -0.139    -0.006             0.875
      -4.00    -0.162    -0.088              -0.093    -0.002             0.825
      -2.00    -0.081    -0.021              -0.047    -0.001             0.783
       0.00     0.000     0.000               0.000     0.000             0.740
       2.00     0.081     0.021               0.047     0.001             0.783
       4.00     0.162     0.088               0.093     0.002             0.825
       6.00     0.242     0.210               0.139     0.006             0.875
       8.00     0.320     0.413               0.184     0.011             0.973
      10.00     0.397     0.708               0.228     0.019             1.071
1         ***** THE USAF AUTOMATED MISSILE DATCOM * REV 3/99 *****     CASE   1
               AERODYNAMIC METHODS FOR MISSILE CONFIGURATIONS          PAGE  57
                        FIN SET 1 CA PARTIAL OUTPUT

       ******* FLIGHT CONDITIONS AND REFERENCE QUANTITIES *******
     MACH NO  =       2.00                REYNOLDS NO = 4.637E+07 /M
     ALTITUDE =        0.0 M         DYNAMIC PRESSURE = 283710.47 N/M**2
     SIDESLIP =       0.00 DEG                   ROLL =      0.00 DEG     
     REF AREA =      0.004 M**2         MOMENT CENTER =     0.710 M
     REF LENGTH =     1.28 M           LAT REF LENGTH =      1.28 M

    SINGLE FIN PANEL ZERO-LIFT AXIAL FORCE COMPONENTS

    SKIN FRICTION        0.0082
    SUBSONIC PRESSURE    0.0000
    TRANSONIC WAVE       0.0000
    SUPERSONIC WAVE      0.0111
    LEADING EDGE         0.0000
    TRAILING EDGE        0.0000
    TOTAL CAO            0.0194

    FIN AXIAL FORCE DUE TO ANGLE OF ATTACK

    ALPHA      CA DUE TO LIFT (SINGLE PANEL)   CA-TOTAL (4 FINS)

     -10.00              0.0000                      0.0763
      -8.00              0.0000                      0.0767
      -6.00              0.0000                      0.0770
      -4.00              0.0000                      0.0773
      -2.00              0.0000                      0.0774
       0.00              0.0000                      0.0775
       2.00              0.0000                      0.0774
       4.00              0.0000                      0.0773
       6.00              0.0000                      0.0770
       8.00              0.0000                      0.0767
      10.00              0.0000                      0.0763
1         ***** THE USAF AUTOMATED MISSILE DATCOM * REV 3/99 *****     CASE   1
               AERODYNAMIC METHODS FOR MISSILE CONFIGURATIONS          PAGE  58
                       FIN SET 1 CN, CM PARTIAL OUTPUT

       ******* FLIGHT CONDITIONS AND REFERENCE QUANTITIES *******
     MACH NO  =       2.00                REYNOLDS NO = 4.637E+07 /M
     ALTITUDE =        0.0 M         DYNAMIC PRESSURE = 283710.47 N/M**2
     SIDESLIP =       0.00 DEG                   ROLL =      0.00 DEG     
     REF AREA =      0.004 M**2         MOMENT CENTER =     0.710 M
     REF LENGTH =     1.28 M           LAT REF LENGTH =      1.28 M

    NORMAL FORCE SLOPE AT ALPHA ZERO, CNA =    0.04448/DEG (1 PANEL)
         CENTER OF PRESSURE FOR LINEAR CN =   -0.40089 (CALIBERS FROM C.G.)
     CENTER OF PRESSURE FOR NON-LINEAR CN =   -0.40446 (CALIBERS FROM C.G.)

      ALPHA      CN        CN        CN        CM        CM        CM
               LINEAR  NON-LINEAR  TOTAL     LINEAR  NON-LINEAR  TOTAL

     -10.00   -0.8717   -0.0545   -0.9262    0.3495    0.0220    0.3715
      -8.00   -0.7025   -0.0271   -0.7296    0.2816    0.0110    0.2926
      -6.00   -0.5299   -0.0111   -0.5410    0.2124    0.0045    0.2169
      -4.00   -0.3547   -0.0032   -0.3579    0.1422    0.0013    0.1435
      -2.00   -0.1778   -0.0004   -0.1782    0.0713    0.0002    0.0714
       0.00    0.0000    0.0000    0.0000    0.0000    0.0000    0.0000
       2.00    0.1778    0.0004    0.1782   -0.0713   -0.0002   -0.0714
       4.00    0.3547    0.0032    0.3579   -0.1422   -0.0013   -0.1435
       6.00    0.5299    0.0111    0.5410   -0.2124   -0.0045   -0.2169
       8.00    0.7025    0.0271    0.7296   -0.2816   -0.0110   -0.2926
      10.00    0.8717    0.0545    0.9262   -0.3495   -0.0220   -0.3715
1         ***** THE USAF AUTOMATED MISSILE DATCOM * REV 3/99 *****     CASE   1
               AERODYNAMIC METHODS FOR MISSILE CONFIGURATIONS          PAGE  59
                 AERODYNAMIC FORCE AND MOMENT SYNTHESIS

       ******* FLIGHT CONDITIONS AND REFERENCE QUANTITIES *******
     MACH NO  =       2.00                REYNOLDS NO = 4.637E+07 /M
     ALTITUDE =        0.0 M         DYNAMIC PRESSURE = 283710.47 N/M**2
     SIDESLIP =       0.00 DEG                   ROLL =      0.00 DEG     
     REF AREA =      0.004 M**2         MOMENT CENTER =     0.710 M
     REF LENGTH =     1.28 M           LAT REF LENGTH =      1.28 M

          ---------------FIN SET 1 IN PRESENCE OF THE BODY----------------

      ALPHA       CN         CM         CA         CY         CLN        CLL

     -10.00    -1.1215     0.4496     0.0814    -0.0086     0.0035    -0.0086
      -8.00    -0.9421     0.3777     0.0815    -0.0035     0.0014    -0.0089
      -6.00    -0.7254     0.2908     0.0815    -0.0013     0.0005    -0.0090
      -4.00    -0.4964     0.1990     0.0815    -0.0001     0.0000    -0.0088
      -2.00    -0.2503     0.1003     0.0814     0.0000     0.0000    -0.0086
       0.00     0.0000     0.0000     0.0814     0.0000     0.0000    -0.0086
       2.00     0.2503    -0.1003     0.0814     0.0000     0.0000    -0.0086
       4.00     0.4964    -0.1990     0.0815     0.0001     0.0000    -0.0088
       6.00     0.7254    -0.2908     0.0815     0.0013    -0.0005    -0.0090
       8.00     0.9421    -0.3777     0.0815     0.0035    -0.0014    -0.0089
      10.00     1.1215    -0.4496     0.0814     0.0086    -0.0035    -0.0086
1         ***** THE USAF AUTOMATED MISSILE DATCOM * REV 3/99 *****     CASE   1
               AERODYNAMIC METHODS FOR MISSILE CONFIGURATIONS          PAGE  60
                 AERODYNAMIC FORCE AND MOMENT SYNTHESIS

       ******* FLIGHT CONDITIONS AND REFERENCE QUANTITIES *******
     MACH NO  =       2.00                REYNOLDS NO = 4.637E+07 /M
     ALTITUDE =        0.0 M         DYNAMIC PRESSURE = 283710.47 N/M**2
     SIDESLIP =       0.00 DEG                   ROLL =      0.00 DEG     
     REF AREA =      0.004 M**2         MOMENT CENTER =     0.710 M
     REF LENGTH =     1.28 M           LAT REF LENGTH =      1.28 M

          ---------------FIN SET 1 PANEL CHARACTERISTICS------------------

      ALPHA      PANEL    AEQ (PANEL AXIS SYS.)    PANEL CN

     -10.00        1              0.7915           0.0352
     -10.00        2            -10.9692          -0.5095
     -10.00        3              1.1257           0.0501
     -10.00        4             13.1437           0.6121
 
      -8.00        1              0.8395           0.0374
      -8.00        2             -9.1061          -0.4192
      -8.00        3              1.2044           0.0536
      -8.00        4             11.2538           0.5230
 
      -6.00        1              0.8912           0.0397
      -6.00        2             -6.8736          -0.3112
      -6.00        3              1.2028           0.0535
      -6.00        4              9.0078           0.4143
 
      -4.00        1              0.9455           0.0421
      -4.00        2             -4.4489          -0.1993
      -4.00        3              1.1771           0.0524
      -4.00        4              6.5731           0.2971
 
      -2.00        1              1.0029           0.0446
      -2.00        2             -1.7403          -0.0775
      -2.00        3              1.1203           0.0499
      -2.00        4              3.8639           0.1728
 
       0.00        1              1.0617           0.0473
       0.00        2              1.0617           0.0473
       0.00        3              1.0617           0.0473
       0.00        4              1.0617           0.0473
 
       2.00        1              1.1203           0.0499
       2.00        2              3.8639           0.1728
       2.00        3              1.0029           0.0446
       2.00        4             -1.7403          -0.0775
 
       4.00        1              1.1771           0.0524
       4.00        2              6.5731           0.2971
       4.00        3              0.9455           0.0421
       4.00        4             -4.4489          -0.1993
 
       6.00        1              1.2028           0.0535
       6.00        2              9.0078           0.4143
       6.00        3              0.8912           0.0397
       6.00        4             -6.8736          -0.3112
 
       8.00        1              1.2044           0.0536
       8.00        2             11.2538           0.5230
       8.00        3              0.8395           0.0374
       8.00        4             -9.1061          -0.4192
 
      10.00        1              1.1257           0.0501
      10.00        2             13.1437           0.6121
      10.00        3              0.7915           0.0352
      10.00        4            -10.9692          -0.5095
 
1         ***** THE USAF AUTOMATED MISSILE DATCOM * REV 3/99 *****     CASE   1
               AERODYNAMIC METHODS FOR MISSILE CONFIGURATIONS          PAGE  61
                 AERODYNAMIC FORCE AND MOMENT SYNTHESIS

       ******* FLIGHT CONDITIONS AND REFERENCE QUANTITIES *******
     MACH NO  =       2.00                REYNOLDS NO = 4.637E+07 /M
     ALTITUDE =        0.0 M         DYNAMIC PRESSURE = 283710.47 N/M**2
     SIDESLIP =       0.00 DEG                   ROLL =      0.00 DEG     
     REF AREA =      0.004 M**2         MOMENT CENTER =     0.710 M
     REF LENGTH =     1.28 M           LAT REF LENGTH =      1.28 M

             CARRYOVER INTERFERENCE FACTORS - FIN SET 1

      ALPHA   K-W(B)   K-B(W)  KK-W(B)  KK-B(W)  XCP-W(B) XCP-B(W) Y-CP/(B/2)

     -10.00   1.2946   0.2540   0.9354   0.3728   0.4009   0.4149   0.4472
      -8.00   1.3246   0.2540   0.9354   0.3728   0.4009   0.4149   0.4465
      -6.00   1.3537   0.2540   0.9354   0.3728   0.4009   0.4149   0.4451
      -4.00   1.3802   0.2540   0.9354   0.3728   0.4009   0.4149   0.4393
      -2.00   1.4020   0.2540   0.9354   0.3728   0.4009   0.4149   0.4361
       0.00   1.4145   0.2540   0.9354   0.3728   0.4009   0.4149   0.4454
       2.00   1.4020   0.2540   0.9354   0.3728   0.4009   0.4149   0.4432
       4.00   1.3802   0.2540   0.9354   0.3728   0.4009   0.4149   0.4341
       6.00   1.3537   0.2540   0.9354   0.3728   0.4009   0.4149   0.4401
       8.00   1.3246   0.2540   0.9354   0.3728   0.4009   0.4149   0.4452
      10.00   1.2946   0.2540   0.9354   0.3728   0.4009   0.4149   0.4463

    NOTE - XCP-W(B) USED FOR STABILITY ONLY DIFFERENT VALUES USED FOR HINGE MOMENTS
1         ***** THE USAF AUTOMATED MISSILE DATCOM * REV 3/99 *****     CASE   1
               AERODYNAMIC METHODS FOR MISSILE CONFIGURATIONS          PAGE  62
        FIN SET 1 PANEL BENDING MOMENTS (ABOUT EXPOSED ROOT CHORD)

       ******* FLIGHT CONDITIONS AND REFERENCE QUANTITIES *******
     MACH NO  =       2.00                REYNOLDS NO = 4.637E+07 /M
     ALTITUDE =        0.0 M         DYNAMIC PRESSURE = 283710.47 N/M**2
     SIDESLIP =       0.00 DEG                   ROLL =      0.00 DEG     
     REF AREA =      0.004 M**2         MOMENT CENTER =     0.710 M
     REF LENGTH =     1.28 M           LAT REF LENGTH =      1.28 M

   ALPHA   PANL 1   PANL 2   PANL 3   PANL 4   PANL 5   PANL 6   PANL 7   PANL 8
 
   -10.0  7.05E-04 -1.02E-02  1.00E-03  1.22E-02
    -8.0  7.46E-04 -8.38E-03  1.07E-03  1.04E-02
    -6.0  7.90E-04 -6.20E-03  1.07E-03  8.25E-03
    -4.0  8.27E-04 -3.92E-03  1.03E-03  5.84E-03
    -2.0  8.71E-04 -1.51E-03  9.73E-04  3.37E-03
     0.0  9.42E-04  9.42E-04  9.42E-04  9.42E-04
     2.0  9.89E-04  3.43E-03  8.85E-04 -1.54E-03
     4.0  1.02E-03  5.77E-03  8.17E-04 -3.87E-03
     6.0  1.05E-03  8.16E-03  7.81E-04 -6.13E-03
     8.0  1.07E-03  1.04E-02  7.44E-04 -8.35E-03
    10.0  1.00E-03  1.22E-02  7.03E-04 -1.02E-02
1         ***** THE USAF AUTOMATED MISSILE DATCOM * REV 3/99 *****     CASE   1
               AERODYNAMIC METHODS FOR MISSILE CONFIGURATIONS          PAGE  63
            FIN SET 1 PANEL HINGE MOMENTS (ABOUT HINGE LINE)

       ******* FLIGHT CONDITIONS AND REFERENCE QUANTITIES *******
     MACH NO  =       2.00                REYNOLDS NO = 4.637E+07 /M
     ALTITUDE =        0.0 M         DYNAMIC PRESSURE = 283710.47 N/M**2
     SIDESLIP =       0.00 DEG                   ROLL =      0.00 DEG     
     REF AREA =      0.004 M**2         MOMENT CENTER =     0.710 M
     REF LENGTH =     1.28 M           LAT REF LENGTH =      1.28 M

   ALPHA   PANL 1   PANL 2   PANL 3   PANL 4   PANL 5   PANL 6   PANL 7   PANL 8
 
   -10.0  6.81E-04 -9.85E-03  9.69E-04  1.18E-02
    -8.0  7.22E-04 -8.11E-03  1.04E-03  1.01E-02
    -6.0  7.67E-04 -6.02E-03  1.04E-03  8.01E-03
    -4.0  8.14E-04 -3.86E-03  1.01E-03  5.75E-03
    -2.0  8.63E-04 -1.50E-03  9.64E-04  3.34E-03
     0.0  9.14E-04  9.14E-04  9.14E-04  9.14E-04
     2.0  9.64E-04  3.34E-03  8.63E-04 -1.50E-03
     4.0  1.01E-03  5.75E-03  8.14E-04 -3.86E-03
     6.0  1.04E-03  8.01E-03  7.67E-04 -6.02E-03
     8.0  1.04E-03  1.01E-02  7.22E-04 -8.11E-03
    10.0  9.69E-04  1.18E-02  6.81E-04 -9.85E-03
1         ***** THE USAF AUTOMATED MISSILE DATCOM * REV 3/99 *****     CASE   1
               AERODYNAMIC METHODS FOR MISSILE CONFIGURATIONS          PAGE  64
                   STATIC AERODYNAMICS FOR BODY-FIN SET 1

       ******* FLIGHT CONDITIONS AND REFERENCE QUANTITIES *******
     MACH NO  =       2.00                REYNOLDS NO = 4.637E+07 /M
     ALTITUDE =        0.0 M         DYNAMIC PRESSURE = 283710.47 N/M**2
     SIDESLIP =       0.00 DEG                   ROLL =      0.00 DEG     
     REF AREA =      0.004 M**2         MOMENT CENTER =     0.710 M
     REF LENGTH =     1.28 M           LAT REF LENGTH =      1.28 M

                   ----- LONGITUDINAL -----     -- LATERAL DIRECTIONAL --
         ALPHA       CN        CM        CA        CY       CLN       CLL

        -10.00    -2.446     0.294     0.437    -0.010     0.004    -0.009
         -8.00    -1.856     0.258     0.439    -0.004     0.002    -0.009
         -6.00    -1.313     0.203     0.441    -0.002     0.001    -0.009
         -4.00    -0.838     0.142     0.442     0.000     0.000    -0.009
         -2.00    -0.398     0.072     0.443     0.000     0.000    -0.009
          0.00     0.000     0.000     0.443     0.000     0.000    -0.009
          2.00     0.398    -0.072     0.443     0.000     0.000    -0.009
          4.00     0.838    -0.142     0.442     0.000     0.000    -0.009
          6.00     1.313    -0.203     0.441     0.002    -0.001    -0.009
          8.00     1.856    -0.258     0.439     0.004    -0.002    -0.009
         10.00     2.446    -0.294     0.437     0.010    -0.004    -0.009

         ALPHA       CL        CD      CL/CD     X-C.P.

        -10.00    -2.333     0.855    -2.728    -0.120
         -8.00    -1.777     0.693    -2.563    -0.139
         -6.00    -1.260     0.576    -2.188    -0.155
         -4.00    -0.805     0.499    -1.612    -0.169
         -2.00    -0.382     0.456    -0.837    -0.181
          0.00     0.000     0.443     0.000    -0.403
          2.00     0.382     0.456     0.837    -0.181
          4.00     0.805     0.499     1.612    -0.169
          6.00     1.260     0.576     2.188    -0.155
          8.00     1.777     0.693     2.563    -0.139
         10.00     2.333     0.855     2.728    -0.120

    X-C.P. MEAS. FROM MOMENT CENTER IN REF. LENGTHS, NEG. AFT OF MOMENT CENTER
1         ***** THE USAF AUTOMATED MISSILE DATCOM * REV 3/99 *****     CASE   1
               AERODYNAMIC METHODS FOR MISSILE CONFIGURATIONS          PAGE  65
                   STATIC AERODYNAMICS FOR BODY-FIN SET 1

       ******* FLIGHT CONDITIONS AND REFERENCE QUANTITIES *******
     MACH NO  =       2.00                REYNOLDS NO = 4.637E+07 /M
     ALTITUDE =        0.0 M         DYNAMIC PRESSURE = 283710.47 N/M**2
     SIDESLIP =       0.00 DEG                   ROLL =      0.00 DEG     
     REF AREA =      0.004 M**2         MOMENT CENTER =     0.710 M
     REF LENGTH =     1.28 M           LAT REF LENGTH =      1.28 M

                   ---------- DERIVATIVES (PER DEGREE) ----------
         ALPHA       CNA         CMA         CYB         CLNB        CLLB
        -10.00      0.3066     -0.0136     -0.1934      0.0093     -0.0015
         -8.00      0.2832     -0.0229     -0.2061      0.0220     -0.0006
         -6.00      0.2545     -0.0291     -0.2058      0.0285     -0.0003
         -4.00      0.2288     -0.0328     -0.2057      0.0337      0.0000
         -2.00      0.2094     -0.0354     -0.1997      0.0358      0.0000
          0.00      0.1989     -0.0360     -0.1965      0.0362      0.0000
          2.00      0.2094     -0.0354     -0.1997      0.0358      0.0000
          4.00      0.2288     -0.0328     -0.2054      0.0335      0.0001
          6.00      0.2545     -0.0291     -0.2058      0.0285      0.0003
          8.00      0.2832     -0.0229     -0.2060      0.0220      0.0007
         10.00      0.3066     -0.0136     -0.1933      0.0093      0.0015

    PANEL DEFLECTION ANGLES (DEGREES)
    SET    FIN 1   FIN 2   FIN 3   FIN 4   FIN 5   FIN 6   FIN 7   FIN 8
      1    1.20    1.20    1.20    1.20

    BODY ALONE LINEAR DATA GENERATED FROM VAN DYKE HYBRID THEORY

    *** END OF JOB ***
