1         ***** THE USAF AUTOMATED MISSILE DATCOM * REV 3/99 *****
               AERODYNAMIC METHODS FOR MISSILE CONFIGURATIONS     

    CONERR - INPUT ERROR CHECKING

    ERROR CODES - N* DENOTES THE NUMBER OF OCCURENCES OF EACH ERROR
    A - UNKNOWN VARIABLE NAME
    B - MISSING EQUAL SIGN FOLLOWING VARIABLE NAME
    C - NON-ARRAY VARIABLE HAS AN ARRAY ELEMENTDESIGNATION - (N)
    D - NON-ARRAY VARIABLE HAS MULTIPLE VALUES ASSIGNED
    E - ASSIGNED VALUES EXCEED ARRAY DIMENSION
    F - SYNTAX ERROR

    ************************* INPUT DATA CARDS *************************

   1 DIM M                                                                           
      2 ** BLANK CARD - IGNORED
   3  $FLTCON  NALPHA=11.,NMACH=6.,                                                  
   4           MACH=0.3000,0.6000,0.9000,1.1000,1.4000,2.0000,                       
   5           ALPHA=-10.0,-8.0,-6.0,-4.0,-2.0,0.0,2.0,4.0,6.0,8.0,10.0,$            
      6 ** BLANK CARD - IGNORED
   7  $REFQ    XCG=0.1980,                                                           
   8           SREF=0.0010179,                                                       
   9           LREF=0.6000,                                                          
  10           RHR=0.,$                                                              
     11 ** BLANK CARD - IGNORED
  12  $AXIBOD  X0=0.00,                                                              
  13           TNOSE=OGIVE,                                                          
               ** SUBSTITUTING NUMERIC FOR NAME OGIVE
  14           LNOSE=0.1050,                                                         
  15           DNOSE=0.0360,                                                         
  16           BNOSE=0.0,                                                            
  17           TRUNC=.FALSE.,                                                        
  18           LCENTR=0.4950,                                                        
  19           DCENTR=0.0360,                                                        
  20           TAFT=CONE,                                                            
               ** SUBSTITUTING NUMERIC FOR NAME CONE
  21           LAFT=0.0000,                                                          
  22           DAFT=0.0360,                                                          
  23           DEXIT=0.0000,$                                                        
     24 ** BLANK CARD - IGNORED
  25  $FINSET1 XLE=0.4000,0.4000,NPANEL=8.,                                          
  26           SSPAN=0.0180,0.0275,                                                  
  27           CHORD=0.2000,0.2000,                                                  
  28           LER=2*0.0,                                                            
  29           PHIF=0.0,45.0,90.0,135.0,180.0,225.0,270.0,315.0,                     
  30           GAM=1.0000,1.0000,1.0000,1.0000,1.0000,1.0000,1.0000,1.0000,          
  31           SECTYP=HEX,                                                           
               ** SUBSTITUTING NUMERIC FOR NAME HEX
  32           ZUPPER=0.025000,0.025000,                                             
  33           LMAXU=0.4,0.4,                                                        
  34           LFLATU=0.2,0.2,$                                                      
     35 ** BLANK CARD - IGNORED
  36  $DEFLCT  DELTA1=1.0000,1.0000,1.0000,1.0000,1.0000,1.0000,1.0000,1.0000,       
  37           XHINGE=0.5500,$                                                       
     38 ** BLANK CARD - IGNORED
  39 PART                                                                            
  40 NEXT CASE                                                                       
1         ***** THE USAF AUTOMATED MISSILE DATCOM * REV 3/99 *****     CASE   1
               AERODYNAMIC METHODS FOR MISSILE CONFIGURATIONS          PAGE   1
    CASE INPUTS
    FOLLOWING ARE THE CARDS INPUT FOR THIS CASE

 DIM M                                                                           
  $FLTCON  NALPHA=11.,NMACH=6.,                                                  
           MACH=0.3000,0.6000,0.9000,1.1000,1.4000,2.0000,                       
           ALPHA=-10.0,-8.0,-6.0,-4.0,-2.0,0.0,2.0,4.0,6.0,8.0,10.0,$            
  $REFQ    XCG=0.1980,                                                           
           SREF=0.0010179,                                                       
           LREF=0.6000,                                                          
           RHR=0.,$                                                              
  $AXIBOD  X0=0.00,                                                              
           TNOSE=1.,                                                             
           LNOSE=0.1050,                                                         
           DNOSE=0.0360,                                                         
           BNOSE=0.0,                                                            
           TRUNC=.FALSE.,                                                        
           LCENTR=0.4950,                                                        
           DCENTR=0.0360,                                                        
           TAFT=0.,                                                              
           LAFT=0.0000,                                                          
           DAFT=0.0360,                                                          
           DEXIT=0.0000,$                                                        
  $FINSET1 XLE=0.4000,0.4000,NPANEL=8.,                                          
           SSPAN=0.0180,0.0275,                                                  
           CHORD=0.2000,0.2000,                                                  
           LER=2*0.0,                                                            
           PHIF=0.0,45.0,90.0,135.0,180.0,225.0,270.0,315.0,                     
           GAM=1.0000,1.0000,1.0000,1.0000,1.0000,1.0000,1.0000,1.0000,          
           SECTYP=0.,                                                            
           ZUPPER=0.025000,0.025000,                                             
           LMAXU=0.4,0.4,                                                        
           LFLATU=0.2,0.2,$                                                      
  $DEFLCT  DELTA1=1.0000,1.0000,1.0000,1.0000,1.0000,1.0000,1.0000,1.0000,       
           XHINGE=0.5500,$                                                       
 PART                                                                            
 NEXT CASE                                                                       
    * WARNING * THE REYNOLDS NUMBER IS NOT DEFINED, FOR INPUT SPEED  1
                SEA LEVEL ALTITUDE ASSUMED
    * WARNING * THE REYNOLDS NUMBER IS NOT DEFINED, FOR INPUT SPEED  2
                SEA LEVEL ALTITUDE ASSUMED
    * WARNING * THE REYNOLDS NUMBER IS NOT DEFINED, FOR INPUT SPEED  3
                SEA LEVEL ALTITUDE ASSUMED
    * WARNING * THE REYNOLDS NUMBER IS NOT DEFINED, FOR INPUT SPEED  4
                SEA LEVEL ALTITUDE ASSUMED
    * WARNING * THE REYNOLDS NUMBER IS NOT DEFINED, FOR INPUT SPEED  5
                SEA LEVEL ALTITUDE ASSUMED
    * WARNING * THE REYNOLDS NUMBER IS NOT DEFINED, FOR INPUT SPEED  6
                SEA LEVEL ALTITUDE ASSUMED
    THE BOUNDARY LAYER IS ASSUMED TO BE TURBULENT
    THE INPUT UNITS ARE IN METERS, THE SCALE FACTOR IS   1.0000
1         ***** THE USAF AUTOMATED MISSILE DATCOM * REV 3/99 *****     CASE   1
               AERODYNAMIC METHODS FOR MISSILE CONFIGURATIONS          PAGE   2
                        AXISYMMETRIC BODY DEFINITION

                             NOSE   CENTERBODY     AFT BODY        TOTAL
    SHAPE                   OGIVE     CYLINDER     --------
    LENGTH                  0.105        0.495        0.000        0.600   M
    FINENESS RATIO          2.917       13.750        0.000       16.667
    PLANFORM AREA           0.003        0.018        0.000        0.020   M**2
    AREA CENTROID           0.065        0.353        0.000        0.317   M
    WETTED AREA             0.008        0.056        0.000        0.064   M**2
    VOLUME                  0.000        0.001        0.000        0.001   M**3
    VOL. CENTROID           0.072        0.352        0.000        0.324   M

                              MOLD LINE CONTOUR

     LONGITUDINAL STATIONS    0.0000     0.0105     0.0210     0.0315     0.0420 
        0.0525     0.0630     0.0735     0.0840     0.0945     0.1050     0.1545 
        0.2040     0.2535     0.3030     0.3525     0.4020     0.4515     0.5010 
        0.5505     0.6000*

                BODY RADII    0.0000     0.0035     0.0066     0.0093     0.0116 
        0.0136     0.0152     0.0164     0.0173     0.0178     0.0180     0.0180 
        0.0180     0.0180     0.0180     0.0180     0.0180     0.0180     0.0180 
        0.0180     0.0180*
    NOTE - * INDICATES SLOPE DISCONTINUOUS POINTS
1         ***** THE USAF AUTOMATED MISSILE DATCOM * REV 3/99 *****     CASE   1
               AERODYNAMIC METHODS FOR MISSILE CONFIGURATIONS          PAGE   3
                         FIN SET NUMBER 1 AIRFOIL SECTION

                                  NACA S-3-40.0-05.0-20.0

         X/C     X-UPPER   Y-UPPER   X-LOWER   Y-LOWER  MEAN LINE  THICKNESS

       0.00000   0.00000   0.00000   0.00000   0.00000   0.00000   0.00000
       0.00100   0.00100   0.00006   0.00100  -0.00006   0.00000   0.00013
       0.00200   0.00200   0.00013   0.00200  -0.00013   0.00000   0.00025
       0.00300   0.00300   0.00019   0.00300  -0.00019   0.00000   0.00038
       0.00400   0.00400   0.00025   0.00400  -0.00025   0.00000   0.00050
       0.00500   0.00500   0.00031   0.00500  -0.00031   0.00000   0.00063
       0.00600   0.00600   0.00038   0.00600  -0.00038   0.00000   0.00075
       0.00800   0.00800   0.00050   0.00800  -0.00050   0.00000   0.00100
       0.01000   0.01000   0.00063   0.01000  -0.00063   0.00000   0.00125
       0.02000   0.02000   0.00125   0.02000  -0.00125   0.00000   0.00250
       0.03000   0.03000   0.00187   0.03000  -0.00187   0.00000   0.00375
       0.04000   0.04000   0.00250   0.04000  -0.00250   0.00000   0.00500
       0.05000   0.05000   0.00312   0.05000  -0.00312   0.00000   0.00625
       0.06000   0.06000   0.00375   0.06000  -0.00375   0.00000   0.00750
       0.08000   0.08000   0.00500   0.08000  -0.00500   0.00000   0.01000
       0.10000   0.10000   0.00625   0.10000  -0.00625   0.00000   0.01250
       0.12000   0.12000   0.00750   0.12000  -0.00750   0.00000   0.01500
       0.14000   0.14000   0.00875   0.14000  -0.00875   0.00000   0.01750
       0.16000   0.16000   0.01000   0.16000  -0.01000   0.00000   0.02000
       0.18000   0.18000   0.01125   0.18000  -0.01125   0.00000   0.02250
       0.20000   0.20000   0.01250   0.20000  -0.01250   0.00000   0.02500
       0.22000   0.22000   0.01375   0.22000  -0.01375   0.00000   0.02750
       0.24000   0.24000   0.01500   0.24000  -0.01500   0.00000   0.03000
       0.26000   0.26000   0.01625   0.26000  -0.01625   0.00000   0.03250
       0.28000   0.28000   0.01750   0.28000  -0.01750   0.00000   0.03500
       0.30000   0.30000   0.01875   0.30000  -0.01875   0.00000   0.03750
       0.32000   0.32000   0.02000   0.32000  -0.02000   0.00000   0.04000
       0.34000   0.34000   0.02125   0.34000  -0.02125   0.00000   0.04250
       0.36000   0.36000   0.02250   0.36000  -0.02250   0.00000   0.04500
       0.38000   0.38000   0.02375   0.38000  -0.02375   0.00000   0.04750
       0.40000   0.40000   0.02500   0.40000  -0.02500   0.00000   0.05000
       0.42000   0.42000   0.02500   0.42000  -0.02500   0.00000   0.05000
       0.45000   0.45000   0.02500   0.45000  -0.02500   0.00000   0.05000
       0.50000   0.50000   0.02500   0.50000  -0.02500   0.00000   0.05000
       0.55000   0.55000   0.02500   0.55000  -0.02500   0.00000   0.05000
       0.60000   0.60000   0.02500   0.60000  -0.02500   0.00000   0.05000
       0.65000   0.65000   0.02187   0.65000  -0.02187   0.00000   0.04375
       0.70000   0.70000   0.01875   0.70000  -0.01875   0.00000   0.03750
       0.75000   0.75000   0.01562   0.75000  -0.01562   0.00000   0.03125
       0.80000   0.80000   0.01250   0.80000  -0.01250   0.00000   0.02500
       0.82000   0.82000   0.01125   0.82000  -0.01125   0.00000   0.02250
       0.84000   0.84000   0.01000   0.84000  -0.01000   0.00000   0.02000
       0.86000   0.86000   0.00875   0.86000  -0.00875   0.00000   0.01750
       0.88000   0.88000   0.00750   0.88000  -0.00750   0.00000   0.01500
       0.90000   0.90000   0.00625   0.90000  -0.00625   0.00000   0.01250
       0.92000   0.92000   0.00500   0.92000  -0.00500   0.00000   0.01000
       0.94000   0.94000   0.00375   0.94000  -0.00375   0.00000   0.00750
       0.96000   0.96000   0.00250   0.96000  -0.00250   0.00000   0.00500
       0.98000   0.98000   0.00125   0.98000  -0.00125   0.00000   0.00250
       1.00000   1.00000   0.00000   1.00000   0.00000   0.00000   0.00000
1         ***** THE USAF AUTOMATED MISSILE DATCOM * REV 3/99 *****     CASE   1
               AERODYNAMIC METHODS FOR MISSILE CONFIGURATIONS          PAGE   4
                      GEOMETRIC RESULTS FOR FIN SETS

                             FIN SET NUMBER  1
                          (DATA FOR ONE PANEL ONLY)

    SEGMENT   PLAN        ASPECT    TAPER     L.E.     T.E.    M.A.C.    T/C
    NUMBER    AREA        RATIO     RATIO    SWEEP    SWEEP    CHORD    RATIO

      1      0.0019        0.047    1.000    0.000    0.000    0.200    0.050
    TOTAL    0.0019        0.047    1.000    0.000    0.000    0.200    0.050
 
 
 
1         ***** THE USAF AUTOMATED MISSILE DATCOM * REV 3/99 *****     CASE   1
               AERODYNAMIC METHODS FOR MISSILE CONFIGURATIONS          PAGE   5
                           FIN SET 1 SECTION AERODYNAMICS

                        IDEAL ANGLE OF ATTACK =    0.0000 DEG.
                    ZERO LIFT ANGLE OF ATTACK =    0.0000 DEG.
                       IDEAL LIFT COEFFICIENT =    0.0000
        ZERO LIFT PITCHING MOMENT COEFFICIENT =    0.0000
                   MACH ZERO LIFT-CURVE-SLOPE =    0.0963 /DEG.
                          LEADING EDGE RADIUS =    0.0000 FRACTION CHORD
                    MAXIMUM AIRFOIL THICKNESS =    0.0500 FRACTION CHORD
                                      DELTA-Y =    0.3656 PERCENT CHORD


    MACH = 0.300   CL-ALPHA = 0.1031 /DEG.   XAC = 0.2709   CL MAX = 0.7494

    MACH = 0.600   CL-ALPHA = 0.1269 /DEG.   XAC = 0.2700   CL MAX = 0.7647

                   *** CREST CRITICAL MACH NUMBER EXCEEDED ***

                           CREST CRITICAL MACH =    0.8070
                                      LOCATION =    0.4145 FRACTION CHORD
                              LIFT-CURVE-SLOPE =    0.1410 /DEG.
1         ***** THE USAF AUTOMATED MISSILE DATCOM * REV 3/99 *****     CASE   1
               AERODYNAMIC METHODS FOR MISSILE CONFIGURATIONS          PAGE   6
                             BODY ALONE PARTIAL OUTPUT

       ******* FLIGHT CONDITIONS AND REFERENCE QUANTITIES *******
     MACH NO  =       0.30                REYNOLDS NO = 6.955E+06 /M
     ALTITUDE =        0.0 M         DYNAMIC PRESSURE =   6383.49 N/M**2
     SIDESLIP =       0.00 DEG                   ROLL =      0.00 DEG     
     REF AREA =      0.001 M**2         MOMENT CENTER =     0.198 M
     REF LENGTH =     0.60 M           LAT REF LENGTH =      0.60 M

      ALPHA    CA-FRIC  CA-PRES/WAVE CA-BASE    CA-PROT     CA-SEP     CA-ALP
     -10.00     0.2106     0.0121     0.1368                           0.0014
      -8.00     0.2130     0.0122     0.1372                           0.0015
      -6.00     0.2148     0.0123     0.1374                           0.0010
      -4.00     0.2161     0.0124     0.1374                           0.0005
      -2.00     0.2169     0.0124     0.1373                           0.0001
       0.00     0.2172     0.0124     0.1370                           0.0000
       2.00     0.2169     0.0124     0.1373                           0.0001
       4.00     0.2161     0.0124     0.1374                           0.0005
       6.00     0.2148     0.0123     0.1374                           0.0010
       8.00     0.2130     0.0122     0.1372                           0.0015
      10.00     0.2106     0.0121     0.1368                           0.0014

                     CROSS FLOW DRAG PROPORTIONALITY FACTOR = 0.74620

      ALPHA    CN-POTEN  CN-VISC   CN-SEP    CM-POTEN  CM-VISC   CM-SEP    CDC
     -10.00    -0.457    -0.347              -0.033     0.069             0.772
      -8.00    -0.369    -0.221              -0.027     0.044             0.766
      -6.00    -0.278    -0.124              -0.020     0.024             0.759
      -4.00    -0.187    -0.055              -0.014     0.011             0.753
      -2.00    -0.094    -0.014              -0.007     0.003             0.746
       0.00     0.000     0.000               0.000     0.000             0.740
       2.00     0.094     0.014               0.007    -0.003             0.746
       4.00     0.187     0.055               0.014    -0.011             0.753
       6.00     0.278     0.124               0.020    -0.024             0.759
       8.00     0.369     0.221               0.027    -0.044             0.766
      10.00     0.457     0.347               0.033    -0.069             0.772
1         ***** THE USAF AUTOMATED MISSILE DATCOM * REV 3/99 *****     CASE   1
               AERODYNAMIC METHODS FOR MISSILE CONFIGURATIONS          PAGE   7
                        FIN SET 1 CA PARTIAL OUTPUT

       ******* FLIGHT CONDITIONS AND REFERENCE QUANTITIES *******
     MACH NO  =       0.30                REYNOLDS NO = 6.955E+06 /M
     ALTITUDE =        0.0 M         DYNAMIC PRESSURE =   6383.49 N/M**2
     SIDESLIP =       0.00 DEG                   ROLL =      0.00 DEG     
     REF AREA =      0.001 M**2         MOMENT CENTER =     0.198 M
     REF LENGTH =     0.60 M           LAT REF LENGTH =      0.60 M

    SINGLE FIN PANEL ZERO-LIFT AXIAL FORCE COMPONENTS

    SKIN FRICTION        0.0154
    SUBSONIC PRESSURE    0.0012
    TRANSONIC WAVE       0.0000
    SUPERSONIC WAVE      0.0000
    LEADING EDGE         0.0000
    TRAILING EDGE        0.0000
    TOTAL CAO            0.0166

    FIN AXIAL FORCE DUE TO ANGLE OF ATTACK

    ALPHA      CA DUE TO LIFT (SINGLE PANEL)   CA-TOTAL (8 FINS)

     -10.00              0.0000                      0.1309
      -8.00              0.0000                      0.1316
      -6.00              0.0000                      0.1322
      -4.00              0.0000                      0.1326
      -2.00              0.0000                      0.1328
       0.00              0.0000                      0.1329
       2.00              0.0000                      0.1328
       4.00              0.0000                      0.1326
       6.00              0.0000                      0.1322
       8.00              0.0000                      0.1316
      10.00              0.0000                      0.1309
1         ***** THE USAF AUTOMATED MISSILE DATCOM * REV 3/99 *****     CASE   1
               AERODYNAMIC METHODS FOR MISSILE CONFIGURATIONS          PAGE   8
                       FIN SET 1 CN, CM PARTIAL OUTPUT

       ******* FLIGHT CONDITIONS AND REFERENCE QUANTITIES *******
     MACH NO  =       0.30                REYNOLDS NO = 6.955E+06 /M
     ALTITUDE =        0.0 M         DYNAMIC PRESSURE =   6383.49 N/M**2
     SIDESLIP =       0.00 DEG                   ROLL =      0.00 DEG     
     REF AREA =      0.001 M**2         MOMENT CENTER =     0.198 M
     REF LENGTH =     0.60 M           LAT REF LENGTH =      0.60 M

    NORMAL FORCE SLOPE AT ALPHA ZERO, CNA =    0.00486/DEG (1 PANEL)
         CENTER OF PRESSURE FOR LINEAR CN =   -0.42667 (CALIBERS FROM C.G.)
     CENTER OF PRESSURE FOR NON-LINEAR CN =   -0.50333 (CALIBERS FROM C.G.)

      ALPHA      CN        CN        CN        CM        CM        CM
               LINEAR  NON-LINEAR  TOTAL     LINEAR  NON-LINEAR  TOTAL

     -10.00   -0.1919   -0.5325   -0.7244    0.0819    0.2680    0.3499
      -8.00   -0.1542   -0.3416   -0.4958    0.0658    0.1719    0.2377
      -6.00   -0.1161   -0.1925   -0.3085    0.0495    0.0969    0.1464
      -4.00   -0.0776   -0.0857   -0.1632    0.0331    0.0431    0.0762
      -2.00   -0.0388   -0.0214   -0.0603    0.0166    0.0108    0.0274
       0.00    0.0000    0.0000    0.0000    0.0000    0.0000    0.0000
       2.00    0.0388    0.0214    0.0603   -0.0166   -0.0108   -0.0274
       4.00    0.0776    0.0857    0.1632   -0.0331   -0.0431   -0.0762
       6.00    0.1161    0.1925    0.3085   -0.0495   -0.0969   -0.1464
       8.00    0.1542    0.3416    0.4958   -0.0658   -0.1719   -0.2377
      10.00    0.1919    0.5325    0.7244   -0.0819   -0.2680   -0.3499
1         ***** THE USAF AUTOMATED MISSILE DATCOM * REV 3/99 *****     CASE   1
               AERODYNAMIC METHODS FOR MISSILE CONFIGURATIONS          PAGE   9
                 AERODYNAMIC FORCE AND MOMENT SYNTHESIS

       ******* FLIGHT CONDITIONS AND REFERENCE QUANTITIES *******
     MACH NO  =       0.30                REYNOLDS NO = 6.955E+06 /M
     ALTITUDE =        0.0 M         DYNAMIC PRESSURE =   6383.49 N/M**2
     SIDESLIP =       0.00 DEG                   ROLL =      0.00 DEG     
     REF AREA =      0.001 M**2         MOMENT CENTER =     0.198 M
     REF LENGTH =     0.60 M           LAT REF LENGTH =      0.60 M

          ---------------FIN SET 1 IN PRESENCE OF THE BODY----------------

      ALPHA       CN         CM         CA         CY         CLN        CLL

     -10.00    -1.3664     0.5830     0.1364    -0.0049     0.0021    -0.0071
      -8.00    -0.9802     0.4182     0.1359    -0.0027     0.0011    -0.0062
      -6.00    -0.6321     0.2697     0.1354    -0.0009     0.0004    -0.0053
      -4.00    -0.3347     0.1428     0.1348    -0.0002     0.0001    -0.0042
      -2.00    -0.1212     0.0517     0.1342     0.0000     0.0000    -0.0029
       0.00     0.0000     0.0000     0.1337     0.0000     0.0000    -0.0018
       2.00     0.1212    -0.0517     0.1342     0.0000     0.0000    -0.0029
       4.00     0.3347    -0.1428     0.1348     0.0002    -0.0001    -0.0042
       6.00     0.6321    -0.2697     0.1354     0.0009    -0.0004    -0.0053
       8.00     0.9802    -0.4182     0.1359     0.0027    -0.0011    -0.0062
      10.00     1.3664    -0.5830     0.1364     0.0049    -0.0021    -0.0071
1         ***** THE USAF AUTOMATED MISSILE DATCOM * REV 3/99 *****     CASE   1
               AERODYNAMIC METHODS FOR MISSILE CONFIGURATIONS          PAGE  10
                 AERODYNAMIC FORCE AND MOMENT SYNTHESIS

       ******* FLIGHT CONDITIONS AND REFERENCE QUANTITIES *******
     MACH NO  =       0.30                REYNOLDS NO = 6.955E+06 /M
     ALTITUDE =        0.0 M         DYNAMIC PRESSURE =   6383.49 N/M**2
     SIDESLIP =       0.00 DEG                   ROLL =      0.00 DEG     
     REF AREA =      0.001 M**2         MOMENT CENTER =     0.198 M
     REF LENGTH =     0.60 M           LAT REF LENGTH =      0.60 M

          ---------------FIN SET 1 PANEL CHARACTERISTICS------------------

      ALPHA      PANEL    AEQ (PANEL AXIS SYS.)    PANEL CN

     -10.00        1              0.5778           0.0038
     -10.00        2            -10.7032          -0.2025
     -10.00        3            -14.8538          -0.3580
     -10.00        4             -8.8150          -0.1454
     -10.00        5              0.8963           0.0059
     -10.00        6             11.0780           0.2149
     -10.00        7             16.5951           0.4349
     -10.00        8             12.0438           0.2483
 
      -8.00        1              0.6329           0.0041
      -8.00        2             -8.5182          -0.1373
      -8.00        3            -11.9981          -0.2467
      -8.00        4             -7.5305          -0.1117
      -8.00        5              0.9979           0.0067
      -8.00        6              9.6383           0.1692
      -8.00        7             13.7307           0.3120
      -8.00        8              9.9280           0.1780
 
      -6.00        1              0.6890           0.0045
      -6.00        2             -6.2598          -0.0825
      -6.00        3             -8.9788          -0.1500
      -6.00        4             -5.9098          -0.0751
      -6.00        5              1.0240           0.0069
      -6.00        6              7.8875           0.1207
      -6.00        7             10.7054           0.2026
      -6.00        8              7.7434           0.1170
 
      -4.00        1              0.7462           0.0049
      -4.00        2             -3.9284          -0.0397
      -4.00        3             -5.7824          -0.0726
      -4.00        4             -3.7648          -0.0372
      -4.00        5              0.9793           0.0065
      -4.00        6              5.6539           0.0700
      -4.00        7              7.5079           0.1111
      -4.00        8              5.4903           0.0668
 
      -2.00        1              0.8042           0.0053
      -2.00        2             -1.5482          -0.0110
      -2.00        3             -2.4866          -0.0202
      -2.00        4             -1.4656          -0.0103
      -2.00        5              0.9213           0.0061
      -2.00        6              3.2737           0.0301
      -2.00        7              4.2121           0.0441
      -2.00        8              3.1911           0.0290
 
       0.00        1              0.8628           0.0057
       0.00        2              0.8628           0.0057
       0.00        3              0.8628           0.0057
       0.00        4              0.8628           0.0057
       0.00        5              0.8628           0.0057
       0.00        6              0.8628           0.0057
       0.00        7              0.8628           0.0057
       0.00        8              0.8628           0.0057
 
       2.00        1              0.9213           0.0061
       2.00        2              3.2737           0.0301
       2.00        3              4.2121           0.0441
       2.00        4              3.1911           0.0290
       2.00        5              0.8042           0.0053
       2.00        6             -1.5482          -0.0110
       2.00        7             -2.4866          -0.0202
       2.00        8             -1.4656          -0.0103
 
       4.00        1              0.9793           0.0065
       4.00        2              5.6539           0.0700
       4.00        3              7.5079           0.1111
       4.00        4              5.4903           0.0668
       4.00        5              0.7462           0.0049
       4.00        6             -3.9284          -0.0397
       4.00        7             -5.7824          -0.0726
       4.00        8             -3.7648          -0.0372
 
       6.00        1              1.0240           0.0069
       6.00        2              7.8875           0.1207
       6.00        3             10.7054           0.2026
       6.00        4              7.7434           0.1170
       6.00        5              0.6890           0.0045
       6.00        6             -6.2598          -0.0825
       6.00        7             -8.9788          -0.1500
       6.00        8             -5.9098          -0.0751
 
       8.00        1              0.9979           0.0067
       8.00        2              9.6383           0.1692
       8.00        3             13.7307           0.3120
       8.00        4              9.9280           0.1780
       8.00        5              0.6329           0.0041
       8.00        6             -8.5182          -0.1373
       8.00        7            -11.9981          -0.2467
       8.00        8             -7.5305          -0.1117
 
      10.00        1              0.8963           0.0059
      10.00        2             11.0780           0.2149
      10.00        3             16.5951           0.4349
      10.00        4             12.0438           0.2483
      10.00        5              0.5778           0.0038
      10.00        6            -10.7032          -0.2025
      10.00        7            -14.8538          -0.3580
      10.00        8             -8.8150          -0.1454
 
1         ***** THE USAF AUTOMATED MISSILE DATCOM * REV 3/99 *****     CASE   1
               AERODYNAMIC METHODS FOR MISSILE CONFIGURATIONS          PAGE  11
                 AERODYNAMIC FORCE AND MOMENT SYNTHESIS

       ******* FLIGHT CONDITIONS AND REFERENCE QUANTITIES *******
     MACH NO  =       0.30                REYNOLDS NO = 6.955E+06 /M
     ALTITUDE =        0.0 M         DYNAMIC PRESSURE =   6383.49 N/M**2
     SIDESLIP =       0.00 DEG                   ROLL =      0.00 DEG     
     REF AREA =      0.001 M**2         MOMENT CENTER =     0.198 M
     REF LENGTH =     0.60 M           LAT REF LENGTH =      0.60 M

             CARRYOVER INTERFERENCE FACTORS - FIN SET 1

      ALPHA   K-W(B)   K-B(W)  KK-W(B)  KK-B(W)  XCP-W(B) XCP-B(W) Y-CP/(B/2)

     -10.00   1.6234   1.1241   0.9535   0.6600   0.4267   0.4200   0.4357
      -8.00   1.6395   1.1241   0.9535   0.6600   0.4267   0.4200   0.4761
      -6.00   1.6540   1.1241   0.9535   0.6600   0.4267   0.4200   0.5346
      -4.00   1.6666   1.1241   0.9535   0.6600   0.4267   0.4200   0.5827
      -2.00   1.6764   1.1241   0.9535   0.6600   0.4267   0.4200   0.6190
       0.00   1.6818   1.1241   0.9535   0.6600   0.4267   0.4200   0.6413
       2.00   1.6764   1.1241   0.9535   0.6600   0.4267   0.4200   0.6369
       4.00   1.6666   1.1241   0.9535   0.6600   0.4267   0.4200   0.6111
       6.00   1.6540   1.1241   0.9535   0.6600   0.4267   0.4200   0.5747
       8.00   1.6395   1.1241   0.9535   0.6600   0.4267   0.4200   0.5397
      10.00   1.6234   1.1241   0.9535   0.6600   0.4267   0.4200   0.5073

    NOTE - XCP-W(B) USED FOR STABILITY ONLY DIFFERENT VALUES USED FOR HINGE MOMENTS
1         ***** THE USAF AUTOMATED MISSILE DATCOM * REV 3/99 *****     CASE   1
               AERODYNAMIC METHODS FOR MISSILE CONFIGURATIONS          PAGE  12
        FIN SET 1 PANEL BENDING MOMENTS (ABOUT EXPOSED ROOT CHORD)

       ******* FLIGHT CONDITIONS AND REFERENCE QUANTITIES *******
     MACH NO  =       0.30                REYNOLDS NO = 6.955E+06 /M
     ALTITUDE =        0.0 M         DYNAMIC PRESSURE =   6383.49 N/M**2
     SIDESLIP =       0.00 DEG                   ROLL =      0.00 DEG     
     REF AREA =      0.001 M**2         MOMENT CENTER =     0.198 M
     REF LENGTH =     0.60 M           LAT REF LENGTH =      0.60 M

   ALPHA   PANL 1   PANL 2   PANL 3   PANL 4   PANL 5   PANL 6   PANL 7   PANL 8
 
   -10.0  2.59E-05 -1.40E-03 -2.47E-03 -1.00E-03  4.10E-05  1.48E-03  3.00E-03  1.71E-03
    -8.0  3.11E-05 -1.03E-03 -1.86E-03 -8.42E-04  5.03E-05  1.28E-03  2.35E-03  1.34E-03
    -6.0  3.81E-05 -6.98E-04 -1.27E-03 -6.36E-04  5.81E-05  1.02E-03  1.71E-03  9.90E-04
    -4.0  4.52E-05 -3.66E-04 -6.69E-04 -3.43E-04  6.03E-05  6.46E-04  1.03E-03  6.16E-04
    -2.0  5.19E-05 -1.07E-04 -1.98E-04 -1.01E-04  6.00E-05  2.95E-04  4.33E-04  2.84E-04
     0.0  5.80E-05  5.80E-05  5.80E-05  5.80E-05  5.80E-05  5.80E-05  5.80E-05  5.80E-05
     2.0  6.17E-05  3.04E-04  4.45E-04  2.92E-04  5.34E-05 -1.11E-04 -2.04E-04 -1.04E-04
     4.0  6.33E-05  6.77E-04  1.08E-03  6.46E-04  4.74E-05 -3.84E-04 -7.02E-04 -3.60E-04
     6.0  6.24E-05  1.10E-03  1.84E-03  1.06E-03  4.10E-05 -7.50E-04 -1.37E-03 -6.84E-04
     8.0  5.70E-05  1.45E-03  2.67E-03  1.52E-03  3.53E-05 -1.17E-03 -2.11E-03 -9.54E-04
    10.0  4.78E-05  1.73E-03  3.49E-03  1.99E-03  3.02E-05 -1.63E-03 -2.88E-03 -1.17E-03
1         ***** THE USAF AUTOMATED MISSILE DATCOM * REV 3/99 *****     CASE   1
               AERODYNAMIC METHODS FOR MISSILE CONFIGURATIONS          PAGE  13
            FIN SET 1 PANEL HINGE MOMENTS (ABOUT HINGE LINE)

       ******* FLIGHT CONDITIONS AND REFERENCE QUANTITIES *******
     MACH NO  =       0.30                REYNOLDS NO = 6.955E+06 /M
     ALTITUDE =        0.0 M         DYNAMIC PRESSURE =   6383.49 N/M**2
     SIDESLIP =       0.00 DEG                   ROLL =      0.00 DEG     
     REF AREA =      0.001 M**2         MOMENT CENTER =     0.198 M
     REF LENGTH =     0.60 M           LAT REF LENGTH =      0.60 M

   ALPHA   PANL 1   PANL 2   PANL 3   PANL 4   PANL 5   PANL 6   PANL 7   PANL 8
 
   -10.0  6.83E-04 -3.46E-02 -5.81E-02 -2.53E-02  1.08E-03  3.66E-02  6.87E-02  4.18E-02
    -8.0  7.50E-04 -2.40E-02 -4.15E-02 -1.96E-02  1.21E-03  2.92E-02  5.14E-02  3.07E-02
    -6.0  8.20E-04 -1.46E-02 -2.61E-02 -1.34E-02  1.25E-03  2.12E-02  3.46E-02  2.05E-02
    -4.0  8.91E-04 -7.14E-03 -1.29E-02 -6.69E-03  1.19E-03  1.25E-02  1.96E-02  1.19E-02
    -2.0  9.63E-04 -1.99E-03 -3.66E-03 -1.87E-03  1.11E-03  5.43E-03  7.93E-03  5.23E-03
     0.0  1.04E-03  1.04E-03  1.04E-03  1.04E-03  1.04E-03  1.04E-03  1.04E-03  1.04E-03
     2.0  1.11E-03  5.43E-03  7.93E-03  5.23E-03  9.63E-04 -1.99E-03 -3.66E-03 -1.87E-03
     4.0  1.19E-03  1.25E-02  1.96E-02  1.19E-02  8.91E-04 -7.14E-03 -1.29E-02 -6.69E-03
     6.0  1.25E-03  2.12E-02  3.46E-02  2.05E-02  8.20E-04 -1.46E-02 -2.61E-02 -1.34E-02
     8.0  1.21E-03  2.92E-02  5.14E-02  3.07E-02  7.50E-04 -2.40E-02 -4.15E-02 -1.96E-02
    10.0  1.08E-03  3.66E-02  6.87E-02  4.18E-02  6.83E-04 -3.46E-02 -5.81E-02 -2.53E-02
1         ***** THE USAF AUTOMATED MISSILE DATCOM * REV 3/99 *****     CASE   1
               AERODYNAMIC METHODS FOR MISSILE CONFIGURATIONS          PAGE  14
                   STATIC AERODYNAMICS FOR BODY-FIN SET 1

       ******* FLIGHT CONDITIONS AND REFERENCE QUANTITIES *******
     MACH NO  =       0.30                REYNOLDS NO = 6.955E+06 /M
     ALTITUDE =        0.0 M         DYNAMIC PRESSURE =   6383.49 N/M**2
     SIDESLIP =       0.00 DEG                   ROLL =      0.00 DEG     
     REF AREA =      0.001 M**2         MOMENT CENTER =     0.198 M
     REF LENGTH =     0.60 M           LAT REF LENGTH =      0.60 M

                   ----- LONGITUDINAL -----     -- LATERAL DIRECTIONAL --
         ALPHA       CN        CM        CA        CY       CLN       CLL

        -10.00    -3.117     1.016     0.497    -0.008     0.004    -0.007
         -8.00    -2.242     0.717     0.500    -0.005     0.002    -0.006
         -6.00    -1.464     0.454     0.501    -0.002     0.001    -0.005
         -4.00    -0.802     0.235     0.501     0.000     0.000    -0.004
         -2.00    -0.310     0.082     0.501     0.000     0.000    -0.003
          0.00     0.000     0.000     0.500     0.000     0.000    -0.002
          2.00     0.310    -0.082     0.501     0.000     0.000    -0.003
          4.00     0.802    -0.235     0.501     0.000     0.000    -0.004
          6.00     1.464    -0.454     0.501     0.002    -0.001    -0.005
          8.00     2.242    -0.717     0.500     0.005    -0.002    -0.006
         10.00     3.117    -1.016     0.497     0.008    -0.004    -0.007

         ALPHA       CL        CD      CL/CD     X-C.P.

        -10.00    -2.983     1.031    -2.893    -0.326
         -8.00    -2.151     0.807    -2.665    -0.320
         -6.00    -1.403     0.651    -2.155    -0.310
         -4.00    -0.765     0.556    -1.376    -0.293
         -2.00    -0.292     0.511    -0.571    -0.264
          0.00     0.000     0.500     0.000    -0.424
          2.00     0.292     0.511     0.571    -0.264
          4.00     0.765     0.556     1.376    -0.293
          6.00     1.403     0.651     2.155    -0.310
          8.00     2.151     0.807     2.665    -0.320
         10.00     2.983     1.031     2.893    -0.326

    X-C.P. MEAS. FROM MOMENT CENTER IN REF. LENGTHS, NEG. AFT OF MOMENT CENTER
1         ***** THE USAF AUTOMATED MISSILE DATCOM * REV 3/99 *****     CASE   1
               AERODYNAMIC METHODS FOR MISSILE CONFIGURATIONS          PAGE  15
                   STATIC AERODYNAMICS FOR BODY-FIN SET 1

       ******* FLIGHT CONDITIONS AND REFERENCE QUANTITIES *******
     MACH NO  =       0.30                REYNOLDS NO = 6.955E+06 /M
     ALTITUDE =        0.0 M         DYNAMIC PRESSURE =   6383.49 N/M**2
     SIDESLIP =       0.00 DEG                   ROLL =      0.00 DEG     
     REF AREA =      0.001 M**2         MOMENT CENTER =     0.198 M
     REF LENGTH =     0.60 M           LAT REF LENGTH =      0.60 M

                   ---------- DERIVATIVES (PER DEGREE) ----------
         ALPHA       CNA         CMA         CYB         CLNB        CLLB
        -10.00      0.4615     -0.1581     -0.3057      0.0993      0.0003
         -8.00      0.4130     -0.1404     -0.2735      0.0870      0.0001
         -6.00      0.3599     -0.1206     -0.2373      0.0729     -0.0001
         -4.00      0.2881     -0.0931     -0.1999      0.0585     -0.0001
         -2.00      0.2000     -0.0587     -0.1599      0.0428     -0.0002
          0.00      0.1548     -0.0409     -0.1373      0.0338     -0.0003
          2.00      0.2000     -0.0587     -0.1599      0.0429     -0.0002
          4.00      0.2881     -0.0931     -0.2007      0.0588     -0.0002
          6.00      0.3599     -0.1206     -0.2374      0.0730     -0.0002
          8.00      0.4130     -0.1404     -0.2696      0.0853     -0.0003
         10.00      0.4615     -0.1581     -0.2993      0.0966     -0.0004

    PANEL DEFLECTION ANGLES (DEGREES)
    SET    FIN 1   FIN 2   FIN 3   FIN 4   FIN 5   FIN 6   FIN 7   FIN 8
      1    1.00    1.00    1.00    1.00    1.00    1.00    1.00    1.00
1         ***** THE USAF AUTOMATED MISSILE DATCOM * REV 3/99 *****     CASE   1
               AERODYNAMIC METHODS FOR MISSILE CONFIGURATIONS          PAGE  16
                             BODY ALONE PARTIAL OUTPUT

       ******* FLIGHT CONDITIONS AND REFERENCE QUANTITIES *******
     MACH NO  =       0.60                REYNOLDS NO = 1.391E+07 /M
     ALTITUDE =        0.0 M         DYNAMIC PRESSURE =  25533.94 N/M**2
     SIDESLIP =       0.00 DEG                   ROLL =      0.00 DEG     
     REF AREA =      0.001 M**2         MOMENT CENTER =     0.198 M
     REF LENGTH =     0.60 M           LAT REF LENGTH =      0.60 M

      ALPHA    CA-FRIC  CA-PRES/WAVE CA-BASE    CA-PROT     CA-SEP     CA-ALP
     -10.00     0.1842     0.0126     0.1356                           0.0010
      -8.00     0.1862     0.0127     0.1360                           0.0012
      -6.00     0.1878     0.0128     0.1363                           0.0009
      -4.00     0.1890     0.0129     0.1364                           0.0005
      -2.00     0.1897     0.0130     0.1363                           0.0001
       0.00     0.1899     0.0130     0.1360                           0.0000
       2.00     0.1897     0.0130     0.1363                           0.0001
       4.00     0.1890     0.0129     0.1364                           0.0005
       6.00     0.1878     0.0128     0.1363                           0.0009
       8.00     0.1862     0.0127     0.1360                           0.0012
      10.00     0.1842     0.0126     0.1356                           0.0010

                     CROSS FLOW DRAG PROPORTIONALITY FACTOR = 0.74620

      ALPHA    CN-POTEN  CN-VISC   CN-SEP    CM-POTEN  CM-VISC   CM-SEP    CDC
     -10.00    -0.457    -0.362              -0.033     0.072             0.804
      -8.00    -0.369    -0.229              -0.027     0.045             0.791
      -6.00    -0.278    -0.127              -0.020     0.025             0.778
      -4.00    -0.187    -0.056              -0.014     0.011             0.766
      -2.00    -0.094    -0.014              -0.007     0.003             0.753
       0.00     0.000     0.000               0.000     0.000             0.740
       2.00     0.094     0.014               0.007    -0.003             0.753
       4.00     0.187     0.056               0.014    -0.011             0.766
       6.00     0.278     0.127               0.020    -0.025             0.778
       8.00     0.369     0.229               0.027    -0.045             0.791
      10.00     0.457     0.362               0.033    -0.072             0.804
1         ***** THE USAF AUTOMATED MISSILE DATCOM * REV 3/99 *****     CASE   1
               AERODYNAMIC METHODS FOR MISSILE CONFIGURATIONS          PAGE  17
                        FIN SET 1 CA PARTIAL OUTPUT

       ******* FLIGHT CONDITIONS AND REFERENCE QUANTITIES *******
     MACH NO  =       0.60                REYNOLDS NO = 1.391E+07 /M
     ALTITUDE =        0.0 M         DYNAMIC PRESSURE =  25533.94 N/M**2
     SIDESLIP =       0.00 DEG                   ROLL =      0.00 DEG     
     REF AREA =      0.001 M**2         MOMENT CENTER =     0.198 M
     REF LENGTH =     0.60 M           LAT REF LENGTH =      0.60 M

    SINGLE FIN PANEL ZERO-LIFT AXIAL FORCE COMPONENTS

    SKIN FRICTION        0.0133
    SUBSONIC PRESSURE    0.0011
    TRANSONIC WAVE       0.0000
    SUPERSONIC WAVE      0.0000
    LEADING EDGE         0.0000
    TRAILING EDGE        0.0000
    TOTAL CAO            0.0144

    FIN AXIAL FORCE DUE TO ANGLE OF ATTACK

    ALPHA      CA DUE TO LIFT (SINGLE PANEL)   CA-TOTAL (8 FINS)

     -10.00              0.0000                      0.1135
      -8.00              0.0000                      0.1141
      -6.00              0.0000                      0.1146
      -4.00              0.0000                      0.1149
      -2.00              0.0000                      0.1152
       0.00              0.0000                      0.1152
       2.00              0.0000                      0.1152
       4.00              0.0000                      0.1149
       6.00              0.0000                      0.1146
       8.00              0.0000                      0.1141
      10.00              0.0000                      0.1135
1         ***** THE USAF AUTOMATED MISSILE DATCOM * REV 3/99 *****     CASE   1
               AERODYNAMIC METHODS FOR MISSILE CONFIGURATIONS          PAGE  18
                       FIN SET 1 CN, CM PARTIAL OUTPUT

       ******* FLIGHT CONDITIONS AND REFERENCE QUANTITIES *******
     MACH NO  =       0.60                REYNOLDS NO = 1.391E+07 /M
     ALTITUDE =        0.0 M         DYNAMIC PRESSURE =  25533.94 N/M**2
     SIDESLIP =       0.00 DEG                   ROLL =      0.00 DEG     
     REF AREA =      0.001 M**2         MOMENT CENTER =     0.198 M
     REF LENGTH =     0.60 M           LAT REF LENGTH =      0.60 M

    NORMAL FORCE SLOPE AT ALPHA ZERO, CNA =    0.00486/DEG (1 PANEL)
         CENTER OF PRESSURE FOR LINEAR CN =   -0.42667 (CALIBERS FROM C.G.)
     CENTER OF PRESSURE FOR NON-LINEAR CN =   -0.50333 (CALIBERS FROM C.G.)

      ALPHA      CN        CN        CN        CM        CM        CM
               LINEAR  NON-LINEAR  TOTAL     LINEAR  NON-LINEAR  TOTAL

     -10.00   -0.1919   -0.5667   -0.7586    0.0819    0.2852    0.3671
      -8.00   -0.1542   -0.3635   -0.5178    0.0658    0.1830    0.2488
      -6.00   -0.1161   -0.2048   -0.3209    0.0495    0.1031    0.1526
      -4.00   -0.0776   -0.0912   -0.1688    0.0331    0.0459    0.0790
      -2.00   -0.0389   -0.0228   -0.0617    0.0166    0.0115    0.0281
       0.00    0.0000    0.0000    0.0000    0.0000    0.0000    0.0000
       2.00    0.0389    0.0228    0.0617   -0.0166   -0.0115   -0.0281
       4.00    0.0776    0.0912    0.1688   -0.0331   -0.0459   -0.0790
       6.00    0.1161    0.2048    0.3209   -0.0495   -0.1031   -0.1526
       8.00    0.1542    0.3635    0.5178   -0.0658   -0.1830   -0.2488
      10.00    0.1919    0.5667    0.7586   -0.0819   -0.2852   -0.3671
1         ***** THE USAF AUTOMATED MISSILE DATCOM * REV 3/99 *****     CASE   1
               AERODYNAMIC METHODS FOR MISSILE CONFIGURATIONS          PAGE  19
                 AERODYNAMIC FORCE AND MOMENT SYNTHESIS

       ******* FLIGHT CONDITIONS AND REFERENCE QUANTITIES *******
     MACH NO  =       0.60                REYNOLDS NO = 1.391E+07 /M
     ALTITUDE =        0.0 M         DYNAMIC PRESSURE =  25533.94 N/M**2
     SIDESLIP =       0.00 DEG                   ROLL =      0.00 DEG     
     REF AREA =      0.001 M**2         MOMENT CENTER =     0.198 M
     REF LENGTH =     0.60 M           LAT REF LENGTH =      0.60 M

          ---------------FIN SET 1 IN PRESENCE OF THE BODY----------------

      ALPHA       CN         CM         CA         CY         CLN        CLL

     -10.00    -1.4318     0.6109     0.1189    -0.0054     0.0023    -0.0076
      -8.00    -1.0265     0.4380     0.1184    -0.0029     0.0012    -0.0066
      -6.00    -0.6605     0.2818     0.1178    -0.0010     0.0004    -0.0056
      -4.00    -0.3480     0.1485     0.1172    -0.0002     0.0001    -0.0044
      -2.00    -0.1248     0.0532     0.1165     0.0000     0.0000    -0.0029
       0.00     0.0000     0.0000     0.1160     0.0000     0.0000    -0.0018
       2.00     0.1248    -0.0532     0.1165     0.0000     0.0000    -0.0029
       4.00     0.3480    -0.1485     0.1172     0.0002    -0.0001    -0.0044
       6.00     0.6605    -0.2818     0.1178     0.0010    -0.0004    -0.0056
       8.00     1.0265    -0.4380     0.1184     0.0029    -0.0012    -0.0066
      10.00     1.4318    -0.6109     0.1189     0.0054    -0.0023    -0.0076
1         ***** THE USAF AUTOMATED MISSILE DATCOM * REV 3/99 *****     CASE   1
               AERODYNAMIC METHODS FOR MISSILE CONFIGURATIONS          PAGE  20
                 AERODYNAMIC FORCE AND MOMENT SYNTHESIS

       ******* FLIGHT CONDITIONS AND REFERENCE QUANTITIES *******
     MACH NO  =       0.60                REYNOLDS NO = 1.391E+07 /M
     ALTITUDE =        0.0 M         DYNAMIC PRESSURE =  25533.94 N/M**2
     SIDESLIP =       0.00 DEG                   ROLL =      0.00 DEG     
     REF AREA =      0.001 M**2         MOMENT CENTER =     0.198 M
     REF LENGTH =     0.60 M           LAT REF LENGTH =      0.60 M

          ---------------FIN SET 1 PANEL CHARACTERISTICS------------------

      ALPHA      PANEL    AEQ (PANEL AXIS SYS.)    PANEL CN

     -10.00        1              0.5779           0.0038
     -10.00        2            -10.7004          -0.2122
     -10.00        3            -14.8433          -0.3761
     -10.00        4             -8.7499          -0.1502
     -10.00        5              0.8859           0.0060
     -10.00        6             11.0191           0.2232
     -10.00        7             16.5853           0.4575
     -10.00        8             12.0412           0.2605
 
      -8.00        1              0.6329           0.0042
      -8.00        2             -8.5172          -0.1435
      -8.00        3            -11.9944          -0.2587
      -8.00        4             -7.5071          -0.1160
      -8.00        5              0.9947           0.0068
      -8.00        6              9.6171           0.1765
      -8.00        7             13.7272           0.3277
      -8.00        8              9.9271           0.1864
 
      -6.00        1              0.6890           0.0046
      -6.00        2             -6.2597          -0.0858
      -6.00        3             -8.9783          -0.1569
      -6.00        4             -5.9069          -0.0781
      -6.00        5              1.0237           0.0070
      -6.00        6              7.8849           0.1259
      -6.00        7             10.7050           0.2123
      -6.00        8              7.7433           0.1221
 
      -4.00        1              0.7462           0.0050
      -4.00        2             -3.9284          -0.0410
      -4.00        3             -5.7824          -0.0754
      -4.00        4             -3.7648          -0.0384
      -4.00        5              0.9793           0.0067
      -4.00        6              5.6539           0.0727
      -4.00        7              7.5079           0.1160
      -4.00        8              5.4903           0.0694
 
      -2.00        1              0.8042           0.0054
      -2.00        2             -1.5482          -0.0112
      -2.00        3             -2.4866          -0.0207
      -2.00        4             -1.4656          -0.0105
      -2.00        5              0.9213           0.0062
      -2.00        6              3.2737           0.0310
      -2.00        7              4.2121           0.0457
      -2.00        8              3.1911           0.0299
 
       0.00        1              0.8628           0.0058
       0.00        2              0.8628           0.0058
       0.00        3              0.8628           0.0058
       0.00        4              0.8628           0.0058
       0.00        5              0.8628           0.0058
       0.00        6              0.8628           0.0058
       0.00        7              0.8628           0.0058
       0.00        8              0.8628           0.0058
 
       2.00        1              0.9213           0.0062
       2.00        2              3.2737           0.0310
       2.00        3              4.2121           0.0457
       2.00        4              3.1911           0.0299
       2.00        5              0.8042           0.0054
       2.00        6             -1.5482          -0.0112
       2.00        7             -2.4866          -0.0207
       2.00        8             -1.4656          -0.0105
 
       4.00        1              0.9793           0.0067
       4.00        2              5.6539           0.0727
       4.00        3              7.5079           0.1160
       4.00        4              5.4903           0.0694
       4.00        5              0.7462           0.0050
       4.00        6             -3.9284          -0.0410
       4.00        7             -5.7824          -0.0754
       4.00        8             -3.7648          -0.0384
 
       6.00        1              1.0237           0.0070
       6.00        2              7.8849           0.1259
       6.00        3             10.7050           0.2123
       6.00        4              7.7433           0.1221
       6.00        5              0.6890           0.0046
       6.00        6             -6.2597          -0.0858
       6.00        7             -8.9783          -0.1569
       6.00        8             -5.9069          -0.0781
 
       8.00        1              0.9947           0.0068
       8.00        2              9.6171           0.1765
       8.00        3             13.7272           0.3277
       8.00        4              9.9271           0.1864
       8.00        5              0.6329           0.0042
       8.00        6             -8.5172          -0.1435
       8.00        7            -11.9944          -0.2587
       8.00        8             -7.5071          -0.1160
 
      10.00        1              0.8859           0.0060
      10.00        2             11.0191           0.2232
      10.00        3             16.5853           0.4575
      10.00        4             12.0412           0.2605
      10.00        5              0.5779           0.0038
      10.00        6            -10.7004          -0.2122
      10.00        7            -14.8433          -0.3761
      10.00        8             -8.7499          -0.1502
 
1         ***** THE USAF AUTOMATED MISSILE DATCOM * REV 3/99 *****     CASE   1
               AERODYNAMIC METHODS FOR MISSILE CONFIGURATIONS          PAGE  21
                 AERODYNAMIC FORCE AND MOMENT SYNTHESIS

       ******* FLIGHT CONDITIONS AND REFERENCE QUANTITIES *******
     MACH NO  =       0.60                REYNOLDS NO = 1.391E+07 /M
     ALTITUDE =        0.0 M         DYNAMIC PRESSURE =  25533.94 N/M**2
     SIDESLIP =       0.00 DEG                   ROLL =      0.00 DEG     
     REF AREA =      0.001 M**2         MOMENT CENTER =     0.198 M
     REF LENGTH =     0.60 M           LAT REF LENGTH =      0.60 M

             CARRYOVER INTERFERENCE FACTORS - FIN SET 1

      ALPHA   K-W(B)   K-B(W)  KK-W(B)  KK-B(W)  XCP-W(B) XCP-B(W) Y-CP/(B/2)

     -10.00   1.6234   1.1241   0.9535   0.6600   0.4267   0.4200   0.4425
      -8.00   1.6395   1.1241   0.9535   0.6600   0.4267   0.4200   0.4684
      -6.00   1.6540   1.1241   0.9535   0.6600   0.4267   0.4200   0.5078
      -4.00   1.6666   1.1241   0.9535   0.6600   0.4267   0.4200   0.5402
      -2.00   1.6764   1.1241   0.9535   0.6600   0.4267   0.4200   0.5645
       0.00   1.6818   1.1241   0.9535   0.6600   0.4267   0.4200   0.5793
       2.00   1.6764   1.1241   0.9535   0.6600   0.4267   0.4200   0.5764
       4.00   1.6666   1.1241   0.9535   0.6600   0.4267   0.4200   0.5593
       6.00   1.6540   1.1241   0.9535   0.6600   0.4267   0.4200   0.5349
       8.00   1.6395   1.1241   0.9535   0.6600   0.4267   0.4200   0.5116
      10.00   1.6234   1.1241   0.9535   0.6600   0.4267   0.4200   0.4906

    NOTE - XCP-W(B) USED FOR STABILITY ONLY DIFFERENT VALUES USED FOR HINGE MOMENTS
1         ***** THE USAF AUTOMATED MISSILE DATCOM * REV 3/99 *****     CASE   1
               AERODYNAMIC METHODS FOR MISSILE CONFIGURATIONS          PAGE  22
        FIN SET 1 PANEL BENDING MOMENTS (ABOUT EXPOSED ROOT CHORD)

       ******* FLIGHT CONDITIONS AND REFERENCE QUANTITIES *******
     MACH NO  =       0.60                REYNOLDS NO = 1.391E+07 /M
     ALTITUDE =        0.0 M         DYNAMIC PRESSURE =  25533.94 N/M**2
     SIDESLIP =       0.00 DEG                   ROLL =      0.00 DEG     
     REF AREA =      0.001 M**2         MOMENT CENTER =     0.198 M
     REF LENGTH =     0.60 M           LAT REF LENGTH =      0.60 M

   ALPHA   PANL 1   PANL 2   PANL 3   PANL 4   PANL 5   PANL 6   PANL 7   PANL 8
 
   -10.0  2.67E-05 -1.49E-03 -2.64E-03 -1.05E-03  4.18E-05  1.56E-03  3.21E-03  1.83E-03
    -8.0  3.11E-05 -1.06E-03 -1.92E-03 -8.60E-04  5.02E-05  1.31E-03  2.43E-03  1.38E-03
    -6.0  3.68E-05 -6.90E-04 -1.26E-03 -6.28E-04  5.61E-05  1.01E-03  1.71E-03  9.82E-04
    -4.0  4.26E-05 -3.51E-04 -6.45E-04 -3.28E-04  5.69E-05  6.22E-04  9.92E-04  5.93E-04
    -2.0  4.82E-05 -1.00E-04 -1.85E-04 -9.37E-05  5.57E-05  2.77E-04  4.08E-04  2.67E-04
     0.0  5.33E-05  5.33E-05  5.33E-05  5.33E-05  5.33E-05  5.33E-05  5.33E-05  5.33E-05
     2.0  5.68E-05  2.83E-04  4.17E-04  2.73E-04  4.92E-05 -1.02E-04 -1.89E-04 -9.56E-05
     4.0  5.89E-05  6.44E-04  1.03E-03  6.14E-04  4.41E-05 -3.63E-04 -6.68E-04 -3.40E-04
     6.0  5.91E-05  1.07E-03  1.80E-03  1.03E-03  3.88E-05 -7.27E-04 -1.33E-03 -6.61E-04
     8.0  5.48E-05  1.43E-03  2.66E-03  1.51E-03  3.40E-05 -1.16E-03 -2.10E-03 -9.39E-04
    10.0  4.64E-05  1.73E-03  3.55E-03  2.02E-03  2.97E-05 -1.65E-03 -2.92E-03 -1.17E-03
1         ***** THE USAF AUTOMATED MISSILE DATCOM * REV 3/99 *****     CASE   1
               AERODYNAMIC METHODS FOR MISSILE CONFIGURATIONS          PAGE  23
            FIN SET 1 PANEL HINGE MOMENTS (ABOUT HINGE LINE)

       ******* FLIGHT CONDITIONS AND REFERENCE QUANTITIES *******
     MACH NO  =       0.60                REYNOLDS NO = 1.391E+07 /M
     ALTITUDE =        0.0 M         DYNAMIC PRESSURE =  25533.94 N/M**2
     SIDESLIP =       0.00 DEG                   ROLL =      0.00 DEG     
     REF AREA =      0.001 M**2         MOMENT CENTER =     0.198 M
     REF LENGTH =     0.60 M           LAT REF LENGTH =      0.60 M

   ALPHA   PANL 1   PANL 2   PANL 3   PANL 4   PANL 5   PANL 6   PANL 7   PANL 8
 
   -10.0  6.91E-04 -3.60E-02 -6.06E-02 -2.60E-02  1.08E-03  3.78E-02  7.17E-02  4.36E-02
    -8.0  7.59E-04 -2.49E-02 -4.33E-02 -2.03E-02  1.22E-03  3.03E-02  5.36E-02  3.19E-02
    -6.0  8.29E-04 -1.52E-02 -2.71E-02 -1.38E-02  1.26E-03  2.20E-02  3.60E-02  2.13E-02
    -4.0  9.01E-04 -7.33E-03 -1.34E-02 -6.87E-03  1.20E-03  1.29E-02  2.03E-02  1.23E-02
    -2.0  9.74E-04 -2.02E-03 -3.73E-03 -1.89E-03  1.13E-03  5.57E-03  8.16E-03  5.36E-03
     0.0  1.05E-03  1.05E-03  1.05E-03  1.05E-03  1.05E-03  1.05E-03  1.05E-03  1.05E-03
     2.0  1.13E-03  5.57E-03  8.16E-03  5.36E-03  9.74E-04 -2.02E-03 -3.73E-03 -1.89E-03
     4.0  1.20E-03  1.29E-02  2.03E-02  1.23E-02  9.01E-04 -7.33E-03 -1.34E-02 -6.87E-03
     6.0  1.26E-03  2.20E-02  3.60E-02  2.13E-02  8.29E-04 -1.52E-02 -2.71E-02 -1.38E-02
     8.0  1.22E-03  3.03E-02  5.36E-02  3.19E-02  7.59E-04 -2.49E-02 -4.33E-02 -2.03E-02
    10.0  1.08E-03  3.78E-02  7.17E-02  4.36E-02  6.91E-04 -3.60E-02 -6.06E-02 -2.60E-02
1         ***** THE USAF AUTOMATED MISSILE DATCOM * REV 3/99 *****     CASE   1
               AERODYNAMIC METHODS FOR MISSILE CONFIGURATIONS          PAGE  24
                   STATIC AERODYNAMICS FOR BODY-FIN SET 1

       ******* FLIGHT CONDITIONS AND REFERENCE QUANTITIES *******
     MACH NO  =       0.60                REYNOLDS NO = 1.391E+07 /M
     ALTITUDE =        0.0 M         DYNAMIC PRESSURE =  25533.94 N/M**2
     SIDESLIP =       0.00 DEG                   ROLL =      0.00 DEG     
     REF AREA =      0.001 M**2         MOMENT CENTER =     0.198 M
     REF LENGTH =     0.60 M           LAT REF LENGTH =      0.60 M

                   ----- LONGITUDINAL -----     -- LATERAL DIRECTIONAL --
         ALPHA       CN        CM        CA        CY       CLN       CLL

        -10.00    -3.242     1.066     0.452    -0.009     0.004    -0.008
         -8.00    -2.328     0.752     0.455    -0.005     0.002    -0.007
         -6.00    -1.515     0.475     0.456    -0.002     0.001    -0.006
         -4.00    -0.825     0.245     0.456     0.000     0.000    -0.004
         -2.00    -0.316     0.084     0.456     0.000     0.000    -0.003
          0.00     0.000     0.000     0.455     0.000     0.000    -0.002
          2.00     0.316    -0.084     0.456     0.000     0.000    -0.003
          4.00     0.825    -0.245     0.456     0.000     0.000    -0.004
          6.00     1.515    -0.475     0.456     0.002    -0.001    -0.006
          8.00     2.328    -0.752     0.455     0.005    -0.002    -0.007
         10.00     3.242    -1.066     0.452     0.009    -0.004    -0.008

         ALPHA       CL        CD      CL/CD     X-C.P.

        -10.00    -3.114     1.008    -3.088    -0.329
         -8.00    -2.242     0.774    -2.896    -0.323
         -6.00    -1.459     0.612    -2.386    -0.314
         -4.00    -0.791     0.512    -1.544    -0.296
         -2.00    -0.300     0.466    -0.643    -0.267
          0.00     0.000     0.455     0.000    -0.424
          2.00     0.300     0.466     0.643    -0.267
          4.00     0.791     0.512     1.544    -0.296
          6.00     1.459     0.612     2.386    -0.314
          8.00     2.242     0.774     2.896    -0.323
         10.00     3.114     1.008     3.088    -0.329

    X-C.P. MEAS. FROM MOMENT CENTER IN REF. LENGTHS, NEG. AFT OF MOMENT CENTER
1         ***** THE USAF AUTOMATED MISSILE DATCOM * REV 3/99 *****     CASE   1
               AERODYNAMIC METHODS FOR MISSILE CONFIGURATIONS          PAGE  25
                   STATIC AERODYNAMICS FOR BODY-FIN SET 1

       ******* FLIGHT CONDITIONS AND REFERENCE QUANTITIES *******
     MACH NO  =       0.60                REYNOLDS NO = 1.391E+07 /M
     ALTITUDE =        0.0 M         DYNAMIC PRESSURE =  25533.94 N/M**2
     SIDESLIP =       0.00 DEG                   ROLL =      0.00 DEG     
     REF AREA =      0.001 M**2         MOMENT CENTER =     0.198 M
     REF LENGTH =     0.60 M           LAT REF LENGTH =      0.60 M

                   ---------- DERIVATIVES (PER DEGREE) ----------
         ALPHA       CNA         CMA         CYB         CLNB        CLLB
        -10.00      0.4826     -0.1661     -0.3189      0.1046      0.0004
         -8.00      0.4315     -0.1476     -0.2843      0.0913      0.0002
         -6.00      0.3754     -0.1268     -0.2455      0.0763     -0.0001
         -4.00      0.2992     -0.0977     -0.2057      0.0609     -0.0001
         -2.00      0.2058     -0.0611     -0.1632      0.0443     -0.0002
          0.00      0.1578     -0.0421     -0.1393      0.0347     -0.0003
          2.00      0.2058     -0.0611     -0.1633      0.0443     -0.0002
          4.00      0.2992     -0.0977     -0.2065      0.0612     -0.0002
          6.00      0.3754     -0.1268     -0.2456      0.0763     -0.0002
          8.00      0.4315     -0.1476     -0.2799      0.0895     -0.0003
         10.00      0.4826     -0.1661     -0.3120      0.1017     -0.0005

    PANEL DEFLECTION ANGLES (DEGREES)
    SET    FIN 1   FIN 2   FIN 3   FIN 4   FIN 5   FIN 6   FIN 7   FIN 8
      1    1.00    1.00    1.00    1.00    1.00    1.00    1.00    1.00
1         ***** THE USAF AUTOMATED MISSILE DATCOM * REV 3/99 *****     CASE   1
               AERODYNAMIC METHODS FOR MISSILE CONFIGURATIONS          PAGE  26
                             BODY ALONE PARTIAL OUTPUT

       ******* FLIGHT CONDITIONS AND REFERENCE QUANTITIES *******
     MACH NO  =       0.90                REYNOLDS NO = 2.087E+07 /M
     ALTITUDE =        0.0 M         DYNAMIC PRESSURE =  57451.37 N/M**2
     SIDESLIP =       0.00 DEG                   ROLL =      0.00 DEG     
     REF AREA =      0.001 M**2         MOMENT CENTER =     0.198 M
     REF LENGTH =     0.60 M           LAT REF LENGTH =      0.60 M

      ALPHA    CA-FRIC  CA-PRES/WAVE CA-BASE    CA-PROT     CA-SEP     CA-ALP
     -10.00     0.1677     0.0217     0.1315                           0.0008
      -8.00     0.1695     0.0219     0.1319                           0.0011
      -6.00     0.1710     0.0221     0.1322                           0.0008
      -4.00     0.1720     0.0222     0.1323                           0.0004
      -2.00     0.1727     0.0223     0.1322                           0.0001
       0.00     0.1729     0.0223     0.1320                           0.0000
       2.00     0.1727     0.0223     0.1322                           0.0001
       4.00     0.1720     0.0222     0.1323                           0.0004
       6.00     0.1710     0.0221     0.1322                           0.0008
       8.00     0.1695     0.0219     0.1319                           0.0011
      10.00     0.1677     0.0217     0.1315                           0.0008

                     CROSS FLOW DRAG PROPORTIONALITY FACTOR = 0.74880

      ALPHA    CN-POTEN  CN-VISC   CN-SEP    CM-POTEN  CM-VISC   CM-SEP    CDC
     -10.00    -0.475    -0.377              -0.025     0.075             0.836
      -8.00    -0.384    -0.237              -0.020     0.047             0.817
      -6.00    -0.290    -0.130              -0.015     0.026             0.798
      -4.00    -0.194    -0.057              -0.010     0.011             0.778
      -2.00    -0.097    -0.014              -0.005     0.003             0.759
       0.00     0.000     0.000               0.000     0.000             0.740
       2.00     0.097     0.014               0.005    -0.003             0.759
       4.00     0.194     0.057               0.010    -0.011             0.778
       6.00     0.290     0.130               0.015    -0.026             0.798
       8.00     0.384     0.237               0.020    -0.047             0.817
      10.00     0.475     0.377               0.025    -0.075             0.836
1         ***** THE USAF AUTOMATED MISSILE DATCOM * REV 3/99 *****     CASE   1
               AERODYNAMIC METHODS FOR MISSILE CONFIGURATIONS          PAGE  27
                        FIN SET 1 CA PARTIAL OUTPUT

       ******* FLIGHT CONDITIONS AND REFERENCE QUANTITIES *******
     MACH NO  =       0.90                REYNOLDS NO = 2.087E+07 /M
     ALTITUDE =        0.0 M         DYNAMIC PRESSURE =  57451.37 N/M**2
     SIDESLIP =       0.00 DEG                   ROLL =      0.00 DEG     
     REF AREA =      0.001 M**2         MOMENT CENTER =     0.198 M
     REF LENGTH =     0.60 M           LAT REF LENGTH =      0.60 M

    SINGLE FIN PANEL ZERO-LIFT AXIAL FORCE COMPONENTS

    SKIN FRICTION        0.0121
    SUBSONIC PRESSURE    0.0010
    TRANSONIC WAVE       0.0144
    SUPERSONIC WAVE      0.0000
    LEADING EDGE         0.0000
    TRAILING EDGE        0.0000
    TOTAL CAO            0.0275

    FIN AXIAL FORCE DUE TO ANGLE OF ATTACK

    ALPHA      CA DUE TO LIFT (SINGLE PANEL)   CA-TOTAL (8 FINS)

     -10.00              0.0000                      0.2166
      -8.00              0.0000                      0.2178
      -6.00              0.0000                      0.2188
      -4.00              0.0000                      0.2194
      -2.00              0.0000                      0.2198
       0.00              0.0000                      0.2200
       2.00              0.0000                      0.2198
       4.00              0.0000                      0.2194
       6.00              0.0000                      0.2188
       8.00              0.0000                      0.2178
      10.00              0.0000                      0.2166
1         ***** THE USAF AUTOMATED MISSILE DATCOM * REV 3/99 *****     CASE   1
               AERODYNAMIC METHODS FOR MISSILE CONFIGURATIONS          PAGE  28
                       FIN SET 1 CN, CM PARTIAL OUTPUT

       ******* FLIGHT CONDITIONS AND REFERENCE QUANTITIES *******
     MACH NO  =       0.90                REYNOLDS NO = 2.087E+07 /M
     ALTITUDE =        0.0 M         DYNAMIC PRESSURE =  57451.37 N/M**2
     SIDESLIP =       0.00 DEG                   ROLL =      0.00 DEG     
     REF AREA =      0.001 M**2         MOMENT CENTER =     0.198 M
     REF LENGTH =     0.60 M           LAT REF LENGTH =      0.60 M

    NORMAL FORCE SLOPE AT ALPHA ZERO, CNA =    0.00485/DEG (1 PANEL)
         CENTER OF PRESSURE FOR LINEAR CN =   -0.42667 (CALIBERS FROM C.G.)
     CENTER OF PRESSURE FOR NON-LINEAR CN =   -0.50333 (CALIBERS FROM C.G.)

      ALPHA      CN        CN        CN        CM        CM        CM
               LINEAR  NON-LINEAR  TOTAL     LINEAR  NON-LINEAR  TOTAL

     -10.00   -0.1914   -0.3902   -0.5816    0.0817    0.1964    0.2781
      -8.00   -0.1538   -0.2505   -0.4043    0.0656    0.1261    0.1917
      -6.00   -0.1158   -0.1412   -0.2570    0.0494    0.0711    0.1205
      -4.00   -0.0774   -0.0628   -0.1402    0.0330    0.0316    0.0646
      -2.00   -0.0387   -0.0157   -0.0545    0.0165    0.0079    0.0244
       0.00    0.0000    0.0000    0.0000    0.0000    0.0000    0.0000
       2.00    0.0387    0.0157    0.0545   -0.0165   -0.0079   -0.0244
       4.00    0.0774    0.0628    0.1402   -0.0330   -0.0316   -0.0646
       6.00    0.1158    0.1412    0.2570   -0.0494   -0.0711   -0.1205
       8.00    0.1538    0.2505    0.4043   -0.0656   -0.1261   -0.1917
      10.00    0.1914    0.3902    0.5816   -0.0817   -0.1964   -0.2781
1         ***** THE USAF AUTOMATED MISSILE DATCOM * REV 3/99 *****     CASE   1
               AERODYNAMIC METHODS FOR MISSILE CONFIGURATIONS          PAGE  29
                 AERODYNAMIC FORCE AND MOMENT SYNTHESIS

       ******* FLIGHT CONDITIONS AND REFERENCE QUANTITIES *******
     MACH NO  =       0.90                REYNOLDS NO = 2.087E+07 /M
     ALTITUDE =        0.0 M         DYNAMIC PRESSURE =  57451.37 N/M**2
     SIDESLIP =       0.00 DEG                   ROLL =      0.00 DEG     
     REF AREA =      0.001 M**2         MOMENT CENTER =     0.198 M
     REF LENGTH =     0.60 M           LAT REF LENGTH =      0.60 M

          ---------------FIN SET 1 IN PRESENCE OF THE BODY----------------

      ALPHA       CN         CM         CA         CY         CLN        CLL

     -10.00    -1.0714     0.4571     0.2227    -0.0039     0.0017    -0.0057
      -8.00    -0.7803     0.3329     0.2223    -0.0021     0.0009    -0.0050
      -6.00    -0.5130     0.2189     0.2219    -0.0007     0.0003    -0.0042
      -4.00    -0.2794     0.1192     0.2215    -0.0001     0.0001    -0.0033
      -2.00    -0.1060     0.0452     0.2210     0.0000     0.0000    -0.0023
       0.00     0.0000     0.0000     0.2207     0.0000     0.0000    -0.0016
       2.00     0.1060    -0.0452     0.2210     0.0000     0.0000    -0.0023
       4.00     0.2794    -0.1192     0.2215     0.0001    -0.0001    -0.0033
       6.00     0.5130    -0.2189     0.2219     0.0007    -0.0003    -0.0042
       8.00     0.7803    -0.3329     0.2223     0.0021    -0.0009    -0.0050
      10.00     1.0714    -0.4571     0.2227     0.0039    -0.0017    -0.0057
1         ***** THE USAF AUTOMATED MISSILE DATCOM * REV 3/99 *****     CASE   1
               AERODYNAMIC METHODS FOR MISSILE CONFIGURATIONS          PAGE  30
                 AERODYNAMIC FORCE AND MOMENT SYNTHESIS

       ******* FLIGHT CONDITIONS AND REFERENCE QUANTITIES *******
     MACH NO  =       0.90                REYNOLDS NO = 2.087E+07 /M
     ALTITUDE =        0.0 M         DYNAMIC PRESSURE =  57451.37 N/M**2
     SIDESLIP =       0.00 DEG                   ROLL =      0.00 DEG     
     REF AREA =      0.001 M**2         MOMENT CENTER =     0.198 M
     REF LENGTH =     0.60 M           LAT REF LENGTH =      0.60 M

          ---------------FIN SET 1 PANEL CHARACTERISTICS------------------

      ALPHA      PANEL    AEQ (PANEL AXIS SYS.)    PANEL CN

     -10.00        1              0.5778           0.0035
     -10.00        2            -10.7036          -0.1618
     -10.00        3            -14.8409          -0.2797
     -10.00        4             -8.6905          -0.1151
     -10.00        5              0.8756           0.0054
     -10.00        6             10.9662           0.1684
     -10.00        7             16.5835           0.3378
     -10.00        8             12.0443           0.1968
 
      -8.00        1              0.6328           0.0038
      -8.00        2             -8.5198          -0.1114
      -8.00        3            -11.9955          -0.1955
      -8.00        4             -7.4871          -0.0906
      -8.00        5              0.9916           0.0061
      -8.00        6              9.5994           0.1353
      -8.00        7             13.7286           0.2452
      -8.00        8              9.9296           0.1430
 
      -6.00        1              0.6890           0.0042
      -6.00        2             -6.2614          -0.0685
      -6.00        3             -8.9803          -0.1213
      -6.00        4             -5.9058          -0.0626
      -6.00        5              1.0234           0.0063
      -6.00        6              7.8841           0.0984
      -6.00        7             10.7070           0.1619
      -6.00        8              7.7450           0.0956
 
      -4.00        1              0.7462           0.0045
      -4.00        2             -3.9291          -0.0341
      -4.00        3             -5.7833          -0.0606
      -4.00        4             -3.7654          -0.0321
      -4.00        5              0.9793           0.0061
      -4.00        6              5.6546           0.0586
      -4.00        7              7.5088           0.0910
      -4.00        8              5.4909           0.0560
 
      -2.00        1              0.8042           0.0049
      -2.00        2             -1.5484          -0.0100
      -2.00        3             -2.4867          -0.0180
      -2.00        4             -1.4657          -0.0094
      -2.00        5              0.9213           0.0057
      -2.00        6              3.2739           0.0263
      -2.00        7              4.2122           0.0378
      -2.00        8              3.1912           0.0253
 
       0.00        1              0.8628           0.0053
       0.00        2              0.8628           0.0053
       0.00        3              0.8628           0.0053
       0.00        4              0.8628           0.0053
       0.00        5              0.8628           0.0053
       0.00        6              0.8628           0.0053
       0.00        7              0.8628           0.0053
       0.00        8              0.8628           0.0053
 
       2.00        1              0.9213           0.0057
       2.00        2              3.2739           0.0263
       2.00        3              4.2122           0.0378
       2.00        4              3.1912           0.0253
       2.00        5              0.8042           0.0049
       2.00        6             -1.5484          -0.0100
       2.00        7             -2.4867          -0.0180
       2.00        8             -1.4657          -0.0094
 
       4.00        1              0.9793           0.0061
       4.00        2              5.6546           0.0586
       4.00        3              7.5088           0.0910
       4.00        4              5.4909           0.0560
       4.00        5              0.7462           0.0045
       4.00        6             -3.9291          -0.0341
       4.00        7             -5.7833          -0.0606
       4.00        8             -3.7654          -0.0321
 
       6.00        1              1.0234           0.0063
       6.00        2              7.8841           0.0984
       6.00        3             10.7070           0.1619
       6.00        4              7.7450           0.0956
       6.00        5              0.6890           0.0042
       6.00        6             -6.2614          -0.0685
       6.00        7             -8.9803          -0.1213
       6.00        8             -5.9058          -0.0626
 
       8.00        1              0.9916           0.0061
       8.00        2              9.5994           0.1353
       8.00        3             13.7286           0.2452
       8.00        4              9.9296           0.1430
       8.00        5              0.6328           0.0038
       8.00        6             -8.5198          -0.1114
       8.00        7            -11.9955          -0.1955
       8.00        8             -7.4871          -0.0906
 
      10.00        1              0.8756           0.0054
      10.00        2             10.9662           0.1684
      10.00        3             16.5835           0.3378
      10.00        4             12.0443           0.1968
      10.00        5              0.5778           0.0035
      10.00        6            -10.7036          -0.1618
      10.00        7            -14.8409          -0.2797
      10.00        8             -8.6905          -0.1151
 
1         ***** THE USAF AUTOMATED MISSILE DATCOM * REV 3/99 *****     CASE   1
               AERODYNAMIC METHODS FOR MISSILE CONFIGURATIONS          PAGE  31
                 AERODYNAMIC FORCE AND MOMENT SYNTHESIS

       ******* FLIGHT CONDITIONS AND REFERENCE QUANTITIES *******
     MACH NO  =       0.90                REYNOLDS NO = 2.087E+07 /M
     ALTITUDE =        0.0 M         DYNAMIC PRESSURE =  57451.37 N/M**2
     SIDESLIP =       0.00 DEG                   ROLL =      0.00 DEG     
     REF AREA =      0.001 M**2         MOMENT CENTER =     0.198 M
     REF LENGTH =     0.60 M           LAT REF LENGTH =      0.60 M

             CARRYOVER INTERFERENCE FACTORS - FIN SET 1

      ALPHA   K-W(B)   K-B(W)  KK-W(B)  KK-B(W)  XCP-W(B) XCP-B(W) Y-CP/(B/2)

     -10.00   1.6243   1.1241   0.9535   0.6600   0.4267   0.4200   0.4498
      -8.00   1.6402   1.1241   0.9535   0.6600   0.4267   0.4200   0.4598
      -6.00   1.6545   1.1241   0.9535   0.6600   0.4267   0.4200   0.4685
      -4.00   1.6668   1.1241   0.9535   0.6600   0.4267   0.4200   0.4759
      -2.00   1.6765   1.1241   0.9535   0.6600   0.4267   0.4200   0.4816
       0.00   1.6818   1.1241   0.9535   0.6600   0.4267   0.4200   0.4853
       2.00   1.6765   1.1241   0.9535   0.6600   0.4267   0.4200   0.4845
       4.00   1.6668   1.1241   0.9535   0.6600   0.4267   0.4200   0.4803
       6.00   1.6545   1.1241   0.9535   0.6600   0.4267   0.4200   0.4747
       8.00   1.6402   1.1241   0.9535   0.6600   0.4267   0.4200   0.4695
      10.00   1.6243   1.1241   0.9535   0.6600   0.4267   0.4200   0.4649

    NOTE - XCP-W(B) USED FOR STABILITY ONLY DIFFERENT VALUES USED FOR HINGE MOMENTS
1         ***** THE USAF AUTOMATED MISSILE DATCOM * REV 3/99 *****     CASE   1
               AERODYNAMIC METHODS FOR MISSILE CONFIGURATIONS          PAGE  32
        FIN SET 1 PANEL BENDING MOMENTS (ABOUT EXPOSED ROOT CHORD)

       ******* FLIGHT CONDITIONS AND REFERENCE QUANTITIES *******
     MACH NO  =       0.90                REYNOLDS NO = 2.087E+07 /M
     ALTITUDE =        0.0 M         DYNAMIC PRESSURE =  57451.37 N/M**2
     SIDESLIP =       0.00 DEG                   ROLL =      0.00 DEG     
     REF AREA =      0.001 M**2         MOMENT CENTER =     0.198 M
     REF LENGTH =     0.60 M           LAT REF LENGTH =      0.60 M

   ALPHA   PANL 1   PANL 2   PANL 3   PANL 4   PANL 5   PANL 6   PANL 7   PANL 8
 
   -10.0  2.49E-05 -1.15E-03 -1.99E-03 -8.19E-04  3.83E-05  1.20E-03  2.41E-03  1.40E-03
    -8.0  2.79E-05 -8.11E-04 -1.42E-03 -6.60E-04  4.46E-05  9.85E-04  1.79E-03  1.04E-03
    -6.0  3.11E-05 -5.08E-04 -9.00E-04 -4.64E-04  4.71E-05  7.30E-04  1.20E-03  7.09E-04
    -4.0  3.43E-05 -2.57E-04 -4.57E-04 -2.42E-04  4.56E-05  4.41E-04  6.86E-04  4.22E-04
    -2.0  3.75E-05 -7.65E-05 -1.37E-04 -7.18E-05  4.32E-05  2.00E-04  2.88E-04  1.93E-04
     0.0  4.07E-05  4.07E-05  4.07E-05  4.07E-05  4.07E-05  4.07E-05  4.07E-05  4.07E-05
     2.0  4.35E-05  2.02E-04  2.90E-04  1.94E-04  3.77E-05 -7.69E-05 -1.38E-04 -7.22E-05
     4.0  4.60E-05  4.45E-04  6.92E-04  4.26E-04  3.46E-05 -2.60E-04 -4.61E-04 -2.44E-04
     6.0  4.77E-05  7.39E-04  1.22E-03  7.19E-04  3.15E-05 -5.15E-04 -9.12E-04 -4.70E-04
     8.0  4.56E-05  1.01E-03  1.82E-03  1.06E-03  2.85E-05 -8.28E-04 -1.45E-03 -6.74E-04
    10.0  3.96E-05  1.24E-03  2.49E-03  1.45E-03  2.57E-05 -1.19E-03 -2.06E-03 -8.47E-04
1         ***** THE USAF AUTOMATED MISSILE DATCOM * REV 3/99 *****     CASE   1
               AERODYNAMIC METHODS FOR MISSILE CONFIGURATIONS          PAGE  33
            FIN SET 1 PANEL HINGE MOMENTS (ABOUT HINGE LINE)

       ******* FLIGHT CONDITIONS AND REFERENCE QUANTITIES *******
     MACH NO  =       0.90                REYNOLDS NO = 2.087E+07 /M
     ALTITUDE =        0.0 M         DYNAMIC PRESSURE =  57451.37 N/M**2
     SIDESLIP =       0.00 DEG                   ROLL =      0.00 DEG     
     REF AREA =      0.001 M**2         MOMENT CENTER =     0.198 M
     REF LENGTH =     0.60 M           LAT REF LENGTH =      0.60 M

   ALPHA   PANL 1   PANL 2   PANL 3   PANL 4   PANL 5   PANL 6   PANL 7   PANL 8
 
   -10.0  6.22E-04 -2.77E-02 -4.64E-02 -1.99E-02  9.56E-04  2.87E-02  5.52E-02  3.34E-02
    -8.0  6.83E-04 -1.93E-02 -3.31E-02 -1.58E-02  1.09E-03  2.33E-02  4.10E-02  2.46E-02
    -6.0  7.45E-04 -1.20E-02 -2.10E-02 -1.10E-02  1.13E-03  1.71E-02  2.77E-02  1.66E-02
    -4.0  8.09E-04 -6.03E-03 -1.06E-02 -5.67E-03  1.08E-03  1.03E-02  1.58E-02  9.83E-03
    -2.0  8.75E-04 -1.78E-03 -3.19E-03 -1.67E-03  1.01E-03  4.65E-03  6.66E-03  4.49E-03
     0.0  9.41E-04  9.41E-04  9.41E-04  9.41E-04  9.41E-04  9.41E-04  9.41E-04  9.41E-04
     2.0  1.01E-03  4.65E-03  6.66E-03  4.49E-03  8.75E-04 -1.78E-03 -3.19E-03 -1.67E-03
     4.0  1.08E-03  1.03E-02  1.58E-02  9.83E-03  8.09E-04 -6.03E-03 -1.06E-02 -5.67E-03
     6.0  1.13E-03  1.71E-02  2.77E-02  1.66E-02  7.45E-04 -1.20E-02 -2.10E-02 -1.10E-02
     8.0  1.09E-03  2.33E-02  4.10E-02  2.46E-02  6.83E-04 -1.93E-02 -3.31E-02 -1.58E-02
    10.0  9.56E-04  2.87E-02  5.52E-02  3.34E-02  6.22E-04 -2.77E-02 -4.64E-02 -1.99E-02
1         ***** THE USAF AUTOMATED MISSILE DATCOM * REV 3/99 *****     CASE   1
               AERODYNAMIC METHODS FOR MISSILE CONFIGURATIONS          PAGE  34
                   STATIC AERODYNAMICS FOR BODY-FIN SET 1

       ******* FLIGHT CONDITIONS AND REFERENCE QUANTITIES *******
     MACH NO  =       0.90                REYNOLDS NO = 2.087E+07 /M
     ALTITUDE =        0.0 M         DYNAMIC PRESSURE =  57451.37 N/M**2
     SIDESLIP =       0.00 DEG                   ROLL =      0.00 DEG     
     REF AREA =      0.001 M**2         MOMENT CENTER =     0.198 M
     REF LENGTH =     0.60 M           LAT REF LENGTH =      0.60 M

                   ----- LONGITUDINAL -----     -- LATERAL DIRECTIONAL --
         ALPHA       CN        CM        CA        CY       CLN       CLL

        -10.00    -2.666     0.818     0.544    -0.007     0.003    -0.006
         -8.00    -1.936     0.584     0.547    -0.003     0.001    -0.005
         -6.00    -1.282     0.376     0.548    -0.001     0.000    -0.004
         -4.00    -0.719     0.199     0.548     0.000     0.000    -0.003
         -2.00    -0.288     0.073     0.548     0.000     0.000    -0.002
          0.00     0.000     0.000     0.548     0.000     0.000    -0.002
          2.00     0.288    -0.073     0.548     0.000     0.000    -0.002
          4.00     0.719    -0.199     0.548     0.000     0.000    -0.003
          6.00     1.282    -0.376     0.548     0.001     0.000    -0.004
          8.00     1.936    -0.584     0.547     0.003    -0.001    -0.005
         10.00     2.666    -0.818     0.544     0.007    -0.003    -0.006

         ALPHA       CL        CD      CL/CD     X-C.P.

        -10.00    -2.531     0.999    -2.534    -0.307
         -8.00    -1.841     0.811    -2.270    -0.302
         -6.00    -1.218     0.679    -1.793    -0.293
         -4.00    -0.679     0.597    -1.136    -0.277
         -2.00    -0.269     0.558    -0.482    -0.252
          0.00     0.000     0.548     0.000    -0.424
          2.00     0.269     0.558     0.482    -0.252
          4.00     0.679     0.597     1.136    -0.277
          6.00     1.218     0.679     1.793    -0.293
          8.00     1.841     0.811     2.270    -0.302
         10.00     2.531     0.999     2.534    -0.307

    X-C.P. MEAS. FROM MOMENT CENTER IN REF. LENGTHS, NEG. AFT OF MOMENT CENTER
1         ***** THE USAF AUTOMATED MISSILE DATCOM * REV 3/99 *****     CASE   1
               AERODYNAMIC METHODS FOR MISSILE CONFIGURATIONS          PAGE  35
                   STATIC AERODYNAMICS FOR BODY-FIN SET 1

       ******* FLIGHT CONDITIONS AND REFERENCE QUANTITIES *******
     MACH NO  =       0.90                REYNOLDS NO = 2.087E+07 /M
     ALTITUDE =        0.0 M         DYNAMIC PRESSURE =  57451.37 N/M**2
     SIDESLIP =       0.00 DEG                   ROLL =      0.00 DEG     
     REF AREA =      0.001 M**2         MOMENT CENTER =     0.198 M
     REF LENGTH =     0.60 M           LAT REF LENGTH =      0.60 M

                   ---------- DERIVATIVES (PER DEGREE) ----------
         ALPHA       CNA         CMA         CYB         CLNB        CLLB
        -10.00      0.3842     -0.1234     -0.2611      0.0798      0.0003
         -8.00      0.3459     -0.1106     -0.2367      0.0709      0.0001
         -6.00      0.3041     -0.0962     -0.2087      0.0606      0.0000
         -4.00      0.2481     -0.0758     -0.1794      0.0497     -0.0001
         -2.00      0.1795     -0.0498     -0.1481      0.0379     -0.0001
          0.00      0.1442     -0.0364     -0.1309      0.0311     -0.0002
          2.00      0.1795     -0.0498     -0.1482      0.0379     -0.0001
          4.00      0.2481     -0.0758     -0.1800      0.0499     -0.0001
          6.00      0.3041     -0.0962     -0.2087      0.0606     -0.0001
          8.00      0.3459     -0.1106     -0.2336      0.0696     -0.0002
         10.00      0.3842     -0.1234     -0.2563      0.0777     -0.0003

    PANEL DEFLECTION ANGLES (DEGREES)
    SET    FIN 1   FIN 2   FIN 3   FIN 4   FIN 5   FIN 6   FIN 7   FIN 8
      1    1.00    1.00    1.00    1.00    1.00    1.00    1.00    1.00
1         ***** THE USAF AUTOMATED MISSILE DATCOM * REV 3/99 *****     CASE   1
               AERODYNAMIC METHODS FOR MISSILE CONFIGURATIONS          PAGE  36
                             BODY ALONE PARTIAL OUTPUT

       ******* FLIGHT CONDITIONS AND REFERENCE QUANTITIES *******
     MACH NO  =       1.10                REYNOLDS NO = 2.550E+07 /M
     ALTITUDE =        0.0 M         DYNAMIC PRESSURE =  85822.41 N/M**2
     SIDESLIP =       0.00 DEG                   ROLL =      0.00 DEG     
     REF AREA =      0.001 M**2         MOMENT CENTER =     0.198 M
     REF LENGTH =     0.60 M           LAT REF LENGTH =      0.60 M

      ALPHA    CA-FRIC  CA-PRES/WAVE CA-BASE    CA-PROT     CA-SEP     CA-ALP
     -10.00     0.1586     0.0942     0.2013                           0.0013
      -8.00     0.1603     0.0952     0.2021                           0.0016
      -6.00     0.1617     0.0961     0.2027                           0.0012
      -4.00     0.1627     0.0966     0.2031                           0.0006
      -2.00     0.1633     0.0970     0.2032                           0.0002
       0.00     0.1635     0.0971     0.2030                           0.0000
       2.00     0.1633     0.0970     0.2032                           0.0002
       4.00     0.1627     0.0966     0.2031                           0.0006
       6.00     0.1617     0.0961     0.2027                           0.0012
       8.00     0.1603     0.0952     0.2021                           0.0016
      10.00     0.1586     0.0942     0.2013                           0.0013

                     CROSS FLOW DRAG PROPORTIONALITY FACTOR = 0.97103

      ALPHA    CN-POTEN  CN-VISC   CN-SEP    CM-POTEN  CM-VISC   CM-SEP    CDC
     -10.00    -0.529    -0.502              -0.016     0.099             0.857
      -8.00    -0.427    -0.314              -0.013     0.062             0.834
      -6.00    -0.322    -0.172              -0.010     0.034             0.810
      -4.00    -0.216    -0.074              -0.007     0.015             0.787
      -2.00    -0.108    -0.018              -0.003     0.004             0.764
       0.00     0.000     0.000               0.000     0.000             0.740
       2.00     0.108     0.018               0.003    -0.004             0.764
       4.00     0.216     0.074               0.007    -0.015             0.787
       6.00     0.322     0.172               0.010    -0.034             0.810
       8.00     0.427     0.314               0.013    -0.062             0.834
      10.00     0.529     0.502               0.016    -0.099             0.857
1         ***** THE USAF AUTOMATED MISSILE DATCOM * REV 3/99 *****     CASE   1
               AERODYNAMIC METHODS FOR MISSILE CONFIGURATIONS          PAGE  37
                        FIN SET 1 CA PARTIAL OUTPUT

       ******* FLIGHT CONDITIONS AND REFERENCE QUANTITIES *******
     MACH NO  =       1.10                REYNOLDS NO = 2.550E+07 /M
     ALTITUDE =        0.0 M         DYNAMIC PRESSURE =  85822.41 N/M**2
     SIDESLIP =       0.00 DEG                   ROLL =      0.00 DEG     
     REF AREA =      0.001 M**2         MOMENT CENTER =     0.198 M
     REF LENGTH =     0.60 M           LAT REF LENGTH =      0.60 M

    SINGLE FIN PANEL ZERO-LIFT AXIAL FORCE COMPONENTS

    SKIN FRICTION        0.0114
    SUBSONIC PRESSURE    0.0005
    TRANSONIC WAVE       0.0000
    SUPERSONIC WAVE      0.0260
    LEADING EDGE         0.0000
    TRAILING EDGE        0.0000
    TOTAL CAO            0.0379

    FIN AXIAL FORCE DUE TO ANGLE OF ATTACK

    ALPHA      CA DUE TO LIFT (SINGLE PANEL)   CA-TOTAL (8 FINS)

     -10.00              0.0000                      0.2983
      -8.00              0.0000                      0.3000
      -6.00              0.0000                      0.3013
      -4.00              0.0000                      0.3022
      -2.00              0.0000                      0.3027
       0.00              0.0000                      0.3029
       2.00              0.0000                      0.3027
       4.00              0.0000                      0.3022
       6.00              0.0000                      0.3013
       8.00              0.0000                      0.3000
      10.00              0.0000                      0.2983
1         ***** THE USAF AUTOMATED MISSILE DATCOM * REV 3/99 *****     CASE   1
               AERODYNAMIC METHODS FOR MISSILE CONFIGURATIONS          PAGE  38
                       FIN SET 1 CN, CM PARTIAL OUTPUT

       ******* FLIGHT CONDITIONS AND REFERENCE QUANTITIES *******
     MACH NO  =       1.10                REYNOLDS NO = 2.550E+07 /M
     ALTITUDE =        0.0 M         DYNAMIC PRESSURE =  85822.41 N/M**2
     SIDESLIP =       0.00 DEG                   ROLL =      0.00 DEG     
     REF AREA =      0.001 M**2         MOMENT CENTER =     0.198 M
     REF LENGTH =     0.60 M           LAT REF LENGTH =      0.60 M

    NORMAL FORCE SLOPE AT ALPHA ZERO, CNA =    0.00492/DEG (1 PANEL)
         CENTER OF PRESSURE FOR LINEAR CN =   -0.51000 (CALIBERS FROM C.G.)
     CENTER OF PRESSURE FOR NON-LINEAR CN =   -0.50333 (CALIBERS FROM C.G.)

      ALPHA      CN        CN        CN        CM        CM        CM
               LINEAR  NON-LINEAR  TOTAL     LINEAR  NON-LINEAR  TOTAL

     -10.00   -0.1942   -0.2777   -0.4719    0.0991    0.1398    0.2388
      -8.00   -0.1561   -0.1784   -0.3345    0.0796    0.0898    0.1694
      -6.00   -0.1175   -0.1006   -0.2181    0.0599    0.0506    0.1106
      -4.00   -0.0785   -0.0448   -0.1233    0.0401    0.0225    0.0626
      -2.00   -0.0393   -0.0112   -0.0505    0.0201    0.0056    0.0257
       0.00    0.0000    0.0000    0.0000    0.0000    0.0000    0.0000
       2.00    0.0393    0.0112    0.0505   -0.0201   -0.0056   -0.0257
       4.00    0.0785    0.0448    0.1233   -0.0401   -0.0225   -0.0626
       6.00    0.1175    0.1006    0.2181   -0.0599   -0.0506   -0.1106
       8.00    0.1561    0.1784    0.3345   -0.0796   -0.0898   -0.1694
      10.00    0.1942    0.2777    0.4719   -0.0991   -0.1398   -0.2388
1         ***** THE USAF AUTOMATED MISSILE DATCOM * REV 3/99 *****     CASE   1
               AERODYNAMIC METHODS FOR MISSILE CONFIGURATIONS          PAGE  39
                 AERODYNAMIC FORCE AND MOMENT SYNTHESIS

       ******* FLIGHT CONDITIONS AND REFERENCE QUANTITIES *******
     MACH NO  =       1.10                REYNOLDS NO = 2.550E+07 /M
     ALTITUDE =        0.0 M         DYNAMIC PRESSURE =  85822.41 N/M**2
     SIDESLIP =       0.00 DEG                   ROLL =      0.00 DEG     
     REF AREA =      0.001 M**2         MOMENT CENTER =     0.198 M
     REF LENGTH =     0.60 M           LAT REF LENGTH =      0.60 M

          ---------------FIN SET 1 IN PRESENCE OF THE BODY----------------

      ALPHA       CN         CM         CA         CY         CLN        CLL

     -10.00    -0.8397     0.4282     0.3050    -0.0028     0.0014    -0.0044
      -8.00    -0.6235     0.3180     0.3047    -0.0015     0.0007    -0.0039
      -6.00    -0.4205     0.2145     0.3045    -0.0005     0.0002    -0.0034
      -4.00    -0.2374     0.1211     0.3042    -0.0001     0.0000    -0.0028
      -2.00    -0.0951     0.0485     0.3038     0.0000     0.0000    -0.0020
       0.00     0.0000     0.0000     0.3036     0.0000     0.0000    -0.0015
       2.00     0.0951    -0.0485     0.3038     0.0000     0.0000    -0.0020
       4.00     0.2374    -0.1211     0.3042     0.0001     0.0000    -0.0028
       6.00     0.4205    -0.2145     0.3045     0.0005    -0.0002    -0.0034
       8.00     0.6235    -0.3180     0.3047     0.0015    -0.0007    -0.0039
      10.00     0.8397    -0.4282     0.3050     0.0028    -0.0014    -0.0044
1         ***** THE USAF AUTOMATED MISSILE DATCOM * REV 3/99 *****     CASE   1
               AERODYNAMIC METHODS FOR MISSILE CONFIGURATIONS          PAGE  40
                 AERODYNAMIC FORCE AND MOMENT SYNTHESIS

       ******* FLIGHT CONDITIONS AND REFERENCE QUANTITIES *******
     MACH NO  =       1.10                REYNOLDS NO = 2.550E+07 /M
     ALTITUDE =        0.0 M         DYNAMIC PRESSURE =  85822.41 N/M**2
     SIDESLIP =       0.00 DEG                   ROLL =      0.00 DEG     
     REF AREA =      0.001 M**2         MOMENT CENTER =     0.198 M
     REF LENGTH =     0.60 M           LAT REF LENGTH =      0.60 M

          ---------------FIN SET 1 PANEL CHARACTERISTICS------------------

      ALPHA      PANEL    AEQ (PANEL AXIS SYS.)    PANEL CN

     -10.00        1              0.5842           0.0034
     -10.00        2            -10.6422          -0.1292
     -10.00        3            -14.7548          -0.2174
     -10.00        4             -8.5734          -0.0925
     -10.00        5              0.8920           0.0052
     -10.00        6             10.8636           0.1335
     -10.00        7             16.5079           0.2608
     -10.00        8             11.9948           0.1561
 
      -8.00        1              0.6387           0.0037
      -8.00        2             -8.4818          -0.0910
      -8.00        3            -11.9435          -0.1550
      -8.00        4             -7.4265          -0.0745
      -8.00        5              1.0008           0.0059
      -8.00        6              9.5501           0.1092
      -8.00        7             13.6867           0.1927
      -8.00        8              9.9027           0.1155
 
      -6.00        1              0.6944           0.0040
      -6.00        2             -6.2400          -0.0576
      -6.00        3             -8.9526          -0.0988
      -6.00        4             -5.8815          -0.0529
      -6.00        5              1.0288           0.0061
      -6.00        6              7.8695           0.0812
      -6.00        7             10.6893           0.1301
      -6.00        8              7.7342           0.0791
 
      -4.00        1              0.7514           0.0044
      -4.00        2             -3.9181          -0.0299
      -4.00        3             -5.7700          -0.0514
      -4.00        4             -3.7546          -0.0283
      -4.00        5              0.9841           0.0058
      -4.00        6              5.6536           0.0499
      -4.00        7              7.5054           0.0757
      -4.00        8              5.4901           0.0479
 
      -2.00        1              0.8092           0.0047
      -2.00        2             -1.5423          -0.0094
      -2.00        3             -2.4802          -0.0164
      -2.00        4             -1.4597          -0.0088
      -2.00        5              0.9263           0.0054
      -2.00        6              3.2778           0.0235
      -2.00        7              4.2157           0.0331
      -2.00        8              3.1952           0.0228
 
       0.00        1              0.8677           0.0051
       0.00        2              0.8677           0.0051
       0.00        3              0.8677           0.0051
       0.00        4              0.8677           0.0051
       0.00        5              0.8677           0.0051
       0.00        6              0.8677           0.0051
       0.00        7              0.8677           0.0051
       0.00        8              0.8677           0.0051
 
       2.00        1              0.9263           0.0054
       2.00        2              3.2778           0.0235
       2.00        3              4.2157           0.0331
       2.00        4              3.1952           0.0228
       2.00        5              0.8092           0.0047
       2.00        6             -1.5423          -0.0094
       2.00        7             -2.4802          -0.0164
       2.00        8             -1.4597          -0.0088
 
       4.00        1              0.9841           0.0058
       4.00        2              5.6536           0.0499
       4.00        3              7.5054           0.0757
       4.00        4              5.4901           0.0479
       4.00        5              0.7514           0.0044
       4.00        6             -3.9181          -0.0299
       4.00        7             -5.7700          -0.0514
       4.00        8             -3.7546          -0.0283
 
       6.00        1              1.0288           0.0061
       6.00        2              7.8695           0.0812
       6.00        3             10.6893           0.1301
       6.00        4              7.7342           0.0791
       6.00        5              0.6944           0.0040
       6.00        6             -6.2400          -0.0576
       6.00        7             -8.9526          -0.0988
       6.00        8             -5.8815          -0.0529
 
       8.00        1              1.0008           0.0059
       8.00        2              9.5501           0.1092
       8.00        3             13.6867           0.1927
       8.00        4              9.9027           0.1155
       8.00        5              0.6387           0.0037
       8.00        6             -8.4818          -0.0910
       8.00        7            -11.9435          -0.1550
       8.00        8             -7.4265          -0.0745
 
      10.00        1              0.8920           0.0052
      10.00        2             10.8636           0.1335
      10.00        3             16.5079           0.2608
      10.00        4             11.9948           0.1561
      10.00        5              0.5842           0.0034
      10.00        6            -10.6422          -0.1292
      10.00        7            -14.7548          -0.2174
      10.00        8             -8.5734          -0.0925
 
1         ***** THE USAF AUTOMATED MISSILE DATCOM * REV 3/99 *****     CASE   1
               AERODYNAMIC METHODS FOR MISSILE CONFIGURATIONS          PAGE  41
                 AERODYNAMIC FORCE AND MOMENT SYNTHESIS

       ******* FLIGHT CONDITIONS AND REFERENCE QUANTITIES *******
     MACH NO  =       1.10                REYNOLDS NO = 2.550E+07 /M
     ALTITUDE =        0.0 M         DYNAMIC PRESSURE =  85822.41 N/M**2
     SIDESLIP =       0.00 DEG                   ROLL =      0.00 DEG     
     REF AREA =      0.001 M**2         MOMENT CENTER =     0.198 M
     REF LENGTH =     0.60 M           LAT REF LENGTH =      0.60 M

             CARRYOVER INTERFERENCE FACTORS - FIN SET 1

      ALPHA   K-W(B)   K-B(W)  KK-W(B)  KK-B(W)  XCP-W(B) XCP-B(W) Y-CP/(B/2)

     -10.00   1.6165   1.1241   0.9535   0.6600   0.5100   0.4200   0.4439
      -8.00   1.6344   1.1241   0.9535   0.6600   0.5100   0.4200   0.4499
      -6.00   1.6507   1.1241   0.9535   0.6600   0.5100   0.4200   0.4553
      -4.00   1.6647   1.1241   0.9535   0.6600   0.5100   0.4200   0.4600
      -2.00   1.6757   1.1241   0.9535   0.6600   0.5100   0.4200   0.4637
       0.00   1.6818   1.1241   0.9535   0.6600   0.5100   0.4200   0.4663
       2.00   1.6757   1.1241   0.9535   0.6600   0.5100   0.4200   0.4658
       4.00   1.6647   1.1241   0.9535   0.6600   0.5100   0.4200   0.4629
       6.00   1.6507   1.1241   0.9535   0.6600   0.5100   0.4200   0.4592
       8.00   1.6344   1.1241   0.9535   0.6600   0.5100   0.4200   0.4560
      10.00   1.6165   1.1241   0.9535   0.6600   0.5100   0.4200   0.4533

    NOTE - XCP-W(B) USED FOR STABILITY ONLY DIFFERENT VALUES USED FOR HINGE MOMENTS
1         ***** THE USAF AUTOMATED MISSILE DATCOM * REV 3/99 *****     CASE   1
               AERODYNAMIC METHODS FOR MISSILE CONFIGURATIONS          PAGE  42
        FIN SET 1 PANEL BENDING MOMENTS (ABOUT EXPOSED ROOT CHORD)

       ******* FLIGHT CONDITIONS AND REFERENCE QUANTITIES *******
     MACH NO  =       1.10                REYNOLDS NO = 2.550E+07 /M
     ALTITUDE =        0.0 M         DYNAMIC PRESSURE =  85822.41 N/M**2
     SIDESLIP =       0.00 DEG                   ROLL =      0.00 DEG     
     REF AREA =      0.001 M**2         MOMENT CENTER =     0.198 M
     REF LENGTH =     0.60 M           LAT REF LENGTH =      0.60 M

   ALPHA   PANL 1   PANL 2   PANL 3   PANL 4   PANL 5   PANL 6   PANL 7   PANL 8
 
   -10.0  2.37E-05 -9.08E-04 -1.53E-03 -6.50E-04  3.66E-05  9.38E-04  1.83E-03  1.10E-03
    -8.0  2.63E-05 -6.48E-04 -1.10E-03 -5.30E-04  4.19E-05  7.78E-04  1.37E-03  8.23E-04
    -6.0  2.90E-05 -4.15E-04 -7.13E-04 -3.81E-04  4.36E-05  5.86E-04  9.38E-04  5.71E-04
    -4.0  3.18E-05 -2.18E-04 -3.75E-04 -2.06E-04  4.21E-05  3.64E-04  5.51E-04  3.49E-04
    -2.0  3.46E-05 -6.88E-05 -1.21E-04 -6.47E-05  3.98E-05  1.73E-04  2.43E-04  1.67E-04
     0.0  3.74E-05  3.74E-05  3.74E-05  3.74E-05  3.74E-05  3.74E-05  3.74E-05  3.74E-05
     2.0  4.00E-05  1.74E-04  2.44E-04  1.68E-04  3.48E-05 -6.91E-05 -1.21E-04 -6.50E-05
     4.0  4.23E-05  3.66E-04  5.54E-04  3.51E-04  3.20E-05 -2.19E-04 -3.77E-04 -2.07E-04
     6.0  4.40E-05  5.91E-04  9.46E-04  5.75E-04  2.93E-05 -4.19E-04 -7.19E-04 -3.84E-04
     8.0  4.25E-05  7.88E-04  1.39E-03  8.34E-04  2.67E-05 -6.57E-04 -1.12E-03 -5.38E-04
    10.0  3.74E-05  9.58E-04  1.87E-03  1.12E-03  2.42E-05 -9.28E-04 -1.56E-03 -6.64E-04
1         ***** THE USAF AUTOMATED MISSILE DATCOM * REV 3/99 *****     CASE   1
               AERODYNAMIC METHODS FOR MISSILE CONFIGURATIONS          PAGE  43
            FIN SET 1 PANEL HINGE MOMENTS (ABOUT HINGE LINE)

       ******* FLIGHT CONDITIONS AND REFERENCE QUANTITIES *******
     MACH NO  =       1.10                REYNOLDS NO = 2.550E+07 /M
     ALTITUDE =        0.0 M         DYNAMIC PRESSURE =  85822.41 N/M**2
     SIDESLIP =       0.00 DEG                   ROLL =      0.00 DEG     
     REF AREA =      0.001 M**2         MOMENT CENTER =     0.198 M
     REF LENGTH =     0.60 M           LAT REF LENGTH =      0.60 M

   ALPHA   PANL 1   PANL 2   PANL 3   PANL 4   PANL 5   PANL 6   PANL 7   PANL 8
 
   -10.0  5.78E-04 -2.15E-02 -3.56E-02 -1.55E-02  8.92E-04  2.22E-02  4.23E-02  2.59E-02
    -8.0  6.32E-04 -1.53E-02 -2.57E-02 -1.26E-02  1.01E-03  1.83E-02  3.17E-02  1.93E-02
    -6.0  6.89E-04 -9.75E-03 -1.66E-02 -8.95E-03  1.04E-03  1.37E-02  2.17E-02  1.33E-02
    -4.0  7.47E-04 -5.09E-03 -8.71E-03 -4.81E-03  9.88E-04  8.46E-03  1.28E-02  8.12E-03
    -2.0  8.06E-04 -1.60E-03 -2.80E-03 -1.51E-03  9.27E-04  4.01E-03  5.63E-03  3.88E-03
     0.0  8.67E-04  8.67E-04  8.67E-04  8.67E-04  8.67E-04  8.67E-04  8.67E-04  8.67E-04
     2.0  9.27E-04  4.01E-03  5.63E-03  3.88E-03  8.06E-04 -1.60E-03 -2.80E-03 -1.51E-03
     4.0  9.88E-04  8.46E-03  1.28E-02  8.12E-03  7.47E-04 -5.09E-03 -8.71E-03 -4.81E-03
     6.0  1.04E-03  1.37E-02  2.17E-02  1.33E-02  6.89E-04 -9.75E-03 -1.66E-02 -8.95E-03
     8.0  1.01E-03  1.83E-02  3.17E-02  1.93E-02  6.32E-04 -1.53E-02 -2.57E-02 -1.26E-02
    10.0  8.92E-04  2.22E-02  4.23E-02  2.59E-02  5.78E-04 -2.15E-02 -3.56E-02 -1.55E-02
1         ***** THE USAF AUTOMATED MISSILE DATCOM * REV 3/99 *****     CASE   1
               AERODYNAMIC METHODS FOR MISSILE CONFIGURATIONS          PAGE  44
                   STATIC AERODYNAMICS FOR BODY-FIN SET 1

       ******* FLIGHT CONDITIONS AND REFERENCE QUANTITIES *******
     MACH NO  =       1.10                REYNOLDS NO = 2.550E+07 /M
     ALTITUDE =        0.0 M         DYNAMIC PRESSURE =  85822.41 N/M**2
     SIDESLIP =       0.00 DEG                   ROLL =      0.00 DEG     
     REF AREA =      0.001 M**2         MOMENT CENTER =     0.198 M
     REF LENGTH =     0.60 M           LAT REF LENGTH =      0.60 M

                   ----- LONGITUDINAL -----     -- LATERAL DIRECTIONAL --
         ALPHA       CN        CM        CA        CY       CLN       CLL

        -10.00    -2.454     0.757     0.760    -0.005     0.002    -0.004
         -8.00    -1.792     0.547     0.764    -0.002     0.001    -0.004
         -6.00    -1.201     0.359     0.766    -0.001     0.000    -0.003
         -4.00    -0.688     0.197     0.767     0.000     0.000    -0.003
         -2.00    -0.285     0.076     0.767     0.000     0.000    -0.002
          0.00     0.000     0.000     0.767     0.000     0.000    -0.002
          2.00     0.285    -0.076     0.767     0.000     0.000    -0.002
          4.00     0.688    -0.197     0.767     0.000     0.000    -0.003
          6.00     1.201    -0.359     0.766     0.001     0.000    -0.003
          8.00     1.792    -0.547     0.764     0.002    -0.001    -0.004
         10.00     2.454    -0.757     0.760     0.005    -0.002    -0.004

         ALPHA       CL        CD      CL/CD     X-C.P.

        -10.00    -2.285     1.175    -1.944    -0.308
         -8.00    -1.669     1.006    -1.659    -0.305
         -6.00    -1.114     0.887    -1.256    -0.299
         -4.00    -0.633     0.813    -0.778    -0.286
         -2.00    -0.258     0.777    -0.332    -0.265
          0.00     0.000     0.767     0.000    -0.474
          2.00     0.258     0.777     0.332    -0.265
          4.00     0.633     0.813     0.778    -0.286
          6.00     1.114     0.887     1.256    -0.299
          8.00     1.669     1.006     1.659    -0.305
         10.00     2.285     1.175     1.944    -0.308

    X-C.P. MEAS. FROM MOMENT CENTER IN REF. LENGTHS, NEG. AFT OF MOMENT CENTER
1         ***** THE USAF AUTOMATED MISSILE DATCOM * REV 3/99 *****     CASE   1
               AERODYNAMIC METHODS FOR MISSILE CONFIGURATIONS          PAGE  45
                   STATIC AERODYNAMICS FOR BODY-FIN SET 1

       ******* FLIGHT CONDITIONS AND REFERENCE QUANTITIES *******
     MACH NO  =       1.10                REYNOLDS NO = 2.550E+07 /M
     ALTITUDE =        0.0 M         DYNAMIC PRESSURE =  85822.41 N/M**2
     SIDESLIP =       0.00 DEG                   ROLL =      0.00 DEG     
     REF AREA =      0.001 M**2         MOMENT CENTER =     0.198 M
     REF LENGTH =     0.60 M           LAT REF LENGTH =      0.60 M

                   ---------- DERIVATIVES (PER DEGREE) ----------
         ALPHA       CNA         CMA         CYB         CLNB        CLLB
        -10.00      0.3482     -0.1101     -0.2409      0.0739      0.0002
         -8.00      0.3132     -0.0994     -0.2202      0.0667      0.0001
         -6.00      0.2761     -0.0877     -0.1967      0.0582      0.0000
         -4.00      0.2288     -0.0708     -0.1720      0.0490     -0.0001
         -2.00      0.1718     -0.0491     -0.1459      0.0391     -0.0001
          0.00      0.1426     -0.0378     -0.1321      0.0335     -0.0002
          2.00      0.1718     -0.0491     -0.1459      0.0391     -0.0001
          4.00      0.2288     -0.0708     -0.1724      0.0492     -0.0001
          6.00      0.2761     -0.0877     -0.1967      0.0582     -0.0001
          8.00      0.3132     -0.0994     -0.2180      0.0657     -0.0001
         10.00      0.3482     -0.1101     -0.2374      0.0722     -0.0002

    PANEL DEFLECTION ANGLES (DEGREES)
    SET    FIN 1   FIN 2   FIN 3   FIN 4   FIN 5   FIN 6   FIN 7   FIN 8
      1    1.00    1.00    1.00    1.00    1.00    1.00    1.00    1.00
1         ***** THE USAF AUTOMATED MISSILE DATCOM * REV 3/99 *****     CASE   1
               AERODYNAMIC METHODS FOR MISSILE CONFIGURATIONS          PAGE  46
                             BODY ALONE PARTIAL OUTPUT

       ******* FLIGHT CONDITIONS AND REFERENCE QUANTITIES *******
     MACH NO  =       1.40                REYNOLDS NO = 3.246E+07 /M
     ALTITUDE =        0.0 M         DYNAMIC PRESSURE = 139018.12 N/M**2
     SIDESLIP =       0.00 DEG                   ROLL =      0.00 DEG     
     REF AREA =      0.001 M**2         MOMENT CENTER =     0.198 M
     REF LENGTH =     0.60 M           LAT REF LENGTH =      0.60 M

      ALPHA    CA-FRIC  CA-PRES/WAVE CA-BASE    CA-PROT     CA-SEP     CA-ALP
     -10.00     0.1465     0.1125     0.1806                           0.0000
      -8.00     0.1481     0.1128     0.1816                           0.0000
      -6.00     0.1494     0.1130     0.1824                           0.0000
      -4.00     0.1503     0.1132     0.1829                           0.0000
      -2.00     0.1508     0.1133     0.1833                           0.0000
       0.00     0.1510     0.1133     0.1834                           0.0000
       2.00     0.1508     0.1133     0.1833                           0.0000
       4.00     0.1503     0.1132     0.1829                           0.0000
       6.00     0.1494     0.1130     0.1824                           0.0000
       8.00     0.1481     0.1128     0.1816                           0.0000
      10.00     0.1465     0.1125     0.1806                           0.0000

                     CROSS FLOW DRAG PROPORTIONALITY FACTOR = 1.00000

      ALPHA    CN-POTEN  CN-VISC   CN-SEP    CM-POTEN  CM-VISC   CM-SEP    CDC
     -10.00    -0.394    -0.557              -0.099     0.110             0.923
      -8.00    -0.318    -0.333              -0.080     0.066             0.859
      -6.00    -0.240    -0.181              -0.061     0.036             0.830
      -4.00    -0.161    -0.078              -0.041     0.015             0.800
      -2.00    -0.081    -0.019              -0.020     0.004             0.770
       0.00     0.000     0.000               0.000     0.000             0.740
       2.00     0.081     0.019               0.020    -0.004             0.770
       4.00     0.161     0.078               0.041    -0.015             0.800
       6.00     0.240     0.181               0.061    -0.036             0.830
       8.00     0.318     0.333               0.080    -0.066             0.859
      10.00     0.394     0.557               0.099    -0.110             0.923
1         ***** THE USAF AUTOMATED MISSILE DATCOM * REV 3/99 *****     CASE   1
               AERODYNAMIC METHODS FOR MISSILE CONFIGURATIONS          PAGE  47
                        FIN SET 1 CA PARTIAL OUTPUT

       ******* FLIGHT CONDITIONS AND REFERENCE QUANTITIES *******
     MACH NO  =       1.40                REYNOLDS NO = 3.246E+07 /M
     ALTITUDE =        0.0 M         DYNAMIC PRESSURE = 139018.12 N/M**2
     SIDESLIP =       0.00 DEG                   ROLL =      0.00 DEG     
     REF AREA =      0.001 M**2         MOMENT CENTER =     0.198 M
     REF LENGTH =     0.60 M           LAT REF LENGTH =      0.60 M

    SINGLE FIN PANEL ZERO-LIFT AXIAL FORCE COMPONENTS

    SKIN FRICTION        0.0105
    SUBSONIC PRESSURE    0.0000
    TRANSONIC WAVE       0.0000
    SUPERSONIC WAVE      0.0133
    LEADING EDGE         0.0000
    TRAILING EDGE        0.0000
    TOTAL CAO            0.0238

    FIN AXIAL FORCE DUE TO ANGLE OF ATTACK

    ALPHA      CA DUE TO LIFT (SINGLE PANEL)   CA-TOTAL (8 FINS)

     -10.00              0.0000                      0.1879
      -8.00              0.0000                      0.1889
      -6.00              0.0000                      0.1897
      -4.00              0.0000                      0.1903
      -2.00              0.0000                      0.1907
       0.00              0.0000                      0.1908
       2.00              0.0000                      0.1907
       4.00              0.0000                      0.1903
       6.00              0.0000                      0.1897
       8.00              0.0000                      0.1889
      10.00              0.0000                      0.1879
1         ***** THE USAF AUTOMATED MISSILE DATCOM * REV 3/99 *****     CASE   1
               AERODYNAMIC METHODS FOR MISSILE CONFIGURATIONS          PAGE  48
                       FIN SET 1 CN, CM PARTIAL OUTPUT

       ******* FLIGHT CONDITIONS AND REFERENCE QUANTITIES *******
     MACH NO  =       1.40                REYNOLDS NO = 3.246E+07 /M
     ALTITUDE =        0.0 M         DYNAMIC PRESSURE = 139018.12 N/M**2
     SIDESLIP =       0.00 DEG                   ROLL =      0.00 DEG     
     REF AREA =      0.001 M**2         MOMENT CENTER =     0.198 M
     REF LENGTH =     0.60 M           LAT REF LENGTH =      0.60 M

    NORMAL FORCE SLOPE AT ALPHA ZERO, CNA =    0.02636/DEG (1 PANEL)
         CENTER OF PRESSURE FOR LINEAR CN =   -0.51000 (CALIBERS FROM C.G.)
     CENTER OF PRESSURE FOR NON-LINEAR CN =   -0.50333 (CALIBERS FROM C.G.)

      ALPHA      CN        CN        CN        CM        CM        CM
               LINEAR  NON-LINEAR  TOTAL     LINEAR  NON-LINEAR  TOTAL

     -10.00   -1.0410   -0.5372   -1.5782    0.5309    0.2704    0.8013
      -8.00   -0.8367   -0.3466   -1.1833    0.4267    0.1745    0.6012
      -6.00   -0.6298   -0.1960   -0.8258    0.3212    0.0987    0.4198
      -4.00   -0.4209   -0.0872   -0.5082    0.2147    0.0439    0.2586
      -2.00   -0.2108   -0.0218   -0.2326    0.1075    0.0110    0.1185
       0.00    0.0000    0.0000    0.0000    0.0000    0.0000    0.0000
       2.00    0.2108    0.0218    0.2326   -0.1075   -0.0110   -0.1185
       4.00    0.4209    0.0872    0.5082   -0.2147   -0.0439   -0.2586
       6.00    0.6298    0.1960    0.8258   -0.3212   -0.0987   -0.4198
       8.00    0.8367    0.3466    1.1833   -0.4267   -0.1745   -0.6012
      10.00    1.0410    0.5372    1.5782   -0.5309   -0.2704   -0.8013
1         ***** THE USAF AUTOMATED MISSILE DATCOM * REV 3/99 *****     CASE   1
               AERODYNAMIC METHODS FOR MISSILE CONFIGURATIONS          PAGE  49
                 AERODYNAMIC FORCE AND MOMENT SYNTHESIS

       ******* FLIGHT CONDITIONS AND REFERENCE QUANTITIES *******
     MACH NO  =       1.40                REYNOLDS NO = 3.246E+07 /M
     ALTITUDE =        0.0 M         DYNAMIC PRESSURE = 139018.12 N/M**2
     SIDESLIP =       0.00 DEG                   ROLL =      0.00 DEG     
     REF AREA =      0.001 M**2         MOMENT CENTER =     0.198 M
     REF LENGTH =     0.60 M           LAT REF LENGTH =      0.60 M

          ---------------FIN SET 1 IN PRESENCE OF THE BODY----------------

      ALPHA       CN         CM         CA         CY         CLN        CLL

     -10.00    -2.5518     1.3014     0.1966    -0.0051     0.0026    -0.0125
      -8.00    -2.0108     1.0255     0.1963    -0.0025     0.0013    -0.0115
      -6.00    -1.4558     0.7424     0.1958    -0.0009     0.0004    -0.0104
      -4.00    -0.9025     0.4603     0.1953    -0.0002     0.0001    -0.0094
      -2.00    -0.4093     0.2087     0.1947     0.0000     0.0000    -0.0082
       0.00     0.0000     0.0000     0.1942     0.0000     0.0000    -0.0073
       2.00     0.4093    -0.2087     0.1947     0.0000     0.0000    -0.0082
       4.00     0.9025    -0.4603     0.1953     0.0002    -0.0001    -0.0094
       6.00     1.4558    -0.7424     0.1958     0.0009    -0.0004    -0.0104
       8.00     2.0108    -1.0255     0.1963     0.0025    -0.0013    -0.0115
      10.00     2.5518    -1.3014     0.1966     0.0051    -0.0026    -0.0125
1         ***** THE USAF AUTOMATED MISSILE DATCOM * REV 3/99 *****     CASE   1
               AERODYNAMIC METHODS FOR MISSILE CONFIGURATIONS          PAGE  50
                 AERODYNAMIC FORCE AND MOMENT SYNTHESIS

       ******* FLIGHT CONDITIONS AND REFERENCE QUANTITIES *******
     MACH NO  =       1.40                REYNOLDS NO = 3.246E+07 /M
     ALTITUDE =        0.0 M         DYNAMIC PRESSURE = 139018.12 N/M**2
     SIDESLIP =       0.00 DEG                   ROLL =      0.00 DEG     
     REF AREA =      0.001 M**2         MOMENT CENTER =     0.198 M
     REF LENGTH =     0.60 M           LAT REF LENGTH =      0.60 M

          ---------------FIN SET 1 PANEL CHARACTERISTICS------------------

      ALPHA      PANEL    AEQ (PANEL AXIS SYS.)    PANEL CN

     -10.00        1              0.5925           0.0166
     -10.00        2            -10.5287          -0.4184
     -10.00        3            -14.5871          -0.6434
     -10.00        4             -8.2785          -0.3073
     -10.00        5              0.9287           0.0262
     -10.00        6             10.5975           0.4220
     -10.00        7             16.3534           0.7499
     -10.00        8             11.8963           0.4909
 
      -8.00        1              0.6459           0.0181
      -8.00        2             -8.4143          -0.3137
      -8.00        3            -11.8496          -0.4884
      -8.00        4             -7.3098          -0.2628
      -8.00        5              1.0211           0.0288
      -8.00        6              9.4483           0.3637
      -8.00        7             13.6047           0.5863
      -8.00        8              9.8487           0.3837
 
      -6.00        1              0.7008           0.0197
      -6.00        2             -6.2036          -0.2145
      -6.00        3             -8.9041          -0.3371
      -6.00        4             -5.8379          -0.1992
      -6.00        5              1.0360           0.0293
      -6.00        6              7.8368           0.2867
      -6.00        7             10.6522           0.4248
      -6.00        8              7.7102           0.2809
 
      -4.00        1              0.7573           0.0213
      -4.00        2             -3.9010          -0.1232
      -4.00        3             -5.7485          -0.1955
      -4.00        4             -3.7379          -0.1173
      -4.00        5              0.9895           0.0279
      -4.00        6              5.6478           0.1913
      -4.00        7              7.4954           0.2711
      -4.00        8              5.4847           0.1847
 
      -2.00        1              0.8150           0.0229
      -2.00        2             -1.5345          -0.0439
      -2.00        3             -2.4717          -0.0733
      -2.00        4             -1.4520          -0.0414
      -2.00        5              0.9319           0.0263
      -2.00        6              3.2814           0.1009
      -2.00        7              4.2185           0.1351
      -2.00        8              3.1989           0.0980
 
       0.00        1              0.8734           0.0246
       0.00        2              0.8734           0.0246
       0.00        3              0.8734           0.0246
       0.00        4              0.8734           0.0246
       0.00        5              0.8734           0.0246
       0.00        6              0.8734           0.0246
       0.00        7              0.8734           0.0246
       0.00        8              0.8734           0.0246
 
       2.00        1              0.9319           0.0263
       2.00        2              3.2814           0.1009
       2.00        3              4.2185           0.1351
       2.00        4              3.1989           0.0980
       2.00        5              0.8150           0.0229
       2.00        6             -1.5345          -0.0439
       2.00        7             -2.4717          -0.0733
       2.00        8             -1.4520          -0.0414
 
       4.00        1              0.9895           0.0279
       4.00        2              5.6478           0.1913
       4.00        3              7.4954           0.2711
       4.00        4              5.4847           0.1847
       4.00        5              0.7573           0.0213
       4.00        6             -3.9010          -0.1232
       4.00        7             -5.7485          -0.1955
       4.00        8             -3.7379          -0.1173
 
       6.00        1              1.0360           0.0293
       6.00        2              7.8368           0.2867
       6.00        3             10.6522           0.4248
       6.00        4              7.7102           0.2809
       6.00        5              0.7008           0.0197
       6.00        6             -6.2036          -0.2145
       6.00        7             -8.9041          -0.3371
       6.00        8             -5.8379          -0.1992
 
       8.00        1              1.0211           0.0288
       8.00        2              9.4483           0.3637
       8.00        3             13.6047           0.5863
       8.00        4              9.8487           0.3837
       8.00        5              0.6459           0.0181
       8.00        6             -8.4143          -0.3137
       8.00        7            -11.8496          -0.4884
       8.00        8             -7.3098          -0.2628
 
      10.00        1              0.9287           0.0262
      10.00        2             10.5975           0.4220
      10.00        3             16.3534           0.7499
      10.00        4             11.8963           0.4909
      10.00        5              0.5925           0.0166
      10.00        6            -10.5287          -0.4184
      10.00        7            -14.5871          -0.6434
      10.00        8             -8.2785          -0.3073
 
1         ***** THE USAF AUTOMATED MISSILE DATCOM * REV 3/99 *****     CASE   1
               AERODYNAMIC METHODS FOR MISSILE CONFIGURATIONS          PAGE  51
                 AERODYNAMIC FORCE AND MOMENT SYNTHESIS

       ******* FLIGHT CONDITIONS AND REFERENCE QUANTITIES *******
     MACH NO  =       1.40                REYNOLDS NO = 3.246E+07 /M
     ALTITUDE =        0.0 M         DYNAMIC PRESSURE = 139018.12 N/M**2
     SIDESLIP =       0.00 DEG                   ROLL =      0.00 DEG     
     REF AREA =      0.001 M**2         MOMENT CENTER =     0.198 M
     REF LENGTH =     0.60 M           LAT REF LENGTH =      0.60 M

             CARRYOVER INTERFERENCE FACTORS - FIN SET 1

      ALPHA   K-W(B)   K-B(W)  KK-W(B)  KK-B(W)  XCP-W(B) XCP-B(W) Y-CP/(B/2)

     -10.00   1.6020   1.1241   0.9535   0.6600   0.5100   0.4200   0.3875
      -8.00   1.6237   1.1241   0.9535   0.6600   0.5100   0.4200   0.3762
      -6.00   1.6435   1.1241   0.9535   0.6600   0.5100   0.4200   0.3897
      -4.00   1.6607   1.1241   0.9535   0.6600   0.5100   0.4200   0.4046
      -2.00   1.6743   1.1241   0.9535   0.6600   0.5100   0.4200   0.4290
       0.00   1.6818   1.1241   0.9535   0.6600   0.5100   0.4200   0.4497
       2.00   1.6743   1.1241   0.9535   0.6600   0.5100   0.4200   0.4449
       4.00   1.6607   1.1241   0.9535   0.6600   0.5100   0.4200   0.4236
       6.00   1.6435   1.1241   0.9535   0.6600   0.5100   0.4200   0.4005
       8.00   1.6237   1.1241   0.9535   0.6600   0.5100   0.4200   0.3920
      10.00   1.6020   1.1241   0.9535   0.6600   0.5100   0.4200   0.3862

    NOTE - XCP-W(B) USED FOR STABILITY ONLY DIFFERENT VALUES USED FOR HINGE MOMENTS
1         ***** THE USAF AUTOMATED MISSILE DATCOM * REV 3/99 *****     CASE   1
               AERODYNAMIC METHODS FOR MISSILE CONFIGURATIONS          PAGE  52
        FIN SET 1 PANEL BENDING MOMENTS (ABOUT EXPOSED ROOT CHORD)

       ******* FLIGHT CONDITIONS AND REFERENCE QUANTITIES *******
     MACH NO  =       1.40                REYNOLDS NO = 3.246E+07 /M
     ALTITUDE =        0.0 M         DYNAMIC PRESSURE = 139018.12 N/M**2
     SIDESLIP =       0.00 DEG                   ROLL =      0.00 DEG     
     REF AREA =      0.001 M**2         MOMENT CENTER =     0.198 M
     REF LENGTH =     0.60 M           LAT REF LENGTH =      0.60 M

   ALPHA   PANL 1   PANL 2   PANL 3   PANL 4   PANL 5   PANL 6   PANL 7   PANL 8
 
   -10.0  1.02E-04 -2.57E-03 -3.95E-03 -1.89E-03  1.61E-04  2.59E-03  4.60E-03  3.01E-03
    -8.0  1.08E-04 -1.87E-03 -2.91E-03 -1.57E-03  1.72E-04  2.17E-03  3.49E-03  2.29E-03
    -6.0  1.21E-04 -1.32E-03 -2.08E-03 -1.23E-03  1.81E-04  1.77E-03  2.62E-03  1.73E-03
    -4.0  1.36E-04 -7.89E-04 -1.25E-03 -7.51E-04  1.79E-04  1.23E-03  1.74E-03  1.18E-03
    -2.0  1.56E-04 -2.98E-04 -4.98E-04 -2.81E-04  1.78E-04  6.85E-04  9.17E-04  6.65E-04
     0.0  1.75E-04  1.75E-04  1.75E-04  1.75E-04  1.75E-04  1.75E-04  1.75E-04  1.75E-04
     2.0  1.85E-04  7.11E-04  9.51E-04  6.90E-04  1.61E-04 -3.09E-04 -5.16E-04 -2.92E-04
     4.0  1.87E-04  1.28E-03  1.82E-03  1.24E-03  1.43E-04 -8.26E-04 -1.31E-03 -7.86E-04
     6.0  1.86E-04  1.82E-03  2.69E-03  1.78E-03  1.25E-04 -1.36E-03 -2.14E-03 -1.26E-03
     8.0  1.79E-04  2.26E-03  3.64E-03  2.38E-03  1.12E-04 -1.95E-03 -3.03E-03 -1.63E-03
    10.0  1.60E-04  2.58E-03  4.59E-03  3.00E-03  1.02E-04 -2.56E-03 -3.93E-03 -1.88E-03
1         ***** THE USAF AUTOMATED MISSILE DATCOM * REV 3/99 *****     CASE   1
               AERODYNAMIC METHODS FOR MISSILE CONFIGURATIONS          PAGE  53
            FIN SET 1 PANEL HINGE MOMENTS (ABOUT HINGE LINE)

       ******* FLIGHT CONDITIONS AND REFERENCE QUANTITIES *******
     MACH NO  =       1.40                REYNOLDS NO = 3.246E+07 /M
     ALTITUDE =        0.0 M         DYNAMIC PRESSURE = 139018.12 N/M**2
     SIDESLIP =       0.00 DEG                   ROLL =      0.00 DEG     
     REF AREA =      0.001 M**2         MOMENT CENTER =     0.198 M
     REF LENGTH =     0.60 M           LAT REF LENGTH =      0.60 M

   ALPHA   PANL 1   PANL 2   PANL 3   PANL 4   PANL 5   PANL 6   PANL 7   PANL 8
 
   -10.0  2.70E-03 -6.30E-02 -9.25E-02 -4.73E-02  4.25E-03  6.35E-02  1.05E-01  7.28E-02
    -8.0  2.95E-03 -4.82E-02 -7.25E-02 -4.08E-02  4.68E-03  5.53E-02  8.53E-02  5.81E-02
    -6.0  3.20E-03 -3.36E-02 -5.16E-02 -3.13E-02  4.75E-03  4.43E-02  6.38E-02  4.34E-02
    -4.0  3.46E-03 -1.96E-02 -3.07E-02 -1.87E-02  4.53E-03  3.01E-02  4.20E-02  2.91E-02
    -2.0  3.72E-03 -7.10E-03 -1.18E-02 -6.71E-03  4.26E-03  1.61E-02  2.15E-02  1.57E-02
     0.0  3.99E-03  3.99E-03  3.99E-03  3.99E-03  3.99E-03  3.99E-03  3.99E-03  3.99E-03
     2.0  4.26E-03  1.61E-02  2.15E-02  1.57E-02  3.72E-03 -7.10E-03 -1.18E-02 -6.71E-03
     4.0  4.53E-03  3.01E-02  4.20E-02  2.91E-02  3.46E-03 -1.96E-02 -3.07E-02 -1.87E-02
     6.0  4.75E-03  4.43E-02  6.38E-02  4.34E-02  3.20E-03 -3.36E-02 -5.16E-02 -3.13E-02
     8.0  4.68E-03  5.53E-02  8.53E-02  5.81E-02  2.95E-03 -4.82E-02 -7.25E-02 -4.08E-02
    10.0  4.25E-03  6.35E-02  1.05E-01  7.28E-02  2.70E-03 -6.30E-02 -9.25E-02 -4.73E-02
1         ***** THE USAF AUTOMATED MISSILE DATCOM * REV 3/99 *****     CASE   1
               AERODYNAMIC METHODS FOR MISSILE CONFIGURATIONS          PAGE  54
                   STATIC AERODYNAMICS FOR BODY-FIN SET 1

       ******* FLIGHT CONDITIONS AND REFERENCE QUANTITIES *******
     MACH NO  =       1.40                REYNOLDS NO = 3.246E+07 /M
     ALTITUDE =        0.0 M         DYNAMIC PRESSURE = 139018.12 N/M**2
     SIDESLIP =       0.00 DEG                   ROLL =      0.00 DEG     
     REF AREA =      0.001 M**2         MOMENT CENTER =     0.198 M
     REF LENGTH =     0.60 M           LAT REF LENGTH =      0.60 M

                   ----- LONGITUDINAL -----     -- LATERAL DIRECTIONAL --
         ALPHA       CN        CM        CA        CY       CLN       CLL

        -10.00    -5.293     2.064     0.636    -0.009     0.004    -0.013
         -8.00    -4.053     1.596     0.639    -0.004     0.002    -0.011
         -6.00    -2.873     1.136     0.641    -0.001     0.001    -0.010
         -4.00    -1.752     0.692     0.642     0.000     0.000    -0.009
         -2.00    -0.783     0.308     0.642     0.000     0.000    -0.008
          0.00     0.000     0.000     0.642     0.000     0.000    -0.007
          2.00     0.783    -0.308     0.642     0.000     0.000    -0.008
          4.00     1.752    -0.692     0.642     0.000     0.000    -0.009
          6.00     2.873    -1.136     0.641     0.001    -0.001    -0.010
          8.00     4.053    -1.596     0.639     0.004    -0.002    -0.011
         10.00     5.293    -2.064     0.636     0.009    -0.004    -0.013

         ALPHA       CL        CD      CL/CD     X-C.P.

        -10.00    -5.102     1.546    -3.301    -0.390
         -8.00    -3.925     1.197    -3.280    -0.394
         -6.00    -2.790     0.937    -2.976    -0.395
         -4.00    -1.703     0.762    -2.234    -0.395
         -2.00    -0.760     0.669    -1.137    -0.393
          0.00     0.000     0.642     0.000    -0.474
          2.00     0.760     0.669     1.137    -0.393
          4.00     1.703     0.762     2.234    -0.395
          6.00     2.790     0.937     2.976    -0.395
          8.00     3.925     1.197     3.280    -0.394
         10.00     5.102     1.546     3.301    -0.390

    X-C.P. MEAS. FROM MOMENT CENTER IN REF. LENGTHS, NEG. AFT OF MOMENT CENTER
1         ***** THE USAF AUTOMATED MISSILE DATCOM * REV 3/99 *****     CASE   1
               AERODYNAMIC METHODS FOR MISSILE CONFIGURATIONS          PAGE  55
                   STATIC AERODYNAMICS FOR BODY-FIN SET 1

       ******* FLIGHT CONDITIONS AND REFERENCE QUANTITIES *******
     MACH NO  =       1.40                REYNOLDS NO = 3.246E+07 /M
     ALTITUDE =        0.0 M         DYNAMIC PRESSURE = 139018.12 N/M**2
     SIDESLIP =       0.00 DEG                   ROLL =      0.00 DEG     
     REF AREA =      0.001 M**2         MOMENT CENTER =     0.198 M
     REF LENGTH =     0.60 M           LAT REF LENGTH =      0.60 M

                   ---------- DERIVATIVES (PER DEGREE) ----------
         ALPHA       CNA         CMA         CYB         CLNB        CLLB
        -10.00      0.6345     -0.2364     -0.5199      0.2024      0.0004
         -8.00      0.6049     -0.2321     -0.5002      0.1966      0.0002
         -6.00      0.5752     -0.2260     -0.4717      0.1860      0.0000
         -4.00      0.5217     -0.2071     -0.4371      0.1724     -0.0001
         -2.00      0.4372     -0.1729     -0.3969      0.1559     -0.0001
          0.00      0.3917     -0.1538     -0.3741      0.1461     -0.0003
          2.00      0.4372     -0.1729     -0.3969      0.1559     -0.0001
          4.00      0.5217     -0.2071     -0.4379      0.1728     -0.0001
          6.00      0.5752     -0.2260     -0.4719      0.1861     -0.0002
          8.00      0.6049     -0.2321     -0.4967      0.1949     -0.0004
         10.00      0.6345     -0.2364     -0.5131      0.1991     -0.0005

    PANEL DEFLECTION ANGLES (DEGREES)
    SET    FIN 1   FIN 2   FIN 3   FIN 4   FIN 5   FIN 6   FIN 7   FIN 8
      1    1.00    1.00    1.00    1.00    1.00    1.00    1.00    1.00

    BODY ALONE LINEAR DATA GENERATED FROM VAN DYKE HYBRID THEORY

1         ***** THE USAF AUTOMATED MISSILE DATCOM * REV 3/99 *****     CASE   1
               AERODYNAMIC METHODS FOR MISSILE CONFIGURATIONS          PAGE  56
                             BODY ALONE PARTIAL OUTPUT

       ******* FLIGHT CONDITIONS AND REFERENCE QUANTITIES *******
     MACH NO  =       2.00                REYNOLDS NO = 4.637E+07 /M
     ALTITUDE =        0.0 M         DYNAMIC PRESSURE = 283710.47 N/M**2
     SIDESLIP =       0.00 DEG                   ROLL =      0.00 DEG     
     REF AREA =      0.001 M**2         MOMENT CENTER =     0.198 M
     REF LENGTH =     0.60 M           LAT REF LENGTH =      0.60 M

      ALPHA    CA-FRIC  CA-PRES/WAVE CA-BASE    CA-PROT     CA-SEP     CA-ALP
     -10.00     0.1257     0.1041     0.1448                           0.0000
      -8.00     0.1271     0.1044     0.1456                           0.0000
      -6.00     0.1281     0.1046     0.1462                           0.0000
      -4.00     0.1289     0.1047     0.1466                           0.0000
      -2.00     0.1294     0.1048     0.1469                           0.0000
       0.00     0.1296     0.1049     0.1470                           0.0000
       2.00     0.1294     0.1048     0.1469                           0.0000
       4.00     0.1289     0.1047     0.1466                           0.0000
       6.00     0.1281     0.1046     0.1462                           0.0000
       8.00     0.1271     0.1044     0.1456                           0.0000
      10.00     0.1257     0.1041     0.1448                           0.0000

                     CROSS FLOW DRAG PROPORTIONALITY FACTOR = 1.00000

      ALPHA    CN-POTEN  CN-VISC   CN-SEP    CM-POTEN  CM-VISC   CM-SEP    CDC
     -10.00    -0.451    -0.646              -0.114     0.128             1.071
      -8.00    -0.364    -0.377              -0.092     0.075             0.973
      -6.00    -0.275    -0.191              -0.069     0.038             0.875
      -4.00    -0.184    -0.080              -0.046     0.016             0.825
      -2.00    -0.092    -0.019              -0.023     0.004             0.783
       0.00     0.000     0.000               0.000     0.000             0.740
       2.00     0.092     0.019               0.023    -0.004             0.783
       4.00     0.184     0.080               0.046    -0.016             0.825
       6.00     0.275     0.191               0.069    -0.038             0.875
       8.00     0.364     0.377               0.092    -0.075             0.973
      10.00     0.451     0.646               0.114    -0.128             1.071
1         ***** THE USAF AUTOMATED MISSILE DATCOM * REV 3/99 *****     CASE   1
               AERODYNAMIC METHODS FOR MISSILE CONFIGURATIONS          PAGE  57
                        FIN SET 1 CA PARTIAL OUTPUT

       ******* FLIGHT CONDITIONS AND REFERENCE QUANTITIES *******
     MACH NO  =       2.00                REYNOLDS NO = 4.637E+07 /M
     ALTITUDE =        0.0 M         DYNAMIC PRESSURE = 283710.47 N/M**2
     SIDESLIP =       0.00 DEG                   ROLL =      0.00 DEG     
     REF AREA =      0.001 M**2         MOMENT CENTER =     0.198 M
     REF LENGTH =     0.60 M           LAT REF LENGTH =      0.60 M

    SINGLE FIN PANEL ZERO-LIFT AXIAL FORCE COMPONENTS

    SKIN FRICTION        0.0091
    SUBSONIC PRESSURE    0.0000
    TRANSONIC WAVE       0.0000
    SUPERSONIC WAVE      0.0082
    LEADING EDGE         0.0000
    TRAILING EDGE        0.0000
    TOTAL CAO            0.0172

    FIN AXIAL FORCE DUE TO ANGLE OF ATTACK

    ALPHA      CA DUE TO LIFT (SINGLE PANEL)   CA-TOTAL (8 FINS)

     -10.00              0.0000                      0.1359
      -8.00              0.0000                      0.1366
      -6.00              0.0000                      0.1372
      -4.00              0.0000                      0.1376
      -2.00              0.0000                      0.1379
       0.00              0.0000                      0.1379
       2.00              0.0000                      0.1379
       4.00              0.0000                      0.1376
       6.00              0.0000                      0.1372
       8.00              0.0000                      0.1366
      10.00              0.0000                      0.1359
1         ***** THE USAF AUTOMATED MISSILE DATCOM * REV 3/99 *****     CASE   1
               AERODYNAMIC METHODS FOR MISSILE CONFIGURATIONS          PAGE  58
                       FIN SET 1 CN, CM PARTIAL OUTPUT

       ******* FLIGHT CONDITIONS AND REFERENCE QUANTITIES *******
     MACH NO  =       2.00                REYNOLDS NO = 4.637E+07 /M
     ALTITUDE =        0.0 M         DYNAMIC PRESSURE = 283710.47 N/M**2
     SIDESLIP =       0.00 DEG                   ROLL =      0.00 DEG     
     REF AREA =      0.001 M**2         MOMENT CENTER =     0.198 M
     REF LENGTH =     0.60 M           LAT REF LENGTH =      0.60 M

    NORMAL FORCE SLOPE AT ALPHA ZERO, CNA =    0.01491/DEG (1 PANEL)
         CENTER OF PRESSURE FOR LINEAR CN =   -0.51000 (CALIBERS FROM C.G.)
     CENTER OF PRESSURE FOR NON-LINEAR CN =   -0.50333 (CALIBERS FROM C.G.)

      ALPHA      CN        CN        CN        CM        CM        CM
               LINEAR  NON-LINEAR  TOTAL     LINEAR  NON-LINEAR  TOTAL

     -10.00   -0.5889   -0.1138   -0.7027    0.3003    0.0573    0.3576
      -8.00   -0.4733   -0.0569   -0.5302    0.2414    0.0286    0.2700
      -6.00   -0.3562   -0.0234   -0.3796    0.1817    0.0118    0.1935
      -4.00   -0.2381   -0.0068   -0.2449    0.1214    0.0034    0.1248
      -2.00   -0.1192   -0.0008   -0.1201    0.0608    0.0004    0.0612
       0.00    0.0000    0.0000    0.0000    0.0000    0.0000    0.0000
       2.00    0.1192    0.0008    0.1201   -0.0608   -0.0004   -0.0612
       4.00    0.2381    0.0068    0.2449   -0.1214   -0.0034   -0.1248
       6.00    0.3562    0.0234    0.3796   -0.1817   -0.0118   -0.1935
       8.00    0.4733    0.0569    0.5302   -0.2414   -0.0286   -0.2700
      10.00    0.5889    0.1138    0.7027   -0.3003   -0.0573   -0.3576
1         ***** THE USAF AUTOMATED MISSILE DATCOM * REV 3/99 *****     CASE   1
               AERODYNAMIC METHODS FOR MISSILE CONFIGURATIONS          PAGE  59
                 AERODYNAMIC FORCE AND MOMENT SYNTHESIS

       ******* FLIGHT CONDITIONS AND REFERENCE QUANTITIES *******
     MACH NO  =       2.00                REYNOLDS NO = 4.637E+07 /M
     ALTITUDE =        0.0 M         DYNAMIC PRESSURE = 283710.47 N/M**2
     SIDESLIP =       0.00 DEG                   ROLL =      0.00 DEG     
     REF AREA =      0.001 M**2         MOMENT CENTER =     0.198 M
     REF LENGTH =     0.60 M           LAT REF LENGTH =      0.60 M

          ---------------FIN SET 1 IN PRESENCE OF THE BODY----------------

      ALPHA       CN         CM         CA         CY         CLN        CLL

     -10.00    -1.2186     0.6215     0.1412    -0.0036     0.0018    -0.0067
      -8.00    -0.9330     0.4758     0.1407    -0.0011     0.0006    -0.0058
      -6.00    -0.6692     0.3413     0.1403    -0.0001     0.0001    -0.0050
      -4.00    -0.4225     0.2155     0.1400     0.0000     0.0000    -0.0044
      -2.00    -0.2036     0.1038     0.1398     0.0000     0.0000    -0.0040
       0.00     0.0000     0.0000     0.1398     0.0000     0.0000    -0.0039
       2.00     0.2036    -0.1038     0.1398     0.0000     0.0000    -0.0040
       4.00     0.4225    -0.2155     0.1400     0.0000     0.0000    -0.0044
       6.00     0.6692    -0.3413     0.1403     0.0001    -0.0001    -0.0050
       8.00     0.9330    -0.4758     0.1407     0.0011    -0.0006    -0.0058
      10.00     1.2186    -0.6215     0.1412     0.0036    -0.0018    -0.0067
1         ***** THE USAF AUTOMATED MISSILE DATCOM * REV 3/99 *****     CASE   1
               AERODYNAMIC METHODS FOR MISSILE CONFIGURATIONS          PAGE  60
                 AERODYNAMIC FORCE AND MOMENT SYNTHESIS

       ******* FLIGHT CONDITIONS AND REFERENCE QUANTITIES *******
     MACH NO  =       2.00                REYNOLDS NO = 4.637E+07 /M
     ALTITUDE =        0.0 M         DYNAMIC PRESSURE = 283710.47 N/M**2
     SIDESLIP =       0.00 DEG                   ROLL =      0.00 DEG     
     REF AREA =      0.001 M**2         MOMENT CENTER =     0.198 M
     REF LENGTH =     0.60 M           LAT REF LENGTH =      0.60 M

          ---------------FIN SET 1 PANEL CHARACTERISTICS------------------

      ALPHA      PANEL    AEQ (PANEL AXIS SYS.)    PANEL CN

     -10.00        1              0.6013           0.0090
     -10.00        2            -10.4930          -0.1923
     -10.00        3            -14.5028          -0.3136
     -10.00        4             -7.8059          -0.1306
     -10.00        5              0.9868           0.0147
     -10.00        6             10.1934           0.1848
     -10.00        7             16.2894           0.3837
     -10.00        8             11.8783           0.2296
 
      -8.00        1              0.6544           0.0098
      -8.00        2             -8.3932          -0.1430
      -8.00        3            -11.8085          -0.2276
      -8.00        4             -7.1110          -0.1166
      -8.00        5              1.0487           0.0157
      -8.00        6              9.2851           0.1629
      -8.00        7             13.5815           0.2820
      -8.00        8              9.8446           0.1762
 
      -6.00        1              0.7091           0.0106
      -6.00        2             -6.1911          -0.0992
      -6.00        3             -8.8882          -0.1539
      -6.00        4             -5.8064          -0.0922
      -6.00        5              1.0472           0.0156
      -6.00        6              7.8228           0.1309
      -6.00        7             10.6530           0.1964
      -6.00        8              7.7142           0.1287
 
      -4.00        1              0.7656           0.0114
      -4.00        2             -3.8913          -0.0597
      -4.00        3             -5.7383          -0.0910
      -4.00        4             -3.7283          -0.0570
      -4.00        5              0.9977           0.0149
      -4.00        6              5.6546           0.0895
      -4.00        7              7.5016           0.1244
      -4.00        8              5.4915           0.0866
 
      -2.00        1              0.8232           0.0123
      -2.00        2             -1.5261          -0.0229
      -2.00        3             -2.4631          -0.0371
      -2.00        4             -1.4435          -0.0216
      -2.00        5              0.9401           0.0140
      -2.00        6              3.2893           0.0500
      -2.00        7              4.2264           0.0651
      -2.00        8              3.2068           0.0487
 
       0.00        1              0.8816           0.0132
       0.00        2              0.8816           0.0132
       0.00        3              0.8816           0.0132
       0.00        4              0.8816           0.0132
       0.00        5              0.8816           0.0132
       0.00        6              0.8816           0.0132
       0.00        7              0.8816           0.0132
       0.00        8              0.8816           0.0132
 
       2.00        1              0.9401           0.0140
       2.00        2              3.2893           0.0500
       2.00        3              4.2264           0.0651
       2.00        4              3.2068           0.0487
       2.00        5              0.8232           0.0123
       2.00        6             -1.5261          -0.0229
       2.00        7             -2.4631          -0.0371
       2.00        8             -1.4436          -0.0216
 
       4.00        1              0.9977           0.0149
       4.00        2              5.6546           0.0895
       4.00        3              7.5016           0.1244
       4.00        4              5.4915           0.0866
       4.00        5              0.7656           0.0114
       4.00        6             -3.8913          -0.0597
       4.00        7             -5.7383          -0.0910
       4.00        8             -3.7283          -0.0570
 
       6.00        1              1.0472           0.0156
       6.00        2              7.8228           0.1309
       6.00        3             10.6530           0.1964
       6.00        4              7.7142           0.1287
       6.00        5              0.7091           0.0106
       6.00        6             -6.1911          -0.0992
       6.00        7             -8.8882          -0.1539
       6.00        8             -5.8064          -0.0922
 
       8.00        1              1.0487           0.0157
       8.00        2              9.2851           0.1629
       8.00        3             13.5815           0.2820
       8.00        4              9.8446           0.1762
       8.00        5              0.6544           0.0098
       8.00        6             -8.3932          -0.1430
       8.00        7            -11.8085          -0.2276
       8.00        8             -7.1110          -0.1166
 
      10.00        1              0.9868           0.0147
      10.00        2             10.1934           0.1848
      10.00        3             16.2894           0.3837
      10.00        4             11.8783           0.2296
      10.00        5              0.6013           0.0090
      10.00        6            -10.4930          -0.1923
      10.00        7            -14.5028          -0.3136
      10.00        8             -7.8059          -0.1306
 
1         ***** THE USAF AUTOMATED MISSILE DATCOM * REV 3/99 *****     CASE   1
               AERODYNAMIC METHODS FOR MISSILE CONFIGURATIONS          PAGE  61
                 AERODYNAMIC FORCE AND MOMENT SYNTHESIS

       ******* FLIGHT CONDITIONS AND REFERENCE QUANTITIES *******
     MACH NO  =       2.00                REYNOLDS NO = 4.637E+07 /M
     ALTITUDE =        0.0 M         DYNAMIC PRESSURE = 283710.47 N/M**2
     SIDESLIP =       0.00 DEG                   ROLL =      0.00 DEG     
     REF AREA =      0.001 M**2         MOMENT CENTER =     0.198 M
     REF LENGTH =     0.60 M           LAT REF LENGTH =      0.60 M

             CARRYOVER INTERFERENCE FACTORS - FIN SET 1

      ALPHA   K-W(B)   K-B(W)  KK-W(B)  KK-B(W)  XCP-W(B) XCP-B(W) Y-CP/(B/2)

     -10.00   1.6002   1.1241   0.9535   0.6600   0.5100   0.4200   0.4080
      -8.00   1.6224   1.1241   0.9535   0.6600   0.5100   0.4200   0.4159
      -6.00   1.6426   1.1241   0.9535   0.6600   0.5100   0.4200   0.4285
      -4.00   1.6602   1.1241   0.9535   0.6600   0.5100   0.4200   0.4397
      -2.00   1.6741   1.1241   0.9535   0.6600   0.5100   0.4200   0.4497
       0.00   1.6818   1.1241   0.9535   0.6600   0.5100   0.4200   0.4592
       2.00   1.6741   1.1241   0.9535   0.6600   0.5100   0.4200   0.4569
       4.00   1.6602   1.1241   0.9535   0.6600   0.5100   0.4200   0.4475
       6.00   1.6426   1.1241   0.9535   0.6600   0.5100   0.4200   0.4382
       8.00   1.6224   1.1241   0.9535   0.6600   0.5100   0.4200   0.4317
      10.00   1.6002   1.1241   0.9535   0.6600   0.5100   0.4200   0.4280

    NOTE - XCP-W(B) USED FOR STABILITY ONLY DIFFERENT VALUES USED FOR HINGE MOMENTS
1         ***** THE USAF AUTOMATED MISSILE DATCOM * REV 3/99 *****     CASE   1
               AERODYNAMIC METHODS FOR MISSILE CONFIGURATIONS          PAGE  62
        FIN SET 1 PANEL BENDING MOMENTS (ABOUT EXPOSED ROOT CHORD)

       ******* FLIGHT CONDITIONS AND REFERENCE QUANTITIES *******
     MACH NO  =       2.00                REYNOLDS NO = 4.637E+07 /M
     ALTITUDE =        0.0 M         DYNAMIC PRESSURE = 283710.47 N/M**2
     SIDESLIP =       0.00 DEG                   ROLL =      0.00 DEG     
     REF AREA =      0.001 M**2         MOMENT CENTER =     0.198 M
     REF LENGTH =     0.60 M           LAT REF LENGTH =      0.60 M

   ALPHA   PANL 1   PANL 2   PANL 3   PANL 4   PANL 5   PANL 6   PANL 7   PANL 8
 
   -10.0  5.80E-05 -1.24E-03 -2.03E-03 -8.43E-04  9.52E-05  1.19E-03  2.48E-03  1.48E-03
    -8.0  6.43E-05 -9.41E-04 -1.50E-03 -7.68E-04  1.03E-04  1.07E-03  1.86E-03  1.16E-03
    -6.0  7.18E-05 -6.73E-04 -1.04E-03 -6.26E-04  1.06E-04  8.88E-04  1.33E-03  8.73E-04
    -4.0  7.96E-05 -4.15E-04 -6.34E-04 -3.97E-04  1.04E-04  6.23E-04  8.66E-04  6.03E-04
    -2.0  8.75E-05 -1.63E-04 -2.64E-04 -1.54E-04  1.00E-04  3.56E-04  4.64E-04  3.47E-04
     0.0  9.57E-05  9.57E-05  9.57E-05  9.57E-05  9.57E-05  9.57E-05  9.57E-05  9.57E-05
     2.0  1.02E-04  3.62E-04  4.71E-04  3.53E-04  8.89E-05 -1.65E-04 -2.69E-04 -1.56E-04
     4.0  1.06E-04  6.34E-04  8.81E-04  6.14E-04  8.10E-05 -4.23E-04 -6.45E-04 -4.04E-04
     6.0  1.09E-04  9.08E-04  1.36E-03  8.93E-04  7.34E-05 -6.88E-04 -1.07E-03 -6.40E-04
     8.0  1.07E-04  1.11E-03  1.93E-03  1.20E-03  6.68E-05 -9.77E-04 -1.56E-03 -7.97E-04
    10.0  9.99E-05  1.25E-03  2.60E-03  1.56E-03  6.08E-05 -1.30E-03 -2.12E-03 -8.85E-04
1         ***** THE USAF AUTOMATED MISSILE DATCOM * REV 3/99 *****     CASE   1
               AERODYNAMIC METHODS FOR MISSILE CONFIGURATIONS          PAGE  63
            FIN SET 1 PANEL HINGE MOMENTS (ABOUT HINGE LINE)

       ******* FLIGHT CONDITIONS AND REFERENCE QUANTITIES *******
     MACH NO  =       2.00                REYNOLDS NO = 4.637E+07 /M
     ALTITUDE =        0.0 M         DYNAMIC PRESSURE = 283710.47 N/M**2
     SIDESLIP =       0.00 DEG                   ROLL =      0.00 DEG     
     REF AREA =      0.001 M**2         MOMENT CENTER =     0.198 M
     REF LENGTH =     0.60 M           LAT REF LENGTH =      0.60 M

   ALPHA   PANL 1   PANL 2   PANL 3   PANL 4   PANL 5   PANL 6   PANL 7   PANL 8
 
   -10.0  1.44E-03 -2.89E-02 -4.49E-02 -2.00E-02  2.36E-03  2.78E-02  5.35E-02  3.40E-02
    -8.0  1.56E-03 -2.18E-02 -3.37E-02 -1.80E-02  2.51E-03  2.47E-02  4.09E-02  2.66E-02
    -6.0  1.70E-03 -1.54E-02 -2.34E-02 -1.44E-02  2.50E-03  2.01E-02  2.94E-02  1.98E-02
    -4.0  1.83E-03 -9.39E-03 -1.42E-02 -8.99E-03  2.38E-03  1.39E-02  1.91E-02  1.35E-02
    -2.0  1.97E-03 -3.64E-03 -5.89E-03 -3.45E-03  2.25E-03  7.90E-03  1.02E-02  7.70E-03
     0.0  2.11E-03  2.11E-03  2.11E-03  2.11E-03  2.11E-03  2.11E-03  2.11E-03  2.11E-03
     2.0  2.25E-03  7.90E-03  1.02E-02  7.70E-03  1.97E-03 -3.64E-03 -5.89E-03 -3.45E-03
     4.0  2.38E-03  1.39E-02  1.91E-02  1.35E-02  1.83E-03 -9.39E-03 -1.42E-02 -8.99E-03
     6.0  2.50E-03  2.01E-02  2.94E-02  1.98E-02  1.70E-03 -1.54E-02 -2.34E-02 -1.44E-02
     8.0  2.51E-03  2.47E-02  4.09E-02  2.66E-02  1.56E-03 -2.18E-02 -3.37E-02 -1.80E-02
    10.0  2.36E-03  2.78E-02  5.35E-02  3.40E-02  1.44E-03 -2.89E-02 -4.49E-02 -2.00E-02
1         ***** THE USAF AUTOMATED MISSILE DATCOM * REV 3/99 *****     CASE   1
               AERODYNAMIC METHODS FOR MISSILE CONFIGURATIONS          PAGE  64
                   STATIC AERODYNAMICS FOR BODY-FIN SET 1

       ******* FLIGHT CONDITIONS AND REFERENCE QUANTITIES *******
     MACH NO  =       2.00                REYNOLDS NO = 4.637E+07 /M
     ALTITUDE =        0.0 M         DYNAMIC PRESSURE = 283710.47 N/M**2
     SIDESLIP =       0.00 DEG                   ROLL =      0.00 DEG     
     REF AREA =      0.001 M**2         MOMENT CENTER =     0.198 M
     REF LENGTH =     0.60 M           LAT REF LENGTH =      0.60 M

                   ----- LONGITUDINAL -----     -- LATERAL DIRECTIONAL --
         ALPHA       CN        CM        CA        CY       CLN       CLL

        -10.00    -3.171     0.995     0.516    -0.006     0.003    -0.007
         -8.00    -2.320     0.730     0.518    -0.002     0.001    -0.006
         -6.00    -1.593     0.502     0.519     0.000     0.000    -0.005
         -4.00    -0.973     0.305     0.520     0.000     0.000    -0.004
         -2.00    -0.452     0.142     0.521     0.000     0.000    -0.004
          0.00     0.000     0.000     0.521     0.000     0.000    -0.004
          2.00     0.452    -0.142     0.521     0.000     0.000    -0.004
          4.00     0.973    -0.305     0.520     0.000     0.000    -0.004
          6.00     1.593    -0.502     0.519     0.000     0.000    -0.005
          8.00     2.320    -0.730     0.518     0.002    -0.001    -0.006
         10.00     3.171    -0.995     0.516     0.006    -0.003    -0.007

         ALPHA       CL        CD      CL/CD     X-C.P.

        -10.00    -3.033     1.058    -2.866    -0.314
         -8.00    -2.225     0.836    -2.663    -0.315
         -6.00    -1.530     0.683    -2.240    -0.315
         -4.00    -0.934     0.587    -1.592    -0.314
         -2.00    -0.433     0.536    -0.807    -0.314
          0.00     0.000     0.521     0.000    -0.474
          2.00     0.433     0.536     0.807    -0.314
          4.00     0.934     0.587     1.592    -0.314
          6.00     1.530     0.683     2.240    -0.315
          8.00     2.225     0.836     2.663    -0.315
         10.00     3.033     1.058     2.866    -0.314

    X-C.P. MEAS. FROM MOMENT CENTER IN REF. LENGTHS, NEG. AFT OF MOMENT CENTER
1         ***** THE USAF AUTOMATED MISSILE DATCOM * REV 3/99 *****     CASE   1
               AERODYNAMIC METHODS FOR MISSILE CONFIGURATIONS          PAGE  65
                   STATIC AERODYNAMICS FOR BODY-FIN SET 1

       ******* FLIGHT CONDITIONS AND REFERENCE QUANTITIES *******
     MACH NO  =       2.00                REYNOLDS NO = 4.637E+07 /M
     ALTITUDE =        0.0 M         DYNAMIC PRESSURE = 283710.47 N/M**2
     SIDESLIP =       0.00 DEG                   ROLL =      0.00 DEG     
     REF AREA =      0.001 M**2         MOMENT CENTER =     0.198 M
     REF LENGTH =     0.60 M           LAT REF LENGTH =      0.60 M

                   ---------- DERIVATIVES (PER DEGREE) ----------
         ALPHA       CNA         CMA         CYB         CLNB        CLLB
        -10.00      0.4566     -0.1417     -0.3319      0.1069      0.0004
         -8.00      0.3941     -0.1232     -0.2994      0.0959      0.0002
         -6.00      0.3366     -0.1063     -0.2676      0.0847      0.0000
         -4.00      0.2852     -0.0901     -0.2441      0.0766      0.0000
         -2.00      0.2431     -0.0763     -0.2275      0.0713      0.0000
          0.00      0.2258     -0.0709     -0.2216      0.0696      0.0000
          2.00      0.2431     -0.0763     -0.2275      0.0713      0.0000
          4.00      0.2852     -0.0901     -0.2441      0.0766      0.0000
          6.00      0.3366     -0.1063     -0.2673      0.0845     -0.0001
          8.00      0.3941     -0.1232     -0.2986      0.0955     -0.0003
         10.00      0.4566     -0.1417     -0.3301      0.1061     -0.0004

    PANEL DEFLECTION ANGLES (DEGREES)
    SET    FIN 1   FIN 2   FIN 3   FIN 4   FIN 5   FIN 6   FIN 7   FIN 8
      1    1.00    1.00    1.00    1.00    1.00    1.00    1.00    1.00

    BODY ALONE LINEAR DATA GENERATED FROM VAN DYKE HYBRID THEORY

    *** END OF JOB ***
