1         ***** THE USAF AUTOMATED MISSILE DATCOM * REV 3/99 *****
               AERODYNAMIC METHODS FOR MISSILE CONFIGURATIONS     

    CONERR - INPUT ERROR CHECKING

    ERROR CODES - N* DENOTES THE NUMBER OF OCCURENCES OF EACH ERROR
    A - UNKNOWN VARIABLE NAME
    B - MISSING EQUAL SIGN FOLLOWING VARIABLE NAME
    C - NON-ARRAY VARIABLE HAS AN ARRAY ELEMENTDESIGNATION - (N)
    D - NON-ARRAY VARIABLE HAS MULTIPLE VALUES ASSIGNED
    E - ASSIGNED VALUES EXCEED ARRAY DIMENSION
    F - SYNTAX ERROR

    ************************* INPUT DATA CARDS *************************

   1 DIM M                                                                           
      2 ** BLANK CARD - IGNORED
   3  $FLTCON  NALPHA=11.,NMACH=6.,                                                  
   4           MACH=0.3000,0.6000,0.9000,1.1000,1.4000,2.0000,                       
   5           ALPHA=-10.0,-8.0,-6.0,-4.0,-2.0,0.0,2.0,4.0,6.0,8.0,10.0,$            
      6 ** BLANK CARD - IGNORED
   7  $REFQ    XCG=0.1980,                                                           
   8           SREF=0.0010179,                                                       
   9           LREF=0.6000,                                                          
  10           RHR=0.,$                                                              
     11 ** BLANK CARD - IGNORED
  12  $AXIBOD  X0=0.00,                                                              
  13           TNOSE=OGIVE,                                                          
               ** SUBSTITUTING NUMERIC FOR NAME OGIVE
  14           LNOSE=0.1050,                                                         
  15           DNOSE=0.0360,                                                         
  16           BNOSE=0.0,                                                            
  17           TRUNC=.FALSE.,                                                        
  18           LCENTR=0.4950,                                                        
  19           DCENTR=0.0360,                                                        
  20           TAFT=CONE,                                                            
               ** SUBSTITUTING NUMERIC FOR NAME CONE
  21           LAFT=0.0000,                                                          
  22           DAFT=0.0360,                                                          
  23           DEXIT=0.0000,$                                                        
     24 ** BLANK CARD - IGNORED
  25  $FINSET1 XLE=0.4000,0.4000,NPANEL=8.,                                          
  26           SSPAN=0.0180,0.0275,                                                  
  27           CHORD=0.2000,0.2000,                                                  
  28           LER=2*0.0,                                                            
  29           PHIF=0.0,45.0,90.0,135.0,180.0,225.0,270.0,315.0,                     
  30           GAM=2.3333,2.3333,2.3333,2.3333,2.3333,2.3333,2.3333,2.3333,          
  31           SECTYP=HEX,                                                           
               ** SUBSTITUTING NUMERIC FOR NAME HEX
  32           ZUPPER=0.025000,0.025000,                                             
  33           LMAXU=0.4,0.4,                                                        
  34           LFLATU=0.2,0.2,$                                                      
     35 ** BLANK CARD - IGNORED
  36  $DEFLCT  DELTA1=2.3333,2.3333,2.3333,2.3333,2.3333,2.3333,2.3333,2.3333,       
  37           XHINGE=0.5500,$                                                       
     38 ** BLANK CARD - IGNORED
  39 PART                                                                            
  40 NEXT CASE                                                                       
1         ***** THE USAF AUTOMATED MISSILE DATCOM * REV 3/99 *****     CASE   1
               AERODYNAMIC METHODS FOR MISSILE CONFIGURATIONS          PAGE   1
    CASE INPUTS
    FOLLOWING ARE THE CARDS INPUT FOR THIS CASE

 DIM M                                                                           
  $FLTCON  NALPHA=11.,NMACH=6.,                                                  
           MACH=0.3000,0.6000,0.9000,1.1000,1.4000,2.0000,                       
           ALPHA=-10.0,-8.0,-6.0,-4.0,-2.0,0.0,2.0,4.0,6.0,8.0,10.0,$            
  $REFQ    XCG=0.1980,                                                           
           SREF=0.0010179,                                                       
           LREF=0.6000,                                                          
           RHR=0.,$                                                              
  $AXIBOD  X0=0.00,                                                              
           TNOSE=1.,                                                             
           LNOSE=0.1050,                                                         
           DNOSE=0.0360,                                                         
           BNOSE=0.0,                                                            
           TRUNC=.FALSE.,                                                        
           LCENTR=0.4950,                                                        
           DCENTR=0.0360,                                                        
           TAFT=0.,                                                              
           LAFT=0.0000,                                                          
           DAFT=0.0360,                                                          
           DEXIT=0.0000,$                                                        
  $FINSET1 XLE=0.4000,0.4000,NPANEL=8.,                                          
           SSPAN=0.0180,0.0275,                                                  
           CHORD=0.2000,0.2000,                                                  
           LER=2*0.0,                                                            
           PHIF=0.0,45.0,90.0,135.0,180.0,225.0,270.0,315.0,                     
           GAM=2.3333,2.3333,2.3333,2.3333,2.3333,2.3333,2.3333,2.3333,          
           SECTYP=0.,                                                            
           ZUPPER=0.025000,0.025000,                                             
           LMAXU=0.4,0.4,                                                        
           LFLATU=0.2,0.2,$                                                      
  $DEFLCT  DELTA1=2.3333,2.3333,2.3333,2.3333,2.3333,2.3333,2.3333,2.3333,       
           XHINGE=0.5500,$                                                       
 PART                                                                            
 NEXT CASE                                                                       
    * WARNING * THE REYNOLDS NUMBER IS NOT DEFINED, FOR INPUT SPEED  1
                SEA LEVEL ALTITUDE ASSUMED
    * WARNING * THE REYNOLDS NUMBER IS NOT DEFINED, FOR INPUT SPEED  2
                SEA LEVEL ALTITUDE ASSUMED
    * WARNING * THE REYNOLDS NUMBER IS NOT DEFINED, FOR INPUT SPEED  3
                SEA LEVEL ALTITUDE ASSUMED
    * WARNING * THE REYNOLDS NUMBER IS NOT DEFINED, FOR INPUT SPEED  4
                SEA LEVEL ALTITUDE ASSUMED
    * WARNING * THE REYNOLDS NUMBER IS NOT DEFINED, FOR INPUT SPEED  5
                SEA LEVEL ALTITUDE ASSUMED
    * WARNING * THE REYNOLDS NUMBER IS NOT DEFINED, FOR INPUT SPEED  6
                SEA LEVEL ALTITUDE ASSUMED
    THE BOUNDARY LAYER IS ASSUMED TO BE TURBULENT
    THE INPUT UNITS ARE IN METERS, THE SCALE FACTOR IS   1.0000
1         ***** THE USAF AUTOMATED MISSILE DATCOM * REV 3/99 *****     CASE   1
               AERODYNAMIC METHODS FOR MISSILE CONFIGURATIONS          PAGE   2
                        AXISYMMETRIC BODY DEFINITION

                             NOSE   CENTERBODY     AFT BODY        TOTAL
    SHAPE                   OGIVE     CYLINDER     --------
    LENGTH                  0.105        0.495        0.000        0.600   M
    FINENESS RATIO          2.917       13.750        0.000       16.667
    PLANFORM AREA           0.003        0.018        0.000        0.020   M**2
    AREA CENTROID           0.065        0.353        0.000        0.317   M
    WETTED AREA             0.008        0.056        0.000        0.064   M**2
    VOLUME                  0.000        0.001        0.000        0.001   M**3
    VOL. CENTROID           0.072        0.352        0.000        0.324   M

                              MOLD LINE CONTOUR

     LONGITUDINAL STATIONS    0.0000     0.0105     0.0210     0.0315     0.0420 
        0.0525     0.0630     0.0735     0.0840     0.0945     0.1050     0.1545 
        0.2040     0.2535     0.3030     0.3525     0.4020     0.4515     0.5010 
        0.5505     0.6000*

                BODY RADII    0.0000     0.0035     0.0066     0.0093     0.0116 
        0.0136     0.0152     0.0164     0.0173     0.0178     0.0180     0.0180 
        0.0180     0.0180     0.0180     0.0180     0.0180     0.0180     0.0180 
        0.0180     0.0180*
    NOTE - * INDICATES SLOPE DISCONTINUOUS POINTS
1         ***** THE USAF AUTOMATED MISSILE DATCOM * REV 3/99 *****     CASE   1
               AERODYNAMIC METHODS FOR MISSILE CONFIGURATIONS          PAGE   3
                         FIN SET NUMBER 1 AIRFOIL SECTION

                                  NACA S-3-40.0-05.0-20.0

         X/C     X-UPPER   Y-UPPER   X-LOWER   Y-LOWER  MEAN LINE  THICKNESS

       0.00000   0.00000   0.00000   0.00000   0.00000   0.00000   0.00000
       0.00100   0.00100   0.00006   0.00100  -0.00006   0.00000   0.00013
       0.00200   0.00200   0.00013   0.00200  -0.00013   0.00000   0.00025
       0.00300   0.00300   0.00019   0.00300  -0.00019   0.00000   0.00038
       0.00400   0.00400   0.00025   0.00400  -0.00025   0.00000   0.00050
       0.00500   0.00500   0.00031   0.00500  -0.00031   0.00000   0.00063
       0.00600   0.00600   0.00038   0.00600  -0.00038   0.00000   0.00075
       0.00800   0.00800   0.00050   0.00800  -0.00050   0.00000   0.00100
       0.01000   0.01000   0.00063   0.01000  -0.00063   0.00000   0.00125
       0.02000   0.02000   0.00125   0.02000  -0.00125   0.00000   0.00250
       0.03000   0.03000   0.00187   0.03000  -0.00187   0.00000   0.00375
       0.04000   0.04000   0.00250   0.04000  -0.00250   0.00000   0.00500
       0.05000   0.05000   0.00312   0.05000  -0.00312   0.00000   0.00625
       0.06000   0.06000   0.00375   0.06000  -0.00375   0.00000   0.00750
       0.08000   0.08000   0.00500   0.08000  -0.00500   0.00000   0.01000
       0.10000   0.10000   0.00625   0.10000  -0.00625   0.00000   0.01250
       0.12000   0.12000   0.00750   0.12000  -0.00750   0.00000   0.01500
       0.14000   0.14000   0.00875   0.14000  -0.00875   0.00000   0.01750
       0.16000   0.16000   0.01000   0.16000  -0.01000   0.00000   0.02000
       0.18000   0.18000   0.01125   0.18000  -0.01125   0.00000   0.02250
       0.20000   0.20000   0.01250   0.20000  -0.01250   0.00000   0.02500
       0.22000   0.22000   0.01375   0.22000  -0.01375   0.00000   0.02750
       0.24000   0.24000   0.01500   0.24000  -0.01500   0.00000   0.03000
       0.26000   0.26000   0.01625   0.26000  -0.01625   0.00000   0.03250
       0.28000   0.28000   0.01750   0.28000  -0.01750   0.00000   0.03500
       0.30000   0.30000   0.01875   0.30000  -0.01875   0.00000   0.03750
       0.32000   0.32000   0.02000   0.32000  -0.02000   0.00000   0.04000
       0.34000   0.34000   0.02125   0.34000  -0.02125   0.00000   0.04250
       0.36000   0.36000   0.02250   0.36000  -0.02250   0.00000   0.04500
       0.38000   0.38000   0.02375   0.38000  -0.02375   0.00000   0.04750
       0.40000   0.40000   0.02500   0.40000  -0.02500   0.00000   0.05000
       0.42000   0.42000   0.02500   0.42000  -0.02500   0.00000   0.05000
       0.45000   0.45000   0.02500   0.45000  -0.02500   0.00000   0.05000
       0.50000   0.50000   0.02500   0.50000  -0.02500   0.00000   0.05000
       0.55000   0.55000   0.02500   0.55000  -0.02500   0.00000   0.05000
       0.60000   0.60000   0.02500   0.60000  -0.02500   0.00000   0.05000
       0.65000   0.65000   0.02187   0.65000  -0.02187   0.00000   0.04375
       0.70000   0.70000   0.01875   0.70000  -0.01875   0.00000   0.03750
       0.75000   0.75000   0.01562   0.75000  -0.01562   0.00000   0.03125
       0.80000   0.80000   0.01250   0.80000  -0.01250   0.00000   0.02500
       0.82000   0.82000   0.01125   0.82000  -0.01125   0.00000   0.02250
       0.84000   0.84000   0.01000   0.84000  -0.01000   0.00000   0.02000
       0.86000   0.86000   0.00875   0.86000  -0.00875   0.00000   0.01750
       0.88000   0.88000   0.00750   0.88000  -0.00750   0.00000   0.01500
       0.90000   0.90000   0.00625   0.90000  -0.00625   0.00000   0.01250
       0.92000   0.92000   0.00500   0.92000  -0.00500   0.00000   0.01000
       0.94000   0.94000   0.00375   0.94000  -0.00375   0.00000   0.00750
       0.96000   0.96000   0.00250   0.96000  -0.00250   0.00000   0.00500
       0.98000   0.98000   0.00125   0.98000  -0.00125   0.00000   0.00250
       1.00000   1.00000   0.00000   1.00000   0.00000   0.00000   0.00000
1         ***** THE USAF AUTOMATED MISSILE DATCOM * REV 3/99 *****     CASE   1
               AERODYNAMIC METHODS FOR MISSILE CONFIGURATIONS          PAGE   4
                      GEOMETRIC RESULTS FOR FIN SETS

                             FIN SET NUMBER  1
                          (DATA FOR ONE PANEL ONLY)

    SEGMENT   PLAN        ASPECT    TAPER     L.E.     T.E.    M.A.C.    T/C
    NUMBER    AREA        RATIO     RATIO    SWEEP    SWEEP    CHORD    RATIO

      1      0.0019        0.047    1.000    0.000    0.000    0.200    0.050
    TOTAL    0.0019        0.047    1.000    0.000    0.000    0.200    0.050
 
 
 
1         ***** THE USAF AUTOMATED MISSILE DATCOM * REV 3/99 *****     CASE   1
               AERODYNAMIC METHODS FOR MISSILE CONFIGURATIONS          PAGE   5
                           FIN SET 1 SECTION AERODYNAMICS

                        IDEAL ANGLE OF ATTACK =    0.0000 DEG.
                    ZERO LIFT ANGLE OF ATTACK =    0.0000 DEG.
                       IDEAL LIFT COEFFICIENT =    0.0000
        ZERO LIFT PITCHING MOMENT COEFFICIENT =    0.0000
                   MACH ZERO LIFT-CURVE-SLOPE =    0.0963 /DEG.
                          LEADING EDGE RADIUS =    0.0000 FRACTION CHORD
                    MAXIMUM AIRFOIL THICKNESS =    0.0500 FRACTION CHORD
                                      DELTA-Y =    0.3656 PERCENT CHORD


    MACH = 0.300   CL-ALPHA = 0.1031 /DEG.   XAC = 0.2709   CL MAX = 0.7494

    MACH = 0.600   CL-ALPHA = 0.1269 /DEG.   XAC = 0.2700   CL MAX = 0.7647

                   *** CREST CRITICAL MACH NUMBER EXCEEDED ***

                           CREST CRITICAL MACH =    0.8070
                                      LOCATION =    0.4145 FRACTION CHORD
                              LIFT-CURVE-SLOPE =    0.1410 /DEG.
1         ***** THE USAF AUTOMATED MISSILE DATCOM * REV 3/99 *****     CASE   1
               AERODYNAMIC METHODS FOR MISSILE CONFIGURATIONS          PAGE   6
                             BODY ALONE PARTIAL OUTPUT

       ******* FLIGHT CONDITIONS AND REFERENCE QUANTITIES *******
     MACH NO  =       0.30                REYNOLDS NO = 6.955E+06 /M
     ALTITUDE =        0.0 M         DYNAMIC PRESSURE =   6383.49 N/M**2
     SIDESLIP =       0.00 DEG                   ROLL =      0.00 DEG     
     REF AREA =      0.001 M**2         MOMENT CENTER =     0.198 M
     REF LENGTH =     0.60 M           LAT REF LENGTH =      0.60 M

      ALPHA    CA-FRIC  CA-PRES/WAVE CA-BASE    CA-PROT     CA-SEP     CA-ALP
     -10.00     0.2106     0.0121     0.1368                           0.0014
      -8.00     0.2130     0.0122     0.1372                           0.0015
      -6.00     0.2148     0.0123     0.1374                           0.0010
      -4.00     0.2161     0.0124     0.1374                           0.0005
      -2.00     0.2169     0.0124     0.1373                           0.0001
       0.00     0.2172     0.0124     0.1370                           0.0000
       2.00     0.2169     0.0124     0.1373                           0.0001
       4.00     0.2161     0.0124     0.1374                           0.0005
       6.00     0.2148     0.0123     0.1374                           0.0010
       8.00     0.2130     0.0122     0.1372                           0.0015
      10.00     0.2106     0.0121     0.1368                           0.0014

                     CROSS FLOW DRAG PROPORTIONALITY FACTOR = 0.74620

      ALPHA    CN-POTEN  CN-VISC   CN-SEP    CM-POTEN  CM-VISC   CM-SEP    CDC
     -10.00    -0.457    -0.347              -0.033     0.069             0.772
      -8.00    -0.369    -0.221              -0.027     0.044             0.766
      -6.00    -0.278    -0.124              -0.020     0.024             0.759
      -4.00    -0.187    -0.055              -0.014     0.011             0.753
      -2.00    -0.094    -0.014              -0.007     0.003             0.746
       0.00     0.000     0.000               0.000     0.000             0.740
       2.00     0.094     0.014               0.007    -0.003             0.746
       4.00     0.187     0.055               0.014    -0.011             0.753
       6.00     0.278     0.124               0.020    -0.024             0.759
       8.00     0.369     0.221               0.027    -0.044             0.766
      10.00     0.457     0.347               0.033    -0.069             0.772
1         ***** THE USAF AUTOMATED MISSILE DATCOM * REV 3/99 *****     CASE   1
               AERODYNAMIC METHODS FOR MISSILE CONFIGURATIONS          PAGE   7
                        FIN SET 1 CA PARTIAL OUTPUT

       ******* FLIGHT CONDITIONS AND REFERENCE QUANTITIES *******
     MACH NO  =       0.30                REYNOLDS NO = 6.955E+06 /M
     ALTITUDE =        0.0 M         DYNAMIC PRESSURE =   6383.49 N/M**2
     SIDESLIP =       0.00 DEG                   ROLL =      0.00 DEG     
     REF AREA =      0.001 M**2         MOMENT CENTER =     0.198 M
     REF LENGTH =     0.60 M           LAT REF LENGTH =      0.60 M

    SINGLE FIN PANEL ZERO-LIFT AXIAL FORCE COMPONENTS

    SKIN FRICTION        0.0154
    SUBSONIC PRESSURE    0.0012
    TRANSONIC WAVE       0.0000
    SUPERSONIC WAVE      0.0000
    LEADING EDGE         0.0000
    TRAILING EDGE        0.0000
    TOTAL CAO            0.0166

    FIN AXIAL FORCE DUE TO ANGLE OF ATTACK

    ALPHA      CA DUE TO LIFT (SINGLE PANEL)   CA-TOTAL (8 FINS)

     -10.00              0.0000                      0.1309
      -8.00              0.0000                      0.1316
      -6.00              0.0000                      0.1322
      -4.00              0.0000                      0.1326
      -2.00              0.0000                      0.1328
       0.00              0.0000                      0.1329
       2.00              0.0000                      0.1328
       4.00              0.0000                      0.1326
       6.00              0.0000                      0.1322
       8.00              0.0000                      0.1316
      10.00              0.0000                      0.1309
1         ***** THE USAF AUTOMATED MISSILE DATCOM * REV 3/99 *****     CASE   1
               AERODYNAMIC METHODS FOR MISSILE CONFIGURATIONS          PAGE   8
                       FIN SET 1 CN, CM PARTIAL OUTPUT

       ******* FLIGHT CONDITIONS AND REFERENCE QUANTITIES *******
     MACH NO  =       0.30                REYNOLDS NO = 6.955E+06 /M
     ALTITUDE =        0.0 M         DYNAMIC PRESSURE =   6383.49 N/M**2
     SIDESLIP =       0.00 DEG                   ROLL =      0.00 DEG     
     REF AREA =      0.001 M**2         MOMENT CENTER =     0.198 M
     REF LENGTH =     0.60 M           LAT REF LENGTH =      0.60 M

    NORMAL FORCE SLOPE AT ALPHA ZERO, CNA =    0.00486/DEG (1 PANEL)
         CENTER OF PRESSURE FOR LINEAR CN =   -0.42667 (CALIBERS FROM C.G.)
     CENTER OF PRESSURE FOR NON-LINEAR CN =   -0.50333 (CALIBERS FROM C.G.)

      ALPHA      CN        CN        CN        CM        CM        CM
               LINEAR  NON-LINEAR  TOTAL     LINEAR  NON-LINEAR  TOTAL

     -10.00   -0.1919   -0.5325   -0.7244    0.0819    0.2680    0.3499
      -8.00   -0.1542   -0.3416   -0.4958    0.0658    0.1719    0.2377
      -6.00   -0.1161   -0.1925   -0.3085    0.0495    0.0969    0.1464
      -4.00   -0.0776   -0.0857   -0.1632    0.0331    0.0431    0.0762
      -2.00   -0.0388   -0.0214   -0.0603    0.0166    0.0108    0.0274
       0.00    0.0000    0.0000    0.0000    0.0000    0.0000    0.0000
       2.00    0.0388    0.0214    0.0603   -0.0166   -0.0108   -0.0274
       4.00    0.0776    0.0857    0.1632   -0.0331   -0.0431   -0.0762
       6.00    0.1161    0.1925    0.3085   -0.0495   -0.0969   -0.1464
       8.00    0.1542    0.3416    0.4958   -0.0658   -0.1719   -0.2377
      10.00    0.1919    0.5325    0.7244   -0.0819   -0.2680   -0.3499
1         ***** THE USAF AUTOMATED MISSILE DATCOM * REV 3/99 *****     CASE   1
               AERODYNAMIC METHODS FOR MISSILE CONFIGURATIONS          PAGE   9
                 AERODYNAMIC FORCE AND MOMENT SYNTHESIS

       ******* FLIGHT CONDITIONS AND REFERENCE QUANTITIES *******
     MACH NO  =       0.30                REYNOLDS NO = 6.955E+06 /M
     ALTITUDE =        0.0 M         DYNAMIC PRESSURE =   6383.49 N/M**2
     SIDESLIP =       0.00 DEG                   ROLL =      0.00 DEG     
     REF AREA =      0.001 M**2         MOMENT CENTER =     0.198 M
     REF LENGTH =     0.60 M           LAT REF LENGTH =      0.60 M

          ---------------FIN SET 1 IN PRESENCE OF THE BODY----------------

      ALPHA       CN         CM         CA         CY         CLN        CLL

     -10.00    -1.3829     0.5900     0.1520    -0.0110     0.0047    -0.0167
      -8.00    -0.9980     0.4258     0.1495    -0.0050     0.0021    -0.0146
      -6.00    -0.6511     0.2778     0.1466    -0.0009     0.0004    -0.0125
      -4.00    -0.3547     0.1513     0.1434     0.0002    -0.0001    -0.0099
      -2.00    -0.1430     0.0610     0.1399     0.0000     0.0000    -0.0069
       0.00     0.0000     0.0000     0.1377     0.0000     0.0000    -0.0049
       2.00     0.1430    -0.0610     0.1399     0.0000     0.0000    -0.0069
       4.00     0.3547    -0.1513     0.1434    -0.0002     0.0001    -0.0099
       6.00     0.6511    -0.2778     0.1466     0.0009    -0.0004    -0.0125
       8.00     0.9980    -0.4258     0.1495     0.0050    -0.0021    -0.0146
      10.00     1.3829    -0.5900     0.1520     0.0110    -0.0047    -0.0167
1         ***** THE USAF AUTOMATED MISSILE DATCOM * REV 3/99 *****     CASE   1
               AERODYNAMIC METHODS FOR MISSILE CONFIGURATIONS          PAGE  10
                 AERODYNAMIC FORCE AND MOMENT SYNTHESIS

       ******* FLIGHT CONDITIONS AND REFERENCE QUANTITIES *******
     MACH NO  =       0.30                REYNOLDS NO = 6.955E+06 /M
     ALTITUDE =        0.0 M         DYNAMIC PRESSURE =   6383.49 N/M**2
     SIDESLIP =       0.00 DEG                   ROLL =      0.00 DEG     
     REF AREA =      0.001 M**2         MOMENT CENTER =     0.198 M
     REF LENGTH =     0.60 M           LAT REF LENGTH =      0.60 M

          ---------------FIN SET 1 PANEL CHARACTERISTICS------------------

      ALPHA      PANEL    AEQ (PANEL AXIS SYS.)    PANEL CN

     -10.00        1              1.3488           0.0093
     -10.00        2             -9.7932          -0.1739
     -10.00        3            -13.6716          -0.3096
     -10.00        4             -7.2805          -0.1056
     -10.00        5              2.0893           0.0160
     -10.00        6             12.5611           0.2671
     -10.00        7             17.7346           0.4888
     -10.00        8             12.9220           0.2806
 
      -8.00        1              1.4773           0.0104
      -8.00        2             -7.5652          -0.1126
      -8.00        3            -10.8257          -0.2065
      -8.00        4             -6.1089          -0.0793
      -8.00        5              2.3278           0.0185
      -8.00        6             11.0268           0.2132
      -8.00        7             14.8683           0.3586
      -8.00        8             10.8555           0.2075
 
      -6.00        1              1.6081           0.0115
      -6.00        2             -5.2609          -0.0624
      -6.00        3             -7.8145          -0.1188
      -6.00        4             -4.5815          -0.0503
      -6.00        5              2.3890           0.0191
      -6.00        6              9.1956           0.1562
      -6.00        7             11.8433           0.2412
      -6.00        8              8.7231           0.1429
 
      -4.00        1              1.7414           0.0126
      -4.00        2             -2.8806          -0.0249
      -4.00        3             -4.6231          -0.0510
      -4.00        4             -2.4991          -0.0204
      -4.00        5              2.2847           0.0180
      -4.00        6              6.9067           0.0968
      -4.00        7              8.6492           0.1409
      -4.00        8              6.5252           0.0882
 
      -2.00        1              1.8766           0.0139
      -2.00        2             -0.4497          -0.0029
      -2.00        3             -1.3317          -0.0092
      -2.00        4             -0.2571          -0.0017
      -2.00        5              2.1495           0.0166
      -2.00        6              4.4758           0.0485
      -2.00        7              5.3578           0.0642
      -2.00        8              4.2832           0.0453
 
       0.00        1              2.0131           0.0152
       0.00        2              2.0131           0.0152
       0.00        3              2.0131           0.0152
       0.00        4              2.0131           0.0152
       0.00        5              2.0131           0.0152
       0.00        6              2.0131           0.0152
       0.00        7              2.0131           0.0152
       0.00        8              2.0131           0.0152
 
       2.00        1              2.1495           0.0166
       2.00        2              4.4758           0.0485
       2.00        3              5.3578           0.0642
       2.00        4              4.2832           0.0453
       2.00        5              1.8766           0.0139
       2.00        6             -0.4497          -0.0029
       2.00        7             -1.3317          -0.0092
       2.00        8             -0.2571          -0.0017
 
       4.00        1              2.2847           0.0180
       4.00        2              6.9067           0.0968
       4.00        3              8.6492           0.1409
       4.00        4              6.5252           0.0882
       4.00        5              1.7414           0.0126
       4.00        6             -2.8806          -0.0249
       4.00        7             -4.6231          -0.0510
       4.00        8             -2.4991          -0.0204
 
       6.00        1              2.3890           0.0191
       6.00        2              9.1956           0.1562
       6.00        3             11.8433           0.2412
       6.00        4              8.7231           0.1429
       6.00        5              1.6081           0.0115
       6.00        6             -5.2609          -0.0624
       6.00        7             -7.8145          -0.1188
       6.00        8             -4.5815          -0.0503
 
       8.00        1              2.3278           0.0185
       8.00        2             11.0268           0.2132
       8.00        3             14.8683           0.3586
       8.00        4             10.8555           0.2075
       8.00        5              1.4773           0.0104
       8.00        6             -7.5652          -0.1126
       8.00        7            -10.8257          -0.2065
       8.00        8             -6.1089          -0.0793
 
      10.00        1              2.0893           0.0160
      10.00        2             12.5611           0.2671
      10.00        3             17.7346           0.4888
      10.00        4             12.9220           0.2806
      10.00        5              1.3488           0.0093
      10.00        6             -9.7932          -0.1739
      10.00        7            -13.6716          -0.3096
      10.00        8             -7.2805          -0.1056
 
1         ***** THE USAF AUTOMATED MISSILE DATCOM * REV 3/99 *****     CASE   1
               AERODYNAMIC METHODS FOR MISSILE CONFIGURATIONS          PAGE  11
                 AERODYNAMIC FORCE AND MOMENT SYNTHESIS

       ******* FLIGHT CONDITIONS AND REFERENCE QUANTITIES *******
     MACH NO  =       0.30                REYNOLDS NO = 6.955E+06 /M
     ALTITUDE =        0.0 M         DYNAMIC PRESSURE =   6383.49 N/M**2
     SIDESLIP =       0.00 DEG                   ROLL =      0.00 DEG     
     REF AREA =      0.001 M**2         MOMENT CENTER =     0.198 M
     REF LENGTH =     0.60 M           LAT REF LENGTH =      0.60 M

             CARRYOVER INTERFERENCE FACTORS - FIN SET 1

      ALPHA   K-W(B)   K-B(W)  KK-W(B)  KK-B(W)  XCP-W(B) XCP-B(W) Y-CP/(B/2)

     -10.00   1.6234   1.1241   0.9535   0.6600   0.4267   0.4200   0.4227
      -8.00   1.6395   1.1241   0.9535   0.6600   0.4267   0.4200   0.4520
      -6.00   1.6540   1.1241   0.9535   0.6600   0.4267   0.4200   0.5098
      -4.00   1.6666   1.1241   0.9535   0.6600   0.4267   0.4200   0.5622
      -2.00   1.6764   1.1241   0.9535   0.6600   0.4267   0.4200   0.6034
       0.00   1.6818   1.1241   0.9535   0.6600   0.4267   0.4200   0.6322
       2.00   1.6764   1.1241   0.9535   0.6600   0.4267   0.4200   0.6452
       4.00   1.6666   1.1241   0.9535   0.6600   0.4267   0.4200   0.6273
       6.00   1.6540   1.1241   0.9535   0.6600   0.4267   0.4200   0.5986
       8.00   1.6395   1.1241   0.9535   0.6600   0.4267   0.4200   0.5708
      10.00   1.6234   1.1241   0.9535   0.6600   0.4267   0.4200   0.5455

    NOTE - XCP-W(B) USED FOR STABILITY ONLY DIFFERENT VALUES USED FOR HINGE MOMENTS
1         ***** THE USAF AUTOMATED MISSILE DATCOM * REV 3/99 *****     CASE   1
               AERODYNAMIC METHODS FOR MISSILE CONFIGURATIONS          PAGE  12
        FIN SET 1 PANEL BENDING MOMENTS (ABOUT EXPOSED ROOT CHORD)

       ******* FLIGHT CONDITIONS AND REFERENCE QUANTITIES *******
     MACH NO  =       0.30                REYNOLDS NO = 6.955E+06 /M
     ALTITUDE =        0.0 M         DYNAMIC PRESSURE =   6383.49 N/M**2
     SIDESLIP =       0.00 DEG                   ROLL =      0.00 DEG     
     REF AREA =      0.001 M**2         MOMENT CENTER =     0.198 M
     REF LENGTH =     0.60 M           LAT REF LENGTH =      0.60 M

   ALPHA   PANL 1   PANL 2   PANL 3   PANL 4   PANL 5   PANL 6   PANL 7   PANL 8
 
   -10.0  6.25E-05 -1.16E-03 -2.07E-03 -7.07E-04  1.07E-04  1.79E-03  3.27E-03  1.88E-03
    -8.0  7.42E-05 -8.06E-04 -1.48E-03 -5.67E-04  1.32E-04  1.53E-03  2.57E-03  1.48E-03
    -6.0  9.26E-05 -5.04E-04 -9.59E-04 -4.06E-04  1.54E-04  1.26E-03  1.95E-03  1.15E-03
    -4.0  1.13E-04 -2.22E-04 -4.54E-04 -1.81E-04  1.60E-04  8.62E-04  1.25E-03  7.85E-04
    -2.0  1.33E-04 -2.78E-05 -8.79E-05 -1.58E-05  1.58E-04  4.63E-04  6.14E-04  4.33E-04
     0.0  1.52E-04  1.52E-04  1.52E-04  1.52E-04  1.52E-04  1.52E-04  1.52E-04  1.52E-04
     2.0  1.69E-04  4.95E-04  6.56E-04  4.63E-04  1.42E-04 -2.97E-05 -9.39E-05 -1.69E-05
     4.0  1.79E-04  9.62E-04  1.40E-03  8.76E-04  1.26E-04 -2.48E-04 -5.06E-04 -2.02E-04
     6.0  1.81E-04  1.48E-03  2.29E-03  1.35E-03  1.09E-04 -5.92E-04 -1.13E-03 -4.76E-04
     8.0  1.67E-04  1.93E-03  3.24E-03  1.88E-03  9.37E-05 -1.02E-03 -1.87E-03 -7.16E-04
    10.0  1.38E-04  2.31E-03  4.22E-03  2.42E-03  8.06E-05 -1.50E-03 -2.67E-03 -9.12E-04
1         ***** THE USAF AUTOMATED MISSILE DATCOM * REV 3/99 *****     CASE   1
               AERODYNAMIC METHODS FOR MISSILE CONFIGURATIONS          PAGE  13
            FIN SET 1 PANEL HINGE MOMENTS (ABOUT HINGE LINE)

       ******* FLIGHT CONDITIONS AND REFERENCE QUANTITIES *******
     MACH NO  =       0.30                REYNOLDS NO = 6.955E+06 /M
     ALTITUDE =        0.0 M         DYNAMIC PRESSURE =   6383.49 N/M**2
     SIDESLIP =       0.00 DEG                   ROLL =      0.00 DEG     
     REF AREA =      0.001 M**2         MOMENT CENTER =     0.198 M
     REF LENGTH =     0.60 M           LAT REF LENGTH =      0.60 M

   ALPHA   PANL 1   PANL 2   PANL 3   PANL 4   PANL 5   PANL 6   PANL 7   PANL 8
 
   -10.0  1.69E-03 -3.00E-02 -5.11E-02 -1.86E-02  2.89E-03  4.47E-02  7.57E-02  4.67E-02
    -8.0  1.88E-03 -1.98E-02 -3.52E-02 -1.41E-02  3.34E-03  3.63E-02  5.82E-02  3.54E-02
    -6.0  2.08E-03 -1.12E-02 -2.09E-02 -9.01E-03  3.46E-03  2.71E-02  4.07E-02  2.49E-02
    -4.0  2.29E-03 -4.51E-03 -9.14E-03 -3.69E-03  3.26E-03  1.71E-02  2.45E-02  1.56E-02
    -2.0  2.52E-03 -5.29E-04 -1.67E-03 -3.01E-04  3.00E-03  8.70E-03  1.15E-02  8.13E-03
     0.0  2.75E-03  2.75E-03  2.75E-03  2.75E-03  2.75E-03  2.75E-03  2.75E-03  2.75E-03
     2.0  3.00E-03  8.70E-03  1.15E-02  8.13E-03  2.52E-03 -5.29E-04 -1.67E-03 -3.01E-04
     4.0  3.26E-03  1.71E-02  2.45E-02  1.56E-02  2.29E-03 -4.51E-03 -9.14E-03 -3.69E-03
     6.0  3.46E-03  2.71E-02  4.07E-02  2.49E-02  2.08E-03 -1.12E-02 -2.09E-02 -9.01E-03
     8.0  3.34E-03  3.63E-02  5.82E-02  3.54E-02  1.88E-03 -1.98E-02 -3.52E-02 -1.41E-02
    10.0  2.89E-03  4.47E-02  7.57E-02  4.67E-02  1.69E-03 -3.00E-02 -5.11E-02 -1.86E-02
1         ***** THE USAF AUTOMATED MISSILE DATCOM * REV 3/99 *****     CASE   1
               AERODYNAMIC METHODS FOR MISSILE CONFIGURATIONS          PAGE  14
                   STATIC AERODYNAMICS FOR BODY-FIN SET 1

       ******* FLIGHT CONDITIONS AND REFERENCE QUANTITIES *******
     MACH NO  =       0.30                REYNOLDS NO = 6.955E+06 /M
     ALTITUDE =        0.0 M         DYNAMIC PRESSURE =   6383.49 N/M**2
     SIDESLIP =       0.00 DEG                   ROLL =      0.00 DEG     
     REF AREA =      0.001 M**2         MOMENT CENTER =     0.198 M
     REF LENGTH =     0.60 M           LAT REF LENGTH =      0.60 M

                   ----- LONGITUDINAL -----     -- LATERAL DIRECTIONAL --
         ALPHA       CN        CM        CA        CY       CLN       CLL

        -10.00    -3.145     1.028     0.513    -0.019     0.008    -0.017
         -8.00    -2.272     0.730     0.513    -0.008     0.004    -0.015
         -6.00    -1.496     0.468     0.512    -0.001     0.001    -0.012
         -4.00    -0.835     0.249     0.510     0.000     0.000    -0.010
         -2.00    -0.346     0.097     0.507     0.000     0.000    -0.007
          0.00     0.000     0.000     0.504     0.000     0.000    -0.005
          2.00     0.346    -0.097     0.507     0.000     0.000    -0.007
          4.00     0.835    -0.249     0.510     0.000     0.000    -0.010
          6.00     1.496    -0.468     0.512     0.001    -0.001    -0.012
          8.00     2.272    -0.730     0.513     0.008    -0.004    -0.015
         10.00     3.145    -1.028     0.513     0.019    -0.008    -0.017

         ALPHA       CL        CD      CL/CD     X-C.P.

        -10.00    -3.008     1.051    -2.861    -0.327
         -8.00    -2.179     0.825    -2.642    -0.321
         -6.00    -1.434     0.666    -2.154    -0.313
         -4.00    -0.798     0.567    -1.407    -0.298
         -2.00    -0.328     0.518    -0.633    -0.281
          0.00     0.000     0.504     0.000    -0.424
          2.00     0.328     0.518     0.633    -0.281
          4.00     0.798     0.567     1.407    -0.298
          6.00     1.434     0.666     2.154    -0.313
          8.00     2.179     0.825     2.642    -0.321
         10.00     3.008     1.051     2.861    -0.327

    X-C.P. MEAS. FROM MOMENT CENTER IN REF. LENGTHS, NEG. AFT OF MOMENT CENTER
1         ***** THE USAF AUTOMATED MISSILE DATCOM * REV 3/99 *****     CASE   1
               AERODYNAMIC METHODS FOR MISSILE CONFIGURATIONS          PAGE  15
                   STATIC AERODYNAMICS FOR BODY-FIN SET 1

       ******* FLIGHT CONDITIONS AND REFERENCE QUANTITIES *******
     MACH NO  =       0.30                REYNOLDS NO = 6.955E+06 /M
     ALTITUDE =        0.0 M         DYNAMIC PRESSURE =   6383.49 N/M**2
     SIDESLIP =       0.00 DEG                   ROLL =      0.00 DEG     
     REF AREA =      0.001 M**2         MOMENT CENTER =     0.198 M
     REF LENGTH =     0.60 M           LAT REF LENGTH =      0.60 M

                   ---------- DERIVATIVES (PER DEGREE) ----------
         ALPHA       CNA         CMA         CYB         CLNB        CLLB
        -10.00      0.4605     -0.1576     -0.3117      0.1019      0.0003
         -8.00      0.4120     -0.1399     -0.2840      0.0914      0.0000
         -6.00      0.3590     -0.1203     -0.2501      0.0784     -0.0001
         -4.00      0.2870     -0.0927     -0.2126      0.0638     -0.0002
         -2.00      0.2085     -0.0623     -0.1762      0.0498     -0.0004
          0.00      0.1730     -0.0486     -0.1642      0.0452     -0.0006
          2.00      0.2085     -0.0623     -0.1762      0.0498     -0.0004
          4.00      0.2870     -0.0927     -0.2117      0.0634     -0.0003
          6.00      0.3590     -0.1203     -0.2478      0.0774     -0.0003
          8.00      0.4120     -0.1399     -0.2743      0.0873     -0.0004
         10.00      0.4605     -0.1576     -0.2968      0.0955     -0.0003

    PANEL DEFLECTION ANGLES (DEGREES)
    SET    FIN 1   FIN 2   FIN 3   FIN 4   FIN 5   FIN 6   FIN 7   FIN 8
      1    2.33    2.33    2.33    2.33    2.33    2.33    2.33    2.33
1         ***** THE USAF AUTOMATED MISSILE DATCOM * REV 3/99 *****     CASE   1
               AERODYNAMIC METHODS FOR MISSILE CONFIGURATIONS          PAGE  16
                             BODY ALONE PARTIAL OUTPUT

       ******* FLIGHT CONDITIONS AND REFERENCE QUANTITIES *******
     MACH NO  =       0.60                REYNOLDS NO = 1.391E+07 /M
     ALTITUDE =        0.0 M         DYNAMIC PRESSURE =  25533.94 N/M**2
     SIDESLIP =       0.00 DEG                   ROLL =      0.00 DEG     
     REF AREA =      0.001 M**2         MOMENT CENTER =     0.198 M
     REF LENGTH =     0.60 M           LAT REF LENGTH =      0.60 M

      ALPHA    CA-FRIC  CA-PRES/WAVE CA-BASE    CA-PROT     CA-SEP     CA-ALP
     -10.00     0.1842     0.0126     0.1356                           0.0010
      -8.00     0.1862     0.0127     0.1360                           0.0012
      -6.00     0.1878     0.0128     0.1363                           0.0009
      -4.00     0.1890     0.0129     0.1364                           0.0005
      -2.00     0.1897     0.0130     0.1363                           0.0001
       0.00     0.1899     0.0130     0.1360                           0.0000
       2.00     0.1897     0.0130     0.1363                           0.0001
       4.00     0.1890     0.0129     0.1364                           0.0005
       6.00     0.1878     0.0128     0.1363                           0.0009
       8.00     0.1862     0.0127     0.1360                           0.0012
      10.00     0.1842     0.0126     0.1356                           0.0010

                     CROSS FLOW DRAG PROPORTIONALITY FACTOR = 0.74620

      ALPHA    CN-POTEN  CN-VISC   CN-SEP    CM-POTEN  CM-VISC   CM-SEP    CDC
     -10.00    -0.457    -0.362              -0.033     0.072             0.804
      -8.00    -0.369    -0.229              -0.027     0.045             0.791
      -6.00    -0.278    -0.127              -0.020     0.025             0.778
      -4.00    -0.187    -0.056              -0.014     0.011             0.766
      -2.00    -0.094    -0.014              -0.007     0.003             0.753
       0.00     0.000     0.000               0.000     0.000             0.740
       2.00     0.094     0.014               0.007    -0.003             0.753
       4.00     0.187     0.056               0.014    -0.011             0.766
       6.00     0.278     0.127               0.020    -0.025             0.778
       8.00     0.369     0.229               0.027    -0.045             0.791
      10.00     0.457     0.362               0.033    -0.072             0.804
1         ***** THE USAF AUTOMATED MISSILE DATCOM * REV 3/99 *****     CASE   1
               AERODYNAMIC METHODS FOR MISSILE CONFIGURATIONS          PAGE  17
                        FIN SET 1 CA PARTIAL OUTPUT

       ******* FLIGHT CONDITIONS AND REFERENCE QUANTITIES *******
     MACH NO  =       0.60                REYNOLDS NO = 1.391E+07 /M
     ALTITUDE =        0.0 M         DYNAMIC PRESSURE =  25533.94 N/M**2
     SIDESLIP =       0.00 DEG                   ROLL =      0.00 DEG     
     REF AREA =      0.001 M**2         MOMENT CENTER =     0.198 M
     REF LENGTH =     0.60 M           LAT REF LENGTH =      0.60 M

    SINGLE FIN PANEL ZERO-LIFT AXIAL FORCE COMPONENTS

    SKIN FRICTION        0.0133
    SUBSONIC PRESSURE    0.0011
    TRANSONIC WAVE       0.0000
    SUPERSONIC WAVE      0.0000
    LEADING EDGE         0.0000
    TRAILING EDGE        0.0000
    TOTAL CAO            0.0144

    FIN AXIAL FORCE DUE TO ANGLE OF ATTACK

    ALPHA      CA DUE TO LIFT (SINGLE PANEL)   CA-TOTAL (8 FINS)

     -10.00              0.0000                      0.1135
      -8.00              0.0000                      0.1141
      -6.00              0.0000                      0.1146
      -4.00              0.0000                      0.1149
      -2.00              0.0000                      0.1152
       0.00              0.0000                      0.1152
       2.00              0.0000                      0.1152
       4.00              0.0000                      0.1149
       6.00              0.0000                      0.1146
       8.00              0.0000                      0.1141
      10.00              0.0000                      0.1135
1         ***** THE USAF AUTOMATED MISSILE DATCOM * REV 3/99 *****     CASE   1
               AERODYNAMIC METHODS FOR MISSILE CONFIGURATIONS          PAGE  18
                       FIN SET 1 CN, CM PARTIAL OUTPUT

       ******* FLIGHT CONDITIONS AND REFERENCE QUANTITIES *******
     MACH NO  =       0.60                REYNOLDS NO = 1.391E+07 /M
     ALTITUDE =        0.0 M         DYNAMIC PRESSURE =  25533.94 N/M**2
     SIDESLIP =       0.00 DEG                   ROLL =      0.00 DEG     
     REF AREA =      0.001 M**2         MOMENT CENTER =     0.198 M
     REF LENGTH =     0.60 M           LAT REF LENGTH =      0.60 M

    NORMAL FORCE SLOPE AT ALPHA ZERO, CNA =    0.00486/DEG (1 PANEL)
         CENTER OF PRESSURE FOR LINEAR CN =   -0.42667 (CALIBERS FROM C.G.)
     CENTER OF PRESSURE FOR NON-LINEAR CN =   -0.50333 (CALIBERS FROM C.G.)

      ALPHA      CN        CN        CN        CM        CM        CM
               LINEAR  NON-LINEAR  TOTAL     LINEAR  NON-LINEAR  TOTAL

     -10.00   -0.1919   -0.5667   -0.7586    0.0819    0.2852    0.3671
      -8.00   -0.1542   -0.3635   -0.5178    0.0658    0.1830    0.2488
      -6.00   -0.1161   -0.2048   -0.3209    0.0495    0.1031    0.1526
      -4.00   -0.0776   -0.0912   -0.1688    0.0331    0.0459    0.0790
      -2.00   -0.0389   -0.0228   -0.0617    0.0166    0.0115    0.0281
       0.00    0.0000    0.0000    0.0000    0.0000    0.0000    0.0000
       2.00    0.0389    0.0228    0.0617   -0.0166   -0.0115   -0.0281
       4.00    0.0776    0.0912    0.1688   -0.0331   -0.0459   -0.0790
       6.00    0.1161    0.2048    0.3209   -0.0495   -0.1031   -0.1526
       8.00    0.1542    0.3635    0.5178   -0.0658   -0.1830   -0.2488
      10.00    0.1919    0.5667    0.7586   -0.0819   -0.2852   -0.3671
1         ***** THE USAF AUTOMATED MISSILE DATCOM * REV 3/99 *****     CASE   1
               AERODYNAMIC METHODS FOR MISSILE CONFIGURATIONS          PAGE  19
                 AERODYNAMIC FORCE AND MOMENT SYNTHESIS

       ******* FLIGHT CONDITIONS AND REFERENCE QUANTITIES *******
     MACH NO  =       0.60                REYNOLDS NO = 1.391E+07 /M
     ALTITUDE =        0.0 M         DYNAMIC PRESSURE =  25533.94 N/M**2
     SIDESLIP =       0.00 DEG                   ROLL =      0.00 DEG     
     REF AREA =      0.001 M**2         MOMENT CENTER =     0.198 M
     REF LENGTH =     0.60 M           LAT REF LENGTH =      0.60 M

          ---------------FIN SET 1 IN PRESENCE OF THE BODY----------------

      ALPHA       CN         CM         CA         CY         CLN        CLL

     -10.00    -1.4495     0.6185     0.1354    -0.0120     0.0051    -0.0179
      -8.00    -1.0455     0.4461     0.1327    -0.0055     0.0023    -0.0156
      -6.00    -0.6808     0.2905     0.1296    -0.0009     0.0004    -0.0131
      -4.00    -0.3693     0.1576     0.1262     0.0002    -0.0001    -0.0103
      -2.00    -0.1480     0.0631     0.1225     0.0000     0.0000    -0.0070
       0.00     0.0000     0.0000     0.1202     0.0000     0.0000    -0.0049
       2.00     0.1480    -0.0631     0.1225     0.0000     0.0000    -0.0070
       4.00     0.3693    -0.1576     0.1262    -0.0002     0.0001    -0.0103
       6.00     0.6808    -0.2905     0.1296     0.0009    -0.0004    -0.0131
       8.00     1.0455    -0.4461     0.1327     0.0055    -0.0023    -0.0156
      10.00     1.4495    -0.6185     0.1354     0.0120    -0.0051    -0.0179
1         ***** THE USAF AUTOMATED MISSILE DATCOM * REV 3/99 *****     CASE   1
               AERODYNAMIC METHODS FOR MISSILE CONFIGURATIONS          PAGE  20
                 AERODYNAMIC FORCE AND MOMENT SYNTHESIS

       ******* FLIGHT CONDITIONS AND REFERENCE QUANTITIES *******
     MACH NO  =       0.60                REYNOLDS NO = 1.391E+07 /M
     ALTITUDE =        0.0 M         DYNAMIC PRESSURE =  25533.94 N/M**2
     SIDESLIP =       0.00 DEG                   ROLL =      0.00 DEG     
     REF AREA =      0.001 M**2         MOMENT CENTER =     0.198 M
     REF LENGTH =     0.60 M           LAT REF LENGTH =      0.60 M

          ---------------FIN SET 1 PANEL CHARACTERISTICS------------------

      ALPHA      PANEL    AEQ (PANEL AXIS SYS.)    PANEL CN

     -10.00        1              1.3489           0.0095
     -10.00        2             -9.7903          -0.1820
     -10.00        3            -13.6606          -0.3250
     -10.00        4             -7.2108          -0.1084
     -10.00        5              2.0649           0.0161
     -10.00        6             12.5059           0.2783
     -10.00        7             17.7252           0.5146
     -10.00        8             12.9195           0.2946
 
      -8.00        1              1.4773           0.0106
      -8.00        2             -7.5642          -0.1174
      -8.00        3            -10.8218          -0.2163
      -8.00        4             -6.0839          -0.0819
      -8.00        5              2.3203           0.0188
      -8.00        6             11.0069           0.2228
      -8.00        7             14.8650           0.3771
      -8.00        8             10.8546           0.2175
 
      -6.00        1              1.6081           0.0117
      -6.00        2             -5.2608          -0.0648
      -6.00        3             -7.8140          -0.1240
      -6.00        4             -4.5785          -0.0520
      -6.00        5              2.3882           0.0196
      -6.00        6              9.1931           0.1634
      -6.00        7             11.8429           0.2531
      -6.00        8              8.7230           0.1494
 
      -4.00        1              1.7414           0.0129
      -4.00        2             -2.8806          -0.0256
      -4.00        3             -4.6231          -0.0528
      -4.00        4             -2.4991          -0.0209
      -4.00        5              2.2847           0.0184
      -4.00        6              6.9067           0.1009
      -4.00        7              8.6492           0.1473
      -4.00        8              6.5252           0.0919
 
      -2.00        1              1.8766           0.0142
      -2.00        2             -0.4497          -0.0030
      -2.00        3             -1.3317          -0.0094
      -2.00        4             -0.2571          -0.0017
      -2.00        5              2.1495           0.0170
      -2.00        6              4.4758           0.0502
      -2.00        7              5.3578           0.0667
      -2.00        8              4.2832           0.0469
 
       0.00        1              2.0131           0.0155
       0.00        2              2.0131           0.0155
       0.00        3              2.0131           0.0155
       0.00        4              2.0131           0.0155
       0.00        5              2.0131           0.0155
       0.00        6              2.0131           0.0155
       0.00        7              2.0131           0.0155
       0.00        8              2.0131           0.0155
 
       2.00        1              2.1495           0.0170
       2.00        2              4.4758           0.0502
       2.00        3              5.3578           0.0667
       2.00        4              4.2832           0.0469
       2.00        5              1.8766           0.0142
       2.00        6             -0.4497          -0.0030
       2.00        7             -1.3317          -0.0094
       2.00        8             -0.2571          -0.0017
 
       4.00        1              2.2847           0.0184
       4.00        2              6.9067           0.1009
       4.00        3              8.6492           0.1473
       4.00        4              6.5252           0.0919
       4.00        5              1.7414           0.0129
       4.00        6             -2.8806          -0.0256
       4.00        7             -4.6231          -0.0528
       4.00        8             -2.4991          -0.0209
 
       6.00        1              2.3882           0.0196
       6.00        2              9.1931           0.1634
       6.00        3             11.8429           0.2531
       6.00        4              8.7230           0.1494
       6.00        5              1.6081           0.0117
       6.00        6             -5.2608          -0.0648
       6.00        7             -7.8140          -0.1240
       6.00        8             -4.5785          -0.0520
 
       8.00        1              2.3203           0.0188
       8.00        2             11.0069           0.2228
       8.00        3             14.8650           0.3771
       8.00        4             10.8546           0.2175
       8.00        5              1.4773           0.0106
       8.00        6             -7.5642          -0.1174
       8.00        7            -10.8218          -0.2163
       8.00        8             -6.0839          -0.0819
 
      10.00        1              2.0649           0.0161
      10.00        2             12.5059           0.2783
      10.00        3             17.7252           0.5146
      10.00        4             12.9195           0.2946
      10.00        5              1.3489           0.0095
      10.00        6             -9.7903          -0.1820
      10.00        7            -13.6606          -0.3250
      10.00        8             -7.2108          -0.1084
 
1         ***** THE USAF AUTOMATED MISSILE DATCOM * REV 3/99 *****     CASE   1
               AERODYNAMIC METHODS FOR MISSILE CONFIGURATIONS          PAGE  21
                 AERODYNAMIC FORCE AND MOMENT SYNTHESIS

       ******* FLIGHT CONDITIONS AND REFERENCE QUANTITIES *******
     MACH NO  =       0.60                REYNOLDS NO = 1.391E+07 /M
     ALTITUDE =        0.0 M         DYNAMIC PRESSURE =  25533.94 N/M**2
     SIDESLIP =       0.00 DEG                   ROLL =      0.00 DEG     
     REF AREA =      0.001 M**2         MOMENT CENTER =     0.198 M
     REF LENGTH =     0.60 M           LAT REF LENGTH =      0.60 M

             CARRYOVER INTERFERENCE FACTORS - FIN SET 1

      ALPHA   K-W(B)   K-B(W)  KK-W(B)  KK-B(W)  XCP-W(B) XCP-B(W) Y-CP/(B/2)

     -10.00   1.6234   1.1241   0.9535   0.6600   0.4267   0.4200   0.4326
      -8.00   1.6395   1.1241   0.9535   0.6600   0.4267   0.4200   0.4550
      -6.00   1.6540   1.1241   0.9535   0.6600   0.4267   0.4200   0.4911
      -4.00   1.6666   1.1241   0.9535   0.6600   0.4267   0.4200   0.5264
      -2.00   1.6764   1.1241   0.9535   0.6600   0.4267   0.4200   0.5541
       0.00   1.6818   1.1241   0.9535   0.6600   0.4267   0.4200   0.5733
       2.00   1.6764   1.1241   0.9535   0.6600   0.4267   0.4200   0.5818
       4.00   1.6666   1.1241   0.9535   0.6600   0.4267   0.4200   0.5700
       6.00   1.6540   1.1241   0.9535   0.6600   0.4267   0.4200   0.5509
       8.00   1.6395   1.1241   0.9535   0.6600   0.4267   0.4200   0.5325
      10.00   1.6234   1.1241   0.9535   0.6600   0.4267   0.4200   0.5163

    NOTE - XCP-W(B) USED FOR STABILITY ONLY DIFFERENT VALUES USED FOR HINGE MOMENTS
1         ***** THE USAF AUTOMATED MISSILE DATCOM * REV 3/99 *****     CASE   1
               AERODYNAMIC METHODS FOR MISSILE CONFIGURATIONS          PAGE  22
        FIN SET 1 PANEL BENDING MOMENTS (ABOUT EXPOSED ROOT CHORD)

       ******* FLIGHT CONDITIONS AND REFERENCE QUANTITIES *******
     MACH NO  =       0.60                REYNOLDS NO = 1.391E+07 /M
     ALTITUDE =        0.0 M         DYNAMIC PRESSURE =  25533.94 N/M**2
     SIDESLIP =       0.00 DEG                   ROLL =      0.00 DEG     
     REF AREA =      0.001 M**2         MOMENT CENTER =     0.198 M
     REF LENGTH =     0.60 M           LAT REF LENGTH =      0.60 M

   ALPHA   PANL 1   PANL 2   PANL 3   PANL 4   PANL 5   PANL 6   PANL 7   PANL 8
 
   -10.0  6.52E-05 -1.25E-03 -2.23E-03 -7.42E-04  1.10E-04  1.91E-03  3.52E-03  2.02E-03
    -8.0  7.62E-05 -8.46E-04 -1.56E-03 -5.90E-04  1.36E-04  1.60E-03  2.72E-03  1.57E-03
    -6.0  9.11E-05 -5.04E-04 -9.64E-04 -4.04E-04  1.52E-04  1.27E-03  1.97E-03  1.16E-03
    -4.0  1.08E-04 -2.14E-04 -4.40E-04 -1.74E-04  1.54E-04  8.41E-04  1.23E-03  7.66E-04
    -2.0  1.25E-04 -2.59E-05 -8.22E-05 -1.47E-05  1.49E-04  4.40E-04  5.85E-04  4.11E-04
     0.0  1.41E-04  1.41E-04  1.41E-04  1.41E-04  1.41E-04  1.41E-04  1.41E-04  1.41E-04
     2.0  1.56E-04  4.62E-04  6.15E-04  4.32E-04  1.31E-04 -2.72E-05 -8.63E-05 -1.55E-05
     4.0  1.66E-04  9.11E-04  1.33E-03  8.29E-04  1.17E-04 -2.31E-04 -4.77E-04 -1.89E-04
     6.0  1.71E-04  1.43E-03  2.21E-03  1.30E-03  1.02E-04 -5.65E-04 -1.08E-03 -4.54E-04
     8.0  1.59E-04  1.88E-03  3.18E-03  1.83E-03  8.92E-05 -9.90E-04 -1.82E-03 -6.91E-04
    10.0  1.31E-04  2.28E-03  4.21E-03  2.41E-03  7.78E-05 -1.49E-03 -2.66E-03 -8.86E-04
1         ***** THE USAF AUTOMATED MISSILE DATCOM * REV 3/99 *****     CASE   1
               AERODYNAMIC METHODS FOR MISSILE CONFIGURATIONS          PAGE  23
            FIN SET 1 PANEL HINGE MOMENTS (ABOUT HINGE LINE)

       ******* FLIGHT CONDITIONS AND REFERENCE QUANTITIES *******
     MACH NO  =       0.60                REYNOLDS NO = 1.391E+07 /M
     ALTITUDE =        0.0 M         DYNAMIC PRESSURE =  25533.94 N/M**2
     SIDESLIP =       0.00 DEG                   ROLL =      0.00 DEG     
     REF AREA =      0.001 M**2         MOMENT CENTER =     0.198 M
     REF LENGTH =     0.60 M           LAT REF LENGTH =      0.60 M

   ALPHA   PANL 1   PANL 2   PANL 3   PANL 4   PANL 5   PANL 6   PANL 7   PANL 8
 
   -10.0  1.72E-03 -3.12E-02 -5.32E-02 -1.90E-02  2.90E-03  4.63E-02  7.91E-02  4.87E-02
    -8.0  1.91E-03 -2.05E-02 -3.67E-02 -1.45E-02  3.39E-03  3.77E-02  6.07E-02  3.69E-02
    -6.0  2.11E-03 -1.15E-02 -2.16E-02 -9.28E-03  3.53E-03  2.82E-02  4.24E-02  2.59E-02
    -4.0  2.33E-03 -4.61E-03 -9.42E-03 -3.76E-03  3.32E-03  1.77E-02  2.55E-02  1.62E-02
    -2.0  2.56E-03 -5.34E-04 -1.69E-03 -3.04E-04  3.06E-03  8.96E-03  1.18E-02  8.37E-03
     0.0  2.80E-03  2.80E-03  2.80E-03  2.80E-03  2.80E-03  2.80E-03  2.80E-03  2.80E-03
     2.0  3.06E-03  8.96E-03  1.18E-02  8.37E-03  2.56E-03 -5.34E-04 -1.69E-03 -3.04E-04
     4.0  3.32E-03  1.77E-02  2.55E-02  1.62E-02  2.33E-03 -4.61E-03 -9.42E-03 -3.76E-03
     6.0  3.53E-03  2.82E-02  4.24E-02  2.59E-02  2.11E-03 -1.15E-02 -2.16E-02 -9.28E-03
     8.0  3.39E-03  3.77E-02  6.07E-02  3.69E-02  1.91E-03 -2.05E-02 -3.67E-02 -1.45E-02
    10.0  2.90E-03  4.63E-02  7.91E-02  4.87E-02  1.72E-03 -3.12E-02 -5.32E-02 -1.90E-02
1         ***** THE USAF AUTOMATED MISSILE DATCOM * REV 3/99 *****     CASE   1
               AERODYNAMIC METHODS FOR MISSILE CONFIGURATIONS          PAGE  24
                   STATIC AERODYNAMICS FOR BODY-FIN SET 1

       ******* FLIGHT CONDITIONS AND REFERENCE QUANTITIES *******
     MACH NO  =       0.60                REYNOLDS NO = 1.391E+07 /M
     ALTITUDE =        0.0 M         DYNAMIC PRESSURE =  25533.94 N/M**2
     SIDESLIP =       0.00 DEG                   ROLL =      0.00 DEG     
     REF AREA =      0.001 M**2         MOMENT CENTER =     0.198 M
     REF LENGTH =     0.60 M           LAT REF LENGTH =      0.60 M

                   ----- LONGITUDINAL -----     -- LATERAL DIRECTIONAL --
         ALPHA       CN        CM        CA        CY       CLN       CLL

        -10.00    -3.272     1.078     0.469    -0.020     0.009    -0.018
         -8.00    -2.360     0.766     0.469    -0.009     0.004    -0.016
         -6.00    -1.549     0.490     0.467    -0.002     0.001    -0.013
         -4.00    -0.861     0.260     0.465     0.000     0.000    -0.010
         -2.00    -0.354     0.101     0.462     0.000     0.000    -0.007
          0.00     0.000     0.000     0.459     0.000     0.000    -0.005
          2.00     0.354    -0.101     0.462     0.000     0.000    -0.007
          4.00     0.861    -0.260     0.465     0.000     0.000    -0.010
          6.00     1.549    -0.490     0.467     0.002    -0.001    -0.013
          8.00     2.360    -0.766     0.469     0.009    -0.004    -0.016
         10.00     3.272    -1.078     0.469     0.020    -0.009    -0.018

         ALPHA       CL        CD      CL/CD     X-C.P.

        -10.00    -3.141     1.030    -3.050    -0.330
         -8.00    -2.272     0.793    -2.866    -0.324
         -6.00    -1.492     0.627    -2.380    -0.316
         -4.00    -0.826     0.524    -1.577    -0.302
         -2.00    -0.338     0.474    -0.714    -0.284
          0.00     0.000     0.459     0.000    -0.424
          2.00     0.338     0.474     0.714    -0.284
          4.00     0.826     0.524     1.577    -0.302
          6.00     1.492     0.627     2.380    -0.316
          8.00     2.272     0.793     2.866    -0.324
         10.00     3.141     1.030     3.050    -0.330

    X-C.P. MEAS. FROM MOMENT CENTER IN REF. LENGTHS, NEG. AFT OF MOMENT CENTER
1         ***** THE USAF AUTOMATED MISSILE DATCOM * REV 3/99 *****     CASE   1
               AERODYNAMIC METHODS FOR MISSILE CONFIGURATIONS          PAGE  25
                   STATIC AERODYNAMICS FOR BODY-FIN SET 1

       ******* FLIGHT CONDITIONS AND REFERENCE QUANTITIES *******
     MACH NO  =       0.60                REYNOLDS NO = 1.391E+07 /M
     ALTITUDE =        0.0 M         DYNAMIC PRESSURE =  25533.94 N/M**2
     SIDESLIP =       0.00 DEG                   ROLL =      0.00 DEG     
     REF AREA =      0.001 M**2         MOMENT CENTER =     0.198 M
     REF LENGTH =     0.60 M           LAT REF LENGTH =      0.60 M

                   ---------- DERIVATIVES (PER DEGREE) ----------
         ALPHA       CNA         CMA         CYB         CLNB        CLLB
        -10.00      0.4816     -0.1656     -0.3250      0.1072      0.0003
         -8.00      0.4305     -0.1472     -0.2953      0.0960      0.0001
         -6.00      0.3745     -0.1265     -0.2591      0.0821     -0.0001
         -4.00      0.2980     -0.0972     -0.2192      0.0666     -0.0002
         -2.00      0.2148     -0.0649     -0.1806      0.0516     -0.0004
          0.00      0.1772     -0.0504     -0.1680      0.0468     -0.0007
          2.00      0.2148     -0.0649     -0.1807      0.0516     -0.0004
          4.00      0.2980     -0.0972     -0.2182      0.0662     -0.0003
          6.00      0.3745     -0.1265     -0.2565      0.0810     -0.0003
          8.00      0.4305     -0.1472     -0.2847      0.0915     -0.0004
         10.00      0.4816     -0.1656     -0.3088      0.1003     -0.0004

    PANEL DEFLECTION ANGLES (DEGREES)
    SET    FIN 1   FIN 2   FIN 3   FIN 4   FIN 5   FIN 6   FIN 7   FIN 8
      1    2.33    2.33    2.33    2.33    2.33    2.33    2.33    2.33
1         ***** THE USAF AUTOMATED MISSILE DATCOM * REV 3/99 *****     CASE   1
               AERODYNAMIC METHODS FOR MISSILE CONFIGURATIONS          PAGE  26
                             BODY ALONE PARTIAL OUTPUT

       ******* FLIGHT CONDITIONS AND REFERENCE QUANTITIES *******
     MACH NO  =       0.90                REYNOLDS NO = 2.087E+07 /M
     ALTITUDE =        0.0 M         DYNAMIC PRESSURE =  57451.37 N/M**2
     SIDESLIP =       0.00 DEG                   ROLL =      0.00 DEG     
     REF AREA =      0.001 M**2         MOMENT CENTER =     0.198 M
     REF LENGTH =     0.60 M           LAT REF LENGTH =      0.60 M

      ALPHA    CA-FRIC  CA-PRES/WAVE CA-BASE    CA-PROT     CA-SEP     CA-ALP
     -10.00     0.1677     0.0217     0.1315                           0.0008
      -8.00     0.1695     0.0219     0.1319                           0.0011
      -6.00     0.1710     0.0221     0.1322                           0.0008
      -4.00     0.1720     0.0222     0.1323                           0.0004
      -2.00     0.1727     0.0223     0.1322                           0.0001
       0.00     0.1729     0.0223     0.1320                           0.0000
       2.00     0.1727     0.0223     0.1322                           0.0001
       4.00     0.1720     0.0222     0.1323                           0.0004
       6.00     0.1710     0.0221     0.1322                           0.0008
       8.00     0.1695     0.0219     0.1319                           0.0011
      10.00     0.1677     0.0217     0.1315                           0.0008

                     CROSS FLOW DRAG PROPORTIONALITY FACTOR = 0.74880

      ALPHA    CN-POTEN  CN-VISC   CN-SEP    CM-POTEN  CM-VISC   CM-SEP    CDC
     -10.00    -0.475    -0.377              -0.025     0.075             0.836
      -8.00    -0.384    -0.237              -0.020     0.047             0.817
      -6.00    -0.290    -0.130              -0.015     0.026             0.798
      -4.00    -0.194    -0.057              -0.010     0.011             0.778
      -2.00    -0.097    -0.014              -0.005     0.003             0.759
       0.00     0.000     0.000               0.000     0.000             0.740
       2.00     0.097     0.014               0.005    -0.003             0.759
       4.00     0.194     0.057               0.010    -0.011             0.778
       6.00     0.290     0.130               0.015    -0.026             0.798
       8.00     0.384     0.237               0.020    -0.047             0.817
      10.00     0.475     0.377               0.025    -0.075             0.836
1         ***** THE USAF AUTOMATED MISSILE DATCOM * REV 3/99 *****     CASE   1
               AERODYNAMIC METHODS FOR MISSILE CONFIGURATIONS          PAGE  27
                        FIN SET 1 CA PARTIAL OUTPUT

       ******* FLIGHT CONDITIONS AND REFERENCE QUANTITIES *******
     MACH NO  =       0.90                REYNOLDS NO = 2.087E+07 /M
     ALTITUDE =        0.0 M         DYNAMIC PRESSURE =  57451.37 N/M**2
     SIDESLIP =       0.00 DEG                   ROLL =      0.00 DEG     
     REF AREA =      0.001 M**2         MOMENT CENTER =     0.198 M
     REF LENGTH =     0.60 M           LAT REF LENGTH =      0.60 M

    SINGLE FIN PANEL ZERO-LIFT AXIAL FORCE COMPONENTS

    SKIN FRICTION        0.0121
    SUBSONIC PRESSURE    0.0010
    TRANSONIC WAVE       0.0144
    SUPERSONIC WAVE      0.0000
    LEADING EDGE         0.0000
    TRAILING EDGE        0.0000
    TOTAL CAO            0.0275

    FIN AXIAL FORCE DUE TO ANGLE OF ATTACK

    ALPHA      CA DUE TO LIFT (SINGLE PANEL)   CA-TOTAL (8 FINS)

     -10.00              0.0000                      0.2166
      -8.00              0.0000                      0.2178
      -6.00              0.0000                      0.2188
      -4.00              0.0000                      0.2194
      -2.00              0.0000                      0.2198
       0.00              0.0000                      0.2200
       2.00              0.0000                      0.2198
       4.00              0.0000                      0.2194
       6.00              0.0000                      0.2188
       8.00              0.0000                      0.2178
      10.00              0.0000                      0.2166
1         ***** THE USAF AUTOMATED MISSILE DATCOM * REV 3/99 *****     CASE   1
               AERODYNAMIC METHODS FOR MISSILE CONFIGURATIONS          PAGE  28
                       FIN SET 1 CN, CM PARTIAL OUTPUT

       ******* FLIGHT CONDITIONS AND REFERENCE QUANTITIES *******
     MACH NO  =       0.90                REYNOLDS NO = 2.087E+07 /M
     ALTITUDE =        0.0 M         DYNAMIC PRESSURE =  57451.37 N/M**2
     SIDESLIP =       0.00 DEG                   ROLL =      0.00 DEG     
     REF AREA =      0.001 M**2         MOMENT CENTER =     0.198 M
     REF LENGTH =     0.60 M           LAT REF LENGTH =      0.60 M

    NORMAL FORCE SLOPE AT ALPHA ZERO, CNA =    0.00485/DEG (1 PANEL)
         CENTER OF PRESSURE FOR LINEAR CN =   -0.42667 (CALIBERS FROM C.G.)
     CENTER OF PRESSURE FOR NON-LINEAR CN =   -0.50333 (CALIBERS FROM C.G.)

      ALPHA      CN        CN        CN        CM        CM        CM
               LINEAR  NON-LINEAR  TOTAL     LINEAR  NON-LINEAR  TOTAL

     -10.00   -0.1914   -0.3902   -0.5816    0.0817    0.1964    0.2781
      -8.00   -0.1538   -0.2505   -0.4043    0.0656    0.1261    0.1917
      -6.00   -0.1158   -0.1412   -0.2570    0.0494    0.0711    0.1205
      -4.00   -0.0774   -0.0628   -0.1402    0.0330    0.0316    0.0646
      -2.00   -0.0387   -0.0157   -0.0545    0.0165    0.0079    0.0244
       0.00    0.0000    0.0000    0.0000    0.0000    0.0000    0.0000
       2.00    0.0387    0.0157    0.0545   -0.0165   -0.0079   -0.0244
       4.00    0.0774    0.0628    0.1402   -0.0330   -0.0316   -0.0646
       6.00    0.1158    0.1412    0.2570   -0.0494   -0.0711   -0.1205
       8.00    0.1538    0.2505    0.4043   -0.0656   -0.1261   -0.1917
      10.00    0.1914    0.3902    0.5816   -0.0817   -0.1964   -0.2781
1         ***** THE USAF AUTOMATED MISSILE DATCOM * REV 3/99 *****     CASE   1
               AERODYNAMIC METHODS FOR MISSILE CONFIGURATIONS          PAGE  29
                 AERODYNAMIC FORCE AND MOMENT SYNTHESIS

       ******* FLIGHT CONDITIONS AND REFERENCE QUANTITIES *******
     MACH NO  =       0.90                REYNOLDS NO = 2.087E+07 /M
     ALTITUDE =        0.0 M         DYNAMIC PRESSURE =  57451.37 N/M**2
     SIDESLIP =       0.00 DEG                   ROLL =      0.00 DEG     
     REF AREA =      0.001 M**2         MOMENT CENTER =     0.198 M
     REF LENGTH =     0.60 M           LAT REF LENGTH =      0.60 M

          ---------------FIN SET 1 IN PRESENCE OF THE BODY----------------

      ALPHA       CN         CM         CA         CY         CLN        CLL

     -10.00    -1.0832     0.4622     0.2346    -0.0088     0.0038    -0.0133
      -8.00    -0.7930     0.3383     0.2328    -0.0039     0.0017    -0.0117
      -6.00    -0.5267     0.2247     0.2307    -0.0006     0.0003    -0.0100
      -4.00    -0.2939     0.1254     0.2284     0.0002    -0.0001    -0.0079
      -2.00    -0.1220     0.0520     0.2258     0.0000     0.0000    -0.0056
       0.00     0.0000     0.0000     0.2243     0.0000     0.0000    -0.0041
       2.00     0.1220    -0.0520     0.2258     0.0000     0.0000    -0.0056
       4.00     0.2939    -0.1254     0.2284    -0.0002     0.0001    -0.0079
       6.00     0.5267    -0.2247     0.2307     0.0006    -0.0003    -0.0100
       8.00     0.7930    -0.3383     0.2328     0.0039    -0.0017    -0.0117
      10.00     1.0832    -0.4622     0.2346     0.0088    -0.0038    -0.0133
1         ***** THE USAF AUTOMATED MISSILE DATCOM * REV 3/99 *****     CASE   1
               AERODYNAMIC METHODS FOR MISSILE CONFIGURATIONS          PAGE  30
                 AERODYNAMIC FORCE AND MOMENT SYNTHESIS

       ******* FLIGHT CONDITIONS AND REFERENCE QUANTITIES *******
     MACH NO  =       0.90                REYNOLDS NO = 2.087E+07 /M
     ALTITUDE =        0.0 M         DYNAMIC PRESSURE =  57451.37 N/M**2
     SIDESLIP =       0.00 DEG                   ROLL =      0.00 DEG     
     REF AREA =      0.001 M**2         MOMENT CENTER =     0.198 M
     REF LENGTH =     0.60 M           LAT REF LENGTH =      0.60 M

          ---------------FIN SET 1 PANEL CHARACTERISTICS------------------

      ALPHA      PANEL    AEQ (PANEL AXIS SYS.)    PANEL CN

     -10.00        1              1.3487           0.0086
     -10.00        2             -9.7935          -0.1398
     -10.00        3            -13.6577          -0.2431
     -10.00        4             -7.1467          -0.0842
     -10.00        5              2.0408           0.0140
     -10.00        6             12.4568           0.2082
     -10.00        7             17.7238           0.3783
     -10.00        8             12.9226           0.2215
 
      -8.00        1              1.4771           0.0095
      -8.00        2             -7.5669          -0.0922
      -8.00        3            -10.8228          -0.1648
      -8.00        4             -6.0623          -0.0651
      -8.00        5              2.3131           0.0164
      -8.00        6             10.9906           0.1690
      -8.00        7             14.8664           0.2806
      -8.00        8             10.8571           0.1656
 
      -6.00        1              1.6080           0.0105
      -6.00        2             -5.2625          -0.0525
      -6.00        3             -7.8160          -0.0970
      -6.00        4             -4.5772          -0.0427
      -6.00        5              2.3876           0.0171
      -6.00        6              9.1925           0.1260
      -6.00        7             11.8449           0.1914
      -6.00        8              8.7246           0.1158
 
      -4.00        1              1.7414           0.0115
      -4.00        2             -2.8813          -0.0220
      -4.00        3             -4.6240          -0.0433
      -4.00        4             -2.4997          -0.0181
      -4.00        5              2.2847           0.0161
      -4.00        6              6.9074           0.0798
      -4.00        7              8.6501           0.1142
      -4.00        8              6.5258           0.0730
 
      -2.00        1              1.8766           0.0126
      -2.00        2             -0.4498          -0.0027
      -2.00        3             -1.3319          -0.0085
      -2.00        4             -0.2572          -0.0015
      -2.00        5              2.1495           0.0149
      -2.00        6              4.4759           0.0413
      -2.00        7              5.3580           0.0540
      -2.00        8              4.2833           0.0387
 
       0.00        1              2.0131           0.0137
       0.00        2              2.0131           0.0137
       0.00        3              2.0131           0.0137
       0.00        4              2.0131           0.0137
       0.00        5              2.0131           0.0137
       0.00        6              2.0131           0.0137
       0.00        7              2.0131           0.0137
       0.00        8              2.0131           0.0137
 
       2.00        1              2.1495           0.0149
       2.00        2              4.4759           0.0413
       2.00        3              5.3580           0.0540
       2.00        4              4.2833           0.0387
       2.00        5              1.8766           0.0126
       2.00        6             -0.4498          -0.0027
       2.00        7             -1.3319          -0.0085
       2.00        8             -0.2572          -0.0015
 
       4.00        1              2.2847           0.0161
       4.00        2              6.9074           0.0798
       4.00        3              8.6501           0.1142
       4.00        4              6.5258           0.0730
       4.00        5              1.7414           0.0115
       4.00        6             -2.8813          -0.0220
       4.00        7             -4.6240          -0.0433
       4.00        8             -2.4997          -0.0181
 
       6.00        1              2.3876           0.0171
       6.00        2              9.1925           0.1260
       6.00        3             11.8449           0.1914
       6.00        4              8.7246           0.1158
       6.00        5              1.6080           0.0105
       6.00        6             -5.2625          -0.0525
       6.00        7             -7.8160          -0.0970
       6.00        8             -4.5772          -0.0427
 
       8.00        1              2.3131           0.0164
       8.00        2             10.9906           0.1690
       8.00        3             14.8664           0.2806
       8.00        4             10.8571           0.1656
       8.00        5              1.4771           0.0095
       8.00        6             -7.5669          -0.0921
       8.00        7            -10.8228          -0.1648
       8.00        8             -6.0623          -0.0651
 
      10.00        1              2.0408           0.0140
      10.00        2             12.4568           0.2082
      10.00        3             17.7238           0.3783
      10.00        4             12.9226           0.2215
      10.00        5              1.3487           0.0086
      10.00        6             -9.7935          -0.1398
      10.00        7            -13.6577          -0.2431
      10.00        8             -7.1467          -0.0842
 
1         ***** THE USAF AUTOMATED MISSILE DATCOM * REV 3/99 *****     CASE   1
               AERODYNAMIC METHODS FOR MISSILE CONFIGURATIONS          PAGE  31
                 AERODYNAMIC FORCE AND MOMENT SYNTHESIS

       ******* FLIGHT CONDITIONS AND REFERENCE QUANTITIES *******
     MACH NO  =       0.90                REYNOLDS NO = 2.087E+07 /M
     ALTITUDE =        0.0 M         DYNAMIC PRESSURE =  57451.37 N/M**2
     SIDESLIP =       0.00 DEG                   ROLL =      0.00 DEG     
     REF AREA =      0.001 M**2         MOMENT CENTER =     0.198 M
     REF LENGTH =     0.60 M           LAT REF LENGTH =      0.60 M

             CARRYOVER INTERFERENCE FACTORS - FIN SET 1

      ALPHA   K-W(B)   K-B(W)  KK-W(B)  KK-B(W)  XCP-W(B) XCP-B(W) Y-CP/(B/2)

     -10.00   1.6243   1.1241   0.9535   0.6600   0.4267   0.4200   0.4459
      -8.00   1.6402   1.1241   0.9535   0.6600   0.4267   0.4200   0.4555
      -6.00   1.6545   1.1241   0.9535   0.6600   0.4267   0.4200   0.4648
      -4.00   1.6668   1.1241   0.9535   0.6600   0.4267   0.4200   0.4727
      -2.00   1.6765   1.1241   0.9535   0.6600   0.4267   0.4200   0.4791
       0.00   1.6818   1.1241   0.9535   0.6600   0.4267   0.4200   0.4837
       2.00   1.6765   1.1241   0.9535   0.6600   0.4267   0.4200   0.4860
       4.00   1.6668   1.1241   0.9535   0.6600   0.4267   0.4200   0.4829
       6.00   1.6545   1.1241   0.9535   0.6600   0.4267   0.4200   0.4784
       8.00   1.6402   1.1241   0.9535   0.6600   0.4267   0.4200   0.4742
      10.00   1.6243   1.1241   0.9535   0.6600   0.4267   0.4200   0.4707

    NOTE - XCP-W(B) USED FOR STABILITY ONLY DIFFERENT VALUES USED FOR HINGE MOMENTS
1         ***** THE USAF AUTOMATED MISSILE DATCOM * REV 3/99 *****     CASE   1
               AERODYNAMIC METHODS FOR MISSILE CONFIGURATIONS          PAGE  32
        FIN SET 1 PANEL BENDING MOMENTS (ABOUT EXPOSED ROOT CHORD)

       ******* FLIGHT CONDITIONS AND REFERENCE QUANTITIES *******
     MACH NO  =       0.90                REYNOLDS NO = 2.087E+07 /M
     ALTITUDE =        0.0 M         DYNAMIC PRESSURE =  57451.37 N/M**2
     SIDESLIP =       0.00 DEG                   ROLL =      0.00 DEG     
     REF AREA =      0.001 M**2         MOMENT CENTER =     0.198 M
     REF LENGTH =     0.60 M           LAT REF LENGTH =      0.60 M

   ALPHA   PANL 1   PANL 2   PANL 3   PANL 4   PANL 5   PANL 6   PANL 7   PANL 8
 
   -10.0  6.05E-05 -9.87E-04 -1.72E-03 -5.94E-04  9.86E-05  1.47E-03  2.67E-03  1.56E-03
    -8.0  6.85E-05 -6.65E-04 -1.19E-03 -4.70E-04  1.18E-04  1.22E-03  2.02E-03  1.19E-03
    -6.0  7.71E-05 -3.87E-04 -7.14E-04 -3.14E-04  1.26E-04  9.27E-04  1.41E-03  8.52E-04
    -4.0  8.61E-05 -1.65E-04 -3.24E-04 -1.36E-04  1.21E-04  5.97E-04  8.55E-04  5.46E-04
    -2.0  9.55E-05 -2.06E-05 -6.41E-05 -1.17E-05  1.13E-04  3.13E-04  4.09E-04  2.94E-04
     0.0  1.05E-04  1.05E-04  1.05E-04  1.05E-04  1.05E-04  1.05E-04  1.05E-04  1.05E-04
     2.0  1.15E-04  3.18E-04  4.15E-04  2.98E-04  9.69E-05 -2.08E-05 -6.51E-05 -1.19E-05
     4.0  1.23E-04  6.10E-04  8.73E-04  5.58E-04  8.80E-05 -1.68E-04 -3.31E-04 -1.39E-04
     6.0  1.29E-04  9.55E-04  1.45E-03  8.77E-04  7.93E-05 -3.98E-04 -7.35E-04 -3.23E-04
     8.0  1.23E-04  1.27E-03  2.11E-03  1.24E-03  7.13E-05 -6.92E-04 -1.24E-03 -4.89E-04
    10.0  1.04E-04  1.55E-03  2.82E-03  1.65E-03  6.39E-05 -1.04E-03 -1.81E-03 -6.27E-04
1         ***** THE USAF AUTOMATED MISSILE DATCOM * REV 3/99 *****     CASE   1
               AERODYNAMIC METHODS FOR MISSILE CONFIGURATIONS          PAGE  33
            FIN SET 1 PANEL HINGE MOMENTS (ABOUT HINGE LINE)

       ******* FLIGHT CONDITIONS AND REFERENCE QUANTITIES *******
     MACH NO  =       0.90                REYNOLDS NO = 2.087E+07 /M
     ALTITUDE =        0.0 M         DYNAMIC PRESSURE =  57451.37 N/M**2
     SIDESLIP =       0.00 DEG                   ROLL =      0.00 DEG     
     REF AREA =      0.001 M**2         MOMENT CENTER =     0.198 M
     REF LENGTH =     0.60 M           LAT REF LENGTH =      0.60 M

   ALPHA   PANL 1   PANL 2   PANL 3   PANL 4   PANL 5   PANL 6   PANL 7   PANL 8
 
   -10.0  1.52E-03 -2.40E-02 -4.07E-02 -1.47E-02  2.48E-03  3.52E-02  6.11E-02  3.73E-02
    -8.0  1.69E-03 -1.60E-02 -2.82E-02 -1.14E-02  2.91E-03  2.89E-02  4.65E-02  2.83E-02
    -6.0  1.86E-03 -9.23E-03 -1.69E-02 -7.52E-03  3.03E-03  2.17E-02  3.25E-02  2.00E-02
    -4.0  2.04E-03 -3.89E-03 -7.63E-03 -3.22E-03  2.86E-03  1.39E-02  1.98E-02  1.28E-02
    -2.0  2.23E-03 -4.82E-04 -1.50E-03 -2.74E-04  2.64E-03  7.28E-03  9.48E-03  6.82E-03
     0.0  2.44E-03  2.44E-03  2.44E-03  2.44E-03  2.44E-03  2.44E-03  2.44E-03  2.44E-03
     2.0  2.64E-03  7.28E-03  9.48E-03  6.82E-03  2.23E-03 -4.82E-04 -1.50E-03 -2.74E-04
     4.0  2.86E-03  1.39E-02  1.98E-02  1.28E-02  2.04E-03 -3.89E-03 -7.63E-03 -3.22E-03
     6.0  3.03E-03  2.17E-02  3.25E-02  2.00E-02  1.86E-03 -9.23E-03 -1.69E-02 -7.52E-03
     8.0  2.91E-03  2.89E-02  4.65E-02  2.83E-02  1.69E-03 -1.60E-02 -2.82E-02 -1.14E-02
    10.0  2.48E-03  3.52E-02  6.11E-02  3.73E-02  1.52E-03 -2.40E-02 -4.07E-02 -1.47E-02
1         ***** THE USAF AUTOMATED MISSILE DATCOM * REV 3/99 *****     CASE   1
               AERODYNAMIC METHODS FOR MISSILE CONFIGURATIONS          PAGE  34
                   STATIC AERODYNAMICS FOR BODY-FIN SET 1

       ******* FLIGHT CONDITIONS AND REFERENCE QUANTITIES *******
     MACH NO  =       0.90                REYNOLDS NO = 2.087E+07 /M
     ALTITUDE =        0.0 M         DYNAMIC PRESSURE =  57451.37 N/M**2
     SIDESLIP =       0.00 DEG                   ROLL =      0.00 DEG     
     REF AREA =      0.001 M**2         MOMENT CENTER =     0.198 M
     REF LENGTH =     0.60 M           LAT REF LENGTH =      0.60 M

                   ----- LONGITUDINAL -----     -- LATERAL DIRECTIONAL --
         ALPHA       CN        CM        CA        CY       CLN       CLL

        -10.00    -2.686     0.827     0.556    -0.015     0.006    -0.013
         -8.00    -1.957     0.593     0.557    -0.007     0.003    -0.012
         -6.00    -1.305     0.386     0.557    -0.001     0.000    -0.010
         -4.00    -0.743     0.210     0.555     0.000     0.000    -0.008
         -2.00    -0.315     0.084     0.553     0.000     0.000    -0.006
          0.00     0.000     0.000     0.551     0.000     0.000    -0.004
          2.00     0.315    -0.084     0.553     0.000     0.000    -0.006
          4.00     0.743    -0.210     0.555     0.000     0.000    -0.008
          6.00     1.305    -0.386     0.557     0.001     0.000    -0.010
          8.00     1.957    -0.593     0.557     0.007    -0.003    -0.012
         10.00     2.686    -0.827     0.556     0.015    -0.006    -0.013

         ALPHA       CL        CD      CL/CD     X-C.P.

        -10.00    -2.548     1.014    -2.513    -0.308
         -8.00    -1.860     0.824    -2.257    -0.303
         -6.00    -1.239     0.690    -1.796    -0.296
         -4.00    -0.702     0.606    -1.159    -0.282
         -2.00    -0.295     0.564    -0.524    -0.267
          0.00     0.000     0.551     0.000    -0.424
          2.00     0.295     0.564     0.524    -0.267
          4.00     0.702     0.606     1.159    -0.282
          6.00     1.239     0.690     1.796    -0.296
          8.00     1.860     0.824     2.257    -0.303
         10.00     2.548     1.014     2.513    -0.308

    X-C.P. MEAS. FROM MOMENT CENTER IN REF. LENGTHS, NEG. AFT OF MOMENT CENTER
1         ***** THE USAF AUTOMATED MISSILE DATCOM * REV 3/99 *****     CASE   1
               AERODYNAMIC METHODS FOR MISSILE CONFIGURATIONS          PAGE  35
                   STATIC AERODYNAMICS FOR BODY-FIN SET 1

       ******* FLIGHT CONDITIONS AND REFERENCE QUANTITIES *******
     MACH NO  =       0.90                REYNOLDS NO = 2.087E+07 /M
     ALTITUDE =        0.0 M         DYNAMIC PRESSURE =  57451.37 N/M**2
     SIDESLIP =       0.00 DEG                   ROLL =      0.00 DEG     
     REF AREA =      0.001 M**2         MOMENT CENTER =     0.198 M
     REF LENGTH =     0.60 M           LAT REF LENGTH =      0.60 M

                   ---------- DERIVATIVES (PER DEGREE) ----------
         ALPHA       CNA         CMA         CYB         CLNB        CLLB
        -10.00      0.3834     -0.1231     -0.2651      0.0815      0.0002
         -8.00      0.3451     -0.1103     -0.2441      0.0741      0.0001
         -6.00      0.3034     -0.0959     -0.2180      0.0645     -0.0001
         -4.00      0.2472     -0.0754     -0.1886      0.0536     -0.0002
         -2.00      0.1856     -0.0524     -0.1601      0.0429     -0.0003
          0.00      0.1575     -0.0420     -0.1505      0.0395     -0.0004
          2.00      0.1856     -0.0524     -0.1601      0.0429     -0.0003
          4.00      0.2472     -0.0754     -0.1879      0.0533     -0.0002
          6.00      0.3034     -0.0959     -0.2162      0.0638     -0.0002
          8.00      0.3451     -0.1103     -0.2367      0.0709     -0.0002
         10.00      0.3834     -0.1231     -0.2537      0.0767     -0.0002

    PANEL DEFLECTION ANGLES (DEGREES)
    SET    FIN 1   FIN 2   FIN 3   FIN 4   FIN 5   FIN 6   FIN 7   FIN 8
      1    2.33    2.33    2.33    2.33    2.33    2.33    2.33    2.33
1         ***** THE USAF AUTOMATED MISSILE DATCOM * REV 3/99 *****     CASE   1
               AERODYNAMIC METHODS FOR MISSILE CONFIGURATIONS          PAGE  36
                             BODY ALONE PARTIAL OUTPUT

       ******* FLIGHT CONDITIONS AND REFERENCE QUANTITIES *******
     MACH NO  =       1.10                REYNOLDS NO = 2.550E+07 /M
     ALTITUDE =        0.0 M         DYNAMIC PRESSURE =  85822.41 N/M**2
     SIDESLIP =       0.00 DEG                   ROLL =      0.00 DEG     
     REF AREA =      0.001 M**2         MOMENT CENTER =     0.198 M
     REF LENGTH =     0.60 M           LAT REF LENGTH =      0.60 M

      ALPHA    CA-FRIC  CA-PRES/WAVE CA-BASE    CA-PROT     CA-SEP     CA-ALP
     -10.00     0.1586     0.0942     0.2013                           0.0013
      -8.00     0.1603     0.0952     0.2021                           0.0016
      -6.00     0.1617     0.0961     0.2027                           0.0012
      -4.00     0.1627     0.0966     0.2031                           0.0006
      -2.00     0.1633     0.0970     0.2032                           0.0002
       0.00     0.1635     0.0971     0.2030                           0.0000
       2.00     0.1633     0.0970     0.2032                           0.0002
       4.00     0.1627     0.0966     0.2031                           0.0006
       6.00     0.1617     0.0961     0.2027                           0.0012
       8.00     0.1603     0.0952     0.2021                           0.0016
      10.00     0.1586     0.0942     0.2013                           0.0013

                     CROSS FLOW DRAG PROPORTIONALITY FACTOR = 0.97103

      ALPHA    CN-POTEN  CN-VISC   CN-SEP    CM-POTEN  CM-VISC   CM-SEP    CDC
     -10.00    -0.529    -0.502              -0.016     0.099             0.857
      -8.00    -0.427    -0.314              -0.013     0.062             0.834
      -6.00    -0.322    -0.172              -0.010     0.034             0.810
      -4.00    -0.216    -0.074              -0.007     0.015             0.787
      -2.00    -0.108    -0.018              -0.003     0.004             0.764
       0.00     0.000     0.000               0.000     0.000             0.740
       2.00     0.108     0.018               0.003    -0.004             0.764
       4.00     0.216     0.074               0.007    -0.015             0.787
       6.00     0.322     0.172               0.010    -0.034             0.810
       8.00     0.427     0.314               0.013    -0.062             0.834
      10.00     0.529     0.502               0.016    -0.099             0.857
1         ***** THE USAF AUTOMATED MISSILE DATCOM * REV 3/99 *****     CASE   1
               AERODYNAMIC METHODS FOR MISSILE CONFIGURATIONS          PAGE  37
                        FIN SET 1 CA PARTIAL OUTPUT

       ******* FLIGHT CONDITIONS AND REFERENCE QUANTITIES *******
     MACH NO  =       1.10                REYNOLDS NO = 2.550E+07 /M
     ALTITUDE =        0.0 M         DYNAMIC PRESSURE =  85822.41 N/M**2
     SIDESLIP =       0.00 DEG                   ROLL =      0.00 DEG     
     REF AREA =      0.001 M**2         MOMENT CENTER =     0.198 M
     REF LENGTH =     0.60 M           LAT REF LENGTH =      0.60 M

    SINGLE FIN PANEL ZERO-LIFT AXIAL FORCE COMPONENTS

    SKIN FRICTION        0.0114
    SUBSONIC PRESSURE    0.0005
    TRANSONIC WAVE       0.0000
    SUPERSONIC WAVE      0.0260
    LEADING EDGE         0.0000
    TRAILING EDGE        0.0000
    TOTAL CAO            0.0379

    FIN AXIAL FORCE DUE TO ANGLE OF ATTACK

    ALPHA      CA DUE TO LIFT (SINGLE PANEL)   CA-TOTAL (8 FINS)

     -10.00              0.0000                      0.2983
      -8.00              0.0000                      0.3000
      -6.00              0.0000                      0.3013
      -4.00              0.0000                      0.3022
      -2.00              0.0000                      0.3027
       0.00              0.0000                      0.3029
       2.00              0.0000                      0.3027
       4.00              0.0000                      0.3022
       6.00              0.0000                      0.3013
       8.00              0.0000                      0.3000
      10.00              0.0000                      0.2983
1         ***** THE USAF AUTOMATED MISSILE DATCOM * REV 3/99 *****     CASE   1
               AERODYNAMIC METHODS FOR MISSILE CONFIGURATIONS          PAGE  38
                       FIN SET 1 CN, CM PARTIAL OUTPUT

       ******* FLIGHT CONDITIONS AND REFERENCE QUANTITIES *******
     MACH NO  =       1.10                REYNOLDS NO = 2.550E+07 /M
     ALTITUDE =        0.0 M         DYNAMIC PRESSURE =  85822.41 N/M**2
     SIDESLIP =       0.00 DEG                   ROLL =      0.00 DEG     
     REF AREA =      0.001 M**2         MOMENT CENTER =     0.198 M
     REF LENGTH =     0.60 M           LAT REF LENGTH =      0.60 M

    NORMAL FORCE SLOPE AT ALPHA ZERO, CNA =    0.00492/DEG (1 PANEL)
         CENTER OF PRESSURE FOR LINEAR CN =   -0.51000 (CALIBERS FROM C.G.)
     CENTER OF PRESSURE FOR NON-LINEAR CN =   -0.50333 (CALIBERS FROM C.G.)

      ALPHA      CN        CN        CN        CM        CM        CM
               LINEAR  NON-LINEAR  TOTAL     LINEAR  NON-LINEAR  TOTAL

     -10.00   -0.1942   -0.2777   -0.4719    0.0991    0.1398    0.2388
      -8.00   -0.1561   -0.1784   -0.3345    0.0796    0.0898    0.1694
      -6.00   -0.1175   -0.1006   -0.2181    0.0599    0.0506    0.1106
      -4.00   -0.0785   -0.0448   -0.1233    0.0401    0.0225    0.0626
      -2.00   -0.0393   -0.0112   -0.0505    0.0201    0.0056    0.0257
       0.00    0.0000    0.0000    0.0000    0.0000    0.0000    0.0000
       2.00    0.0393    0.0112    0.0505   -0.0201   -0.0056   -0.0257
       4.00    0.0785    0.0448    0.1233   -0.0401   -0.0225   -0.0626
       6.00    0.1175    0.1006    0.2181   -0.0599   -0.0506   -0.1106
       8.00    0.1561    0.1784    0.3345   -0.0796   -0.0898   -0.1694
      10.00    0.1942    0.2777    0.4719   -0.0991   -0.1398   -0.2388
1         ***** THE USAF AUTOMATED MISSILE DATCOM * REV 3/99 *****     CASE   1
               AERODYNAMIC METHODS FOR MISSILE CONFIGURATIONS          PAGE  39
                 AERODYNAMIC FORCE AND MOMENT SYNTHESIS

       ******* FLIGHT CONDITIONS AND REFERENCE QUANTITIES *******
     MACH NO  =       1.10                REYNOLDS NO = 2.550E+07 /M
     ALTITUDE =        0.0 M         DYNAMIC PRESSURE =  85822.41 N/M**2
     SIDESLIP =       0.00 DEG                   ROLL =      0.00 DEG     
     REF AREA =      0.001 M**2         MOMENT CENTER =     0.198 M
     REF LENGTH =     0.60 M           LAT REF LENGTH =      0.60 M

          ---------------FIN SET 1 IN PRESENCE OF THE BODY----------------

      ALPHA       CN         CM         CA         CY         CLN        CLL

     -10.00    -0.8477     0.4323     0.3141    -0.0063     0.0032    -0.0102
      -8.00    -0.6324     0.3225     0.3129    -0.0028     0.0014    -0.0092
      -6.00    -0.4301     0.2193     0.3114    -0.0004     0.0002    -0.0079
      -4.00    -0.2477     0.1263     0.3098     0.0001    -0.0001    -0.0065
      -2.00    -0.1065     0.0543     0.3080     0.0000     0.0000    -0.0049
       0.00     0.0000     0.0000     0.3069     0.0000     0.0000    -0.0038
       2.00     0.1065    -0.0543     0.3080     0.0000     0.0000    -0.0049
       4.00     0.2477    -0.1263     0.3098    -0.0001     0.0001    -0.0065
       6.00     0.4301    -0.2193     0.3114     0.0004    -0.0002    -0.0079
       8.00     0.6324    -0.3225     0.3129     0.0028    -0.0014    -0.0092
      10.00     0.8477    -0.4323     0.3141     0.0063    -0.0032    -0.0102
1         ***** THE USAF AUTOMATED MISSILE DATCOM * REV 3/99 *****     CASE   1
               AERODYNAMIC METHODS FOR MISSILE CONFIGURATIONS          PAGE  40
                 AERODYNAMIC FORCE AND MOMENT SYNTHESIS

       ******* FLIGHT CONDITIONS AND REFERENCE QUANTITIES *******
     MACH NO  =       1.10                REYNOLDS NO = 2.550E+07 /M
     ALTITUDE =        0.0 M         DYNAMIC PRESSURE =  85822.41 N/M**2
     SIDESLIP =       0.00 DEG                   ROLL =      0.00 DEG     
     REF AREA =      0.001 M**2         MOMENT CENTER =     0.198 M
     REF LENGTH =     0.60 M           LAT REF LENGTH =      0.60 M

          ---------------FIN SET 1 PANEL CHARACTERISTICS------------------

      ALPHA      PANEL    AEQ (PANEL AXIS SYS.)    PANEL CN

     -10.00        1              1.3637           0.0082
     -10.00        2             -9.7243          -0.1123
     -10.00        3            -13.5646          -0.1899
     -10.00        4             -7.0195          -0.0685
     -10.00        5              2.0790           0.0132
     -10.00        6             12.3636           0.1638
     -10.00        7             17.6553           0.2908
     -10.00        8             12.8810           0.1748
 
      -8.00        1              1.4907           0.0090
      -8.00        2             -7.5215          -0.0759
      -8.00        3            -10.7640          -0.1316
      -8.00        4             -5.9940          -0.0543
      -8.00        5              2.3346           0.0152
      -8.00        6             10.9488           0.1351
      -8.00        7             14.8315           0.2193
      -8.00        8             10.8376           0.1330
 
      -6.00        1              1.6206           0.0099
      -6.00        2             -5.2342          -0.0447
      -6.00        3             -7.7816          -0.0799
      -6.00        4             -4.5464          -0.0367
      -6.00        5              2.4001           0.0158
      -6.00        6              9.1844           0.1028
      -6.00        7             11.8339           0.1528
      -6.00        8              8.7209           0.0950
 
      -4.00        1              1.7534           0.0108
      -4.00        2             -2.8635          -0.0197
      -4.00        3             -4.6040          -0.0374
      -4.00        4             -2.4824          -0.0164
      -4.00        5              2.2960           0.0149
      -4.00        6              6.9129           0.0669
      -4.00        7              8.6534           0.0938
      -4.00        8              6.5318           0.0616
 
      -2.00        1              1.8883           0.0118
      -2.00        2             -0.4371          -0.0025
      -2.00        3             -1.3187          -0.0079
      -2.00        4             -0.2445          -0.0014
      -2.00        5              2.1611           0.0139
      -2.00        6              4.4865           0.0361
      -2.00        7              5.3681           0.0464
      -2.00        8              4.2939           0.0339
 
       0.00        1              2.0247           0.0128
       0.00        2              2.0247           0.0128
       0.00        3              2.0247           0.0128
       0.00        4              2.0247           0.0128
       0.00        5              2.0247           0.0128
       0.00        6              2.0247           0.0128
       0.00        7              2.0247           0.0128
       0.00        8              2.0247           0.0128
 
       2.00        1              2.1611           0.0139
       2.00        2              4.4865           0.0361
       2.00        3              5.3681           0.0464
       2.00        4              4.2939           0.0339
       2.00        5              1.8883           0.0118
       2.00        6             -0.4371          -0.0025
       2.00        7             -1.3187          -0.0079
       2.00        8             -0.2445          -0.0014
 
       4.00        1              2.2960           0.0149
       4.00        2              6.9129           0.0669
       4.00        3              8.6534           0.0938
       4.00        4              6.5318           0.0616
       4.00        5              1.7534           0.0108
       4.00        6             -2.8635          -0.0197
       4.00        7             -4.6040          -0.0374
       4.00        8             -2.4824          -0.0164
 
       6.00        1              2.4001           0.0158
       6.00        2              9.1844           0.1028
       6.00        3             11.8339           0.1528
       6.00        4              8.7209           0.0950
       6.00        5              1.6206           0.0099
       6.00        6             -5.2342          -0.0447
       6.00        7             -7.7816          -0.0799
       6.00        8             -4.5464          -0.0367
 
       8.00        1              2.3346           0.0152
       8.00        2             10.9488           0.1351
       8.00        3             14.8315           0.2193
       8.00        4             10.8376           0.1330
       8.00        5              1.4907           0.0090
       8.00        6             -7.5215          -0.0759
       8.00        7            -10.7640          -0.1316
       8.00        8             -5.9940          -0.0543
 
      10.00        1              2.0790           0.0132
      10.00        2             12.3636           0.1638
      10.00        3             17.6553           0.2908
      10.00        4             12.8810           0.1748
      10.00        5              1.3637           0.0082
      10.00        6             -9.7243          -0.1123
      10.00        7            -13.5646          -0.1899
      10.00        8             -7.0195          -0.0685
 
1         ***** THE USAF AUTOMATED MISSILE DATCOM * REV 3/99 *****     CASE   1
               AERODYNAMIC METHODS FOR MISSILE CONFIGURATIONS          PAGE  41
                 AERODYNAMIC FORCE AND MOMENT SYNTHESIS

       ******* FLIGHT CONDITIONS AND REFERENCE QUANTITIES *******
     MACH NO  =       1.10                REYNOLDS NO = 2.550E+07 /M
     ALTITUDE =        0.0 M         DYNAMIC PRESSURE =  85822.41 N/M**2
     SIDESLIP =       0.00 DEG                   ROLL =      0.00 DEG     
     REF AREA =      0.001 M**2         MOMENT CENTER =     0.198 M
     REF LENGTH =     0.60 M           LAT REF LENGTH =      0.60 M

             CARRYOVER INTERFERENCE FACTORS - FIN SET 1

      ALPHA   K-W(B)   K-B(W)  KK-W(B)  KK-B(W)  XCP-W(B) XCP-B(W) Y-CP/(B/2)

     -10.00   1.6165   1.1241   0.9535   0.6600   0.5100   0.4200   0.4411
      -8.00   1.6344   1.1241   0.9535   0.6600   0.5100   0.4200   0.4473
      -6.00   1.6507   1.1241   0.9535   0.6600   0.5100   0.4200   0.4530
      -4.00   1.6647   1.1241   0.9535   0.6600   0.5100   0.4200   0.4579
      -2.00   1.6757   1.1241   0.9535   0.6600   0.5100   0.4200   0.4620
       0.00   1.6818   1.1241   0.9535   0.6600   0.5100   0.4200   0.4652
       2.00   1.6757   1.1241   0.9535   0.6600   0.5100   0.4200   0.4669
       4.00   1.6647   1.1241   0.9535   0.6600   0.5100   0.4200   0.4646
       6.00   1.6507   1.1241   0.9535   0.6600   0.5100   0.4200   0.4616
       8.00   1.6344   1.1241   0.9535   0.6600   0.5100   0.4200   0.4590
      10.00   1.6165   1.1241   0.9535   0.6600   0.5100   0.4200   0.4569

    NOTE - XCP-W(B) USED FOR STABILITY ONLY DIFFERENT VALUES USED FOR HINGE MOMENTS
1         ***** THE USAF AUTOMATED MISSILE DATCOM * REV 3/99 *****     CASE   1
               AERODYNAMIC METHODS FOR MISSILE CONFIGURATIONS          PAGE  42
        FIN SET 1 PANEL BENDING MOMENTS (ABOUT EXPOSED ROOT CHORD)

       ******* FLIGHT CONDITIONS AND REFERENCE QUANTITIES *******
     MACH NO  =       1.10                REYNOLDS NO = 2.550E+07 /M
     ALTITUDE =        0.0 M         DYNAMIC PRESSURE =  85822.41 N/M**2
     SIDESLIP =       0.00 DEG                   ROLL =      0.00 DEG     
     REF AREA =      0.001 M**2         MOMENT CENTER =     0.198 M
     REF LENGTH =     0.60 M           LAT REF LENGTH =      0.60 M

   ALPHA   PANL 1   PANL 2   PANL 3   PANL 4   PANL 5   PANL 6   PANL 7   PANL 8
 
   -10.0  5.71E-05 -7.84E-04 -1.33E-03 -4.78E-04  9.24E-05  1.14E-03  2.03E-03  1.22E-03
    -8.0  6.39E-05 -5.38E-04 -9.32E-04 -3.85E-04  1.08E-04  9.57E-04  1.55E-03  9.42E-04
    -6.0  7.10E-05 -3.21E-04 -5.73E-04 -2.63E-04  1.13E-04  7.37E-04  1.10E-03  6.81E-04
    -4.0  7.85E-05 -1.43E-04 -2.71E-04 -1.19E-04  1.08E-04  4.85E-04  6.80E-04  4.46E-04
    -2.0  8.63E-05 -1.84E-05 -5.77E-05 -1.03E-05  1.01E-04  2.64E-04  3.39E-04  2.48E-04
     0.0  9.44E-05  9.44E-05  9.44E-05  9.44E-05  9.44E-05  9.44E-05  9.44E-05  9.44E-05
     2.0  1.02E-04  2.67E-04  3.43E-04  2.51E-04  8.72E-05 -1.86E-05 -5.83E-05 -1.04E-05
     4.0  1.10E-04  4.92E-04  6.90E-04  4.53E-04  7.97E-05 -1.45E-04 -2.75E-04 -1.21E-04
     6.0  1.15E-04  7.51E-04  1.12E-03  6.94E-04  7.24E-05 -3.27E-04 -5.84E-04 -2.68E-04
     8.0  1.11E-04  9.82E-04  1.59E-03  9.66E-04  6.56E-05 -5.52E-04 -9.56E-04 -3.95E-04
    10.0  9.57E-05  1.18E-03  2.10E-03  1.26E-03  5.92E-05 -8.12E-04 -1.37E-03 -4.95E-04
1         ***** THE USAF AUTOMATED MISSILE DATCOM * REV 3/99 *****     CASE   1
               AERODYNAMIC METHODS FOR MISSILE CONFIGURATIONS          PAGE  43
            FIN SET 1 PANEL HINGE MOMENTS (ABOUT HINGE LINE)

       ******* FLIGHT CONDITIONS AND REFERENCE QUANTITIES *******
     MACH NO  =       1.10                REYNOLDS NO = 2.550E+07 /M
     ALTITUDE =        0.0 M         DYNAMIC PRESSURE =  85822.41 N/M**2
     SIDESLIP =       0.00 DEG                   ROLL =      0.00 DEG     
     REF AREA =      0.001 M**2         MOMENT CENTER =     0.198 M
     REF LENGTH =     0.60 M           LAT REF LENGTH =      0.60 M

   ALPHA   PANL 1   PANL 2   PANL 3   PANL 4   PANL 5   PANL 6   PANL 7   PANL 8
 
   -10.0  1.40E-03 -1.88E-02 -3.12E-02 -1.16E-02  2.26E-03  2.71E-02  4.68E-02  2.89E-02
    -8.0  1.54E-03 -1.28E-02 -2.19E-02 -9.20E-03  2.60E-03  2.25E-02  3.58E-02  2.21E-02
    -6.0  1.69E-03 -7.59E-03 -1.35E-02 -6.24E-03  2.69E-03  1.72E-02  2.53E-02  1.59E-02
    -4.0  1.85E-03 -3.36E-03 -6.35E-03 -2.81E-03  2.55E-03  1.13E-02  1.58E-02  1.04E-02
    -2.0  2.02E-03 -4.31E-04 -1.35E-03 -2.40E-04  2.37E-03  6.13E-03  7.87E-03  5.77E-03
     0.0  2.19E-03  2.19E-03  2.19E-03  2.19E-03  2.19E-03  2.19E-03  2.19E-03  2.19E-03
     2.0  2.37E-03  6.13E-03  7.87E-03  5.77E-03  2.02E-03 -4.31E-04 -1.35E-03 -2.40E-04
     4.0  2.55E-03  1.13E-02  1.58E-02  1.04E-02  1.85E-03 -3.36E-03 -6.35E-03 -2.81E-03
     6.0  2.69E-03  1.72E-02  2.53E-02  1.59E-02  1.69E-03 -7.59E-03 -1.35E-02 -6.24E-03
     8.0  2.60E-03  2.25E-02  3.58E-02  2.21E-02  1.54E-03 -1.28E-02 -2.19E-02 -9.20E-03
    10.0  2.26E-03  2.71E-02  4.68E-02  2.89E-02  1.40E-03 -1.88E-02 -3.12E-02 -1.16E-02
1         ***** THE USAF AUTOMATED MISSILE DATCOM * REV 3/99 *****     CASE   1
               AERODYNAMIC METHODS FOR MISSILE CONFIGURATIONS          PAGE  44
                   STATIC AERODYNAMICS FOR BODY-FIN SET 1

       ******* FLIGHT CONDITIONS AND REFERENCE QUANTITIES *******
     MACH NO  =       1.10                REYNOLDS NO = 2.550E+07 /M
     ALTITUDE =        0.0 M         DYNAMIC PRESSURE =  85822.41 N/M**2
     SIDESLIP =       0.00 DEG                   ROLL =      0.00 DEG     
     REF AREA =      0.001 M**2         MOMENT CENTER =     0.198 M
     REF LENGTH =     0.60 M           LAT REF LENGTH =      0.60 M

                   ----- LONGITUDINAL -----     -- LATERAL DIRECTIONAL --
         ALPHA       CN        CM        CA        CY       CLN       CLL

        -10.00    -2.468     0.763     0.769    -0.011     0.005    -0.010
         -8.00    -1.807     0.554     0.772    -0.005     0.002    -0.009
         -6.00    -1.217     0.367     0.773    -0.001     0.000    -0.008
         -4.00    -0.705     0.205     0.773     0.000     0.000    -0.006
         -2.00    -0.304     0.085     0.772     0.000     0.000    -0.005
          0.00     0.000     0.000     0.770     0.000     0.000    -0.004
          2.00     0.304    -0.085     0.772     0.000     0.000    -0.005
          4.00     0.705    -0.205     0.773     0.000     0.000    -0.006
          6.00     1.217    -0.367     0.773     0.001     0.000    -0.008
          8.00     1.807    -0.554     0.772     0.005    -0.002    -0.009
         10.00     2.468    -0.763     0.769     0.011    -0.005    -0.010

         ALPHA       CL        CD      CL/CD     X-C.P.

        -10.00    -2.296     1.186    -1.936    -0.309
         -8.00    -1.682     1.016    -1.656    -0.307
         -6.00    -1.129     0.896    -1.261    -0.301
         -4.00    -0.649     0.820    -0.792    -0.290
         -2.00    -0.277     0.782    -0.355    -0.278
          0.00     0.000     0.770     0.000    -0.474
          2.00     0.277     0.782     0.355    -0.278
          4.00     0.649     0.820     0.792    -0.290
          6.00     1.129     0.896     1.261    -0.301
          8.00     1.682     1.016     1.656    -0.307
         10.00     2.296     1.186     1.936    -0.309

    X-C.P. MEAS. FROM MOMENT CENTER IN REF. LENGTHS, NEG. AFT OF MOMENT CENTER
1         ***** THE USAF AUTOMATED MISSILE DATCOM * REV 3/99 *****     CASE   1
               AERODYNAMIC METHODS FOR MISSILE CONFIGURATIONS          PAGE  45
                   STATIC AERODYNAMICS FOR BODY-FIN SET 1

       ******* FLIGHT CONDITIONS AND REFERENCE QUANTITIES *******
     MACH NO  =       1.10                REYNOLDS NO = 2.550E+07 /M
     ALTITUDE =        0.0 M         DYNAMIC PRESSURE =  85822.41 N/M**2
     SIDESLIP =       0.00 DEG                   ROLL =      0.00 DEG     
     REF AREA =      0.001 M**2         MOMENT CENTER =     0.198 M
     REF LENGTH =     0.60 M           LAT REF LENGTH =      0.60 M

                   ---------- DERIVATIVES (PER DEGREE) ----------
         ALPHA       CNA         CMA         CYB         CLNB        CLLB
        -10.00      0.3476     -0.1098     -0.2438      0.0753      0.0001
         -8.00      0.3126     -0.0991     -0.2256      0.0693      0.0000
         -6.00      0.2755     -0.0874     -0.2033      0.0614     -0.0001
         -4.00      0.2280     -0.0705     -0.1785      0.0521     -0.0001
         -2.00      0.1762     -0.0512     -0.1544      0.0431     -0.0002
          0.00      0.1521     -0.0423     -0.1462      0.0402     -0.0003
          2.00      0.1762     -0.0512     -0.1544      0.0431     -0.0002
          4.00      0.2280     -0.0705     -0.1780      0.0519     -0.0001
          6.00      0.2755     -0.0874     -0.2020      0.0607     -0.0002
          8.00      0.3126     -0.0991     -0.2203      0.0668     -0.0002
         10.00      0.3476     -0.1098     -0.2356      0.0714     -0.0002

    PANEL DEFLECTION ANGLES (DEGREES)
    SET    FIN 1   FIN 2   FIN 3   FIN 4   FIN 5   FIN 6   FIN 7   FIN 8
      1    2.33    2.33    2.33    2.33    2.33    2.33    2.33    2.33
1         ***** THE USAF AUTOMATED MISSILE DATCOM * REV 3/99 *****     CASE   1
               AERODYNAMIC METHODS FOR MISSILE CONFIGURATIONS          PAGE  46
                             BODY ALONE PARTIAL OUTPUT

       ******* FLIGHT CONDITIONS AND REFERENCE QUANTITIES *******
     MACH NO  =       1.40                REYNOLDS NO = 3.246E+07 /M
     ALTITUDE =        0.0 M         DYNAMIC PRESSURE = 139018.12 N/M**2
     SIDESLIP =       0.00 DEG                   ROLL =      0.00 DEG     
     REF AREA =      0.001 M**2         MOMENT CENTER =     0.198 M
     REF LENGTH =     0.60 M           LAT REF LENGTH =      0.60 M

      ALPHA    CA-FRIC  CA-PRES/WAVE CA-BASE    CA-PROT     CA-SEP     CA-ALP
     -10.00     0.1465     0.1125     0.1806                           0.0000
      -8.00     0.1481     0.1128     0.1816                           0.0000
      -6.00     0.1494     0.1130     0.1824                           0.0000
      -4.00     0.1503     0.1132     0.1829                           0.0000
      -2.00     0.1508     0.1133     0.1833                           0.0000
       0.00     0.1510     0.1133     0.1834                           0.0000
       2.00     0.1508     0.1133     0.1833                           0.0000
       4.00     0.1503     0.1132     0.1829                           0.0000
       6.00     0.1494     0.1130     0.1824                           0.0000
       8.00     0.1481     0.1128     0.1816                           0.0000
      10.00     0.1465     0.1125     0.1806                           0.0000

                     CROSS FLOW DRAG PROPORTIONALITY FACTOR = 1.00000

      ALPHA    CN-POTEN  CN-VISC   CN-SEP    CM-POTEN  CM-VISC   CM-SEP    CDC
     -10.00    -0.394    -0.557              -0.099     0.110             0.923
      -8.00    -0.318    -0.333              -0.080     0.066             0.859
      -6.00    -0.240    -0.181              -0.061     0.036             0.830
      -4.00    -0.161    -0.078              -0.041     0.015             0.800
      -2.00    -0.081    -0.019              -0.020     0.004             0.770
       0.00     0.000     0.000               0.000     0.000             0.740
       2.00     0.081     0.019               0.020    -0.004             0.770
       4.00     0.161     0.078               0.041    -0.015             0.800
       6.00     0.240     0.181               0.061    -0.036             0.830
       8.00     0.318     0.333               0.080    -0.066             0.859
      10.00     0.394     0.557               0.099    -0.110             0.923
1         ***** THE USAF AUTOMATED MISSILE DATCOM * REV 3/99 *****     CASE   1
               AERODYNAMIC METHODS FOR MISSILE CONFIGURATIONS          PAGE  47
                        FIN SET 1 CA PARTIAL OUTPUT

       ******* FLIGHT CONDITIONS AND REFERENCE QUANTITIES *******
     MACH NO  =       1.40                REYNOLDS NO = 3.246E+07 /M
     ALTITUDE =        0.0 M         DYNAMIC PRESSURE = 139018.12 N/M**2
     SIDESLIP =       0.00 DEG                   ROLL =      0.00 DEG     
     REF AREA =      0.001 M**2         MOMENT CENTER =     0.198 M
     REF LENGTH =     0.60 M           LAT REF LENGTH =      0.60 M

    SINGLE FIN PANEL ZERO-LIFT AXIAL FORCE COMPONENTS

    SKIN FRICTION        0.0105
    SUBSONIC PRESSURE    0.0000
    TRANSONIC WAVE       0.0000
    SUPERSONIC WAVE      0.0133
    LEADING EDGE         0.0000
    TRAILING EDGE        0.0000
    TOTAL CAO            0.0238

    FIN AXIAL FORCE DUE TO ANGLE OF ATTACK

    ALPHA      CA DUE TO LIFT (SINGLE PANEL)   CA-TOTAL (8 FINS)

     -10.00              0.0000                      0.1879
      -8.00              0.0000                      0.1889
      -6.00              0.0000                      0.1897
      -4.00              0.0000                      0.1903
      -2.00              0.0000                      0.1907
       0.00              0.0000                      0.1908
       2.00              0.0000                      0.1907
       4.00              0.0000                      0.1903
       6.00              0.0000                      0.1897
       8.00              0.0000                      0.1889
      10.00              0.0000                      0.1879
1         ***** THE USAF AUTOMATED MISSILE DATCOM * REV 3/99 *****     CASE   1
               AERODYNAMIC METHODS FOR MISSILE CONFIGURATIONS          PAGE  48
                       FIN SET 1 CN, CM PARTIAL OUTPUT

       ******* FLIGHT CONDITIONS AND REFERENCE QUANTITIES *******
     MACH NO  =       1.40                REYNOLDS NO = 3.246E+07 /M
     ALTITUDE =        0.0 M         DYNAMIC PRESSURE = 139018.12 N/M**2
     SIDESLIP =       0.00 DEG                   ROLL =      0.00 DEG     
     REF AREA =      0.001 M**2         MOMENT CENTER =     0.198 M
     REF LENGTH =     0.60 M           LAT REF LENGTH =      0.60 M

    NORMAL FORCE SLOPE AT ALPHA ZERO, CNA =    0.02636/DEG (1 PANEL)
         CENTER OF PRESSURE FOR LINEAR CN =   -0.51000 (CALIBERS FROM C.G.)
     CENTER OF PRESSURE FOR NON-LINEAR CN =   -0.50333 (CALIBERS FROM C.G.)

      ALPHA      CN        CN        CN        CM        CM        CM
               LINEAR  NON-LINEAR  TOTAL     LINEAR  NON-LINEAR  TOTAL

     -10.00   -1.0410   -0.5372   -1.5782    0.5309    0.2704    0.8013
      -8.00   -0.8367   -0.3466   -1.1833    0.4267    0.1745    0.6012
      -6.00   -0.6298   -0.1960   -0.8258    0.3212    0.0987    0.4198
      -4.00   -0.4209   -0.0872   -0.5082    0.2147    0.0439    0.2586
      -2.00   -0.2108   -0.0218   -0.2326    0.1075    0.0110    0.1185
       0.00    0.0000    0.0000    0.0000    0.0000    0.0000    0.0000
       2.00    0.2108    0.0218    0.2326   -0.1075   -0.0110   -0.1185
       4.00    0.4209    0.0872    0.5082   -0.2147   -0.0439   -0.2586
       6.00    0.6298    0.1960    0.8258   -0.3212   -0.0987   -0.4198
       8.00    0.8367    0.3466    1.1833   -0.4267   -0.1745   -0.6012
      10.00    1.0410    0.5372    1.5782   -0.5309   -0.2704   -0.8013
1         ***** THE USAF AUTOMATED MISSILE DATCOM * REV 3/99 *****     CASE   1
               AERODYNAMIC METHODS FOR MISSILE CONFIGURATIONS          PAGE  49
                 AERODYNAMIC FORCE AND MOMENT SYNTHESIS

       ******* FLIGHT CONDITIONS AND REFERENCE QUANTITIES *******
     MACH NO  =       1.40                REYNOLDS NO = 3.246E+07 /M
     ALTITUDE =        0.0 M         DYNAMIC PRESSURE = 139018.12 N/M**2
     SIDESLIP =       0.00 DEG                   ROLL =      0.00 DEG     
     REF AREA =      0.001 M**2         MOMENT CENTER =     0.198 M
     REF LENGTH =     0.60 M           LAT REF LENGTH =      0.60 M

          ---------------FIN SET 1 IN PRESENCE OF THE BODY----------------

      ALPHA       CN         CM         CA         CY         CLN        CLL

     -10.00    -2.5625     1.3069     0.2226    -0.0112     0.0057    -0.0293
      -8.00    -2.0239     1.0322     0.2207    -0.0045     0.0023    -0.0270
      -6.00    -1.4713     0.7504     0.2184    -0.0007     0.0003    -0.0245
      -4.00    -0.9206     0.4695     0.2155     0.0002    -0.0001    -0.0220
      -2.00    -0.4311     0.2199     0.2121     0.0000     0.0000    -0.0193
       0.00     0.0000     0.0000     0.2099     0.0000     0.0000    -0.0175
       2.00     0.4311    -0.2199     0.2121     0.0000     0.0000    -0.0193
       4.00     0.9206    -0.4695     0.2155    -0.0002     0.0001    -0.0220
       6.00     1.4713    -0.7504     0.2184     0.0007    -0.0003    -0.0245
       8.00     2.0239    -1.0322     0.2207     0.0045    -0.0023    -0.0270
      10.00     2.5625    -1.3069     0.2226     0.0112    -0.0057    -0.0293
1         ***** THE USAF AUTOMATED MISSILE DATCOM * REV 3/99 *****     CASE   1
               AERODYNAMIC METHODS FOR MISSILE CONFIGURATIONS          PAGE  50
                 AERODYNAMIC FORCE AND MOMENT SYNTHESIS

       ******* FLIGHT CONDITIONS AND REFERENCE QUANTITIES *******
     MACH NO  =       1.40                REYNOLDS NO = 3.246E+07 /M
     ALTITUDE =        0.0 M         DYNAMIC PRESSURE = 139018.12 N/M**2
     SIDESLIP =       0.00 DEG                   ROLL =      0.00 DEG     
     REF AREA =      0.001 M**2         MOMENT CENTER =     0.198 M
     REF LENGTH =     0.60 M           LAT REF LENGTH =      0.60 M

          ---------------FIN SET 1 PANEL CHARACTERISTICS------------------

      ALPHA      PANEL    AEQ (PANEL AXIS SYS.)    PANEL CN

     -10.00        1              1.3832           0.0394
     -10.00        2             -9.6010          -0.3713
     -10.00        3            -13.3883          -0.5739
     -10.00        4             -6.7037          -0.2360
     -10.00        5              2.1648           0.0633
     -10.00        6             12.1152           0.5028
     -10.00        7             17.5096           0.8220
     -10.00        8             12.7926           0.5403
 
      -8.00        1              1.5075           0.0431
      -8.00        2             -7.4451          -0.2688
      -8.00        3            -10.6623          -0.4253
      -8.00        4             -5.8673          -0.2004
      -8.00        5              2.3817           0.0703
      -8.00        6             10.8566           0.4355
      -8.00        7             14.7574           0.6535
      -8.00        8             10.7925           0.4321
 
      -6.00        1              1.6356           0.0469
      -6.00        2             -5.1895          -0.1728
      -6.00        3             -7.7255          -0.2816
      -6.00        4             -4.4956          -0.1456
      -6.00        5              2.4168           0.0715
      -6.00        6              9.1591           0.3495
      -6.00        7             11.8045           0.4859
      -6.00        8              8.7052           0.3275
 
      -4.00        1              1.7673           0.0509
      -4.00        2             -2.8386          -0.0855
      -4.00        3             -4.5750          -0.1486
      -4.00        4             -2.4583          -0.0728
      -4.00        5              2.3086           0.0680
      -4.00        6              6.9145           0.2452
      -4.00        7              8.6510           0.3249
      -4.00        8              6.5343           0.2286
 
      -2.00        1              1.9017           0.0551
      -2.00        2             -0.4217          -0.0118
      -2.00        3             -1.3026          -0.0370
      -2.00        4             -0.2293          -0.0064
      -2.00        5              2.1742           0.0636
      -2.00        6              4.4976           0.1457
      -2.00        7              5.3785           0.1804
      -2.00        8              4.3053           0.1383
 
       0.00        1              2.0380           0.0593
       0.00        2              2.0380           0.0593
       0.00        3              2.0380           0.0593
       0.00        4              2.0380           0.0593
       0.00        5              2.0380           0.0593
       0.00        6              2.0380           0.0593
       0.00        7              2.0380           0.0593
       0.00        8              2.0380           0.0593
 
       2.00        1              2.1742           0.0636
       2.00        2              4.4976           0.1457
       2.00        3              5.3785           0.1804
       2.00        4              4.3053           0.1383
       2.00        5              1.9017           0.0551
       2.00        6             -0.4217          -0.0118
       2.00        7             -1.3026          -0.0370
       2.00        8             -0.2293          -0.0064
 
       4.00        1              2.3086           0.0680
       4.00        2              6.9145           0.2452
       4.00        3              8.6510           0.3249
       4.00        4              6.5343           0.2286
       4.00        5              1.7673           0.0509
       4.00        6             -2.8386          -0.0855
       4.00        7             -4.5750          -0.1486
       4.00        8             -2.4583          -0.0728
 
       6.00        1              2.4168           0.0715
       6.00        2              9.1591           0.3495
       6.00        3             11.8045           0.4859
       6.00        4              8.7052           0.3275
       6.00        5              1.6356           0.0469
       6.00        6             -5.1895          -0.1728
       6.00        7             -7.7255          -0.2816
       6.00        8             -4.4956          -0.1456
 
       8.00        1              2.3817           0.0703
       8.00        2             10.8566           0.4355
       8.00        3             14.7574           0.6535
       8.00        4             10.7925           0.4321
       8.00        5              1.5075           0.0431
       8.00        6             -7.4451          -0.2688
       8.00        7            -10.6623          -0.4253
       8.00        8             -5.8673          -0.2004
 
      10.00        1              2.1648           0.0633
      10.00        2             12.1152           0.5028
      10.00        3             17.5096           0.8220
      10.00        4             12.7926           0.5403
      10.00        5              1.3832           0.0394
      10.00        6             -9.6010          -0.3713
      10.00        7            -13.3883          -0.5739
      10.00        8             -6.7036          -0.2360
 
1         ***** THE USAF AUTOMATED MISSILE DATCOM * REV 3/99 *****     CASE   1
               AERODYNAMIC METHODS FOR MISSILE CONFIGURATIONS          PAGE  51
                 AERODYNAMIC FORCE AND MOMENT SYNTHESIS

       ******* FLIGHT CONDITIONS AND REFERENCE QUANTITIES *******
     MACH NO  =       1.40                REYNOLDS NO = 3.246E+07 /M
     ALTITUDE =        0.0 M         DYNAMIC PRESSURE = 139018.12 N/M**2
     SIDESLIP =       0.00 DEG                   ROLL =      0.00 DEG     
     REF AREA =      0.001 M**2         MOMENT CENTER =     0.198 M
     REF LENGTH =     0.60 M           LAT REF LENGTH =      0.60 M

             CARRYOVER INTERFERENCE FACTORS - FIN SET 1

      ALPHA   K-W(B)   K-B(W)  KK-W(B)  KK-B(W)  XCP-W(B) XCP-B(W) Y-CP/(B/2)

     -10.00   1.6020   1.1241   0.9535   0.6600   0.5100   0.4200   0.3948
      -8.00   1.6237   1.1241   0.9535   0.6600   0.5100   0.4200   0.3788
      -6.00   1.6435   1.1241   0.9535   0.6600   0.5100   0.4200   0.3836
      -4.00   1.6607   1.1241   0.9535   0.6600   0.5100   0.4200   0.3965
      -2.00   1.6743   1.1241   0.9535   0.6600   0.5100   0.4200   0.4176
       0.00   1.6818   1.1241   0.9535   0.6600   0.5100   0.4200   0.4399
       2.00   1.6743   1.1241   0.9535   0.6600   0.5100   0.4200   0.4548
       4.00   1.6607   1.1241   0.9535   0.6600   0.5100   0.4200   0.4361
       6.00   1.6435   1.1241   0.9535   0.6600   0.5100   0.4200   0.4156
       8.00   1.6237   1.1241   0.9535   0.6600   0.5100   0.4200   0.4002
      10.00   1.6020   1.1241   0.9535   0.6600   0.5100   0.4200   0.3955

    NOTE - XCP-W(B) USED FOR STABILITY ONLY DIFFERENT VALUES USED FOR HINGE MOMENTS
1         ***** THE USAF AUTOMATED MISSILE DATCOM * REV 3/99 *****     CASE   1
               AERODYNAMIC METHODS FOR MISSILE CONFIGURATIONS          PAGE  52
        FIN SET 1 PANEL BENDING MOMENTS (ABOUT EXPOSED ROOT CHORD)

       ******* FLIGHT CONDITIONS AND REFERENCE QUANTITIES *******
     MACH NO  =       1.40                REYNOLDS NO = 3.246E+07 /M
     ALTITUDE =        0.0 M         DYNAMIC PRESSURE = 139018.12 N/M**2
     SIDESLIP =       0.00 DEG                   ROLL =      0.00 DEG     
     REF AREA =      0.001 M**2         MOMENT CENTER =     0.198 M
     REF LENGTH =     0.60 M           LAT REF LENGTH =      0.60 M

   ALPHA   PANL 1   PANL 2   PANL 3   PANL 4   PANL 5   PANL 6   PANL 7   PANL 8
 
   -10.0  2.46E-04 -2.32E-03 -3.59E-03 -1.48E-03  3.96E-04  3.14E-03  5.14E-03  3.38E-03
    -8.0  2.58E-04 -1.61E-03 -2.55E-03 -1.20E-03  4.22E-04  2.61E-03  3.92E-03  2.59E-03
    -6.0  2.85E-04 -1.05E-03 -1.71E-03 -8.84E-04  4.34E-04  2.12E-03  2.95E-03  1.99E-03
    -4.0  3.20E-04 -5.37E-04 -9.33E-04 -4.57E-04  4.27E-04  1.54E-03  2.04E-03  1.44E-03
    -2.0  3.64E-04 -7.80E-05 -2.45E-04 -4.24E-05  4.21E-04  9.63E-04  1.19E-03  9.15E-04
     0.0  4.13E-04  4.13E-04  4.13E-04  4.13E-04  4.13E-04  4.13E-04  4.13E-04  4.13E-04
     2.0  4.58E-04  1.05E-03  1.30E-03  9.96E-04  3.97E-04 -8.50E-05 -2.67E-04 -4.62E-05
     4.0  4.69E-04  1.69E-03  2.24E-03  1.58E-03  3.52E-04 -5.91E-04 -1.03E-03 -5.03E-04
     6.0  4.70E-04  2.30E-03  3.20E-03  2.16E-03  3.09E-04 -1.14E-03 -1.85E-03 -9.58E-04
     8.0  4.46E-04  2.76E-03  4.14E-03  2.74E-03  2.73E-04 -1.70E-03 -2.70E-03 -1.27E-03
    10.0  3.97E-04  3.15E-03  5.15E-03  3.38E-03  2.47E-04 -2.33E-03 -3.59E-03 -1.48E-03
1         ***** THE USAF AUTOMATED MISSILE DATCOM * REV 3/99 *****     CASE   1
               AERODYNAMIC METHODS FOR MISSILE CONFIGURATIONS          PAGE  53
            FIN SET 1 PANEL HINGE MOMENTS (ABOUT HINGE LINE)

       ******* FLIGHT CONDITIONS AND REFERENCE QUANTITIES *******
     MACH NO  =       1.40                REYNOLDS NO = 3.246E+07 /M
     ALTITUDE =        0.0 M         DYNAMIC PRESSURE = 139018.12 N/M**2
     SIDESLIP =       0.00 DEG                   ROLL =      0.00 DEG     
     REF AREA =      0.001 M**2         MOMENT CENTER =     0.198 M
     REF LENGTH =     0.60 M           LAT REF LENGTH =      0.60 M

   ALPHA   PANL 1   PANL 2   PANL 3   PANL 4   PANL 5   PANL 6   PANL 7   PANL 8
 
   -10.0  6.38E-03 -5.64E-02 -8.37E-02 -3.68E-02  1.02E-02  7.44E-02  1.14E-01  7.93E-02
    -8.0  6.97E-03 -4.17E-02 -6.39E-02 -3.15E-02  1.13E-02  6.53E-02  9.37E-02  6.49E-02
    -6.0  7.59E-03 -2.73E-02 -4.35E-02 -2.31E-02  1.15E-02  5.33E-02  7.21E-02  5.02E-02
    -4.0  8.23E-03 -1.37E-02 -2.36E-02 -1.17E-02  1.09E-02  3.82E-02  4.98E-02  3.57E-02
    -2.0  8.89E-03 -1.92E-03 -6.00E-03 -1.04E-03  1.03E-02  2.31E-02  2.84E-02  2.20E-02
     0.0  9.57E-03  9.57E-03  9.57E-03  9.57E-03  9.57E-03  9.57E-03  9.57E-03  9.57E-03
     2.0  1.03E-02  2.31E-02  2.84E-02  2.20E-02  8.89E-03 -1.92E-03 -6.00E-03 -1.04E-03
     4.0  1.09E-02  3.82E-02  4.98E-02  3.57E-02  8.23E-03 -1.37E-02 -2.36E-02 -1.17E-02
     6.0  1.15E-02  5.33E-02  7.21E-02  5.02E-02  7.59E-03 -2.73E-02 -4.35E-02 -2.31E-02
     8.0  1.13E-02  6.53E-02  9.37E-02  6.49E-02  6.97E-03 -4.17E-02 -6.39E-02 -3.15E-02
    10.0  1.02E-02  7.44E-02  1.14E-01  7.93E-02  6.38E-03 -5.64E-02 -8.37E-02 -3.68E-02
1         ***** THE USAF AUTOMATED MISSILE DATCOM * REV 3/99 *****     CASE   1
               AERODYNAMIC METHODS FOR MISSILE CONFIGURATIONS          PAGE  54
                   STATIC AERODYNAMICS FOR BODY-FIN SET 1

       ******* FLIGHT CONDITIONS AND REFERENCE QUANTITIES *******
     MACH NO  =       1.40                REYNOLDS NO = 3.246E+07 /M
     ALTITUDE =        0.0 M         DYNAMIC PRESSURE = 139018.12 N/M**2
     SIDESLIP =       0.00 DEG                   ROLL =      0.00 DEG     
     REF AREA =      0.001 M**2         MOMENT CENTER =     0.198 M
     REF LENGTH =     0.60 M           LAT REF LENGTH =      0.60 M

                   ----- LONGITUDINAL -----     -- LATERAL DIRECTIONAL --
         ALPHA       CN        CM        CA        CY       CLN       CLL

        -10.00    -5.311     2.073     0.662    -0.019     0.009    -0.029
         -8.00    -4.075     1.606     0.663    -0.008     0.004    -0.027
         -6.00    -2.899     1.148     0.663    -0.001     0.001    -0.024
         -4.00    -1.782     0.706     0.662     0.000     0.000    -0.022
         -2.00    -0.820     0.325     0.660     0.000     0.000    -0.019
          0.00     0.000     0.000     0.658     0.000     0.000    -0.018
          2.00     0.820    -0.325     0.660     0.000     0.000    -0.019
          4.00     1.782    -0.706     0.662     0.000     0.000    -0.022
          6.00     2.899    -1.148     0.663     0.001    -0.001    -0.024
          8.00     4.075    -1.606     0.663     0.008    -0.004    -0.027
         10.00     5.311    -2.073     0.662     0.019    -0.009    -0.029

         ALPHA       CL        CD      CL/CD     X-C.P.

        -10.00    -5.115     1.574    -3.249    -0.390
         -8.00    -3.943     1.224    -3.222    -0.394
         -6.00    -2.814     0.963    -2.923    -0.396
         -4.00    -1.732     0.785    -2.207    -0.396
         -2.00    -0.796     0.688    -1.158    -0.396
          0.00     0.000     0.658     0.000    -0.474
          2.00     0.796     0.688     1.158    -0.396
          4.00     1.732     0.785     2.207    -0.396
          6.00     2.814     0.963     2.923    -0.396
          8.00     3.943     1.224     3.222    -0.394
         10.00     5.115     1.574     3.249    -0.390

    X-C.P. MEAS. FROM MOMENT CENTER IN REF. LENGTHS, NEG. AFT OF MOMENT CENTER
1         ***** THE USAF AUTOMATED MISSILE DATCOM * REV 3/99 *****     CASE   1
               AERODYNAMIC METHODS FOR MISSILE CONFIGURATIONS          PAGE  55
                   STATIC AERODYNAMICS FOR BODY-FIN SET 1

       ******* FLIGHT CONDITIONS AND REFERENCE QUANTITIES *******
     MACH NO  =       1.40                REYNOLDS NO = 3.246E+07 /M
     ALTITUDE =        0.0 M         DYNAMIC PRESSURE = 139018.12 N/M**2
     SIDESLIP =       0.00 DEG                   ROLL =      0.00 DEG     
     REF AREA =      0.001 M**2         MOMENT CENTER =     0.198 M
     REF LENGTH =     0.60 M           LAT REF LENGTH =      0.60 M

                   ---------- DERIVATIVES (PER DEGREE) ----------
         ALPHA       CNA         CMA         CYB         CLNB        CLLB
        -10.00      0.6324     -0.2354     -0.5259      0.2052      0.0004
         -8.00      0.6029     -0.2311     -0.5106      0.2015      0.0001
         -6.00      0.5732     -0.2251     -0.4842      0.1919     -0.0001
         -4.00      0.5191     -0.2059     -0.4488      0.1780     -0.0002
         -2.00      0.4451     -0.1765     -0.4131      0.1636     -0.0003
          0.00      0.4099     -0.1624     -0.4012      0.1590     -0.0005
          2.00      0.4451     -0.1765     -0.4131      0.1636     -0.0003
          4.00      0.5191     -0.2059     -0.4479      0.1775     -0.0002
          6.00      0.5732     -0.2251     -0.4817      0.1907     -0.0003
          8.00      0.6029     -0.2311     -0.5013      0.1971     -0.0005
         10.00      0.6324     -0.2354     -0.5100      0.1977     -0.0004

    PANEL DEFLECTION ANGLES (DEGREES)
    SET    FIN 1   FIN 2   FIN 3   FIN 4   FIN 5   FIN 6   FIN 7   FIN 8
      1    2.33    2.33    2.33    2.33    2.33    2.33    2.33    2.33

    BODY ALONE LINEAR DATA GENERATED FROM VAN DYKE HYBRID THEORY

1         ***** THE USAF AUTOMATED MISSILE DATCOM * REV 3/99 *****     CASE   1
               AERODYNAMIC METHODS FOR MISSILE CONFIGURATIONS          PAGE  56
                             BODY ALONE PARTIAL OUTPUT

       ******* FLIGHT CONDITIONS AND REFERENCE QUANTITIES *******
     MACH NO  =       2.00                REYNOLDS NO = 4.637E+07 /M
     ALTITUDE =        0.0 M         DYNAMIC PRESSURE = 283710.47 N/M**2
     SIDESLIP =       0.00 DEG                   ROLL =      0.00 DEG     
     REF AREA =      0.001 M**2         MOMENT CENTER =     0.198 M
     REF LENGTH =     0.60 M           LAT REF LENGTH =      0.60 M

      ALPHA    CA-FRIC  CA-PRES/WAVE CA-BASE    CA-PROT     CA-SEP     CA-ALP
     -10.00     0.1257     0.1041     0.1448                           0.0000
      -8.00     0.1271     0.1044     0.1456                           0.0000
      -6.00     0.1281     0.1046     0.1462                           0.0000
      -4.00     0.1289     0.1047     0.1466                           0.0000
      -2.00     0.1294     0.1048     0.1469                           0.0000
       0.00     0.1296     0.1049     0.1470                           0.0000
       2.00     0.1294     0.1048     0.1469                           0.0000
       4.00     0.1289     0.1047     0.1466                           0.0000
       6.00     0.1281     0.1046     0.1462                           0.0000
       8.00     0.1271     0.1044     0.1456                           0.0000
      10.00     0.1257     0.1041     0.1448                           0.0000

                     CROSS FLOW DRAG PROPORTIONALITY FACTOR = 1.00000

      ALPHA    CN-POTEN  CN-VISC   CN-SEP    CM-POTEN  CM-VISC   CM-SEP    CDC
     -10.00    -0.451    -0.646              -0.114     0.128             1.071
      -8.00    -0.364    -0.377              -0.092     0.075             0.973
      -6.00    -0.275    -0.191              -0.069     0.038             0.875
      -4.00    -0.184    -0.080              -0.046     0.016             0.825
      -2.00    -0.092    -0.019              -0.023     0.004             0.783
       0.00     0.000     0.000               0.000     0.000             0.740
       2.00     0.092     0.019               0.023    -0.004             0.783
       4.00     0.184     0.080               0.046    -0.016             0.825
       6.00     0.275     0.191               0.069    -0.038             0.875
       8.00     0.364     0.377               0.092    -0.075             0.973
      10.00     0.451     0.646               0.114    -0.128             1.071
1         ***** THE USAF AUTOMATED MISSILE DATCOM * REV 3/99 *****     CASE   1
               AERODYNAMIC METHODS FOR MISSILE CONFIGURATIONS          PAGE  57
                        FIN SET 1 CA PARTIAL OUTPUT

       ******* FLIGHT CONDITIONS AND REFERENCE QUANTITIES *******
     MACH NO  =       2.00                REYNOLDS NO = 4.637E+07 /M
     ALTITUDE =        0.0 M         DYNAMIC PRESSURE = 283710.47 N/M**2
     SIDESLIP =       0.00 DEG                   ROLL =      0.00 DEG     
     REF AREA =      0.001 M**2         MOMENT CENTER =     0.198 M
     REF LENGTH =     0.60 M           LAT REF LENGTH =      0.60 M

    SINGLE FIN PANEL ZERO-LIFT AXIAL FORCE COMPONENTS

    SKIN FRICTION        0.0091
    SUBSONIC PRESSURE    0.0000
    TRANSONIC WAVE       0.0000
    SUPERSONIC WAVE      0.0082
    LEADING EDGE         0.0000
    TRAILING EDGE        0.0000
    TOTAL CAO            0.0172

    FIN AXIAL FORCE DUE TO ANGLE OF ATTACK

    ALPHA      CA DUE TO LIFT (SINGLE PANEL)   CA-TOTAL (8 FINS)

     -10.00              0.0000                      0.1359
      -8.00              0.0000                      0.1366
      -6.00              0.0000                      0.1372
      -4.00              0.0000                      0.1376
      -2.00              0.0000                      0.1379
       0.00              0.0000                      0.1379
       2.00              0.0000                      0.1379
       4.00              0.0000                      0.1376
       6.00              0.0000                      0.1372
       8.00              0.0000                      0.1366
      10.00              0.0000                      0.1359
1         ***** THE USAF AUTOMATED MISSILE DATCOM * REV 3/99 *****     CASE   1
               AERODYNAMIC METHODS FOR MISSILE CONFIGURATIONS          PAGE  58
                       FIN SET 1 CN, CM PARTIAL OUTPUT

       ******* FLIGHT CONDITIONS AND REFERENCE QUANTITIES *******
     MACH NO  =       2.00                REYNOLDS NO = 4.637E+07 /M
     ALTITUDE =        0.0 M         DYNAMIC PRESSURE = 283710.47 N/M**2
     SIDESLIP =       0.00 DEG                   ROLL =      0.00 DEG     
     REF AREA =      0.001 M**2         MOMENT CENTER =     0.198 M
     REF LENGTH =     0.60 M           LAT REF LENGTH =      0.60 M

    NORMAL FORCE SLOPE AT ALPHA ZERO, CNA =    0.01491/DEG (1 PANEL)
         CENTER OF PRESSURE FOR LINEAR CN =   -0.51000 (CALIBERS FROM C.G.)
     CENTER OF PRESSURE FOR NON-LINEAR CN =   -0.50333 (CALIBERS FROM C.G.)

      ALPHA      CN        CN        CN        CM        CM        CM
               LINEAR  NON-LINEAR  TOTAL     LINEAR  NON-LINEAR  TOTAL

     -10.00   -0.5889   -0.1138   -0.7027    0.3003    0.0573    0.3576
      -8.00   -0.4733   -0.0569   -0.5302    0.2414    0.0286    0.2700
      -6.00   -0.3562   -0.0234   -0.3796    0.1817    0.0118    0.1935
      -4.00   -0.2381   -0.0068   -0.2449    0.1214    0.0034    0.1248
      -2.00   -0.1192   -0.0008   -0.1201    0.0608    0.0004    0.0612
       0.00    0.0000    0.0000    0.0000    0.0000    0.0000    0.0000
       2.00    0.1192    0.0008    0.1201   -0.0608   -0.0004   -0.0612
       4.00    0.2381    0.0068    0.2449   -0.1214   -0.0034   -0.1248
       6.00    0.3562    0.0234    0.3796   -0.1817   -0.0118   -0.1935
       8.00    0.4733    0.0569    0.5302   -0.2414   -0.0286   -0.2700
      10.00    0.5889    0.1138    0.7027   -0.3003   -0.0573   -0.3576
1         ***** THE USAF AUTOMATED MISSILE DATCOM * REV 3/99 *****     CASE   1
               AERODYNAMIC METHODS FOR MISSILE CONFIGURATIONS          PAGE  59
                 AERODYNAMIC FORCE AND MOMENT SYNTHESIS

       ******* FLIGHT CONDITIONS AND REFERENCE QUANTITIES *******
     MACH NO  =       2.00                REYNOLDS NO = 4.637E+07 /M
     ALTITUDE =        0.0 M         DYNAMIC PRESSURE = 283710.47 N/M**2
     SIDESLIP =       0.00 DEG                   ROLL =      0.00 DEG     
     REF AREA =      0.001 M**2         MOMENT CENTER =     0.198 M
     REF LENGTH =     0.60 M           LAT REF LENGTH =      0.60 M

          ---------------FIN SET 1 IN PRESENCE OF THE BODY----------------

      ALPHA       CN         CM         CA         CY         CLN        CLL

     -10.00    -1.2420     0.6334     0.1556    -0.0089     0.0046    -0.0158
      -8.00    -0.9489     0.4839     0.1530    -0.0027     0.0014    -0.0135
      -6.00    -0.6815     0.3476     0.1509    -0.0002     0.0001    -0.0117
      -4.00    -0.4306     0.2196     0.1492     0.0000     0.0000    -0.0103
      -2.00    -0.2073     0.1057     0.1482     0.0000     0.0000    -0.0094
       0.00     0.0000     0.0000     0.1479     0.0000     0.0000    -0.0092
       2.00     0.2073    -0.1057     0.1482     0.0000     0.0000    -0.0094
       4.00     0.4306    -0.2196     0.1492     0.0000     0.0000    -0.0103
       6.00     0.6815    -0.3476     0.1509     0.0002    -0.0001    -0.0117
       8.00     0.9489    -0.4839     0.1530     0.0027    -0.0014    -0.0135
      10.00     1.2420    -0.6334     0.1556     0.0089    -0.0046    -0.0158
1         ***** THE USAF AUTOMATED MISSILE DATCOM * REV 3/99 *****     CASE   1
               AERODYNAMIC METHODS FOR MISSILE CONFIGURATIONS          PAGE  60
                 AERODYNAMIC FORCE AND MOMENT SYNTHESIS

       ******* FLIGHT CONDITIONS AND REFERENCE QUANTITIES *******
     MACH NO  =       2.00                REYNOLDS NO = 4.637E+07 /M
     ALTITUDE =        0.0 M         DYNAMIC PRESSURE = 283710.47 N/M**2
     SIDESLIP =       0.00 DEG                   ROLL =      0.00 DEG     
     REF AREA =      0.001 M**2         MOMENT CENTER =     0.198 M
     REF LENGTH =     0.60 M           LAT REF LENGTH =      0.60 M

          ---------------FIN SET 1 PANEL CHARACTERISTICS------------------

      ALPHA      PANEL    AEQ (PANEL AXIS SYS.)    PANEL CN

     -10.00        1              1.4037           0.0210
     -10.00        2             -9.5535          -0.1692
     -10.00        3            -13.2902          -0.2725
     -10.00        4             -6.1798          -0.0990
     -10.00        5              2.3006           0.0346
     -10.00        6             11.7522           0.2260
     -10.00        7             17.4589           0.4389
     -10.00        8             12.7864           0.2566
 
      -8.00        1              1.5273           0.0229
      -8.00        2             -7.4127          -0.1226
      -8.00        3            -10.6090          -0.1953
      -8.00        4             -5.6435          -0.0893
      -8.00        5              2.4460           0.0369
      -8.00        6             10.7160           0.1980
      -8.00        7             14.7462           0.3223
      -8.00        8             10.7998           0.2002
 
      -6.00        1              1.6550           0.0248
      -6.00        2             -5.1660          -0.0810
      -6.00        3             -7.6986          -0.1284
      -6.00        4             -4.4525          -0.0689
      -6.00        5              2.4431           0.0368
      -6.00        6              9.1569           0.1600
      -6.00        7             11.8163           0.2279
      -6.00        8              8.7203           0.1501
 
      -4.00        1              1.7865           0.0268
      -4.00        2             -2.8180          -0.0426
      -4.00        3             -4.5539          -0.0706
      -4.00        4             -2.4379          -0.0368
      -4.00        5              2.3277           0.0351
      -4.00        6              6.9322           0.1131
      -4.00        7              8.6681           0.1490
      -4.00        8              6.5521           0.1059
 
      -2.00        1              1.9209           0.0288
      -2.00        2             -0.4023          -0.0060
      -2.00        3             -1.2831          -0.0192
      -2.00        4             -0.2099          -0.0031
      -2.00        5              2.1934           0.0330
      -2.00        6              4.5165           0.0700
      -2.00        7              5.3973           0.0850
      -2.00        8              4.3241           0.0668
 
       0.00        1              2.0571           0.0309
       0.00        2              2.0571           0.0309
       0.00        3              2.0571           0.0309
       0.00        4              2.0571           0.0309
       0.00        5              2.0571           0.0309
       0.00        6              2.0571           0.0309
       0.00        7              2.0571           0.0309
       0.00        8              2.0571           0.0309
 
       2.00        1              2.1934           0.0330
       2.00        2              4.5165           0.0700
       2.00        3              5.3973           0.0850
       2.00        4              4.3241           0.0668
       2.00        5              1.9209           0.0288
       2.00        6             -0.4023          -0.0060
       2.00        7             -1.2831          -0.0192
       2.00        8             -0.2099          -0.0031
 
       4.00        1              2.3277           0.0351
       4.00        2              6.9322           0.1131
       4.00        3              8.6681           0.1490
       4.00        4              6.5521           0.1059
       4.00        5              1.7865           0.0268
       4.00        6             -2.8180          -0.0426
       4.00        7             -4.5539          -0.0706
       4.00        8             -2.4379          -0.0368
 
       6.00        1              2.4431           0.0368
       6.00        2              9.1569           0.1600
       6.00        3             11.8163           0.2279
       6.00        4              8.7203           0.1501
       6.00        5              1.6550           0.0248
       6.00        6             -5.1660          -0.0810
       6.00        7             -7.6986          -0.1284
       6.00        8             -4.4525          -0.0689
 
       8.00        1              2.4460           0.0369
       8.00        2             10.7160           0.1980
       8.00        3             14.7462           0.3223
       8.00        4             10.7998           0.2002
       8.00        5              1.5273           0.0229
       8.00        6             -7.4127          -0.1226
       8.00        7            -10.6090          -0.1953
       8.00        8             -5.6435          -0.0893
 
      10.00        1              2.3006           0.0346
      10.00        2             11.7522           0.2260
      10.00        3             17.4589           0.4389
      10.00        4             12.7864           0.2566
      10.00        5              1.4037           0.0210
      10.00        6             -9.5535          -0.1692
      10.00        7            -13.2902          -0.2725
      10.00        8             -6.1798          -0.0990
 
1         ***** THE USAF AUTOMATED MISSILE DATCOM * REV 3/99 *****     CASE   1
               AERODYNAMIC METHODS FOR MISSILE CONFIGURATIONS          PAGE  61
                 AERODYNAMIC FORCE AND MOMENT SYNTHESIS

       ******* FLIGHT CONDITIONS AND REFERENCE QUANTITIES *******
     MACH NO  =       2.00                REYNOLDS NO = 4.637E+07 /M
     ALTITUDE =        0.0 M         DYNAMIC PRESSURE = 283710.47 N/M**2
     SIDESLIP =       0.00 DEG                   ROLL =      0.00 DEG     
     REF AREA =      0.001 M**2         MOMENT CENTER =     0.198 M
     REF LENGTH =     0.60 M           LAT REF LENGTH =      0.60 M

             CARRYOVER INTERFERENCE FACTORS - FIN SET 1

      ALPHA   K-W(B)   K-B(W)  KK-W(B)  KK-B(W)  XCP-W(B) XCP-B(W) Y-CP/(B/2)

     -10.00   1.6002   1.1241   0.9535   0.6600   0.5100   0.4200   0.4066
      -8.00   1.6224   1.1241   0.9535   0.6600   0.5100   0.4200   0.4096
      -6.00   1.6426   1.1241   0.9535   0.6600   0.5100   0.4200   0.4228
      -4.00   1.6602   1.1241   0.9535   0.6600   0.5100   0.4200   0.4346
      -2.00   1.6741   1.1241   0.9535   0.6600   0.5100   0.4200   0.4449
       0.00   1.6818   1.1241   0.9535   0.6600   0.5100   0.4200   0.4544
       2.00   1.6741   1.1241   0.9535   0.6600   0.5100   0.4200   0.4618
       4.00   1.6602   1.1241   0.9535   0.6600   0.5100   0.4200   0.4529
       6.00   1.6426   1.1241   0.9535   0.6600   0.5100   0.4200   0.4444
       8.00   1.6224   1.1241   0.9535   0.6600   0.5100   0.4200   0.4389
      10.00   1.6002   1.1241   0.9535   0.6600   0.5100   0.4200   0.4364

    NOTE - XCP-W(B) USED FOR STABILITY ONLY DIFFERENT VALUES USED FOR HINGE MOMENTS
1         ***** THE USAF AUTOMATED MISSILE DATCOM * REV 3/99 *****     CASE   1
               AERODYNAMIC METHODS FOR MISSILE CONFIGURATIONS          PAGE  62
        FIN SET 1 PANEL BENDING MOMENTS (ABOUT EXPOSED ROOT CHORD)

       ******* FLIGHT CONDITIONS AND REFERENCE QUANTITIES *******
     MACH NO  =       2.00                REYNOLDS NO = 4.637E+07 /M
     ALTITUDE =        0.0 M         DYNAMIC PRESSURE = 283710.47 N/M**2
     SIDESLIP =       0.00 DEG                   ROLL =      0.00 DEG     
     REF AREA =      0.001 M**2         MOMENT CENTER =     0.198 M
     REF LENGTH =     0.60 M           LAT REF LENGTH =      0.60 M

   ALPHA   PANL 1   PANL 2   PANL 3   PANL 4   PANL 5   PANL 6   PANL 7   PANL 8
 
   -10.0  1.35E-04 -1.09E-03 -1.75E-03 -6.37E-04  2.23E-04  1.46E-03  2.83E-03  1.65E-03
    -8.0  1.48E-04 -7.95E-04 -1.27E-03 -5.79E-04  2.39E-04  1.28E-03  2.09E-03  1.30E-03
    -6.0  1.66E-04 -5.42E-04 -8.59E-04 -4.61E-04  2.47E-04  1.07E-03  1.53E-03  1.01E-03
    -4.0  1.84E-04 -2.93E-04 -4.86E-04 -2.53E-04  2.41E-04  7.78E-04  1.03E-03  7.29E-04
    -2.0  2.03E-04 -4.23E-05 -1.35E-04 -2.21E-05  2.32E-04  4.93E-04  5.99E-04  4.70E-04
     0.0  2.22E-04  2.22E-04  2.22E-04  2.22E-04  2.22E-04  2.22E-04  2.22E-04  2.22E-04
     2.0  2.41E-04  5.12E-04  6.21E-04  4.88E-04  2.11E-04 -4.39E-05 -1.40E-04 -2.29E-05
     4.0  2.51E-04  8.11E-04  1.07E-03  7.59E-04  1.92E-04 -3.06E-04 -5.06E-04 -2.64E-04
     6.0  2.59E-04  1.13E-03  1.60E-03  1.06E-03  1.75E-04 -5.70E-04 -9.03E-04 -4.85E-04
     8.0  2.56E-04  1.38E-03  2.24E-03  1.39E-03  1.59E-04 -8.52E-04 -1.36E-03 -6.21E-04
    10.0  2.39E-04  1.56E-03  3.03E-03  1.77E-03  1.45E-04 -1.17E-03 -1.88E-03 -6.84E-04
1         ***** THE USAF AUTOMATED MISSILE DATCOM * REV 3/99 *****     CASE   1
               AERODYNAMIC METHODS FOR MISSILE CONFIGURATIONS          PAGE  63
            FIN SET 1 PANEL HINGE MOMENTS (ABOUT HINGE LINE)

       ******* FLIGHT CONDITIONS AND REFERENCE QUANTITIES *******
     MACH NO  =       2.00                REYNOLDS NO = 4.637E+07 /M
     ALTITUDE =        0.0 M         DYNAMIC PRESSURE = 283710.47 N/M**2
     SIDESLIP =       0.00 DEG                   ROLL =      0.00 DEG     
     REF AREA =      0.001 M**2         MOMENT CENTER =     0.198 M
     REF LENGTH =     0.60 M           LAT REF LENGTH =      0.60 M

   ALPHA   PANL 1   PANL 2   PANL 3   PANL 4   PANL 5   PANL 6   PANL 7   PANL 8
 
   -10.0  3.35E-03 -2.56E-02 -3.97E-02 -1.54E-02  5.50E-03  3.35E-02  5.98E-02  3.76E-02
    -8.0  3.65E-03 -1.89E-02 -2.93E-02 -1.39E-02  5.85E-03  2.96E-02  4.60E-02  2.99E-02
    -6.0  3.95E-03 -1.27E-02 -1.97E-02 -1.08E-02  5.84E-03  2.43E-02  3.37E-02  2.29E-02
    -4.0  4.27E-03 -6.75E-03 -1.11E-02 -5.83E-03  5.57E-03  1.75E-02  2.27E-02  1.64E-02
    -2.0  4.59E-03 -9.63E-04 -3.06E-03 -5.03E-04  5.24E-03  1.10E-02  1.33E-02  1.05E-02
     0.0  4.92E-03  4.92E-03  4.92E-03  4.92E-03  4.92E-03  4.92E-03  4.92E-03  4.92E-03
     2.0  5.24E-03  1.10E-02  1.33E-02  1.05E-02  4.59E-03 -9.63E-04 -3.06E-03 -5.03E-04
     4.0  5.57E-03  1.75E-02  2.27E-02  1.64E-02  4.27E-03 -6.75E-03 -1.11E-02 -5.83E-03
     6.0  5.84E-03  2.43E-02  3.37E-02  2.29E-02  3.95E-03 -1.27E-02 -1.97E-02 -1.08E-02
     8.0  5.85E-03  2.96E-02  4.60E-02  2.99E-02  3.65E-03 -1.89E-02 -2.93E-02 -1.39E-02
    10.0  5.50E-03  3.35E-02  5.98E-02  3.76E-02  3.35E-03 -2.56E-02 -3.97E-02 -1.54E-02
1         ***** THE USAF AUTOMATED MISSILE DATCOM * REV 3/99 *****     CASE   1
               AERODYNAMIC METHODS FOR MISSILE CONFIGURATIONS          PAGE  64
                   STATIC AERODYNAMICS FOR BODY-FIN SET 1

       ******* FLIGHT CONDITIONS AND REFERENCE QUANTITIES *******
     MACH NO  =       2.00                REYNOLDS NO = 4.637E+07 /M
     ALTITUDE =        0.0 M         DYNAMIC PRESSURE = 283710.47 N/M**2
     SIDESLIP =       0.00 DEG                   ROLL =      0.00 DEG     
     REF AREA =      0.001 M**2         MOMENT CENTER =     0.198 M
     REF LENGTH =     0.60 M           LAT REF LENGTH =      0.60 M

                   ----- LONGITUDINAL -----     -- LATERAL DIRECTIONAL --
         ALPHA       CN        CM        CA        CY       CLN       CLL

        -10.00    -3.211     1.014     0.530    -0.015     0.007    -0.016
         -8.00    -2.347     0.743     0.530    -0.005     0.002    -0.014
         -6.00    -1.614     0.512     0.530     0.000     0.000    -0.012
         -4.00    -0.986     0.312     0.530     0.000     0.000    -0.010
         -2.00    -0.458     0.145     0.529     0.000     0.000    -0.009
          0.00     0.000     0.000     0.529     0.000     0.000    -0.009
          2.00     0.458    -0.145     0.529     0.000     0.000    -0.009
          4.00     0.986    -0.312     0.530     0.000     0.000    -0.010
          6.00     1.614    -0.512     0.530     0.000     0.000    -0.012
          8.00     2.347    -0.743     0.530     0.005    -0.002    -0.014
         10.00     3.211    -1.014     0.530     0.015    -0.007    -0.016

         ALPHA       CL        CD      CL/CD     X-C.P.

        -10.00    -3.070     1.080    -2.844    -0.316
         -8.00    -2.250     0.851    -2.643    -0.317
         -6.00    -1.549     0.696    -2.227    -0.317
         -4.00    -0.947     0.597    -1.586    -0.316
         -2.00    -0.439     0.545    -0.806    -0.316
          0.00     0.000     0.529     0.000    -0.474
          2.00     0.439     0.545     0.806    -0.316
          4.00     0.947     0.597     1.586    -0.316
          6.00     1.549     0.696     2.227    -0.317
          8.00     2.250     0.851     2.643    -0.317
         10.00     3.070     1.080     2.844    -0.316

    X-C.P. MEAS. FROM MOMENT CENTER IN REF. LENGTHS, NEG. AFT OF MOMENT CENTER
1         ***** THE USAF AUTOMATED MISSILE DATCOM * REV 3/99 *****     CASE   1
               AERODYNAMIC METHODS FOR MISSILE CONFIGURATIONS          PAGE  65
                   STATIC AERODYNAMICS FOR BODY-FIN SET 1

       ******* FLIGHT CONDITIONS AND REFERENCE QUANTITIES *******
     MACH NO  =       2.00                REYNOLDS NO = 4.637E+07 /M
     ALTITUDE =        0.0 M         DYNAMIC PRESSURE = 283710.47 N/M**2
     SIDESLIP =       0.00 DEG                   ROLL =      0.00 DEG     
     REF AREA =      0.001 M**2         MOMENT CENTER =     0.198 M
     REF LENGTH =     0.60 M           LAT REF LENGTH =      0.60 M

                   ---------- DERIVATIVES (PER DEGREE) ----------
         ALPHA       CNA         CMA         CYB         CLNB        CLLB
        -10.00      0.4648     -0.1455     -0.3347      0.1082      0.0004
         -8.00      0.3989     -0.1255     -0.3025      0.0974      0.0002
         -6.00      0.3399     -0.1078     -0.2713      0.0864      0.0000
         -4.00      0.2888     -0.0918     -0.2475      0.0782     -0.0001
         -2.00      0.2465     -0.0779     -0.2306      0.0728     -0.0001
          0.00      0.2289     -0.0724     -0.2246      0.0710     -0.0001
          2.00      0.2465     -0.0779     -0.2306      0.0728     -0.0001
          4.00      0.2888     -0.0918     -0.2475      0.0782     -0.0001
          6.00      0.3399     -0.1078     -0.2704      0.0860     -0.0001
          8.00      0.3989     -0.1255     -0.3006      0.0965     -0.0003
         10.00      0.4648     -0.1455     -0.3324      0.1072     -0.0005

    PANEL DEFLECTION ANGLES (DEGREES)
    SET    FIN 1   FIN 2   FIN 3   FIN 4   FIN 5   FIN 6   FIN 7   FIN 8
      1    2.33    2.33    2.33    2.33    2.33    2.33    2.33    2.33

    BODY ALONE LINEAR DATA GENERATED FROM VAN DYKE HYBRID THEORY

    *** END OF JOB ***
